Account ID,Service,Region,Instance Type,Usage Date,Usage Hours,Storage GB,Data Transfer GB,Cost,Environment,Department
ACC-1003,Data Warehouse,ap-south-1,dw.xlarge,2025-09-24,13.03,108.6,0.0,25.3,Production,Data Science
ACC-1002,Object Storage,ap-south-1,N/A,2025-09-24,0.0,295.5,0.0,7.12,Development,Sales
ACC-1001,Data Warehouse,eu-central-1,dw.xlarge,2025-09-24,27.4,94.6,0.0,37.52,Staging,Engineering
ACC-1012,Object Storage,eu-west-1,N/A,2025-09-24,0.0,141.0,0.0,2.81,Production,Finance
ACC-1012,Load Balancer,eu-west-1,N/A,2025-09-24,0.0,0.0,38.5,3.69,Production,Finance
ACC-1009,Managed Kubernetes,eu-central-1,m5.large,2025-09-24,14.97,0.0,0.0,1.31,Development,Engineering
ACC-1009,Compute Instances,eu-central-1,r5.large,2025-09-24,12.31,0.0,0.0,1.43,Development,Engineering
ACC-1002,Block Storage,ap-south-1,gp3,2025-09-24,0.0,185.3,0.0,15.4,Development,Sales
ACC-1009,Data Transfer / Egress,eu-central-1,N/A,2025-09-24,0.0,0.0,21.8,2.03,Development,Engineering
ACC-1013,Content Delivery (CDN),us-east-1,N/A,2025-09-24,0.0,0.0,14.5,1.29,Production,Data Science
ACC-1013,Managed Database,us-east-1,db.r5.large,2025-09-24,22.55,66.2,0.0,12.88,Production,Data Science
ACC-1004,Managed Database,ap-southeast-1,db.m5.large,2025-09-24,18.2,75.5,0.0,10.17,Development,Sales
ACC-1004,Serverless Functions,ap-southeast-1,N/A,2025-09-24,18.23,0.0,0.0,0.96,Development,Sales
ACC-1004,Managed Kubernetes,ap-southeast-1,m5.xlarge,2025-09-24,12.03,0.0,0.0,2.23,Development,Sales
ACC-1008,Content Delivery (CDN),us-east-1,N/A,2025-09-24,0.0,0.0,60.3,5.51,Staging,Engineering
ACC-1013,Serverless Functions,us-east-1,N/A,2025-09-24,10.6,0.0,0.0,0.53,Production,Data Science
ACC-1002,Serverless Functions,ap-south-1,N/A,2025-09-24,21.95,0.0,0.0,3.74,Development,Sales
ACC-1012,Content Delivery (CDN),eu-west-1,N/A,2025-09-24,0.0,0.0,22.4,2.17,Production,Finance
ACC-1011,Managed Database,us-east-1,db.t3.medium,2025-09-24,12.17,44.4,0.0,5.11,Production,Sales
ACC-1014,Serverless Functions,us-west-2,N/A,2025-09-24,12.87,0.0,0.0,0.65,Production,Engineering
ACC-1014,Block Storage,us-west-2,gp3,2025-09-24,0.0,350.0,0.0,29.5,Production,Engineering
ACC-1014,Compute Instances,us-west-2,m5.xlarge,2025-09-24,31.3,0.0,0.0,6.54,Production,Engineering
ACC-1011,Block Storage,us-east-1,st1,2025-09-24,0.0,312.1,0.0,13.93,Production,Sales
ACC-1015,Compute Instances,ap-south-1,t3.micro,2025-09-24,14.39,0.0,0.0,0.13,Production,Engineering
ACC-1015,Serverless Functions,ap-south-1,N/A,2025-09-24,13.94,0.0,0.0,0.67,Production,Engineering
ACC-1006,Load Balancer,us-east-1,N/A,2025-09-24,0.0,0.0,10.4,1.06,Production,Marketing
ACC-1006,Compute Instances,us-east-1,t3.medium,2025-09-24,6.79,0.0,0.0,0.27,Production,Marketing
ACC-1015,Managed Kubernetes,ap-south-1,m5.xlarge,2025-09-24,23.74,0.0,0.0,4.91,Production,Engineering
ACC-1005,Managed Kubernetes,us-east-1,m5.large,2025-09-24,10.62,0.0,0.0,1.11,Development,IT Operations
ACC-1005,Data Warehouse,us-east-1,dw.xlarge,2025-09-24,59.48,47.8,0.0,58.11,Development,IT Operations
ACC-1007,Managed Database,ap-southeast-1,db.t3.medium,2025-09-24,22.88,43.6,0.0,5.75,Staging,Marketing
ACC-1007,Compute Instances,ap-southeast-1,m5.large,2025-09-24,9.2,0.0,0.0,0.89,Staging,Marketing
ACC-1007,Object Storage,ap-southeast-1,N/A,2025-09-24,0.0,221.6,0.0,4.95,Staging,Marketing
ACC-1011,Content Delivery (CDN),us-east-1,N/A,2025-09-24,0.0,0.0,22.4,2.03,Production,Sales
ACC-1005,Content Delivery (CDN),us-east-1,N/A,2025-09-24,0.0,0.0,11.7,1.09,Development,IT Operations
ACC-1005,Block Storage,us-east-1,io2,2025-09-25,0.0,272.5,0.0,30.58,Staging,IT Operations
ACC-1011,Data Warehouse,us-east-1,dw.large,2025-09-25,35.74,71.8,0.0,23.54,Production,Sales
ACC-1011,Compute Instances,us-east-1,c5.large,2025-09-25,9.01,0.0,0.0,0.75,Production,Sales
ACC-1011,Block Storage,us-east-1,gp3,2025-09-25,0.0,104.9,0.0,9.36,Production,Sales
ACC-1008,Object Storage,us-east-1,N/A,2025-09-25,0.0,198.3,0.0,4.26,Development,Engineering
ACC-1001,Load Balancer,eu-central-1,N/A,2025-09-25,0.0,0.0,5.8,0.56,Production,Engineering
ACC-1008,Load Balancer,us-east-1,N/A,2025-09-25,0.0,0.0,24.0,2.27,Development,Engineering
ACC-1007,Managed Database,ap-southeast-1,db.t3.medium,2025-09-25,19.87,52.6,0.0,6.77,Staging,Marketing
ACC-1012,Data Transfer / Egress,eu-west-1,N/A,2025-09-25,0.0,0.0,13.7,1.07,Development,Finance
ACC-1001,Serverless Functions,eu-central-1,N/A,2025-09-25,13.06,0.0,0.0,0.66,Production,Engineering
ACC-1010,Serverless Functions,ap-southeast-1,N/A,2025-09-25,26.4,0.0,0.0,1.18,Production,Data Science
ACC-1013,Serverless Functions,us-east-1,N/A,2025-09-25,7.73,0.0,0.0,0.4,Production,Data Science
ACC-1003,Serverless Functions,ap-south-1,N/A,2025-09-25,10.22,0.0,0.0,0.53,Production,Data Science
ACC-1003,Load Balancer,ap-south-1,N/A,2025-09-25,0.0,0.0,12.2,0.99,Production,Data Science
ACC-1014,Load Balancer,ap-south-1,N/A,2025-09-25,0.0,0.0,40.1,3.42,Development,Engineering
ACC-1014,Block Storage,ap-south-1,st1,2025-09-25,0.0,122.1,0.0,5.19,Development,Engineering
ACC-1014,Compute Instances,ap-south-1,c5.large,2025-09-25,14.03,0.0,0.0,1.12,Development,Engineering
ACC-1006,Serverless Functions,us-east-1,N/A,2025-09-25,12.9,0.0,0.0,0.62,Production,Marketing
ACC-1009,Block Storage,eu-central-1,io2,2025-09-25,0.0,185.0,0.0,23.66,Production,Engineering
ACC-1009,Data Transfer / Egress,eu-central-1,N/A,2025-09-25,0.0,0.0,12.4,1.23,Production,Engineering
ACC-1015,Compute Instances,ap-south-1,r5.large,2025-09-25,16.39,0.0,0.0,2.08,Production,Engineering
ACC-1010,Content Delivery (CDN),ap-southeast-1,N/A,2025-09-25,0.0,0.0,41.4,4.1,Production,Data Science
ACC-1013,Block Storage,us-east-1,gp3,2025-09-26,0.0,182.3,0.0,14.83,Production,Data Science
ACC-1013,Load Balancer,us-east-1,N/A,2025-09-26,0.0,0.0,48.4,4.71,Production,Data Science
ACC-1009,Compute Instances,eu-central-1,t3.micro,2025-09-26,17.55,0.0,0.0,0.19,Staging,Engineering
ACC-1009,Serverless Functions,eu-central-1,N/A,2025-09-26,18.7,0.0,0.0,0.96,Staging,Engineering
ACC-1005,Managed Kubernetes,us-east-1,m5.large,2025-09-26,11.77,0.0,0.0,1.19,Staging,IT Operations
ACC-1013,Data Warehouse,us-east-1,dw.xlarge,2025-09-26,4.98,64.8,0.0,12.67,Production,Data Science
ACC-1015,Content Delivery (CDN),ap-south-1,N/A,2025-09-26,0.0,0.0,9.8,0.87,Development,Engineering
ACC-1010,Managed Kubernetes,ap-south-1,c5.2xlarge,2025-09-26,6.31,0.0,0.0,2.02,Production,Data Science
ACC-1007,Load Balancer,ap-southeast-1,N/A,2025-09-26,0.0,0.0,61.3,5.7,Staging,Marketing
ACC-1007,Content Delivery (CDN),ap-southeast-1,N/A,2025-09-26,0.0,0.0,19.1,1.83,Staging,Marketing
ACC-1010,Serverless Functions,ap-south-1,N/A,2025-09-26,22.25,0.0,0.0,1.17,Production,Data Science
ACC-1010,Object Storage,ap-south-1,N/A,2025-09-26,0.0,137.3,0.0,2.87,Production,Data Science
ACC-1014,Serverless Functions,us-west-2,N/A,2025-09-26,25.68,0.0,0.0,1.36,Production,Engineering
ACC-1014,Managed Database,us-west-2,db.m5.large,2025-09-26,18.61,38.7,0.0,5.57,Production,Engineering
ACC-1002,Content Delivery (CDN),ap-south-1,N/A,2025-09-26,0.0,0.0,16.4,1.42,Staging,Sales
ACC-1015,Managed Kubernetes,ap-south-1,m5.large,2025-09-26,24.43,0.0,0.0,2.39,Development,Engineering
ACC-1002,Serverless Functions,ap-south-1,N/A,2025-09-26,11.94,0.0,0.0,0.63,Staging,Sales
ACC-1003,Load Balancer,ap-south-1,N/A,2025-09-26,0.0,0.0,110.1,10.51,Production,Data Science
ACC-1003,Object Storage,ap-south-1,N/A,2025-09-26,0.0,136.3,0.0,2.89,Production,Data Science
ACC-1002,Data Warehouse,ap-south-1,dw.xlarge,2025-09-26,29.05,84.9,0.0,39.27,Staging,Sales
ACC-1001,Serverless Functions,eu-central-1,N/A,2025-09-26,12.08,0.0,0.0,0.58,Production,Engineering
ACC-1001,Data Warehouse,eu-central-1,dw.large,2025-09-26,21.65,36.7,0.0,16.42,Production,Engineering
ACC-1001,Managed Kubernetes,eu-central-1,m5.xlarge,2025-09-26,2.52,0.0,0.0,0.47,Production,Engineering
ACC-1011,Load Balancer,us-east-1,N/A,2025-09-26,0.0,0.0,15.3,1.46,Production,Sales
ACC-1011,Compute Instances,us-east-1,r5.large,2025-09-26,11.39,0.0,0.0,1.37,Production,Sales
ACC-1011,Block Storage,us-east-1,io2,2025-09-26,0.0,132.7,0.0,15.62,Production,Sales
ACC-1012,Data Warehouse,us-west-2,dw.xlarge,2025-09-26,31.16,77.8,0.0,40.98,Staging,Finance
ACC-1006,Content Delivery (CDN),us-east-1,N/A,2025-09-26,0.0,0.0,12.5,1.13,Staging,Marketing
ACC-1004,Compute Instances,ap-southeast-1,t3.medium,2025-09-26,23.08,0.0,0.0,1.0,Staging,Sales
ACC-1004,Data Transfer / Egress,ap-southeast-1,N/A,2025-09-26,0.0,0.0,43.6,4.07,Staging,Sales
ACC-1008,Compute Instances,us-east-1,t3.micro,2025-09-26,16.35,0.0,0.0,0.16,Production,Engineering
ACC-1008,Data Warehouse,us-east-1,dw.xlarge,2025-09-26,18.46,50.2,0.0,24.35,Production,Engineering
ACC-1006,Object Storage,us-east-1,N/A,2025-09-26,0.0,169.0,0.0,3.77,Staging,Marketing
ACC-1003,Compute Instances,ap-south-1,t3.micro,2025-09-26,10.92,0.0,0.0,0.12,Production,Data Science
ACC-1001,Compute Instances,eu-central-1,t3.micro,2025-09-27,11.92,0.0,0.0,0.13,Development,Engineering
ACC-1001,Block Storage,eu-central-1,gp3,2025-09-27,0.0,109.2,0.0,8.6,Development,Engineering
ACC-1001,Managed Database,eu-central-1,db.m5.large,2025-09-27,13.72,16.3,0.0,3.9,Development,Engineering
ACC-1012,Content Delivery (CDN),eu-west-1,N/A,2025-09-27,0.0,0.0,43.2,3.89,Production,Finance
ACC-1014,Managed Kubernetes,us-west-2,m5.large,2025-09-27,3.5,0.0,0.0,0.29,Development,Engineering
ACC-1014,Data Transfer / Egress,us-west-2,N/A,2025-09-27,0.0,0.0,44.9,4.0,Development,Engineering
ACC-1014,Managed Database,us-west-2,db.m5.large,2025-09-27,10.22,32.4,0.0,5.08,Development,Engineering
ACC-1013,Load Balancer,us-east-1,N/A,2025-09-27,0.0,0.0,21.2,1.91,Staging,Data Science
ACC-1012,Block Storage,eu-west-1,io2,2025-09-27,0.0,81.3,0.0,10.6,Production,Finance
ACC-1008,Block Storage,us-east-1,gp3,2025-09-27,0.0,136.3,0.0,10.41,Staging,Engineering
ACC-1012,Compute Instances,eu-west-1,m5.large,2025-09-27,11.83,0.0,0.0,1.05,Production,Finance
ACC-1011,Content Delivery (CDN),ap-southeast-1,N/A,2025-09-27,0.0,0.0,27.5,2.56,Production,Sales
ACC-1005,Block Storage,us-east-1,st1,2025-09-27,0.0,110.8,0.0,4.72,Production,IT Operations
ACC-1005,Data Transfer / Egress,us-east-1,N/A,2025-09-27,0.0,0.0,26.6,2.45,Production,IT Operations
ACC-1005,Serverless Functions,us-east-1,N/A,2025-09-27,12.84,0.0,0.0,0.58,Production,IT Operations
ACC-1007,Data Transfer / Egress,ap-southeast-1,N/A,2025-09-27,0.0,0.0,29.4,2.74,Production,Marketing
ACC-1011,Object Storage,ap-southeast-1,N/A,2025-09-27,0.0,301.1,0.0,6.09,Production,Sales
ACC-1010,Load Balancer,ap-southeast-1,N/A,2025-09-27,0.0,0.0,27.6,2.73,Development,Data Science
ACC-1010,Managed Kubernetes,ap-southeast-1,m5.xlarge,2025-09-27,6.57,0.0,0.0,1.28,Development,Data Science
ACC-1011,Managed Database,ap-southeast-1,db.t3.medium,2025-09-27,12.69,42.4,0.0,5.13,Production,Sales
ACC-1004,Block Storage,ap-southeast-1,gp3,2025-09-27,0.0,183.6,0.0,14.45,Production,Sales
ACC-1003,Serverless Functions,ap-south-1,N/A,2025-09-28,12.11,0.0,0.0,0.65,Development,Data Science
ACC-1004,Block Storage,ap-southeast-1,gp3,2025-09-28,0.0,353.0,0.0,28.25,Production,Sales
ACC-1012,Managed Database,eu-central-1,db.m5.large,2025-09-28,7.07,49.8,0.0,5.99,Staging,Finance
ACC-1012,Data Warehouse,eu-central-1,dw.large,2025-09-28,13.31,45.7,0.0,11.58,Staging,Finance
ACC-1009,Data Transfer / Egress,eu-central-1,N/A,2025-09-28,0.0,0.0,38.6,3.64,Production,Engineering
ACC-1009,Load Balancer,eu-central-1,N/A,2025-09-28,0.0,0.0,49.6,4.52,Production,Engineering
ACC-1009,Object Storage,eu-central-1,N/A,2025-09-28,0.0,228.2,0.0,5.39,Production,Engineering
ACC-1003,Compute Instances,ap-south-1,r5.large,2025-09-28,6.3,0.0,0.0,0.72,Development,Data Science
ACC-1003,Content Delivery (CDN),ap-south-1,N/A,2025-09-28,0.0,0.0,18.1,1.78,Development,Data Science
ACC-1004,Serverless Functions,ap-southeast-1,N/A,2025-09-28,6.11,0.0,0.0,0.3,Production,Sales
ACC-1002,Content Delivery (CDN),ap-south-1,N/A,2025-09-28,0.0,0.0,40.3,3.69,Production,Sales
ACC-1002,Managed Kubernetes,ap-south-1,c5.2xlarge,2025-09-28,8.91,0.0,0.0,3.04,Production,Sales
ACC-1011,Managed Database,us-east-1,db.r5.large,2025-09-28,13.14,21.9,0.0,4.62,Staging,Sales
ACC-1011,Block Storage,us-east-1,st1,2025-09-28,0.0,173.0,0.0,7.99,Staging,Sales
ACC-1011,Serverless Functions,us-east-1,N/A,2025-09-28,2.27,0.0,0.0,0.12,Staging,Sales
ACC-1008,Load Balancer,us-east-1,N/A,2025-09-28,0.0,0.0,16.7,1.51,Production,Engineering
ACC-1008,Compute Instances,us-east-1,m5.xlarge,2025-09-28,5.86,0.0,0.0,1.04,Production,Engineering
ACC-1005,Block Storage,us-east-1,gp3,2025-09-28,0.0,304.9,0.0,25.19,Production,IT Operations
ACC-1005,Managed Kubernetes,us-east-1,c5.2xlarge,2025-09-28,13.0,0.0,0.0,4.27,Production,IT Operations
ACC-1002,Load Balancer,ap-south-1,N/A,2025-09-28,0.0,0.0,19.9,1.74,Production,Sales
ACC-1009,Load Balancer,eu-central-1,N/A,2025-09-29,0.0,0.0,30.5,2.94,Production,Engineering
ACC-1013,Managed Kubernetes,us-east-1,m5.large,2025-09-29,7.59,0.0,0.0,0.77,Development,Data Science
ACC-1013,Data Warehouse,us-east-1,dw.large,2025-09-29,31.3,51.0,0.0,21.81,Development,Data Science
ACC-1013,Data Transfer / Egress,us-east-1,N/A,2025-09-29,0.0,0.0,44.2,3.62,Development,Data Science
ACC-1015,Compute Instances,ap-south-1,m5.large,2025-09-29,14.91,0.0,0.0,1.49,Production,Engineering
ACC-1001,Managed Database,eu-central-1,db.r5.large,2025-09-29,35.52,97.8,0.0,17.49,Production,Engineering
ACC-1001,Compute Instances,eu-central-1,t3.micro,2025-09-29,12.27,0.0,0.0,0.13,Production,Engineering
ACC-1006,Compute Instances,us-east-1,t3.medium,2025-09-29,19.08,0.0,0.0,0.75,Staging,Marketing
ACC-1001,Managed Kubernetes,eu-central-1,c5.2xlarge,2025-09-29,10.07,0.0,0.0,3.36,Production,Engineering
ACC-1005,Load Balancer,us-east-1,N/A,2025-09-29,0.0,0.0,17.9,1.63,Staging,IT Operations
ACC-1003,Load Balancer,ap-south-1,N/A,2025-09-29,0.0,0.0,15.9,1.37,Production,Data Science
ACC-1012,Serverless Functions,eu-west-1,N/A,2025-09-29,14.97,0.0,0.0,0.85,Staging,Finance
ACC-1003,Block Storage,ap-south-1,st1,2025-09-29,0.0,249.7,0.0,11.91,Production,Data Science
ACC-1003,Compute Instances,ap-south-1,m5.xlarge,2025-09-29,17.99,0.0,0.0,3.22,Production,Data Science
ACC-1005,Compute Instances,us-east-1,t3.medium,2025-09-29,10.97,0.0,0.0,0.45,Staging,IT Operations
ACC-1014,Managed Kubernetes,eu-west-1,m5.large,2025-09-29,14.42,0.0,0.0,1.46,Development,Engineering
ACC-1014,Data Transfer / Egress,eu-west-1,N/A,2025-09-29,0.0,0.0,19.2,1.72,Development,Engineering
ACC-1014,Compute Instances,eu-west-1,m5.large,2025-09-29,12.15,0.0,0.0,1.38,Development,Engineering
ACC-1002,Data Warehouse,ap-south-1,dw.xlarge,2025-09-29,10.49,53.6,0.0,15.87,Development,Sales
ACC-1002,Content Delivery (CDN),ap-south-1,N/A,2025-09-29,0.0,0.0,34.3,2.86,Development,Sales
ACC-1005,Load Balancer,us-east-1,N/A,2025-09-30,0.0,0.0,28.8,2.68,Development,IT Operations
ACC-1013,Content Delivery (CDN),us-east-1,N/A,2025-09-30,0.0,0.0,56.4,4.85,Staging,Data Science
ACC-1004,Managed Kubernetes,ap-southeast-1,c5.2xlarge,2025-09-30,12.85,0.0,0.0,4.49,Staging,Sales
ACC-1004,Object Storage,ap-southeast-1,N/A,2025-09-30,0.0,187.1,0.0,4.49,Staging,Sales
ACC-1010,Object Storage,ap-southeast-1,N/A,2025-09-30,0.0,128.9,0.0,2.9,Staging,Data Science
ACC-1003,Block Storage,ap-southeast-1,io2,2025-09-30,0.0,87.3,0.0,10.59,Production,Data Science
ACC-1011,Serverless Functions,ap-southeast-1,N/A,2025-09-30,20.31,0.0,0.0,1.07,Staging,Sales
ACC-1011,Compute Instances,ap-southeast-1,t3.micro,2025-09-30,27.11,0.0,0.0,0.29,Staging,Sales
ACC-1007,Object Storage,eu-central-1,N/A,2025-09-30,0.0,187.4,0.0,4.61,Production,Marketing
ACC-1003,Managed Kubernetes,ap-southeast-1,c5.2xlarge,2025-09-30,9.29,0.0,0.0,3.2,Production,Data Science
ACC-1007,Data Warehouse,eu-central-1,dw.large,2025-09-30,31.86,71.9,0.0,20.37,Production,Marketing
ACC-1007,Data Transfer / Egress,eu-central-1,N/A,2025-09-30,0.0,0.0,45.3,4.5,Production,Marketing
ACC-1012,Serverless Functions,ap-south-1,N/A,2025-09-30,23.59,0.0,0.0,1.23,Staging,Finance
ACC-1014,Block Storage,us-west-2,st1,2025-09-30,0.0,124.1,0.0,5.73,Staging,Engineering
ACC-1014,Object Storage,us-west-2,N/A,2025-09-30,0.0,146.1,0.0,3.82,Staging,Engineering
ACC-1001,Managed Database,eu-central-1,db.t3.medium,2025-09-30,11.6,31.7,0.0,4.12,Development,Engineering
ACC-1008,Data Transfer / Egress,eu-central-1,N/A,2025-09-30,0.0,0.0,32.7,2.99,Production,Engineering
ACC-1008,Block Storage,eu-central-1,gp3,2025-09-30,0.0,201.7,0.0,14.71,Production,Engineering
ACC-1008,Managed Kubernetes,eu-central-1,m5.xlarge,2025-09-30,23.51,0.0,0.0,4.6,Production,Engineering
ACC-1002,Object Storage,ap-south-1,N/A,2025-09-30,0.0,215.0,0.0,4.47,Production,Sales
ACC-1002,Data Transfer / Egress,ap-south-1,N/A,2025-09-30,0.0,0.0,41.6,3.83,Production,Sales
ACC-1002,Managed Kubernetes,ap-south-1,m5.xlarge,2025-09-30,6.41,0.0,0.0,1.19,Production,Sales
ACC-1012,Managed Database,ap-south-1,db.r5.large,2025-09-30,11.36,105.7,0.0,13.21,Staging,Finance
ACC-1014,Load Balancer,us-west-2,N/A,2025-09-30,0.0,0.0,19.7,1.82,Staging,Engineering
ACC-1001,Compute Instances,eu-central-1,t3.micro,2025-10-01,9.11,0.0,0.0,0.1,Production,Engineering
ACC-1009,Block Storage,eu-central-1,io2,2025-10-01,0.0,174.5,0.0,22.71,Production,Engineering
ACC-1009,Serverless Functions,eu-central-1,N/A,2025-10-01,18.54,0.0,0.0,1.02,Production,Engineering
ACC-1009,Managed Kubernetes,eu-central-1,m5.xlarge,2025-10-01,12.53,0.0,0.0,2.52,Production,Engineering
ACC-1007,Managed Database,ap-southeast-1,db.m5.large,2025-10-01,26.44,49.8,0.0,9.09,Production,Marketing
ACC-1012,Managed Kubernetes,eu-west-1,c5.2xlarge,2025-10-01,10.29,0.0,0.0,3.67,Production,Finance
ACC-1008,Data Transfer / Egress,us-east-1,N/A,2025-10-01,0.0,0.0,20.5,1.85,Staging,Engineering
ACC-1008,Managed Database,us-east-1,db.t3.medium,2025-10-01,20.01,21.9,0.0,21.38,Staging,Engineering
ACC-1008,Load Balancer,us-east-1,N/A,2025-10-01,0.0,0.0,14.4,1.22,Staging,Engineering
ACC-1006,Load Balancer,ap-southeast-1,N/A,2025-10-01,0.0,0.0,37.8,3.72,Production,Marketing
ACC-1007,Serverless Functions,ap-southeast-1,N/A,2025-10-01,7.57,0.0,0.0,0.4,Production,Marketing
ACC-1005,Managed Database,us-east-1,db.r5.large,2025-10-01,14.32,79.1,0.0,10.55,Development,IT Operations
ACC-1014,Content Delivery (CDN),us-west-2,N/A,2025-10-01,0.0,0.0,23.7,1.86,Development,Engineering
ACC-1014,Data Transfer / Egress,us-west-2,N/A,2025-10-01,0.0,0.0,91.7,7.97,Development,Engineering
ACC-1003,Object Storage,eu-central-1,N/A,2025-10-01,0.0,154.3,0.0,3.84,Staging,Data Science
ACC-1003,Managed Kubernetes,eu-central-1,m5.xlarge,2025-10-01,17.35,0.0,0.0,3.39,Staging,Data Science
ACC-1003,Managed Database,eu-central-1,db.m5.large,2025-10-01,41.46,135.9,0.0,21.1,Staging,Data Science
ACC-1013,Load Balancer,us-east-1,N/A,2025-10-01,0.0,0.0,23.8,1.77,Production,Data Science
ACC-1002,Compute Instances,ap-south-1,m5.xlarge,2025-10-01,13.47,0.0,0.0,2.81,Production,Sales
ACC-1002,Block Storage,ap-south-1,gp3,2025-10-01,0.0,197.9,0.0,16.14,Production,Sales
ACC-1002,Content Delivery (CDN),ap-south-1,N/A,2025-10-01,0.0,0.0,30.3,2.51,Production,Sales
ACC-1007,Managed Kubernetes,ap-southeast-1,c5.2xlarge,2025-10-01,17.8,0.0,0.0,5.27,Production,Marketing
ACC-1002,Serverless Functions,ap-south-1,N/A,2025-10-02,9.35,0.0,0.0,0.5,Staging,Sales
ACC-1011,Block Storage,us-east-1,st1,2025-10-02,0.0,157.7,0.0,6.99,Staging,Sales
ACC-1006,Data Warehouse,us-east-1,dw.xlarge,2025-10-02,7.61,27.4,0.0,9.67,Production,Marketing
ACC-1006,Object Storage,us-east-1,N/A,2025-10-02,0.0,126.8,0.0,2.96,Production,Marketing
ACC-1013,Data Warehouse,us-east-1,dw.xlarge,2025-10-02,25.15,46.8,0.0,34.07,Production,Data Science
ACC-1010,Object Storage,ap-southeast-1,N/A,2025-10-02,0.0,226.7,0.0,5.24,Production,Data Science
ACC-1013,Managed Kubernetes,us-east-1,c5.2xlarge,2025-10-02,16.76,0.0,0.0,5.48,Production,Data Science
ACC-1010,Managed Kubernetes,ap-southeast-1,c5.2xlarge,2025-10-02,16.11,0.0,0.0,5.39,Production,Data Science
ACC-1010,Data Warehouse,ap-southeast-1,dw.xlarge,2025-10-02,18.16,42.8,0.0,24.1,Production,Data Science
ACC-1008,Data Warehouse,us-east-1,dw.xlarge,2025-10-02,25.83,54.6,0.0,33.55,Staging,Engineering
ACC-1008,Serverless Functions,us-east-1,N/A,2025-10-02,10.87,0.0,0.0,0.6,Staging,Engineering
ACC-1013,Load Balancer,us-east-1,N/A,2025-10-02,0.0,0.0,19.2,1.68,Production,Data Science
ACC-1004,Serverless Functions,ap-southeast-1,N/A,2025-10-02,19.47,0.0,0.0,0.92,Development,Sales
ACC-1009,Block Storage,eu-west-1,io2,2025-10-02,0.0,244.1,0.0,35.97,Development,Engineering
ACC-1009,Managed Kubernetes,eu-west-1,m5.xlarge,2025-10-02,11.28,0.0,0.0,1.98,Development,Engineering
ACC-1004,Block Storage,ap-southeast-1,gp3,2025-10-02,0.0,165.2,0.0,11.7,Development,Sales
ACC-1003,Load Balancer,ap-south-1,N/A,2025-10-02,0.0,0.0,21.7,1.94,Production,Data Science
ACC-1015,Data Warehouse,ap-south-1,dw.xlarge,2025-10-02,27.92,57.4,0.0,33.96,Development,Engineering
ACC-1015,Content Delivery (CDN),ap-south-1,N/A,2025-10-02,0.0,0.0,18.6,1.67,Development,Engineering
ACC-1012,Serverless Functions,eu-west-1,N/A,2025-10-02,3.25,0.0,0.0,0.14,Staging,Finance
ACC-1003,Block Storage,ap-south-1,io2,2025-10-02,0.0,196.8,0.0,22.75,Production,Data Science
ACC-1012,Block Storage,eu-west-1,io2,2025-10-02,0.0,203.6,0.0,25.19,Staging,Finance
ACC-1014,Compute Instances,us-west-2,m5.xlarge,2025-10-02,13.59,0.0,0.0,2.67,Staging,Engineering
ACC-1014,Load Balancer,us-west-2,N/A,2025-10-02,0.0,0.0,36.4,3.24,Staging,Engineering
ACC-1001,Data Transfer / Egress,eu-central-1,N/A,2025-10-02,0.0,0.0,20.7,2.25,Staging,Engineering
ACC-1009,Load Balancer,eu-west-1,N/A,2025-10-02,0.0,0.0,49.9,4.31,Development,Engineering
ACC-1012,Managed Kubernetes,eu-west-1,m5.xlarge,2025-10-02,9.33,0.0,0.0,1.73,Staging,Finance
ACC-1013,Compute Instances,us-east-1,c5.large,2025-10-03,8.97,0.0,0.0,0.81,Development,Data Science
ACC-1004,Serverless Functions,ap-southeast-1,N/A,2025-10-03,10.27,0.0,0.0,0.51,Staging,Sales
ACC-1004,Data Transfer / Egress,ap-southeast-1,N/A,2025-10-03,0.0,0.0,33.7,3.13,Staging,Sales
ACC-1002,Compute Instances,ap-south-1,r5.large,2025-10-03,28.12,0.0,0.0,3.81,Production,Sales
ACC-1008,Managed Kubernetes,us-east-1,c5.2xlarge,2025-10-03,18.91,0.0,0.0,6.52,Production,Engineering
ACC-1008,Content Delivery (CDN),us-east-1,N/A,2025-10-03,0.0,0.0,40.8,3.92,Production,Engineering
ACC-1008,Compute Instances,us-east-1,t3.micro,2025-10-03,22.47,0.0,0.0,0.22,Production,Engineering
ACC-1014,Compute Instances,us-west-2,m5.xlarge,2025-10-03,18.96,0.0,0.0,3.86,Development,Engineering
ACC-1013,Data Warehouse,us-east-1,dw.large,2025-10-03,18.91,55.2,0.0,14.57,Development,Data Science
ACC-1004,Compute Instances,ap-southeast-1,t3.medium,2025-10-03,16.79,0.0,0.0,0.75,Staging,Sales
ACC-1010,Managed Kubernetes,ap-southeast-1,c5.2xlarge,2025-10-03,16.73,0.0,0.0,5.38,Staging,Data Science
ACC-1001,Content Delivery (CDN),eu-central-1,N/A,2025-10-03,0.0,0.0,19.9,2.01,Production,Engineering
ACC-1001,Data Transfer / Egress,eu-central-1,N/A,2025-10-03,0.0,0.0,21.8,2.02,Production,Engineering
ACC-1001,Load Balancer,eu-central-1,N/A,2025-10-03,0.0,0.0,22.7,1.78,Production,Engineering
ACC-1013,Object Storage,us-east-1,N/A,2025-10-03,0.0,109.9,0.0,2.68,Development,Data Science
ACC-1011,Compute Instances,us-east-1,r5.large,2025-10-03,11.44,0.0,0.0,1.36,Production,Sales
ACC-1010,Load Balancer,ap-southeast-1,N/A,2025-10-03,0.0,0.0,25.6,2.28,Staging,Data Science
ACC-1010,Serverless Functions,ap-southeast-1,N/A,2025-10-03,16.0,0.0,0.0,0.8,Staging,Data Science
ACC-1011,Managed Database,us-east-1,db.t3.medium,2025-10-03,26.83,42.1,0.0,5.2,Production,Sales
ACC-1003,Data Warehouse,ap-south-1,dw.xlarge,2025-10-04,8.47,57.0,0.0,16.55,Production,Data Science
ACC-1010,Serverless Functions,ap-southeast-1,N/A,2025-10-04,3.86,0.0,0.0,0.2,Production,Data Science
ACC-1003,Content Delivery (CDN),ap-south-1,N/A,2025-10-04,0.0,0.0,27.8,2.3,Production,Data Science
ACC-1014,Managed Kubernetes,us-west-2,c5.2xlarge,2025-10-04,2.79,0.0,0.0,0.93,Development,Engineering
ACC-1014,Block Storage,us-west-2,io2,2025-10-04,0.0,321.7,0.0,36.37,Development,Engineering
ACC-1014,Load Balancer,us-west-2,N/A,2025-10-04,0.0,0.0,34.0,3.36,Development,Engineering
ACC-1012,Serverless Functions,ap-southeast-1,N/A,2025-10-04,8.58,0.0,0.0,0.42,Production,Finance
ACC-1012,Block Storage,ap-southeast-1,gp3,2025-10-04,0.0,118.1,0.0,9.75,Production,Finance
ACC-1012,Content Delivery (CDN),ap-southeast-1,N/A,2025-10-04,0.0,0.0,32.1,3.03,Production,Finance
ACC-1003,Block Storage,ap-south-1,st1,2025-10-04,0.0,87.5,0.0,4.36,Production,Data Science
ACC-1013,Data Transfer / Egress,us-east-1,N/A,2025-10-04,0.0,0.0,49.7,4.38,Production,Data Science
ACC-1013,Managed Database,us-east-1,db.r5.large,2025-10-04,11.56,58.6,0.0,9.95,Production,Data Science
ACC-1001,Managed Database,eu-central-1,db.t3.medium,2025-10-04,9.49,39.3,0.0,4.98,Development,Engineering
ACC-1006,Managed Kubernetes,us-east-1,c5.2xlarge,2025-10-04,11.13,0.0,0.0,3.99,Production,Marketing
ACC-1006,Content Delivery (CDN),us-east-1,N/A,2025-10-04,0.0,0.0,29.4,2.91,Production,Marketing
ACC-1006,Managed Database,us-east-1,db.m5.large,2025-10-04,16.07,43.9,0.0,6.55,Production,Marketing
ACC-1002,Block Storage,ap-south-1,gp3,2025-10-04,0.0,126.3,0.0,9.91,Production,Sales
ACC-1002,Compute Instances,ap-south-1,m5.large,2025-10-04,5.77,0.0,0.0,0.55,Production,Sales
ACC-1002,Serverless Functions,ap-south-1,N/A,2025-10-04,4.73,0.0,0.0,0.24,Production,Sales
ACC-1011,Serverless Functions,us-east-1,N/A,2025-10-04,5.96,0.0,0.0,0.29,Staging,Sales
ACC-1011,Content Delivery (CDN),us-east-1,N/A,2025-10-04,0.0,0.0,16.9,1.37,Staging,Sales
ACC-1013,Data Warehouse,us-east-1,dw.xlarge,2025-10-04,10.67,53.4,0.0,15.92,Production,Data Science
ACC-1004,Object Storage,ap-southeast-1,N/A,2025-10-05,0.0,124.8,0.0,2.82,Production,Sales
ACC-1004,Compute Instances,ap-southeast-1,m5.xlarge,2025-10-05,10.96,0.0,0.0,2.18,Production,Sales
ACC-1010,Serverless Functions,ap-southeast-1,N/A,2025-10-05,14.45,0.0,0.0,0.74,Production,Data Science
ACC-1010,Load Balancer,ap-southeast-1,N/A,2025-10-05,0.0,0.0,14.7,1.22,Production,Data Science
ACC-1004,Content Delivery (CDN),ap-southeast-1,N/A,2025-10-05,0.0,0.0,29.8,2.59,Production,Sales
ACC-1011,Data Transfer / Egress,us-east-1,N/A,2025-10-05,0.0,0.0,22.4,2.09,Development,Sales
ACC-1006,Data Warehouse,us-east-1,dw.large,2025-10-05,19.13,60.6,0.0,15.33,Production,Marketing
ACC-1008,Data Warehouse,us-east-1,dw.xlarge,2025-10-05,14.38,69.2,0.0,22.99,Production,Engineering
ACC-1011,Managed Kubernetes,us-east-1,m5.xlarge,2025-10-05,8.27,0.0,0.0,1.75,Development,Sales
ACC-1007,Data Warehouse,ap-southeast-1,dw.large,2025-10-05,8.19,34.3,0.0,8.3,Production,Marketing
ACC-1002,Block Storage,ap-south-1,gp3,2025-10-05,0.0,136.4,0.0,10.44,Production,Sales
ACC-1013,Object Storage,us-east-1,N/A,2025-10-05,0.0,257.1,0.0,6.08,Production,Data Science
ACC-1002,Content Delivery (CDN),ap-south-1,N/A,2025-10-05,0.0,0.0,14.4,1.28,Production,Sales
ACC-1002,Compute Instances,ap-south-1,m5.xlarge,2025-10-05,11.83,0.0,0.0,2.54,Production,Sales
ACC-1009,Managed Kubernetes,eu-central-1,m5.large,2025-10-05,8.78,0.0,0.0,0.85,Development,Engineering
ACC-1009,Block Storage,eu-central-1,st1,2025-10-05,0.0,116.9,0.0,5.52,Development,Engineering
ACC-1007,Data Transfer / Egress,ap-southeast-1,N/A,2025-10-05,0.0,0.0,26.4,2.36,Production,Marketing
ACC-1001,Serverless Functions,eu-central-1,N/A,2025-10-05,2.32,0.0,0.0,0.11,Staging,Engineering
ACC-1001,Content Delivery (CDN),eu-central-1,N/A,2025-10-05,0.0,0.0,11.3,1.04,Staging,Engineering
ACC-1014,Data Warehouse,us-west-2,dw.large,2025-10-05,9.42,61.9,0.0,11.29,Production,Engineering
ACC-1009,Managed Database,eu-central-1,db.t3.medium,2025-10-05,15.66,75.3,0.0,8.07,Development,Engineering
ACC-1009,Content Delivery (CDN),eu-central-1,N/A,2025-10-06,0.0,0.0,29.2,2.76,Production,Engineering
ACC-1012,Data Warehouse,eu-west-1,dw.xlarge,2025-10-06,20.17,51.0,0.0,25.71,Staging,Finance
ACC-1002,Data Transfer / Egress,ap-south-1,N/A,2025-10-06,0.0,0.0,23.3,2.17,Production,Sales
ACC-1013,Compute Instances,us-east-1,m5.large,2025-10-06,23.21,0.0,0.0,1.98,Development,Data Science
ACC-1013,Serverless Functions,us-east-1,N/A,2025-10-06,10.8,0.0,0.0,0.56,Development,Data Science
ACC-1007,Data Warehouse,ap-southeast-1,dw.xlarge,2025-10-06,32.86,58.8,0.0,36.69,Staging,Marketing
ACC-1007,Object Storage,ap-southeast-1,N/A,2025-10-06,0.0,162.7,0.0,3.62,Staging,Marketing
ACC-1015,Object Storage,ap-south-1,N/A,2025-10-06,0.0,233.0,0.0,4.94,Staging,Engineering
ACC-1015,Content Delivery (CDN),ap-south-1,N/A,2025-10-06,0.0,0.0,20.9,1.81,Staging,Engineering
ACC-1003,Compute Instances,ap-south-1,t3.micro,2025-10-06,9.51,0.0,0.0,0.09,Production,Data Science
ACC-1001,Block Storage,us-east-1,st1,2025-10-06,0.0,247.3,0.0,12.18,Staging,Engineering
ACC-1001,Content Delivery (CDN),us-east-1,N/A,2025-10-06,0.0,0.0,20.0,1.99,Staging,Engineering
ACC-1011,Compute Instances,us-east-1,r5.large,2025-10-06,15.0,0.0,0.0,1.93,Development,Sales
ACC-1006,Data Warehouse,us-east-1,dw.xlarge,2025-10-06,22.86,92.9,0.0,31.57,Staging,Marketing
ACC-1006,Data Transfer / Egress,us-east-1,N/A,2025-10-06,0.0,0.0,17.9,1.73,Staging,Marketing
ACC-1006,Block Storage,us-east-1,st1,2025-10-06,0.0,208.9,0.0,8.89,Staging,Marketing
ACC-1010,Object Storage,ap-southeast-1,N/A,2025-10-06,0.0,217.2,0.0,5.36,Production,Data Science
ACC-1003,Managed Database,ap-south-1,db.r5.large,2025-10-06,31.12,59.0,0.0,12.5,Production,Data Science
ACC-1002,Data Transfer / Egress,ap-south-1,N/A,2025-10-07,0.0,0.0,28.0,2.3,Development,Sales
ACC-1002,Managed Database,ap-south-1,db.t3.medium,2025-10-07,19.48,51.5,0.0,6.16,Development,Sales
ACC-1002,Block Storage,ap-south-1,st1,2025-10-07,0.0,87.9,0.0,4.23,Development,Sales
ACC-1014,Serverless Functions,ap-southeast-1,N/A,2025-10-07,18.35,0.0,0.0,0.9,Production,Engineering
ACC-1004,Data Transfer / Egress,ap-southeast-1,N/A,2025-10-07,0.0,0.0,15.7,1.58,Production,Sales
ACC-1007,Managed Database,ap-southeast-1,db.t3.medium,2025-10-07,26.94,70.3,0.0,7.81,Development,Marketing
ACC-1015,Data Transfer / Egress,ap-south-1,N/A,2025-10-07,0.0,0.0,65.8,5.83,Development,Engineering
ACC-1015,Load Balancer,ap-south-1,N/A,2025-10-07,0.0,0.0,15.6,1.3,Development,Engineering
ACC-1009,Serverless Functions,eu-central-1,N/A,2025-10-07,16.31,0.0,0.0,0.82,Development,Engineering
ACC-1007,Object Storage,ap-southeast-1,N/A,2025-10-07,0.0,278.3,0.0,6.81,Development,Marketing
ACC-1008,Data Transfer / Egress,us-east-1,N/A,2025-10-07,0.0,0.0,29.6,2.87,Development,Engineering
ACC-1015,Block Storage,ap-south-1,st1,2025-10-07,0.0,291.5,0.0,13.95,Development,Engineering
ACC-1003,Managed Kubernetes,ap-south-1,c5.2xlarge,2025-10-07,16.65,0.0,0.0,5.84,Production,Data Science
ACC-1013,Compute Instances,us-east-1,t3.medium,2025-10-07,11.43,0.0,0.0,0.46,Production,Data Science
ACC-1012,Managed Database,eu-west-1,db.m5.large,2025-10-07,33.23,79.9,0.0,15.14,Development,Finance
ACC-1012,Content Delivery (CDN),eu-west-1,N/A,2025-10-07,0.0,0.0,43.1,3.79,Development,Finance
ACC-1006,Serverless Functions,us-east-1,N/A,2025-10-07,5.07,0.0,0.0,0.24,Production,Marketing
ACC-1006,Load Balancer,us-east-1,N/A,2025-10-07,0.0,0.0,22.2,2.06,Production,Marketing
ACC-1011,Content Delivery (CDN),us-east-1,N/A,2025-10-07,0.0,0.0,10.0,0.84,Development,Sales
ACC-1011,Object Storage,us-east-1,N/A,2025-10-07,0.0,172.8,0.0,4.25,Development,Sales
ACC-1011,Managed Database,us-east-1,db.r5.large,2025-10-07,19.04,65.7,0.0,12.27,Development,Sales
ACC-1013,Managed Database,us-east-1,db.t3.medium,2025-10-07,6.06,119.0,0.0,10.85,Production,Data Science
ACC-1001,Data Transfer / Egress,eu-central-1,N/A,2025-10-07,0.0,0.0,28.8,2.68,Development,Engineering
ACC-1001,Content Delivery (CDN),eu-central-1,N/A,2025-10-07,0.0,0.0,43.4,4.02,Development,Engineering
ACC-1012,Data Transfer / Egress,eu-west-1,N/A,2025-10-07,0.0,0.0,30.2,3.06,Development,Finance
ACC-1013,Block Storage,us-east-1,st1,2025-10-07,0.0,169.3,0.0,7.12,Production,Data Science
ACC-1013,Serverless Functions,us-west-2,N/A,2025-10-08,10.64,0.0,0.0,0.58,Development,Data Science
ACC-1007,Load Balancer,ap-southeast-1,N/A,2025-10-08,0.0,0.0,26.7,2.28,Staging,Marketing
ACC-1013,Compute Instances,us-west-2,c5.large,2025-10-08,18.27,0.0,0.0,1.5,Development,Data Science
ACC-1007,Data Transfer / Egress,ap-southeast-1,N/A,2025-10-08,0.0,0.0,22.2,1.87,Staging,Marketing
ACC-1007,Block Storage,ap-southeast-1,io2,2025-10-08,0.0,76.9,0.0,10.77,Staging,Marketing
ACC-1002,Managed Database,ap-south-1,db.r5.large,2025-10-08,16.71,66.4,0.0,10.11,Production,Sales
ACC-1009,Block Storage,eu-central-1,st1,2025-10-08,0.0,225.7,0.0,10.41,Production,Engineering
ACC-1002,Managed Kubernetes,ap-south-1,m5.xlarge,2025-10-08,12.27,0.0,0.0,2.46,Production,Sales
ACC-1010,Serverless Functions,ap-southeast-1,N/A,2025-10-08,21.4,0.0,0.0,1.1,Production,Data Science
ACC-1005,Content Delivery (CDN),us-east-1,N/A,2025-10-08,0.0,0.0,23.4,2.25,Production,IT Operations
ACC-1009,Load Balancer,eu-central-1,N/A,2025-10-08,0.0,0.0,9.7,4.2,Production,Engineering
ACC-1009,Data Warehouse,eu-central-1,dw.xlarge,2025-10-08,34.82,76.6,0.0,40.38,Production,Engineering
ACC-1014,Object Storage,us-west-2,N/A,2025-10-08,0.0,150.1,0.0,4.07,Staging,Engineering
ACC-1002,Data Transfer / Egress,ap-south-1,N/A,2025-10-08,0.0,0.0,18.8,1.61,Production,Sales
ACC-1014,Data Warehouse,us-west-2,dw.large,2025-10-08,8.75,66.0,0.0,11.34,Staging,Engineering
ACC-1003,Serverless Functions,ap-south-1,N/A,2025-10-08,12.54,0.0,0.0,0.62,Production,Data Science
ACC-1001,Managed Database,eu-central-1,db.t3.medium,2025-10-08,37.34,27.9,0.0,5.52,Production,Engineering
ACC-1008,Data Transfer / Egress,ap-southeast-1,N/A,2025-10-08,0.0,0.0,30.0,2.32,Development,Engineering
ACC-1008,Managed Kubernetes,ap-southeast-1,m5.large,2025-10-08,17.44,0.0,0.0,1.42,Development,Engineering
ACC-1008,Object Storage,ap-southeast-1,N/A,2025-10-08,0.0,199.3,0.0,4.38,Development,Engineering
ACC-1004,Serverless Functions,ap-southeast-1,N/A,2025-10-08,21.63,0.0,0.0,1.09,Production,Sales
ACC-1004,Compute Instances,ap-southeast-1,m5.large,2025-10-08,13.9,0.0,0.0,1.43,Production,Sales
ACC-1011,Managed Database,us-east-1,db.t3.medium,2025-10-08,32.31,51.8,0.0,7.89,Production,Sales
ACC-1014,Content Delivery (CDN),us-west-2,N/A,2025-10-08,0.0,0.0,23.5,2.1,Staging,Engineering
ACC-1011,Data Transfer / Egress,us-east-1,N/A,2025-10-08,0.0,0.0,21.7,1.91,Production,Sales
ACC-1012,Managed Kubernetes,eu-west-1,c5.2xlarge,2025-10-08,10.67,0.0,0.0,3.75,Production,Finance
ACC-1012,Object Storage,eu-west-1,N/A,2025-10-08,0.0,282.9,0.0,5.93,Production,Finance
ACC-1003,Content Delivery (CDN),ap-south-1,N/A,2025-10-08,0.0,0.0,23.0,2.02,Production,Data Science
ACC-1001,Data Transfer / Egress,eu-central-1,N/A,2025-10-08,0.0,0.0,7.0,0.64,Production,Engineering
ACC-1011,Serverless Functions,us-east-1,N/A,2025-10-08,10.2,0.0,0.0,0.5,Production,Sales
ACC-1012,Data Warehouse,eu-west-1,dw.large,2025-10-09,26.42,51.3,0.0,20.34,Production,Finance
ACC-1012,Load Balancer,eu-west-1,N/A,2025-10-09,0.0,0.0,42.6,3.38,Production,Finance
ACC-1012,Object Storage,eu-west-1,N/A,2025-10-09,0.0,209.4,0.0,4.66,Production,Finance
ACC-1008,Managed Database,us-east-1,db.m5.large,2025-10-09,14.08,90.0,0.0,11.79,Staging,Engineering
ACC-1008,Content Delivery (CDN),us-east-1,N/A,2025-10-09,0.0,0.0,50.1,4.47,Staging,Engineering
ACC-1014,Serverless Functions,us-west-2,N/A,2025-10-09,18.46,0.0,0.0,0.93,Development,Engineering
ACC-1009,Data Warehouse,eu-central-1,dw.large,2025-10-09,12.89,32.6,0.0,8.97,Production,Engineering
ACC-1005,Load Balancer,us-east-1,N/A,2025-10-09,0.0,0.0,53.3,4.5,Production,IT Operations
ACC-1009,Block Storage,eu-central-1,io2,2025-10-09,0.0,150.2,0.0,17.53,Production,Engineering
ACC-1005,Data Warehouse,us-east-1,dw.xlarge,2025-10-09,29.92,47.3,0.0,32.34,Production,IT Operations
ACC-1005,Content Delivery (CDN),us-east-1,N/A,2025-10-09,0.0,0.0,14.0,1.35,Production,IT Operations
ACC-1001,Data Transfer / Egress,eu-central-1,N/A,2025-10-09,0.0,0.0,15.1,1.45,Production,Engineering
ACC-1013,Block Storage,us-east-1,gp3,2025-10-09,0.0,168.7,0.0,13.49,Production,Data Science
ACC-1001,Managed Database,eu-central-1,db.t3.medium,2025-10-09,26.7,101.9,0.0,12.31,Production,Engineering
ACC-1007,Object Storage,ap-southeast-1,N/A,2025-10-09,0.0,340.6,0.0,7.79,Production,Marketing
ACC-1009,Compute Instances,eu-central-1,m5.xlarge,2025-10-09,16.44,0.0,0.0,3.35,Production,Engineering
ACC-1001,Block Storage,eu-central-1,st1,2025-10-09,0.0,193.2,0.0,9.51,Production,Engineering
ACC-1013,Managed Kubernetes,us-east-1,c5.2xlarge,2025-10-09,10.53,0.0,0.0,3.36,Production,Data Science
ACC-1010,Block Storage,ap-southeast-1,st1,2025-10-09,0.0,179.5,0.0,8.76,Development,Data Science
ACC-1015,Serverless Functions,ap-south-1,N/A,2025-10-09,27.48,0.0,0.0,1.31,Development,Engineering
ACC-1013,Compute Instances,us-east-1,m5.xlarge,2025-10-09,7.27,0.0,0.0,1.42,Production,Data Science
ACC-1004,Load Balancer,ap-southeast-1,N/A,2025-10-09,0.0,0.0,23.8,2.3,Production,Sales
ACC-1004,Object Storage,ap-southeast-1,N/A,2025-10-09,0.0,207.2,0.0,4.52,Production,Sales
ACC-1004,Serverless Functions,ap-southeast-1,N/A,2025-10-09,14.63,0.0,0.0,0.67,Production,Sales
ACC-1006,Data Transfer / Egress,us-east-1,N/A,2025-10-09,0.0,0.0,23.8,2.41,Production,Marketing
ACC-1003,Object Storage,ap-south-1,N/A,2025-10-09,0.0,138.2,0.0,3.09,Staging,Data Science
ACC-1015,Object Storage,ap-south-1,N/A,2025-10-09,0.0,117.0,0.0,2.75,Development,Engineering
ACC-1002,Object Storage,ap-south-1,N/A,2025-10-09,0.0,221.9,0.0,5.09,Production,Sales
ACC-1002,Data Transfer / Egress,ap-south-1,N/A,2025-10-09,0.0,0.0,22.9,2.02,Production,Sales
ACC-1002,Content Delivery (CDN),ap-south-1,N/A,2025-10-09,0.0,0.0,26.7,2.58,Production,Sales
ACC-1011,Block Storage,us-east-1,st1,2025-10-09,0.0,173.2,0.0,7.37,Production,Sales
ACC-1011,Load Balancer,us-east-1,N/A,2025-10-09,0.0,0.0,29.3,2.66,Production,Sales
ACC-1010,Object Storage,ap-southeast-1,N/A,2025-10-09,0.0,281.1,0.0,6.28,Development,Data Science
ACC-1010,Load Balancer,ap-southeast-1,N/A,2025-10-09,0.0,0.0,10.0,0.95,Development,Data Science
ACC-1003,Managed Database,ap-south-1,db.m5.large,2025-10-09,31.07,25.5,0.0,7.8,Staging,Data Science
ACC-1008,Compute Instances,us-east-1,t3.medium,2025-10-10,4.95,0.0,0.0,0.21,Production,Engineering
ACC-1002,Managed Database,ap-south-1,db.r5.large,2025-10-10,17.21,30.1,0.0,7.34,Development,Sales
ACC-1004,Managed Kubernetes,ap-southeast-1,c5.2xlarge,2025-10-10,31.98,0.0,0.0,10.42,Development,Sales
ACC-1004,Serverless Functions,ap-southeast-1,N/A,2025-10-10,26.97,0.0,0.0,1.33,Development,Sales
ACC-1003,Managed Database,ap-south-1,db.m5.large,2025-10-10,15.51,98.9,0.0,12.01,Development,Data Science
ACC-1005,Content Delivery (CDN),us-east-1,N/A,2025-10-10,0.0,0.0,22.1,1.96,Production,IT Operations
ACC-1003,Managed Kubernetes,ap-south-1,m5.large,2025-10-10,24.09,0.0,0.0,2.34,Development,Data Science
ACC-1013,Serverless Functions,us-east-1,N/A,2025-10-10,14.7,0.0,0.0,0.7,Staging,Data Science
ACC-1008,Data Warehouse,us-east-1,dw.large,2025-10-10,15.92,126.8,0.0,22.38,Production,Engineering
ACC-1002,Data Warehouse,ap-south-1,dw.large,2025-10-10,23.67,90.5,0.0,23.14,Development,Sales
ACC-1003,Object Storage,ap-south-1,N/A,2025-10-10,0.0,157.5,0.0,3.47,Development,Data Science
ACC-1007,Managed Kubernetes,ap-southeast-1,m5.xlarge,2025-10-10,31.44,0.0,0.0,5.71,Development,Marketing
ACC-1010,Object Storage,ap-southeast-1,N/A,2025-10-10,0.0,246.5,0.0,5.74,Staging,Data Science
ACC-1014,Managed Kubernetes,ap-southeast-1,c5.2xlarge,2025-10-10,14.72,0.0,0.0,5.4,Production,Engineering
ACC-1014,Data Warehouse,ap-southeast-1,dw.large,2025-10-10,26.19,33.0,0.0,15.91,Production,Engineering
ACC-1015,Managed Kubernetes,ap-south-1,c5.2xlarge,2025-10-10,32.54,0.0,0.0,11.33,Production,Engineering
ACC-1015,Serverless Functions,ap-south-1,N/A,2025-10-10,6.67,0.0,0.0,0.36,Production,Engineering
ACC-1009,Object Storage,eu-central-1,N/A,2025-10-10,0.0,227.9,0.0,5.23,Production,Engineering
ACC-1009,Content Delivery (CDN),eu-central-1,N/A,2025-10-10,0.0,0.0,42.6,3.61,Production,Engineering
ACC-1015,Compute Instances,ap-south-1,t3.micro,2025-10-10,15.49,0.0,0.0,0.16,Production,Engineering
ACC-1001,Object Storage,eu-central-1,N/A,2025-10-10,0.0,180.4,0.0,4.18,Production,Engineering
ACC-1012,Data Transfer / Egress,eu-west-1,N/A,2025-10-10,0.0,0.0,60.6,5.89,Development,Finance
ACC-1010,Block Storage,ap-southeast-1,st1,2025-10-10,0.0,179.3,0.0,8.04,Staging,Data Science
ACC-1010,Serverless Functions,ap-southeast-1,N/A,2025-10-10,12.83,0.0,0.0,0.7,Staging,Data Science
ACC-1001,Load Balancer,eu-central-1,N/A,2025-10-10,0.0,0.0,17.5,1.4,Production,Engineering
ACC-1011,Data Warehouse,us-east-1,dw.xlarge,2025-10-11,9.83,99.3,0.0,19.78,Development,Sales
ACC-1015,Compute Instances,ap-south-1,r5.large,2025-10-11,10.3,0.0,0.0,1.27,Production,Engineering
ACC-1013,Object Storage,us-east-1,N/A,2025-10-11,0.0,273.8,0.0,6.69,Development,Data Science
ACC-1013,Managed Kubernetes,us-east-1,c5.2xlarge,2025-10-11,5.23,0.0,0.0,1.7,Development,Data Science
ACC-1004,Block Storage,ap-southeast-1,gp3,2025-10-11,0.0,170.0,0.0,12.88,Development,Sales
ACC-1002,Managed Database,ap-south-1,db.m5.large,2025-10-11,20.91,53.6,0.0,9.01,Staging,Sales
ACC-1002,Object Storage,ap-south-1,N/A,2025-10-11,0.0,121.2,0.0,2.7,Staging,Sales
ACC-1007,Managed Database,ap-southeast-1,db.m5.large,2025-10-11,10.45,71.6,0.0,9.14,Production,Marketing
ACC-1011,Managed Database,us-east-1,db.r5.large,2025-10-11,8.08,41.0,0.0,5.7,Development,Sales
ACC-1011,Serverless Functions,us-east-1,N/A,2025-10-11,6.66,0.0,0.0,0.34,Development,Sales
ACC-1008,Data Warehouse,us-east-1,dw.xlarge,2025-10-11,10.76,21.6,0.0,12.63,Production,Engineering
ACC-1008,Data Transfer / Egress,us-east-1,N/A,2025-10-11,0.0,0.0,51.7,4.3,Production,Engineering
ACC-1008,Managed Kubernetes,us-east-1,m5.large,2025-10-11,8.93,0.0,0.0,0.81,Production,Engineering
ACC-1009,Managed Database,eu-central-1,db.r5.large,2025-10-11,5.23,53.6,0.0,6.06,Staging,Engineering
ACC-1003,Load Balancer,ap-south-1,N/A,2025-10-11,0.0,0.0,35.8,2.48,Production,Data Science
ACC-1012,Object Storage,ap-southeast-1,N/A,2025-10-11,0.0,198.8,0.0,5.13,Staging,Finance
ACC-1012,Managed Database,ap-southeast-1,db.r5.large,2025-10-11,12.52,55.1,0.0,8.15,Staging,Finance
ACC-1005,Compute Instances,us-east-1,m5.xlarge,2025-10-11,6.34,0.0,0.0,1.11,Development,IT Operations
ACC-1005,Load Balancer,us-east-1,N/A,2025-10-11,0.0,0.0,15.5,1.45,Development,IT Operations
ACC-1009,Object Storage,eu-central-1,N/A,2025-10-12,0.0,103.6,0.0,2.18,Production,Engineering
ACC-1008,Managed Kubernetes,ap-south-1,c5.2xlarge,2025-10-12,10.66,0.0,0.0,3.45,Production,Engineering
ACC-1010,Data Warehouse,ap-southeast-1,dw.large,2025-10-12,11.87,72.1,0.0,13.09,Production,Data Science
ACC-1010,Object Storage,ap-southeast-1,N/A,2025-10-12,0.0,227.7,0.0,5.36,Production,Data Science
ACC-1010,Content Delivery (CDN),ap-southeast-1,N/A,2025-10-12,0.0,0.0,11.6,0.93,Production,Data Science
ACC-1011,Load Balancer,ap-south-1,N/A,2025-10-12,0.0,0.0,65.6,6.01,Staging,Sales
ACC-1005,Managed Database,us-east-1,db.r5.large,2025-10-12,14.55,23.0,0.0,5.57,Production,IT Operations
ACC-1005,Object Storage,us-east-1,N/A,2025-10-12,0.0,181.5,0.0,4.76,Production,IT Operations
ACC-1011,Content Delivery (CDN),ap-south-1,N/A,2025-10-12,0.0,0.0,31.4,2.63,Staging,Sales
ACC-1009,Content Delivery (CDN),eu-central-1,N/A,2025-10-12,0.0,0.0,10.6,0.95,Production,Engineering
ACC-1011,Serverless Functions,ap-south-1,N/A,2025-10-12,6.53,0.0,0.0,0.32,Staging,Sales
ACC-1007,Data Warehouse,eu-west-1,dw.xlarge,2025-10-12,19.52,52.8,0.0,27.02,Development,Marketing
ACC-1009,Data Warehouse,eu-central-1,dw.xlarge,2025-10-12,26.01,63.8,0.0,31.59,Production,Engineering
ACC-1006,Managed Database,ap-south-1,db.t3.medium,2025-10-12,5.2,25.6,0.0,2.87,Staging,Marketing
ACC-1004,Block Storage,ap-southeast-1,gp3,2025-10-12,0.0,221.0,0.0,16.81,Development,Sales
ACC-1002,Managed Database,ap-south-1,db.r5.large,2025-10-12,11.78,111.6,0.0,14.01,Production,Sales
ACC-1003,Object Storage,ap-south-1,N/A,2025-10-12,0.0,262.7,0.0,6.49,Development,Data Science
ACC-1015,Compute Instances,ap-south-1,m5.large,2025-10-12,7.4,0.0,0.0,0.74,Production,Engineering
ACC-1015,Content Delivery (CDN),ap-south-1,N/A,2025-10-12,0.0,0.0,38.8,3.58,Production,Engineering
ACC-1015,Managed Database,ap-south-1,db.r5.large,2025-10-12,12.46,41.9,0.0,7.72,Production,Engineering
ACC-1013,Managed Kubernetes,us-east-1,m5.large,2025-10-12,11.96,0.0,0.0,0.97,Production,Data Science
ACC-1001,Block Storage,eu-central-1,gp3,2025-10-12,0.0,265.2,0.0,20.08,Production,Engineering
ACC-1001,Serverless Functions,eu-central-1,N/A,2025-10-12,15.85,0.0,0.0,0.8,Production,Engineering
ACC-1001,Compute Instances,eu-central-1,c5.large,2025-10-12,5.41,0.0,0.0,0.45,Production,Engineering
ACC-1004,Data Transfer / Egress,ap-southeast-1,N/A,2025-10-12,0.0,0.0,18.9,1.9,Development,Sales
ACC-1014,Compute Instances,eu-central-1,t3.micro,2025-10-12,5.06,0.0,0.0,0.05,Production,Engineering
ACC-1009,Object Storage,eu-central-1,N/A,2025-10-13,0.0,206.8,0.0,4.88,Production,Engineering
ACC-1007,Managed Database,ap-southeast-1,db.m5.large,2025-10-13,39.13,16.6,0.0,10.53,Production,Marketing
ACC-1007,Object Storage,ap-southeast-1,N/A,2025-10-13,0.0,135.2,0.0,3.12,Production,Marketing
ACC-1004,Content Delivery (CDN),ap-southeast-1,N/A,2025-10-13,0.0,0.0,13.4,1.14,Development,Sales
ACC-1004,Load Balancer,ap-southeast-1,N/A,2025-10-13,0.0,0.0,16.3,1.47,Development,Sales
ACC-1004,Managed Database,ap-southeast-1,db.m5.large,2025-10-13,18.91,45.2,0.0,7.68,Development,Sales
ACC-1007,Content Delivery (CDN),ap-southeast-1,N/A,2025-10-13,0.0,0.0,37.7,3.65,Production,Marketing
ACC-1014,Data Transfer / Egress,us-west-2,N/A,2025-10-13,0.0,0.0,50.3,4.27,Production,Engineering
ACC-1015,Compute Instances,ap-south-1,m5.large,2025-10-13,8.66,0.0,0.0,0.82,Production,Engineering
ACC-1006,Data Warehouse,us-east-1,dw.xlarge,2025-10-13,32.88,48.9,0.0,42.66,Staging,Marketing
ACC-1006,Object Storage,us-east-1,N/A,2025-10-13,0.0,200.8,0.0,4.33,Staging,Marketing
ACC-1015,Managed Kubernetes,ap-south-1,m5.large,2025-10-13,11.15,0.0,0.0,1.09,Production,Engineering
ACC-1013,Compute Instances,us-east-1,m5.large,2025-10-13,15.45,0.0,0.0,1.55,Production,Data Science
ACC-1013,Data Warehouse,us-east-1,dw.large,2025-10-13,13.38,32.0,0.0,9.66,Production,Data Science
ACC-1010,Data Warehouse,ap-southeast-1,dw.large,2025-10-13,15.49,60.0,0.0,12.99,Production,Data Science
ACC-1010,Object Storage,ap-southeast-1,N/A,2025-10-13,0.0,83.2,0.0,1.88,Production,Data Science
ACC-1006,Load Balancer,us-east-1,N/A,2025-10-13,0.0,0.0,51.1,4.7,Staging,Marketing
ACC-1015,Content Delivery (CDN),ap-south-1,N/A,2025-10-14,0.0,0.0,8.4,4.49,Production,Engineering
ACC-1015,Data Warehouse,ap-south-1,dw.xlarge,2025-10-14,41.76,19.8,0.0,39.01,Production,Engineering
ACC-1001,Object Storage,eu-central-1,N/A,2025-10-14,0.0,124.2,0.0,3.13,Development,Engineering
ACC-1003,Object Storage,ap-south-1,N/A,2025-10-14,0.0,320.4,0.0,7.24,Production,Data Science
ACC-1003,Data Warehouse,ap-south-1,dw.xlarge,2025-10-14,35.81,69.9,0.0,43.16,Production,Data Science
ACC-1013,Block Storage,us-east-1,io2,2025-10-14,0.0,157.9,0.0,19.42,Production,Data Science
ACC-1013,Managed Database,us-east-1,db.m5.large,2025-10-14,17.97,52.1,0.0,8.71,Production,Data Science
ACC-1004,Data Warehouse,eu-central-1,dw.xlarge,2025-10-14,28.15,47.3,0.0,35.75,Staging,Sales
ACC-1013,Data Transfer / Egress,us-east-1,N/A,2025-10-14,0.0,0.0,50.4,4.29,Production,Data Science
ACC-1008,Compute Instances,us-east-1,t3.medium,2025-10-14,15.38,0.0,0.0,0.7,Staging,Engineering
ACC-1007,Block Storage,ap-southeast-1,st1,2025-10-14,0.0,85.6,0.0,3.83,Development,Marketing
ACC-1011,Load Balancer,us-east-1,N/A,2025-10-14,0.0,0.0,8.6,0.72,Staging,Sales
ACC-1011,Object Storage,us-east-1,N/A,2025-10-14,0.0,269.8,0.0,6.34,Staging,Sales
ACC-1006,Block Storage,us-east-1,st1,2025-10-14,0.0,206.5,0.0,10.33,Production,Marketing
ACC-1006,Data Transfer / Egress,us-east-1,N/A,2025-10-14,0.0,0.0,37.2,3.45,Production,Marketing
ACC-1002,Serverless Functions,ap-south-1,N/A,2025-10-14,14.48,0.0,0.0,0.67,Production,Sales
ACC-1005,Block Storage,us-east-1,st1,2025-10-14,0.0,165.0,0.0,7.7,Staging,IT Operations
ACC-1009,Data Warehouse,eu-central-1,dw.xlarge,2025-10-15,31.43,78.2,0.0,42.38,Development,Engineering
ACC-1009,Load Balancer,eu-central-1,N/A,2025-10-15,0.0,0.0,14.3,1.22,Development,Engineering
ACC-1009,Managed Database,eu-central-1,db.m5.large,2025-10-15,28.8,81.5,0.0,13.59,Development,Engineering
ACC-1007,Content Delivery (CDN),ap-southeast-1,N/A,2025-10-15,0.0,0.0,13.0,1.1,Development,Marketing
ACC-1014,Content Delivery (CDN),us-west-2,N/A,2025-10-15,0.0,0.0,55.2,5.13,Production,Engineering
ACC-1014,Managed Database,us-west-2,db.t3.medium,2025-10-15,8.82,116.1,0.0,11.97,Production,Engineering
ACC-1015,Managed Database,ap-south-1,db.m5.large,2025-10-15,32.55,63.9,0.0,12.23,Production,Engineering
ACC-1001,Serverless Functions,eu-central-1,N/A,2025-10-15,11.13,0.0,0.0,0.6,Staging,Engineering
ACC-1015,Serverless Functions,ap-south-1,N/A,2025-10-15,7.16,0.0,0.0,0.35,Production,Engineering
ACC-1001,Managed Database,eu-central-1,db.r5.large,2025-10-15,16.19,82.5,0.0,12.11,Staging,Engineering
ACC-1001,Load Balancer,eu-central-1,N/A,2025-10-15,0.0,0.0,30.5,2.92,Staging,Engineering
ACC-1003,Data Transfer / Egress,ap-south-1,N/A,2025-10-15,0.0,0.0,40.2,3.62,Staging,Data Science
ACC-1014,Data Warehouse,us-west-2,dw.large,2025-10-15,7.52,75.0,0.0,10.56,Production,Engineering
ACC-1003,Block Storage,ap-south-1,gp3,2025-10-15,0.0,84.3,0.0,7.17,Staging,Data Science
ACC-1008,Object Storage,us-west-2,N/A,2025-10-15,0.0,155.8,0.0,3.59,Staging,Engineering
ACC-1013,Serverless Functions,us-east-1,N/A,2025-10-15,12.31,0.0,0.0,0.71,Production,Data Science
ACC-1010,Serverless Functions,ap-southeast-1,N/A,2025-10-15,9.12,0.0,0.0,0.45,Production,Data Science
ACC-1010,Managed Database,ap-southeast-1,db.t3.medium,2025-10-15,28.62,75.7,0.0,9.36,Production,Data Science
ACC-1003,Serverless Functions,ap-south-1,N/A,2025-10-15,22.63,0.0,0.0,1.23,Staging,Data Science
ACC-1008,Block Storage,us-west-2,gp3,2025-10-15,0.0,140.0,0.0,10.8,Staging,Engineering
ACC-1005,Object Storage,eu-west-1,N/A,2025-10-15,0.0,185.6,0.0,4.41,Production,IT Operations
ACC-1002,Data Transfer / Egress,ap-south-1,N/A,2025-10-15,0.0,0.0,19.1,1.43,Production,Sales
ACC-1012,Managed Database,eu-west-1,db.m5.large,2025-10-15,37.25,122.6,0.0,19.84,Production,Finance
ACC-1012,Block Storage,eu-west-1,io2,2025-10-15,0.0,240.6,0.0,27.46,Production,Finance
ACC-1012,Compute Instances,eu-west-1,m5.large,2025-10-15,9.71,0.0,0.0,0.95,Production,Finance
ACC-1004,Managed Database,ap-south-1,db.t3.medium,2025-10-15,27.4,23.9,0.0,4.15,Production,Sales
ACC-1013,Managed Database,us-east-1,db.r5.large,2025-10-15,16.0,52.2,0.0,9.15,Production,Data Science
ACC-1005,Data Warehouse,eu-west-1,dw.xlarge,2025-10-15,14.61,95.9,0.0,25.11,Production,IT Operations
ACC-1007,Data Warehouse,ap-southeast-1,dw.large,2025-10-16,20.83,111.7,0.0,23.45,Production,Marketing
ACC-1015,Object Storage,ap-south-1,N/A,2025-10-16,0.0,325.5,0.0,6.57,Production,Engineering
ACC-1015,Managed Kubernetes,ap-south-1,m5.large,2025-10-16,21.7,0.0,0.0,1.8,Production,Engineering
ACC-1013,Content Delivery (CDN),us-east-1,N/A,2025-10-16,0.0,0.0,84.5,7.86,Production,Data Science
ACC-1013,Serverless Functions,us-east-1,N/A,2025-10-16,9.62,0.0,0.0,0.51,Production,Data Science
ACC-1007,Load Balancer,ap-southeast-1,N/A,2025-10-16,0.0,0.0,25.7,2.79,Production,Marketing
ACC-1007,Block Storage,ap-southeast-1,st1,2025-10-16,0.0,136.8,0.0,5.31,Production,Marketing
ACC-1006,Block Storage,us-east-1,io2,2025-10-16,0.0,232.1,0.0,29.44,Production,Marketing
ACC-1001,Managed Kubernetes,eu-central-1,m5.xlarge,2025-10-16,14.0,0.0,0.0,2.5,Production,Engineering
ACC-1001,Content Delivery (CDN),eu-central-1,N/A,2025-10-16,0.0,0.0,10.5,0.99,Production,Engineering
ACC-1005,Managed Database,us-east-1,db.r5.large,2025-10-16,19.02,24.4,0.0,27.4,Production,IT Operations
ACC-1005,Compute Instances,us-east-1,r5.large,2025-10-16,15.58,0.0,0.0,1.92,Production,IT Operations
ACC-1003,Managed Database,ap-south-1,db.m5.large,2025-10-16,24.02,25.2,0.0,6.43,Staging,Data Science
ACC-1002,Load Balancer,ap-south-1,N/A,2025-10-16,0.0,0.0,21.8,1.76,Development,Sales
ACC-1002,Compute Instances,ap-south-1,m5.large,2025-10-17,18.3,0.0,0.0,1.91,Production,Sales
ACC-1002,Load Balancer,ap-south-1,N/A,2025-10-17,0.0,0.0,37.2,3.27,Production,Sales
ACC-1007,Object Storage,ap-southeast-1,N/A,2025-10-17,0.0,138.5,0.0,2.73,Production,Marketing
ACC-1007,Managed Database,ap-southeast-1,db.m5.large,2025-10-17,33.38,77.0,0.0,13.55,Production,Marketing
ACC-1007,Data Transfer / Egress,ap-southeast-1,N/A,2025-10-17,0.0,0.0,22.2,2.12,Production,Marketing
ACC-1011,Managed Kubernetes,us-east-1,c5.2xlarge,2025-10-17,17.65,0.0,0.0,5.45,Production,Sales
ACC-1015,Block Storage,ap-south-1,gp3,2025-10-17,0.0,246.0,0.0,18.17,Production,Engineering
ACC-1012,Data Warehouse,eu-west-1,dw.large,2025-10-17,13.7,30.2,0.0,9.41,Production,Finance
ACC-1014,Object Storage,us-west-2,N/A,2025-10-17,0.0,172.1,0.0,3.88,Development,Engineering
ACC-1015,Content Delivery (CDN),ap-south-1,N/A,2025-10-17,0.0,0.0,73.4,6.58,Production,Engineering
ACC-1010,Object Storage,ap-southeast-1,N/A,2025-10-17,0.0,155.3,0.0,3.61,Development,Data Science
ACC-1006,Load Balancer,us-east-1,N/A,2025-10-17,0.0,0.0,21.6,2.35,Staging,Marketing
ACC-1006,Managed Database,us-east-1,db.m5.large,2025-10-17,22.83,92.2,0.0,12.97,Staging,Marketing
ACC-1012,Load Balancer,eu-west-1,N/A,2025-10-17,0.0,0.0,21.1,2.01,Production,Finance
ACC-1014,Data Transfer / Egress,us-west-2,N/A,2025-10-17,0.0,0.0,33.9,3.12,Development,Engineering
ACC-1012,Content Delivery (CDN),eu-west-1,N/A,2025-10-17,0.0,0.0,28.1,2.5,Production,Finance
ACC-1008,Managed Database,us-east-1,db.m5.large,2025-10-17,18.56,61.9,0.0,9.98,Production,Engineering
ACC-1014,Serverless Functions,us-west-2,N/A,2025-10-17,14.78,0.0,0.0,0.75,Development,Engineering
ACC-1004,Managed Database,ap-southeast-1,db.m5.large,2025-10-17,21.51,89.7,0.0,12.67,Staging,Sales
ACC-1004,Object Storage,ap-southeast-1,N/A,2025-10-17,0.0,223.1,0.0,4.93,Staging,Sales
ACC-1013,Data Warehouse,us-east-1,dw.xlarge,2025-10-17,40.59,38.6,0.0,39.81,Staging,Data Science
ACC-1013,Serverless Functions,us-east-1,N/A,2025-10-17,16.76,0.0,0.0,0.87,Staging,Data Science
ACC-1005,Data Transfer / Egress,us-east-1,N/A,2025-10-17,0.0,0.0,48.5,4.61,Staging,IT Operations
ACC-1003,Data Transfer / Egress,ap-south-1,N/A,2025-10-17,0.0,0.0,35.9,3.23,Development,Data Science
ACC-1005,Load Balancer,us-east-1,N/A,2025-10-17,0.0,0.0,15.6,1.58,Staging,IT Operations
ACC-1001,Managed Database,eu-central-1,db.r5.large,2025-10-17,23.58,115.4,0.0,18.29,Development,Engineering
ACC-1001,Content Delivery (CDN),eu-central-1,N/A,2025-10-17,0.0,0.0,19.1,1.69,Development,Engineering
ACC-1001,Load Balancer,eu-central-1,N/A,2025-10-17,0.0,0.0,42.6,4.01,Development,Engineering
ACC-1009,Load Balancer,eu-central-1,N/A,2025-10-17,0.0,0.0,11.4,1.08,Development,Engineering
ACC-1009,Object Storage,eu-central-1,N/A,2025-10-17,0.0,191.2,0.0,4.66,Development,Engineering
ACC-1005,Block Storage,us-east-1,gp3,2025-10-17,0.0,215.2,0.0,18.64,Staging,IT Operations
ACC-1007,Object Storage,eu-west-1,N/A,2025-10-18,0.0,202.1,0.0,4.11,Production,Marketing
ACC-1010,Compute Instances,ap-southeast-1,t3.micro,2025-10-18,6.14,0.0,0.0,0.06,Production,Data Science
ACC-1007,Managed Database,eu-west-1,db.t3.medium,2025-10-18,14.65,84.7,0.0,8.22,Production,Marketing
ACC-1007,Compute Instances,eu-west-1,c5.large,2025-10-18,10.32,0.0,0.0,0.86,Production,Marketing
ACC-1013,Compute Instances,us-east-1,m5.xlarge,2025-10-18,8.57,0.0,0.0,1.76,Production,Data Science
ACC-1006,Managed Database,us-east-1,db.t3.medium,2025-10-18,5.56,85.2,0.0,8.66,Production,Marketing
ACC-1010,Load Balancer,ap-southeast-1,N/A,2025-10-18,0.0,0.0,28.3,2.2,Production,Data Science
ACC-1002,Data Warehouse,ap-south-1,dw.large,2025-10-18,20.04,52.3,0.0,14.67,Development,Sales
ACC-1001,Load Balancer,eu-central-1,N/A,2025-10-18,0.0,0.0,53.4,5.09,Production,Engineering
ACC-1012,Data Warehouse,eu-west-1,dw.large,2025-10-18,7.09,63.7,0.0,9.72,Development,Finance
ACC-1002,Managed Kubernetes,ap-south-1,m5.xlarge,2025-10-18,8.92,0.0,0.0,1.59,Development,Sales
ACC-1002,Serverless Functions,ap-south-1,N/A,2025-10-18,7.67,0.0,0.0,0.38,Development,Sales
ACC-1004,Serverless Functions,ap-south-1,N/A,2025-10-18,10.02,0.0,0.0,0.46,Staging,Sales
ACC-1004,Block Storage,ap-south-1,io2,2025-10-18,0.0,158.0,0.0,18.82,Staging,Sales
ACC-1001,Compute Instances,eu-central-1,t3.medium,2025-10-18,5.21,0.0,0.0,0.21,Production,Engineering
ACC-1007,Load Balancer,ap-southeast-1,N/A,2025-10-19,0.0,0.0,34.6,3.28,Production,Marketing
ACC-1004,Load Balancer,ap-southeast-1,N/A,2025-10-19,0.0,0.0,13.2,1.18,Production,Sales
ACC-1003,Data Warehouse,ap-south-1,dw.xlarge,2025-10-19,11.73,35.9,0.0,16.41,Production,Data Science
ACC-1003,Managed Kubernetes,ap-south-1,m5.large,2025-10-19,8.13,0.0,0.0,0.71,Production,Data Science
ACC-1002,Serverless Functions,ap-south-1,N/A,2025-10-19,8.07,0.0,0.0,0.42,Development,Sales
ACC-1011,Compute Instances,us-west-2,m5.large,2025-10-19,5.51,0.0,0.0,0.52,Staging,Sales
ACC-1011,Data Warehouse,us-west-2,dw.xlarge,2025-10-19,1.82,93.1,0.0,12.91,Staging,Sales
ACC-1007,Data Transfer / Egress,ap-southeast-1,N/A,2025-10-19,0.0,0.0,16.9,1.49,Production,Marketing
ACC-1013,Content Delivery (CDN),us-east-1,N/A,2025-10-19,0.0,0.0,42.4,3.89,Staging,Data Science
ACC-1012,Block Storage,eu-west-1,io2,2025-10-19,0.0,190.9,0.0,23.35,Staging,Finance
ACC-1008,Data Warehouse,us-east-1,dw.xlarge,2025-10-19,10.85,56.7,0.0,15.54,Production,Engineering
ACC-1008,Object Storage,us-east-1,N/A,2025-10-19,0.0,213.1,0.0,4.77,Production,Engineering
ACC-1008,Compute Instances,us-east-1,c5.large,2025-10-19,12.54,0.0,0.0,1.12,Production,Engineering
ACC-1014,Data Warehouse,us-west-2,dw.large,2025-10-19,12.39,28.7,0.0,8.98,Staging,Engineering
ACC-1015,Block Storage,ap-south-1,gp3,2025-10-19,0.0,126.6,0.0,10.47,Staging,Engineering
ACC-1013,Managed Kubernetes,us-east-1,c5.2xlarge,2025-10-19,4.68,0.0,0.0,1.6,Staging,Data Science
ACC-1009,Data Warehouse,eu-west-1,dw.xlarge,2025-10-19,18.11,36.4,0.0,20.89,Staging,Engineering
ACC-1009,Data Transfer / Egress,eu-west-1,N/A,2025-10-19,0.0,0.0,30.1,2.66,Staging,Engineering
ACC-1009,Compute Instances,eu-west-1,m5.xlarge,2025-10-19,3.42,0.0,0.0,0.62,Staging,Engineering
ACC-1010,Block Storage,ap-southeast-1,st1,2025-10-19,0.0,139.4,0.0,6.87,Production,Data Science
ACC-1012,Managed Database,eu-west-1,db.r5.large,2025-10-20,20.97,61.2,0.0,9.59,Development,Finance
ACC-1012,Content Delivery (CDN),eu-west-1,N/A,2025-10-20,0.0,0.0,38.0,3.26,Development,Finance
ACC-1007,Object Storage,ap-southeast-1,N/A,2025-10-20,0.0,286.9,0.0,7.25,Staging,Marketing
ACC-1007,Load Balancer,ap-southeast-1,N/A,2025-10-20,0.0,0.0,6.4,0.48,Staging,Marketing
ACC-1006,Managed Database,us-east-1,db.t3.medium,2025-10-20,32.08,22.2,0.0,4.36,Production,Marketing
ACC-1005,Content Delivery (CDN),us-east-1,N/A,2025-10-20,0.0,0.0,12.5,1.14,Staging,IT Operations
ACC-1006,Compute Instances,us-east-1,t3.micro,2025-10-20,29.16,0.0,0.0,0.33,Production,Marketing
ACC-1006,Block Storage,us-east-1,io2,2025-10-20,0.0,198.2,0.0,22.35,Production,Marketing
ACC-1014,Object Storage,us-west-2,N/A,2025-10-20,0.0,145.2,0.0,3.57,Production,Engineering
ACC-1002,Compute Instances,ap-south-1,c5.large,2025-10-20,31.8,0.0,0.0,3.01,Development,Sales
ACC-1014,Compute Instances,us-west-2,m5.large,2025-10-20,5.71,0.0,0.0,0.54,Production,Engineering
ACC-1014,Content Delivery (CDN),us-west-2,N/A,2025-10-20,0.0,0.0,10.1,0.85,Production,Engineering
ACC-1001,Load Balancer,eu-central-1,N/A,2025-10-20,0.0,0.0,10.1,0.97,Development,Engineering
ACC-1015,Managed Database,ap-south-1,db.t3.medium,2025-10-20,34.2,25.2,0.0,4.66,Development,Engineering
ACC-1004,Data Transfer / Egress,ap-southeast-1,N/A,2025-10-20,0.0,0.0,39.3,3.96,Development,Sales
ACC-1004,Managed Database,ap-southeast-1,db.r5.large,2025-10-20,7.33,38.1,0.0,5.88,Development,Sales
ACC-1004,Managed Kubernetes,ap-southeast-1,m5.large,2025-10-20,8.7,0.0,0.0,0.7,Development,Sales
ACC-1003,Data Warehouse,ap-south-1,dw.large,2025-10-20,13.7,56.8,0.0,12.97,Production,Data Science
ACC-1003,Data Transfer / Egress,ap-south-1,N/A,2025-10-20,0.0,0.0,22.0,2.04,Production,Data Science
ACC-1013,Compute Instances,us-east-1,m5.xlarge,2025-10-20,30.91,0.0,0.0,5.77,Production,Data Science
ACC-1013,Managed Database,us-east-1,db.r5.large,2025-10-20,12.32,104.6,0.0,14.08,Production,Data Science
ACC-1013,Serverless Functions,us-east-1,N/A,2025-10-20,14.31,0.0,0.0,0.7,Production,Data Science
ACC-1001,Data Warehouse,eu-central-1,dw.large,2025-10-20,16.18,30.3,0.0,10.64,Development,Engineering
ACC-1003,Content Delivery (CDN),ap-south-1,N/A,2025-10-20,0.0,0.0,33.2,2.79,Production,Data Science
ACC-1007,Managed Kubernetes,ap-south-1,c5.2xlarge,2025-10-21,4.29,0.0,0.0,1.24,Production,Marketing
ACC-1008,Block Storage,us-east-1,st1,2025-10-21,0.0,205.0,0.0,9.12,Staging,Engineering
ACC-1008,Managed Database,us-east-1,db.m5.large,2025-10-21,29.84,89.4,0.0,13.69,Staging,Engineering
ACC-1008,Content Delivery (CDN),us-east-1,N/A,2025-10-21,0.0,0.0,28.9,2.49,Staging,Engineering
ACC-1007,Managed Database,ap-south-1,db.t3.medium,2025-10-21,17.46,56.5,0.0,6.09,Production,Marketing
ACC-1009,Block Storage,eu-central-1,io2,2025-10-21,0.0,128.5,0.0,15.41,Development,Engineering
ACC-1011,Load Balancer,us-east-1,N/A,2025-10-21,0.0,0.0,12.3,1.07,Development,Sales
ACC-1011,Data Transfer / Egress,us-east-1,N/A,2025-10-21,0.0,0.0,26.0,2.25,Development,Sales
ACC-1009,Load Balancer,eu-central-1,N/A,2025-10-21,0.0,0.0,45.7,4.07,Development,Engineering
ACC-1003,Load Balancer,ap-south-1,N/A,2025-10-21,0.0,0.0,52.6,4.88,Staging,Data Science
ACC-1015,Block Storage,ap-southeast-1,st1,2025-10-21,0.0,175.3,0.0,8.29,Staging,Engineering
ACC-1011,Serverless Functions,us-east-1,N/A,2025-10-21,14.83,0.0,0.0,0.7,Development,Sales
ACC-1001,Load Balancer,eu-central-1,N/A,2025-10-21,0.0,0.0,17.8,1.43,Production,Engineering
ACC-1002,Content Delivery (CDN),ap-south-1,N/A,2025-10-21,0.0,0.0,40.8,3.81,Development,Sales
ACC-1010,Managed Database,ap-southeast-1,db.m5.large,2025-10-21,19.66,61.1,0.0,9.52,Production,Data Science
ACC-1001,Object Storage,eu-central-1,N/A,2025-10-21,0.0,171.0,0.0,3.84,Production,Engineering
ACC-1002,Object Storage,ap-south-1,N/A,2025-10-21,0.0,206.9,0.0,4.86,Development,Sales
ACC-1002,Data Transfer / Egress,ap-south-1,N/A,2025-10-21,0.0,0.0,30.2,2.73,Development,Sales
ACC-1013,Data Warehouse,us-east-1,dw.xlarge,2025-10-21,31.7,25.3,0.0,39.13,Staging,Data Science
ACC-1013,Compute Instances,us-east-1,c5.large,2025-10-21,9.29,0.0,0.0,0.9,Staging,Data Science
ACC-1013,Object Storage,us-east-1,N/A,2025-10-21,0.0,229.7,0.0,5.03,Staging,Data Science
ACC-1005,Serverless Functions,eu-west-1,N/A,2025-10-21,23.87,0.0,0.0,1.2,Staging,IT Operations
ACC-1005,Load Balancer,eu-west-1,N/A,2025-10-21,0.0,0.0,66.2,5.95,Staging,IT Operations
ACC-1010,Compute Instances,ap-southeast-1,c5.large,2025-10-21,18.31,0.0,0.0,1.64,Production,Data Science
ACC-1010,Data Warehouse,ap-southeast-1,dw.xlarge,2025-10-21,31.88,66.0,0.0,39.92,Production,Data Science
ACC-1005,Data Warehouse,eu-west-1,dw.large,2025-10-21,35.27,77.2,0.0,24.35,Staging,IT Operations
ACC-1007,Data Warehouse,ap-southeast-1,dw.large,2025-10-22,20.64,68.8,0.0,16.9,Production,Marketing
ACC-1015,Managed Database,ap-south-1,db.r5.large,2025-10-22,60.54,119.3,0.0,28.56,Production,Engineering
ACC-1003,Data Transfer / Egress,ap-south-1,N/A,2025-10-22,0.0,0.0,39.5,3.2,Production,Data Science
ACC-1002,Data Warehouse,ap-south-1,dw.large,2025-10-22,28.39,50.7,0.0,17.26,Production,Sales
ACC-1013,Block Storage,us-east-1,io2,2025-10-22,0.0,267.9,0.0,35.23,Production,Data Science
ACC-1012,Block Storage,eu-west-1,st1,2025-10-22,0.0,365.9,0.0,16.68,Production,Finance
ACC-1001,Content Delivery (CDN),eu-central-1,N/A,2025-10-22,0.0,0.0,15.0,1.58,Production,Engineering
ACC-1011,Content Delivery (CDN),us-east-1,N/A,2025-10-22,0.0,0.0,26.6,2.6,Staging,Sales
ACC-1011,Block Storage,us-east-1,st1,2025-10-22,0.0,261.0,0.0,11.81,Staging,Sales
ACC-1011,Data Warehouse,us-east-1,dw.large,2025-10-22,34.48,47.2,0.0,25.0,Staging,Sales
ACC-1015,Content Delivery (CDN),ap-south-1,N/A,2025-10-22,0.0,0.0,24.6,2.3,Production,Engineering
ACC-1013,Serverless Functions,us-east-1,N/A,2025-10-22,15.13,0.0,0.0,0.71,Production,Data Science
ACC-1015,Load Balancer,ap-south-1,N/A,2025-10-22,0.0,0.0,21.9,1.87,Production,Engineering
ACC-1008,Serverless Functions,us-east-1,N/A,2025-10-22,3.54,0.0,0.0,0.18,Staging,Engineering
ACC-1005,Compute Instances,us-east-1,m5.large,2025-10-22,19.34,0.0,0.0,1.88,Production,IT Operations
ACC-1009,Compute Instances,eu-central-1,r5.large,2025-10-22,16.1,0.0,0.0,2.05,Staging,Engineering
ACC-1006,Serverless Functions,eu-west-1,N/A,2025-10-22,12.67,0.0,0.0,0.6,Staging,Marketing
ACC-1004,Data Transfer / Egress,us-west-2,N/A,2025-10-22,0.0,0.0,28.0,2.42,Development,Sales
ACC-1004,Block Storage,us-west-2,io2,2025-10-22,0.0,176.6,0.0,23.16,Development,Sales
ACC-1005,Load Balancer,us-east-1,N/A,2025-10-22,0.0,0.0,15.5,1.42,Production,IT Operations
ACC-1004,Load Balancer,us-west-2,N/A,2025-10-22,0.0,0.0,51.3,5.17,Development,Sales
ACC-1008,Data Warehouse,us-east-1,dw.xlarge,2025-10-22,17.16,54.7,0.0,23.3,Staging,Engineering
ACC-1014,Block Storage,us-west-2,gp3,2025-10-22,0.0,170.9,0.0,14.03,Production,Engineering
ACC-1014,Object Storage,us-west-2,N/A,2025-10-22,0.0,246.8,0.0,5.41,Production,Engineering
ACC-1014,Compute Instances,us-west-2,r5.large,2025-10-22,24.84,0.0,0.0,3.22,Production,Engineering
ACC-1005,Managed Kubernetes,us-east-1,c5.2xlarge,2025-10-22,12.06,0.0,0.0,4.16,Production,IT Operations
ACC-1008,Data Transfer / Egress,us-east-1,N/A,2025-10-22,0.0,0.0,15.6,1.36,Staging,Engineering
ACC-1007,Load Balancer,ap-southeast-1,N/A,2025-10-23,0.0,0.0,12.3,1.14,Development,Marketing
ACC-1014,Managed Database,us-west-2,db.m5.large,2025-10-23,30.99,54.7,0.0,9.72,Staging,Engineering
ACC-1014,Data Warehouse,us-west-2,dw.large,2025-10-23,18.59,88.8,0.0,16.05,Staging,Engineering
ACC-1003,Block Storage,ap-south-1,st1,2025-10-23,0.0,226.8,0.0,9.52,Development,Data Science
ACC-1008,Data Transfer / Egress,us-east-1,N/A,2025-10-23,0.0,0.0,22.7,2.01,Development,Engineering
ACC-1007,Managed Kubernetes,ap-southeast-1,m5.xlarge,2025-10-23,10.0,0.0,0.0,2.02,Development,Marketing
ACC-1002,Block Storage,ap-south-1,io2,2025-10-23,0.0,142.7,0.0,16.89,Production,Sales
ACC-1004,Data Warehouse,ap-southeast-1,dw.xlarge,2025-10-23,15.75,57.6,0.0,22.91,Production,Sales
ACC-1004,Data Transfer / Egress,ap-southeast-1,N/A,2025-10-23,0.0,0.0,37.8,3.01,Production,Sales
ACC-1002,Data Warehouse,ap-south-1,dw.large,2025-10-23,12.8,155.4,0.0,20.5,Production,Sales
ACC-1002,Content Delivery (CDN),ap-south-1,N/A,2025-10-23,0.0,0.0,44.6,4.03,Production,Sales
ACC-1014,Compute Instances,us-west-2,t3.micro,2025-10-23,18.17,0.0,0.0,0.16,Staging,Engineering
ACC-1004,Load Balancer,ap-southeast-1,N/A,2025-10-23,0.0,0.0,31.5,2.96,Production,Sales
ACC-1010,Data Warehouse,ap-southeast-1,dw.xlarge,2025-10-23,23.68,122.2,0.0,37.85,Staging,Data Science
ACC-1015,Serverless Functions,ap-south-1,N/A,2025-10-23,35.29,0.0,0.0,1.72,Production,Engineering
ACC-1011,Content Delivery (CDN),us-east-1,N/A,2025-10-23,0.0,0.0,9.2,0.86,Development,Sales
ACC-1006,Serverless Functions,us-east-1,N/A,2025-10-23,11.0,0.0,0.0,0.58,Production,Marketing
ACC-1006,Block Storage,us-east-1,st1,2025-10-23,0.0,127.3,0.0,5.59,Production,Marketing
ACC-1010,Serverless Functions,ap-southeast-1,N/A,2025-10-23,20.85,0.0,0.0,1.01,Staging,Data Science
ACC-1013,Load Balancer,us-east-1,N/A,2025-10-23,0.0,0.0,31.1,2.76,Production,Data Science
ACC-1013,Data Warehouse,us-east-1,dw.xlarge,2025-10-23,15.93,64.1,0.0,23.19,Production,Data Science
ACC-1013,Managed Kubernetes,us-east-1,c5.2xlarge,2025-10-23,9.7,0.0,0.0,3.61,Production,Data Science
ACC-1006,Compute Instances,us-east-1,t3.medium,2025-10-23,19.61,0.0,0.0,0.75,Production,Marketing
ACC-1001,Data Warehouse,eu-central-1,dw.xlarge,2025-10-23,28.51,67.9,0.0,34.27,Production,Engineering
ACC-1001,Object Storage,eu-central-1,N/A,2025-10-23,0.0,208.7,0.0,5.1,Production,Engineering
ACC-1001,Content Delivery (CDN),eu-central-1,N/A,2025-10-23,0.0,0.0,16.5,1.53,Production,Engineering
ACC-1012,Managed Kubernetes,eu-west-1,m5.xlarge,2025-10-23,4.15,0.0,0.0,0.9,Development,Finance
ACC-1015,Compute Instances,ap-south-1,t3.micro,2025-10-23,17.58,0.0,0.0,0.16,Production,Engineering
ACC-1009,Serverless Functions,eu-central-1,N/A,2025-10-23,19.33,0.0,0.0,1.07,Production,Engineering
ACC-1014,Compute Instances,us-west-2,r5.large,2025-10-24,16.47,0.0,0.0,2.03,Production,Engineering
ACC-1004,Data Transfer / Egress,ap-southeast-1,N/A,2025-10-24,0.0,0.0,16.8,1.5,Staging,Sales
ACC-1004,Serverless Functions,ap-southeast-1,N/A,2025-10-24,11.55,0.0,0.0,0.62,Staging,Sales
ACC-1011,Managed Kubernetes,us-east-1,c5.2xlarge,2025-10-24,20.26,0.0,0.0,6.98,Development,Sales
ACC-1011,Compute Instances,us-east-1,c5.large,2025-10-24,7.92,0.0,0.0,0.68,Development,Sales
ACC-1015,Serverless Functions,eu-central-1,N/A,2025-10-24,22.3,0.0,0.0,1.11,Development,Engineering
ACC-1013,Managed Kubernetes,us-east-1,m5.large,2025-10-24,21.38,0.0,0.0,2.17,Staging,Data Science
ACC-1014,Object Storage,us-west-2,N/A,2025-10-24,0.0,272.6,0.0,6.0,Production,Engineering
ACC-1002,Block Storage,ap-south-1,gp3,2025-10-24,0.0,78.8,0.0,6.3,Production,Sales
ACC-1005,Serverless Functions,us-east-1,N/A,2025-10-24,16.16,0.0,0.0,0.76,Staging,IT Operations
ACC-1008,Managed Kubernetes,us-east-1,m5.xlarge,2025-10-24,9.44,0.0,0.0,1.93,Staging,Engineering
ACC-1008,Content Delivery (CDN),us-east-1,N/A,2025-10-24,0.0,0.0,30.7,2.57,Staging,Engineering
ACC-1008,Data Transfer / Egress,us-east-1,N/A,2025-10-24,0.0,0.0,15.2,1.34,Staging,Engineering
ACC-1006,Block Storage,us-east-1,io2,2025-10-24,0.0,110.6,0.0,13.1,Production,Marketing
ACC-1006,Object Storage,us-east-1,N/A,2025-10-24,0.0,145.1,0.0,3.42,Production,Marketing
ACC-1001,Object Storage,eu-central-1,N/A,2025-10-24,0.0,308.5,0.0,7.1,Staging,Engineering
ACC-1003,Data Transfer / Egress,ap-south-1,N/A,2025-10-24,0.0,0.0,6.2,0.58,Development,Data Science
ACC-1010,Managed Database,ap-southeast-1,db.m5.large,2025-10-24,27.42,55.7,0.0,10.29,Development,Data Science
ACC-1012,Load Balancer,ap-south-1,N/A,2025-10-24,0.0,0.0,43.3,3.74,Production,Finance
ACC-1002,Content Delivery (CDN),ap-south-1,N/A,2025-10-24,0.0,0.0,20.3,2.11,Production,Sales
ACC-1002,Block Storage,ap-south-1,gp3,2025-10-25,0.0,276.9,0.0,23.44,Development,Sales
ACC-1002,Object Storage,ap-south-1,N/A,2025-10-25,0.0,116.3,0.0,2.47,Development,Sales
ACC-1002,Data Transfer / Egress,ap-south-1,N/A,2025-10-25,0.0,0.0,20.7,1.89,Development,Sales
ACC-1010,Object Storage,ap-southeast-1,N/A,2025-10-25,0.0,131.7,0.0,2.76,Development,Data Science
ACC-1010,Content Delivery (CDN),ap-southeast-1,N/A,2025-10-25,0.0,0.0,20.1,1.85,Development,Data Science
ACC-1001,Compute Instances,eu-central-1,r5.large,2025-10-25,10.12,0.0,0.0,1.23,Production,Engineering
ACC-1012,Content Delivery (CDN),eu-west-1,N/A,2025-10-25,0.0,0.0,36.4,3.69,Production,Finance
ACC-1012,Managed Kubernetes,eu-west-1,m5.large,2025-10-25,6.63,0.0,0.0,0.71,Production,Finance
ACC-1009,Content Delivery (CDN),eu-central-1,N/A,2025-10-25,0.0,0.0,21.0,2.05,Development,Engineering
ACC-1001,Object Storage,eu-central-1,N/A,2025-10-25,0.0,264.6,0.0,5.39,Production,Engineering
ACC-1001,Load Balancer,eu-central-1,N/A,2025-10-25,0.0,0.0,10.7,0.96,Production,Engineering
ACC-1006,Content Delivery (CDN),eu-central-1,N/A,2025-10-25,0.0,0.0,25.7,2.07,Development,Marketing
ACC-1009,Object Storage,eu-central-1,N/A,2025-10-25,0.0,316.0,0.0,7.43,Development,Engineering
ACC-1012,Compute Instances,eu-west-1,m5.xlarge,2025-10-25,7.08,0.0,0.0,1.46,Production,Finance
ACC-1011,Object Storage,us-east-1,N/A,2025-10-25,0.0,168.3,0.0,3.54,Production,Sales
ACC-1009,Load Balancer,eu-central-1,N/A,2025-10-25,0.0,0.0,36.0,3.3,Development,Engineering
ACC-1014,Managed Kubernetes,us-west-2,m5.xlarge,2025-10-25,11.81,0.0,0.0,2.1,Staging,Engineering
ACC-1014,Managed Database,us-west-2,db.m5.large,2025-10-25,10.34,110.7,0.0,12.67,Staging,Engineering
ACC-1003,Managed Kubernetes,ap-south-1,m5.xlarge,2025-10-25,15.41,0.0,0.0,3.24,Production,Data Science
ACC-1004,Content Delivery (CDN),ap-southeast-1,N/A,2025-10-25,0.0,0.0,20.1,1.76,Production,Sales
ACC-1014,Load Balancer,us-west-2,N/A,2025-10-25,0.0,0.0,50.9,5.46,Staging,Engineering
ACC-1004,Load Balancer,ap-southeast-1,N/A,2025-10-25,0.0,0.0,23.1,2.19,Production,Sales
ACC-1008,Load Balancer,us-east-1,N/A,2025-10-25,0.0,0.0,48.6,4.18,Production,Engineering
ACC-1008,Content Delivery (CDN),us-east-1,N/A,2025-10-25,0.0,0.0,37.8,3.37,Production,Engineering
ACC-1005,Block Storage,us-east-1,gp3,2025-10-25,0.0,172.2,0.0,13.48,Production,IT Operations
ACC-1005,Load Balancer,us-east-1,N/A,2025-10-25,0.0,0.0,6.7,0.58,Production,IT Operations
ACC-1004,Managed Database,ap-southeast-1,db.t3.medium,2025-10-25,9.26,42.4,0.0,4.55,Production,Sales
ACC-1008,Data Transfer / Egress,us-east-1,N/A,2025-10-26,0.0,0.0,114.1,12.44,Production,Engineering
ACC-1005,Managed Database,us-east-1,db.t3.medium,2025-10-26,4.42,79.4,0.0,7.32,Development,IT Operations
ACC-1005,Content Delivery (CDN),us-east-1,N/A,2025-10-26,0.0,0.0,12.2,0.97,Development,IT Operations
ACC-1005,Load Balancer,us-east-1,N/A,2025-10-26,0.0,0.0,34.1,2.7,Development,IT Operations
ACC-1002,Load Balancer,ap-south-1,N/A,2025-10-26,0.0,0.0,13.7,1.2,Development,Sales
ACC-1002,Compute Instances,ap-south-1,m5.large,2025-10-26,10.05,0.0,0.0,0.94,Development,Sales
ACC-1002,Serverless Functions,ap-south-1,N/A,2025-10-26,6.08,0.0,0.0,0.29,Development,Sales
ACC-1015,Content Delivery (CDN),us-east-1,N/A,2025-10-26,0.0,0.0,28.0,2.83,Staging,Engineering
ACC-1015,Object Storage,us-east-1,N/A,2025-10-26,0.0,276.2,0.0,6.23,Staging,Engineering
ACC-1003,Content Delivery (CDN),ap-south-1,N/A,2025-10-26,0.0,0.0,11.6,1.05,Development,Data Science
ACC-1003,Block Storage,ap-south-1,io2,2025-10-26,0.0,189.3,0.0,22.74,Development,Data Science
ACC-1006,Managed Database,us-east-1,db.m5.large,2025-10-26,23.47,59.5,0.0,8.9,Production,Marketing
ACC-1006,Data Transfer / Egress,us-east-1,N/A,2025-10-26,0.0,0.0,6.6,0.63,Production,Marketing
ACC-1006,Serverless Functions,us-east-1,N/A,2025-10-26,10.33,0.0,0.0,0.59,Production,Marketing
ACC-1001,Block Storage,eu-central-1,gp3,2025-10-26,0.0,121.4,0.0,9.54,Staging,Engineering
ACC-1001,Managed Database,eu-central-1,db.t3.medium,2025-10-26,9.68,119.0,0.0,11.7,Staging,Engineering
ACC-1013,Object Storage,ap-southeast-1,N/A,2025-10-26,0.0,278.8,0.0,5.61,Production,Data Science
ACC-1004,Content Delivery (CDN),ap-southeast-1,N/A,2025-10-26,0.0,0.0,37.6,3.36,Development,Sales
ACC-1004,Data Transfer / Egress,ap-southeast-1,N/A,2025-10-26,0.0,0.0,83.3,7.85,Development,Sales
ACC-1003,Data Transfer / Egress,ap-south-1,N/A,2025-10-26,0.0,0.0,12.1,1.11,Development,Data Science
ACC-1011,Block Storage,us-east-1,io2,2025-10-27,0.0,155.9,0.0,19.09,Production,Sales
ACC-1011,Object Storage,us-east-1,N/A,2025-10-27,0.0,166.7,0.0,3.91,Production,Sales
ACC-1005,Compute Instances,us-east-1,t3.micro,2025-10-27,18.0,0.0,0.0,0.21,Development,IT Operations
ACC-1009,Data Transfer / Egress,eu-central-1,N/A,2025-10-27,0.0,0.0,52.8,4.57,Production,Engineering
ACC-1009,Serverless Functions,eu-central-1,N/A,2025-10-27,26.82,0.0,0.0,1.38,Production,Engineering
ACC-1001,Managed Kubernetes,eu-central-1,c5.2xlarge,2025-10-27,11.47,0.0,0.0,4.27,Production,Engineering
ACC-1001,Block Storage,eu-central-1,gp3,2025-10-27,0.0,262.5,0.0,21.31,Production,Engineering
ACC-1011,Serverless Functions,us-east-1,N/A,2025-10-27,19.88,0.0,0.0,1.14,Production,Sales
ACC-1007,Serverless Functions,ap-southeast-1,N/A,2025-10-27,10.81,0.0,0.0,0.52,Production,Marketing
ACC-1015,Load Balancer,ap-south-1,N/A,2025-10-27,0.0,0.0,27.2,2.51,Production,Engineering
ACC-1007,Load Balancer,ap-southeast-1,N/A,2025-10-27,0.0,0.0,18.8,1.58,Production,Marketing
ACC-1015,Managed Database,ap-south-1,db.t3.medium,2025-10-27,15.23,19.9,0.0,2.89,Production,Engineering
ACC-1003,Data Transfer / Egress,ap-south-1,N/A,2025-10-27,0.0,0.0,26.3,2.54,Production,Data Science
ACC-1002,Load Balancer,ap-south-1,N/A,2025-10-27,0.0,0.0,3.3,0.3,Development,Sales
ACC-1010,Object Storage,ap-southeast-1,N/A,2025-10-27,0.0,122.0,0.0,2.71,Development,Data Science
ACC-1010,Block Storage,ap-southeast-1,gp3,2025-10-27,0.0,229.1,0.0,18.4,Development,Data Science
ACC-1008,Managed Kubernetes,us-east-1,c5.2xlarge,2025-10-27,20.49,0.0,0.0,7.43,Development,Engineering
ACC-1008,Data Warehouse,us-east-1,dw.xlarge,2025-10-27,25.36,53.7,0.0,29.3,Development,Engineering
ACC-1014,Content Delivery (CDN),us-west-2,N/A,2025-10-27,0.0,0.0,44.2,3.83,Staging,Engineering
ACC-1014,Block Storage,us-west-2,gp3,2025-10-27,0.0,118.2,0.0,10.5,Staging,Engineering
ACC-1015,Compute Instances,ap-south-1,m5.xlarge,2025-10-27,10.59,0.0,0.0,2.19,Production,Engineering
ACC-1010,Serverless Functions,ap-southeast-1,N/A,2025-10-28,16.24,0.0,0.0,0.81,Production,Data Science
ACC-1010,Load Balancer,ap-southeast-1,N/A,2025-10-28,0.0,0.0,39.5,3.91,Production,Data Science
ACC-1010,Block Storage,ap-southeast-1,st1,2025-10-28,0.0,185.0,0.0,8.31,Production,Data Science
ACC-1007,Serverless Functions,ap-southeast-1,N/A,2025-10-28,22.07,0.0,0.0,1.19,Development,Marketing
ACC-1007,Object Storage,ap-southeast-1,N/A,2025-10-28,0.0,141.2,0.0,2.84,Development,Marketing
ACC-1004,Serverless Functions,ap-southeast-1,N/A,2025-10-28,11.76,0.0,0.0,0.63,Staging,Sales
ACC-1001,Object Storage,eu-central-1,N/A,2025-10-28,0.0,257.6,0.0,6.05,Production,Engineering
ACC-1011,Managed Kubernetes,us-east-1,c5.2xlarge,2025-10-28,6.2,0.0,0.0,2.18,Staging,Sales
ACC-1011,Data Transfer / Egress,us-east-1,N/A,2025-10-28,0.0,0.0,16.2,1.55,Staging,Sales
ACC-1015,Block Storage,ap-south-1,io2,2025-10-28,0.0,183.9,0.0,23.35,Staging,Engineering
ACC-1002,Managed Kubernetes,ap-south-1,m5.large,2025-10-28,7.56,0.0,0.0,3.6,Staging,Sales
ACC-1001,Managed Database,eu-central-1,db.r5.large,2025-10-28,30.4,71.4,0.0,13.35,Production,Engineering
ACC-1013,Compute Instances,us-east-1,m5.large,2025-10-28,20.28,0.0,0.0,1.94,Staging,Data Science
ACC-1014,Managed Kubernetes,us-west-2,m5.xlarge,2025-10-28,25.06,0.0,0.0,5.14,Production,Engineering
ACC-1002,Content Delivery (CDN),ap-south-1,N/A,2025-10-28,0.0,0.0,28.5,2.42,Staging,Sales
ACC-1007,Load Balancer,ap-southeast-1,N/A,2025-10-28,0.0,0.0,34.7,2.98,Development,Marketing
ACC-1006,Block Storage,us-east-1,gp3,2025-10-28,0.0,177.3,0.0,14.65,Production,Marketing
ACC-1002,Compute Instances,ap-south-1,t3.medium,2025-10-28,20.72,0.0,0.0,0.88,Staging,Sales
ACC-1003,Managed Database,ap-south-1,db.r5.large,2025-10-28,13.13,50.5,0.0,7.45,Development,Data Science
ACC-1003,Block Storage,ap-south-1,io2,2025-10-28,0.0,143.5,0.0,15.11,Development,Data Science
ACC-1012,Block Storage,eu-west-1,io2,2025-10-28,0.0,269.1,0.0,28.3,Staging,Finance
ACC-1012,Managed Kubernetes,eu-west-1,m5.large,2025-10-28,11.3,0.0,0.0,1.09,Staging,Finance
ACC-1009,Data Transfer / Egress,eu-central-1,N/A,2025-10-28,0.0,0.0,15.1,1.42,Production,Engineering
ACC-1009,Block Storage,eu-central-1,st1,2025-10-28,0.0,150.6,0.0,6.89,Production,Engineering
ACC-1012,Data Warehouse,eu-west-1,dw.xlarge,2025-10-28,25.19,24.8,0.0,27.16,Staging,Finance
ACC-1005,Serverless Functions,us-east-1,N/A,2025-10-28,15.32,0.0,0.0,0.8,Production,IT Operations
ACC-1005,Data Warehouse,us-east-1,dw.large,2025-10-28,21.37,36.3,0.0,16.52,Production,IT Operations
ACC-1008,Compute Instances,us-east-1,c5.large,2025-10-28,13.4,0.0,0.0,1.19,Development,Engineering
ACC-1008,Content Delivery (CDN),us-east-1,N/A,2025-10-28,0.0,0.0,28.7,2.62,Development,Engineering
ACC-1008,Load Balancer,us-east-1,N/A,2025-10-28,0.0,0.0,9.0,0.83,Development,Engineering
ACC-1006,Content Delivery (CDN),us-east-1,N/A,2025-10-28,0.0,0.0,25.0,9.52,Production,Marketing
ACC-1005,Data Transfer / Egress,us-east-1,N/A,2025-10-28,0.0,0.0,34.8,11.47,Production,IT Operations
ACC-1012,Object Storage,eu-west-1,N/A,2025-10-29,0.0,311.4,0.0,7.32,Production,Finance
ACC-1008,Managed Kubernetes,us-east-1,c5.2xlarge,2025-10-29,16.49,0.0,0.0,5.68,Production,Engineering
ACC-1012,Serverless Functions,eu-west-1,N/A,2025-10-29,16.7,0.0,0.0,0.82,Production,Finance
ACC-1011,Managed Kubernetes,us-west-2,c5.2xlarge,2025-10-29,24.3,0.0,0.0,8.8,Production,Sales
ACC-1011,Data Transfer / Egress,us-west-2,N/A,2025-10-29,0.0,0.0,24.4,2.3,Production,Sales
ACC-1011,Managed Database,us-west-2,db.m5.large,2025-10-29,20.64,104.0,0.0,12.88,Production,Sales
ACC-1014,Compute Instances,us-west-2,m5.large,2025-10-29,13.66,0.0,0.0,1.29,Production,Engineering
ACC-1001,Compute Instances,ap-south-1,t3.micro,2025-10-29,4.06,0.0,0.0,0.05,Production,Engineering
ACC-1007,Block Storage,ap-southeast-1,st1,2025-10-29,0.0,199.2,0.0,8.11,Production,Marketing
ACC-1001,Block Storage,ap-south-1,io2,2025-10-29,0.0,301.5,0.0,40.79,Production,Engineering
ACC-1007,Load Balancer,ap-southeast-1,N/A,2025-10-29,0.0,0.0,13.0,1.29,Production,Marketing
ACC-1015,Data Transfer / Egress,ap-south-1,N/A,2025-10-29,0.0,0.0,5.9,0.59,Staging,Engineering
ACC-1015,Compute Instances,ap-south-1,m5.large,2025-10-29,6.69,0.0,0.0,0.66,Staging,Engineering
ACC-1015,Object Storage,ap-south-1,N/A,2025-10-29,0.0,37.0,0.0,0.95,Staging,Engineering
ACC-1013,Managed Kubernetes,us-east-1,m5.large,2025-10-29,10.02,0.0,0.0,1.0,Development,Data Science
ACC-1001,Data Warehouse,ap-south-1,dw.xlarge,2025-10-29,49.85,65.7,0.0,59.69,Production,Engineering
ACC-1005,Data Transfer / Egress,us-east-1,N/A,2025-10-30,0.0,0.0,46.3,4.21,Staging,IT Operations
ACC-1005,Data Warehouse,us-east-1,dw.large,2025-10-30,30.07,37.2,0.0,18.13,Staging,IT Operations
ACC-1010,Load Balancer,us-west-2,N/A,2025-10-30,0.0,0.0,17.4,1.62,Production,Data Science
ACC-1002,Block Storage,ap-south-1,gp3,2025-10-30,0.0,384.2,0.0,31.75,Development,Sales
ACC-1011,Data Transfer / Egress,us-east-1,N/A,2025-10-30,0.0,0.0,16.8,1.56,Production,Sales
ACC-1011,Block Storage,us-east-1,st1,2025-10-30,0.0,188.4,0.0,8.87,Production,Sales
ACC-1011,Serverless Functions,us-east-1,N/A,2025-10-30,30.83,0.0,0.0,1.25,Production,Sales
ACC-1005,Block Storage,us-east-1,st1,2025-10-30,0.0,169.7,0.0,7.67,Staging,IT Operations
ACC-1002,Compute Instances,ap-south-1,m5.large,2025-10-30,16.96,0.0,0.0,1.6,Development,Sales
ACC-1012,Load Balancer,eu-west-1,N/A,2025-10-30,0.0,0.0,31.9,2.96,Production,Finance
ACC-1013,Serverless Functions,us-east-1,N/A,2025-10-30,20.62,0.0,0.0,0.94,Production,Data Science
ACC-1003,Content Delivery (CDN),ap-south-1,N/A,2025-10-30,0.0,0.0,60.2,5.57,Staging,Data Science
ACC-1015,Load Balancer,us-east-1,N/A,2025-10-30,0.0,0.0,57.0,5.28,Staging,Engineering
ACC-1015,Managed Database,us-east-1,db.t3.medium,2025-10-30,36.93,72.3,0.0,9.99,Staging,Engineering
ACC-1006,Object Storage,us-east-1,N/A,2025-10-30,0.0,106.3,0.0,2.45,Production,Marketing
ACC-1006,Data Transfer / Egress,us-east-1,N/A,2025-10-30,0.0,0.0,42.6,3.86,Production,Marketing
ACC-1015,Compute Instances,us-east-1,r5.large,2025-10-30,12.87,0.0,0.0,1.58,Staging,Engineering
ACC-1012,Compute Instances,eu-west-1,t3.micro,2025-10-30,23.31,0.0,0.0,0.22,Production,Finance
ACC-1013,Compute Instances,us-east-1,r5.large,2025-10-30,13.86,0.0,0.0,1.74,Production,Data Science
ACC-1003,Managed Database,ap-south-1,db.t3.medium,2025-10-30,17.1,47.9,0.0,6.03,Staging,Data Science
ACC-1006,Compute Instances,us-east-1,m5.large,2025-10-30,10.35,0.0,0.0,4.76,Production,Marketing
ACC-1010,Data Transfer / Egress,ap-southeast-1,N/A,2025-10-31,0.0,0.0,11.5,0.98,Development,Data Science
ACC-1013,Content Delivery (CDN),us-west-2,N/A,2025-10-31,0.0,0.0,12.6,1.07,Production,Data Science
ACC-1013,Load Balancer,us-west-2,N/A,2025-10-31,0.0,0.0,8.9,0.82,Production,Data Science
ACC-1013,Object Storage,us-west-2,N/A,2025-10-31,0.0,217.0,0.0,4.97,Production,Data Science
ACC-1014,Data Warehouse,us-west-2,dw.large,2025-10-31,12.55,76.4,0.0,13.51,Production,Engineering
ACC-1010,Content Delivery (CDN),ap-southeast-1,N/A,2025-10-31,0.0,0.0,22.2,2.04,Development,Data Science
ACC-1012,Compute Instances,eu-west-1,m5.xlarge,2025-10-31,11.27,0.0,0.0,2.08,Staging,Finance
ACC-1010,Serverless Functions,ap-southeast-1,N/A,2025-10-31,17.26,0.0,0.0,0.96,Development,Data Science
ACC-1011,Load Balancer,us-east-1,N/A,2025-10-31,0.0,0.0,17.6,1.68,Production,Sales
ACC-1003,Object Storage,eu-central-1,N/A,2025-10-31,0.0,298.7,0.0,6.81,Production,Data Science
ACC-1003,Compute Instances,eu-central-1,m5.large,2025-10-31,8.59,0.0,0.0,0.88,Production,Data Science
ACC-1008,Content Delivery (CDN),us-east-1,N/A,2025-10-31,0.0,0.0,18.7,1.56,Production,Engineering
ACC-1008,Load Balancer,us-east-1,N/A,2025-10-31,0.0,0.0,53.2,4.77,Production,Engineering
ACC-1008,Managed Database,us-east-1,db.r5.large,2025-10-31,11.88,105.7,0.0,12.88,Production,Engineering
ACC-1004,Managed Database,ap-southeast-1,db.m5.large,2025-10-31,45.43,36.2,0.0,11.57,Staging,Sales
ACC-1003,Content Delivery (CDN),ap-south-1,N/A,2025-11-01,0.0,0.0,45.4,4.05,Production,Data Science
ACC-1003,Managed Database,ap-south-1,db.t3.medium,2025-11-01,3.81,26.0,0.0,3.06,Production,Data Science
ACC-1007,Block Storage,ap-southeast-1,io2,2025-11-01,0.0,146.0,0.0,19.26,Production,Marketing
ACC-1012,Data Transfer / Egress,eu-west-1,N/A,2025-11-01,0.0,0.0,5.9,0.54,Production,Finance
ACC-1011,Compute Instances,us-east-1,t3.micro,2025-11-01,2.92,0.0,0.0,0.03,Production,Sales
ACC-1014,Object Storage,us-west-2,N/A,2025-11-01,0.0,329.1,0.0,7.89,Production,Engineering
ACC-1009,Data Warehouse,eu-central-1,dw.xlarge,2025-11-01,12.54,39.3,0.0,16.71,Development,Engineering
ACC-1014,Managed Kubernetes,us-west-2,m5.xlarge,2025-11-01,12.3,0.0,0.0,2.62,Production,Engineering
ACC-1015,Data Transfer / Egress,us-east-1,N/A,2025-11-01,0.0,0.0,5.9,0.56,Production,Engineering
ACC-1009,Managed Database,eu-central-1,db.m5.large,2025-11-01,11.81,148.0,0.0,15.34,Development,Engineering
ACC-1014,Block Storage,us-west-2,gp3,2025-11-01,0.0,163.5,0.0,13.17,Production,Engineering
ACC-1003,Block Storage,ap-south-1,st1,2025-11-01,0.0,362.6,0.0,14.82,Production,Data Science
ACC-1006,Block Storage,us-east-1,io2,2025-11-01,0.0,158.8,0.0,19.03,Development,Marketing
ACC-1010,Managed Kubernetes,ap-southeast-1,m5.xlarge,2025-11-01,13.06,0.0,0.0,2.61,Production,Data Science
ACC-1013,Data Warehouse,us-east-1,dw.xlarge,2025-11-01,14.43,52.0,0.0,20.75,Production,Data Science
ACC-1013,Load Balancer,us-east-1,N/A,2025-11-01,0.0,0.0,23.1,2.25,Production,Data Science
ACC-1013,Managed Database,us-east-1,db.m5.large,2025-11-01,22.58,97.2,0.0,14.24,Production,Data Science
ACC-1002,Serverless Functions,ap-south-1,N/A,2025-11-01,9.2,0.0,0.0,0.44,Staging,Sales
ACC-1006,Managed Kubernetes,us-east-1,m5.xlarge,2025-11-01,9.25,0.0,0.0,1.81,Development,Marketing
ACC-1001,Data Transfer / Egress,eu-central-1,N/A,2025-11-01,0.0,0.0,47.6,4.72,Production,Engineering
ACC-1005,Data Warehouse,us-east-1,dw.large,2025-11-01,8.01,49.6,0.0,9.73,Production,IT Operations
ACC-1005,Content Delivery (CDN),us-east-1,N/A,2025-11-01,0.0,0.0,8.7,0.78,Production,IT Operations
ACC-1005,Data Transfer / Egress,us-east-1,N/A,2025-11-01,0.0,0.0,26.9,2.22,Production,IT Operations
ACC-1008,Data Warehouse,us-west-2,dw.xlarge,2025-11-01,7.98,34.9,0.0,11.86,Development,Engineering
ACC-1003,Managed Database,ap-south-1,db.m5.large,2025-11-02,12.17,45.4,0.0,6.74,Staging,Data Science
ACC-1012,Data Transfer / Egress,eu-west-1,N/A,2025-11-02,0.0,0.0,35.1,3.08,Development,Finance
ACC-1002,Content Delivery (CDN),ap-south-1,N/A,2025-11-02,0.0,0.0,37.1,3.07,Staging,Sales
ACC-1002,Managed Database,ap-south-1,db.m5.large,2025-11-02,11.48,80.8,0.0,9.92,Staging,Sales
ACC-1008,Content Delivery (CDN),us-east-1,N/A,2025-11-02,0.0,0.0,16.3,1.32,Staging,Engineering
ACC-1006,Object Storage,us-east-1,N/A,2025-11-02,0.0,144.3,0.0,2.86,Production,Marketing
ACC-1011,Compute Instances,us-east-1,c5.large,2025-11-02,12.49,0.0,0.0,1.09,Production,Sales
ACC-1012,Managed Kubernetes,eu-west-1,c5.2xlarge,2025-11-02,8.89,0.0,0.0,2.9,Development,Finance
ACC-1012,Content Delivery (CDN),eu-west-1,N/A,2025-11-02,0.0,0.0,12.1,0.99,Development,Finance
ACC-1007,Load Balancer,ap-southeast-1,N/A,2025-11-02,0.0,0.0,29.5,2.81,Staging,Marketing
ACC-1013,Content Delivery (CDN),ap-southeast-1,N/A,2025-11-02,0.0,0.0,25.2,2.37,Production,Data Science
ACC-1015,Data Warehouse,ap-south-1,dw.large,2025-11-02,18.92,47.8,0.0,13.34,Development,Engineering
ACC-1014,Load Balancer,us-west-2,N/A,2025-11-02,0.0,0.0,2.5,0.22,Staging,Engineering
ACC-1009,Object Storage,eu-central-1,N/A,2025-11-02,0.0,249.3,0.0,5.99,Development,Engineering
ACC-1009,Block Storage,eu-central-1,st1,2025-11-02,0.0,258.7,0.0,12.18,Development,Engineering
ACC-1009,Data Warehouse,eu-central-1,dw.xlarge,2025-11-02,9.7,66.6,0.0,16.36,Development,Engineering
ACC-1005,Data Transfer / Egress,us-east-1,N/A,2025-11-02,0.0,0.0,16.6,1.44,Production,IT Operations
ACC-1001,Data Warehouse,eu-central-1,dw.large,2025-11-02,18.63,62.5,0.0,13.33,Production,Engineering
ACC-1010,Data Transfer / Egress,ap-southeast-1,N/A,2025-11-02,0.0,0.0,24.1,1.88,Production,Data Science
ACC-1004,Load Balancer,ap-southeast-1,N/A,2025-11-02,0.0,0.0,25.1,2.23,Development,Sales
ACC-1004,Managed Kubernetes,ap-southeast-1,m5.xlarge,2025-11-02,4.9,0.0,0.0,0.91,Development,Sales
ACC-1014,Content Delivery (CDN),us-west-2,N/A,2025-11-02,0.0,0.0,22.7,2.04,Staging,Engineering
ACC-1005,Load Balancer,us-east-1,N/A,2025-11-02,0.0,0.0,23.4,2.16,Production,IT Operations
ACC-1002,Compute Instances,ap-south-1,t3.micro,2025-11-03,15.42,0.0,0.0,0.17,Production,Sales
ACC-1015,Serverless Functions,ap-south-1,N/A,2025-11-03,9.09,0.0,0.0,0.41,Staging,Engineering
ACC-1013,Data Warehouse,us-east-1,dw.xlarge,2025-11-03,37.08,46.9,0.0,35.28,Development,Data Science
ACC-1013,Data Transfer / Egress,us-east-1,N/A,2025-11-03,0.0,0.0,68.0,5.76,Development,Data Science
ACC-1001,Compute Instances,eu-central-1,r5.large,2025-11-03,8.35,0.0,0.0,0.92,Production,Engineering
ACC-1006,Managed Kubernetes,us-east-1,c5.2xlarge,2025-11-03,22.63,0.0,0.0,7.25,Development,Marketing
ACC-1008,Compute Instances,us-east-1,m5.xlarge,2025-11-03,21.45,0.0,0.0,4.08,Production,Engineering
ACC-1010,Content Delivery (CDN),eu-west-1,N/A,2025-11-03,0.0,0.0,25.6,12.37,Development,Data Science
ACC-1004,Content Delivery (CDN),ap-southeast-1,N/A,2025-11-03,0.0,0.0,40.6,3.59,Development,Sales
ACC-1004,Data Transfer / Egress,ap-southeast-1,N/A,2025-11-03,0.0,0.0,18.4,1.75,Development,Sales
ACC-1002,Content Delivery (CDN),ap-south-1,N/A,2025-11-03,0.0,0.0,45.4,4.46,Production,Sales
ACC-1013,Object Storage,us-east-1,N/A,2025-11-03,0.0,268.8,0.0,6.43,Development,Data Science
ACC-1012,Load Balancer,eu-west-1,N/A,2025-11-03,0.0,0.0,81.2,7.46,Staging,Finance
ACC-1007,Managed Kubernetes,ap-southeast-1,m5.xlarge,2025-11-03,17.11,0.0,0.0,3.39,Staging,Marketing
ACC-1003,Object Storage,ap-south-1,N/A,2025-11-03,0.0,194.2,0.0,4.7,Development,Data Science
ACC-1005,Compute Instances,us-east-1,m5.large,2025-11-03,8.12,0.0,0.0,0.74,Staging,IT Operations
ACC-1011,Content Delivery (CDN),us-east-1,N/A,2025-11-03,0.0,0.0,43.1,4.21,Staging,Sales
ACC-1007,Load Balancer,ap-southeast-1,N/A,2025-11-03,0.0,0.0,17.7,1.7,Staging,Marketing
ACC-1014,Block Storage,us-west-2,gp3,2025-11-03,0.0,218.7,0.0,18.51,Production,Engineering
ACC-1014,Managed Kubernetes,us-west-2,c5.2xlarge,2025-11-03,14.56,0.0,0.0,4.67,Production,Engineering
ACC-1012,Managed Database,eu-west-1,db.r5.large,2025-11-03,20.47,39.9,0.0,8.64,Staging,Finance
ACC-1009,Content Delivery (CDN),eu-central-1,N/A,2025-11-03,0.0,0.0,35.1,2.88,Production,Engineering
ACC-1012,Data Transfer / Egress,eu-west-1,N/A,2025-11-03,0.0,0.0,56.8,4.97,Staging,Finance
ACC-1012,Data Warehouse,eu-west-1,dw.xlarge,2025-11-04,28.44,33.5,0.0,29.62,Production,Finance
ACC-1005,Content Delivery (CDN),us-east-1,N/A,2025-11-04,0.0,0.0,49.6,5.05,Staging,IT Operations
ACC-1002,Serverless Functions,ap-south-1,N/A,2025-11-04,8.0,0.0,0.0,0.39,Staging,Sales
ACC-1008,Content Delivery (CDN),us-east-1,N/A,2025-11-04,0.0,0.0,51.5,5.04,Staging,Engineering
ACC-1003,Managed Database,ap-south-1,db.m5.large,2025-11-04,44.13,112.6,0.0,19.04,Development,Data Science
ACC-1003,Object Storage,ap-south-1,N/A,2025-11-04,0.0,112.5,0.0,2.6,Development,Data Science
ACC-1013,Data Warehouse,us-east-1,dw.xlarge,2025-11-04,25.13,67.5,0.0,31.01,Development,Data Science
ACC-1013,Load Balancer,us-east-1,N/A,2025-11-04,0.0,0.0,24.9,2.2,Development,Data Science
ACC-1005,Block Storage,us-east-1,st1,2025-11-04,0.0,257.6,0.0,11.44,Staging,IT Operations
ACC-1007,Serverless Functions,us-east-1,N/A,2025-11-04,9.88,0.0,0.0,0.48,Production,Marketing
ACC-1004,Compute Instances,ap-southeast-1,r5.large,2025-11-04,8.94,0.0,0.0,1.16,Development,Sales
ACC-1004,Load Balancer,ap-southeast-1,N/A,2025-11-04,0.0,0.0,32.7,2.73,Development,Sales
ACC-1004,Serverless Functions,ap-southeast-1,N/A,2025-11-04,23.05,0.0,0.0,1.26,Development,Sales
ACC-1015,Serverless Functions,ap-south-1,N/A,2025-11-04,16.67,0.0,0.0,0.92,Production,Engineering
ACC-1015,Object Storage,ap-south-1,N/A,2025-11-04,0.0,108.8,0.0,2.32,Production,Engineering
ACC-1001,Data Warehouse,eu-central-1,dw.xlarge,2025-11-04,26.93,81.3,0.0,33.39,Development,Engineering
ACC-1014,Content Delivery (CDN),us-west-2,N/A,2025-11-04,0.0,0.0,17.6,1.5,Production,Engineering
ACC-1002,Content Delivery (CDN),ap-south-1,N/A,2025-11-05,0.0,0.0,21.4,2.18,Production,Sales
ACC-1002,Load Balancer,ap-south-1,N/A,2025-11-05,0.0,0.0,7.8,0.69,Production,Sales
ACC-1011,Load Balancer,ap-south-1,N/A,2025-11-05,0.0,0.0,23.0,2.11,Staging,Sales
ACC-1001,Compute Instances,eu-central-1,t3.micro,2025-11-05,11.27,0.0,0.0,0.12,Production,Engineering
ACC-1001,Object Storage,eu-central-1,N/A,2025-11-05,0.0,203.1,0.0,4.63,Production,Engineering
ACC-1015,Managed Kubernetes,ap-south-1,m5.xlarge,2025-11-05,7.6,0.0,0.0,1.48,Production,Engineering
ACC-1015,Serverless Functions,ap-south-1,N/A,2025-11-05,16.65,0.0,0.0,0.89,Production,Engineering
ACC-1015,Block Storage,ap-south-1,gp3,2025-11-05,0.0,127.7,0.0,10.47,Production,Engineering
ACC-1011,Serverless Functions,ap-south-1,N/A,2025-11-05,8.06,0.0,0.0,0.43,Staging,Sales
ACC-1006,Data Transfer / Egress,us-east-1,N/A,2025-11-05,0.0,0.0,23.5,2.26,Staging,Marketing
ACC-1001,Serverless Functions,eu-central-1,N/A,2025-11-05,10.97,0.0,0.0,0.54,Production,Engineering
ACC-1006,Data Warehouse,us-east-1,dw.large,2025-11-05,10.87,48.1,0.0,10.41,Staging,Marketing
ACC-1002,Object Storage,ap-south-1,N/A,2025-11-05,0.0,218.4,0.0,4.41,Production,Sales
ACC-1005,Data Warehouse,us-east-1,dw.large,2025-11-05,33.88,76.4,0.0,23.61,Production,IT Operations
ACC-1006,Block Storage,us-east-1,io2,2025-11-05,0.0,141.8,0.0,18.34,Staging,Marketing
ACC-1007,Object Storage,ap-southeast-1,N/A,2025-11-05,0.0,185.4,0.0,4.3,Development,Marketing
ACC-1007,Managed Database,ap-southeast-1,db.t3.medium,2025-11-05,27.36,14.0,0.0,3.36,Development,Marketing
ACC-1004,Managed Database,ap-southeast-1,db.r5.large,2025-11-05,53.28,24.2,0.0,16.87,Production,Sales
ACC-1004,Load Balancer,ap-southeast-1,N/A,2025-11-05,0.0,0.0,42.4,3.89,Production,Sales
ACC-1004,Content Delivery (CDN),ap-southeast-1,N/A,2025-11-05,0.0,0.0,49.8,4.71,Production,Sales
ACC-1008,Compute Instances,us-east-1,m5.xlarge,2025-11-05,11.96,0.0,0.0,2.4,Production,Engineering
ACC-1008,Load Balancer,us-east-1,N/A,2025-11-05,0.0,0.0,25.1,2.02,Production,Engineering
ACC-1005,Managed Database,us-east-1,db.m5.large,2025-11-05,20.17,98.6,0.0,13.1,Production,IT Operations
ACC-1005,Block Storage,us-east-1,io2,2025-11-05,0.0,238.0,0.0,25.33,Production,IT Operations
ACC-1008,Data Warehouse,us-east-1,dw.xlarge,2025-11-05,21.02,50.4,0.0,27.6,Production,Engineering
ACC-1010,Content Delivery (CDN),ap-southeast-1,N/A,2025-11-06,0.0,0.0,11.3,1.06,Development,Data Science
ACC-1009,Load Balancer,eu-central-1,N/A,2025-11-06,0.0,0.0,9.0,0.88,Production,Engineering
ACC-1010,Compute Instances,ap-southeast-1,r5.large,2025-11-06,7.38,0.0,0.0,0.94,Development,Data Science
ACC-1010,Data Transfer / Egress,ap-southeast-1,N/A,2025-11-06,0.0,0.0,52.7,4.86,Development,Data Science
ACC-1014,Managed Kubernetes,us-west-2,m5.xlarge,2025-11-06,17.75,0.0,0.0,3.47,Development,Engineering
ACC-1013,Data Transfer / Egress,ap-south-1,N/A,2025-11-06,0.0,0.0,22.6,1.77,Production,Data Science
ACC-1007,Load Balancer,ap-southeast-1,N/A,2025-11-06,0.0,0.0,50.3,4.71,Production,Marketing
ACC-1011,Serverless Functions,us-east-1,N/A,2025-11-06,18.58,0.0,0.0,0.94,Production,Sales
ACC-1006,Serverless Functions,eu-central-1,N/A,2025-11-06,13.21,0.0,0.0,0.63,Production,Marketing
ACC-1009,Compute Instances,eu-central-1,r5.large,2025-11-06,12.92,0.0,0.0,1.54,Production,Engineering
ACC-1014,Data Warehouse,us-west-2,dw.xlarge,2025-11-06,24.51,43.0,0.0,29.28,Development,Engineering
ACC-1003,Load Balancer,ap-south-1,N/A,2025-11-06,0.0,0.0,20.5,1.79,Production,Data Science
ACC-1013,Managed Kubernetes,ap-south-1,c5.2xlarge,2025-11-06,15.66,0.0,0.0,5.17,Production,Data Science
ACC-1012,Content Delivery (CDN),eu-west-1,N/A,2025-11-06,0.0,0.0,2.5,0.25,Production,Finance
ACC-1003,Block Storage,ap-south-1,st1,2025-11-06,0.0,189.0,0.0,22.35,Production,Data Science
ACC-1001,Load Balancer,eu-central-1,N/A,2025-11-06,0.0,0.0,21.8,1.92,Production,Engineering
ACC-1001,Object Storage,eu-central-1,N/A,2025-11-06,0.0,142.8,0.0,3.37,Production,Engineering
ACC-1005,Block Storage,us-east-1,st1,2025-11-06,0.0,195.0,0.0,7.89,Production,IT Operations
ACC-1008,Load Balancer,eu-central-1,N/A,2025-11-06,0.0,0.0,4.7,0.45,Production,Engineering
ACC-1001,Managed Database,eu-central-1,db.m5.large,2025-11-06,33.24,27.0,0.0,8.5,Production,Engineering
ACC-1015,Serverless Functions,ap-south-1,N/A,2025-11-06,21.68,0.0,0.0,1.06,Development,Engineering
ACC-1015,Block Storage,ap-south-1,st1,2025-11-06,0.0,212.8,0.0,10.1,Development,Engineering
ACC-1015,Load Balancer,ap-south-1,N/A,2025-11-06,0.0,0.0,11.4,1.13,Development,Engineering
ACC-1004,Data Transfer / Egress,ap-southeast-1,N/A,2025-11-06,0.0,0.0,26.8,2.3,Development,Sales
ACC-1008,Block Storage,eu-central-1,st1,2025-11-06,0.0,245.0,0.0,10.34,Production,Engineering
ACC-1002,Block Storage,ap-south-1,st1,2025-11-07,0.0,176.3,0.0,7.26,Staging,Sales
ACC-1007,Object Storage,ap-southeast-1,N/A,2025-11-07,0.0,182.0,0.0,4.28,Production,Marketing
ACC-1007,Managed Database,ap-southeast-1,db.t3.medium,2025-11-07,34.98,107.1,0.0,11.06,Production,Marketing
ACC-1001,Content Delivery (CDN),eu-central-1,N/A,2025-11-07,0.0,0.0,14.3,1.24,Staging,Engineering
ACC-1002,Serverless Functions,ap-south-1,N/A,2025-11-07,27.61,0.0,0.0,1.48,Staging,Sales
ACC-1003,Block Storage,ap-south-1,st1,2025-11-07,0.0,303.4,0.0,14.55,Production,Data Science
ACC-1010,Content Delivery (CDN),ap-southeast-1,N/A,2025-11-07,0.0,0.0,46.4,4.03,Development,Data Science
ACC-1006,Content Delivery (CDN),us-east-1,N/A,2025-11-07,0.0,0.0,14.5,1.35,Production,Marketing
ACC-1011,Managed Kubernetes,us-east-1,c5.2xlarge,2025-11-07,16.02,0.0,0.0,5.65,Development,Sales
ACC-1011,Managed Database,us-east-1,db.r5.large,2025-11-07,25.52,68.6,0.0,13.06,Development,Sales
ACC-1003,Object Storage,ap-south-1,N/A,2025-11-07,0.0,219.0,0.0,4.41,Production,Data Science
ACC-1002,Content Delivery (CDN),ap-south-1,N/A,2025-11-07,0.0,0.0,12.8,1.17,Staging,Sales
ACC-1007,Data Warehouse,ap-southeast-1,dw.large,2025-11-07,13.88,82.9,0.0,15.84,Production,Marketing
ACC-1012,Serverless Functions,eu-west-1,N/A,2025-11-07,10.73,0.0,0.0,0.52,Production,Finance
ACC-1004,Serverless Functions,eu-central-1,N/A,2025-11-07,19.33,0.0,0.0,1.04,Production,Sales
ACC-1014,Load Balancer,us-west-2,N/A,2025-11-07,0.0,0.0,30.1,2.61,Production,Engineering
ACC-1004,Managed Database,eu-central-1,db.m5.large,2025-11-07,41.76,81.4,0.0,16.71,Production,Sales
ACC-1015,Data Transfer / Egress,ap-south-1,N/A,2025-11-07,0.0,0.0,27.0,2.54,Production,Engineering
ACC-1015,Serverless Functions,ap-south-1,N/A,2025-11-07,30.6,0.0,0.0,1.64,Production,Engineering
ACC-1008,Content Delivery (CDN),ap-south-1,N/A,2025-11-07,0.0,0.0,52.5,4.59,Production,Engineering
ACC-1015,Managed Database,ap-south-1,db.r5.large,2025-11-07,15.02,42.5,0.0,7.97,Production,Engineering
ACC-1005,Content Delivery (CDN),us-east-1,N/A,2025-11-07,0.0,0.0,70.2,5.98,Development,IT Operations
ACC-1009,Object Storage,eu-central-1,N/A,2025-11-07,0.0,148.5,0.0,3.21,Staging,Engineering
ACC-1009,Data Warehouse,eu-central-1,dw.xlarge,2025-11-07,27.46,38.1,0.0,31.04,Staging,Engineering
ACC-1012,Data Transfer / Egress,eu-west-1,N/A,2025-11-07,0.0,0.0,19.3,1.89,Production,Finance
ACC-1012,Load Balancer,eu-west-1,N/A,2025-11-07,0.0,0.0,40.0,3.64,Production,Finance
ACC-1008,Data Warehouse,ap-south-1,dw.xlarge,2025-11-07,20.18,39.0,0.0,23.6,Production,Engineering
ACC-1008,Data Transfer / Egress,us-east-1,N/A,2025-11-08,0.0,0.0,23.9,2.06,Production,Engineering
ACC-1007,Managed Database,ap-southeast-1,db.m5.large,2025-11-08,14.69,81.1,0.0,10.34,Production,Marketing
ACC-1007,Block Storage,ap-southeast-1,st1,2025-11-08,0.0,144.3,0.0,6.69,Production,Marketing
ACC-1007,Data Warehouse,ap-southeast-1,dw.large,2025-11-08,13.73,57.5,0.0,12.39,Production,Marketing
ACC-1003,Serverless Functions,ap-south-1,N/A,2025-11-08,9.68,0.0,0.0,0.47,Production,Data Science
ACC-1003,Managed Kubernetes,ap-south-1,m5.large,2025-11-08,11.05,0.0,0.0,0.89,Production,Data Science
ACC-1008,Object Storage,us-east-1,N/A,2025-11-08,0.0,210.8,0.0,4.8,Production,Engineering
ACC-1015,Data Transfer / Egress,ap-south-1,N/A,2025-11-08,0.0,0.0,42.7,3.55,Production,Engineering
ACC-1015,Managed Database,ap-south-1,db.m5.large,2025-11-08,11.94,35.2,0.0,5.82,Production,Engineering
ACC-1015,Content Delivery (CDN),ap-south-1,N/A,2025-11-08,0.0,0.0,15.1,1.24,Production,Engineering
ACC-1013,Managed Kubernetes,us-east-1,c5.2xlarge,2025-11-08,3.69,0.0,0.0,1.16,Development,Data Science
ACC-1010,Content Delivery (CDN),ap-south-1,N/A,2025-11-08,0.0,0.0,24.0,2.16,Production,Data Science
ACC-1010,Object Storage,ap-south-1,N/A,2025-11-08,0.0,161.4,0.0,3.38,Production,Data Science
ACC-1011,Load Balancer,us-east-1,N/A,2025-11-08,0.0,0.0,32.9,2.74,Production,Sales
ACC-1002,Data Transfer / Egress,ap-south-1,N/A,2025-11-08,0.0,0.0,40.1,3.74,Production,Sales
ACC-1002,Compute Instances,ap-south-1,t3.micro,2025-11-08,6.32,0.0,0.0,0.06,Production,Sales
ACC-1002,Object Storage,ap-south-1,N/A,2025-11-08,0.0,97.1,0.0,2.05,Production,Sales
ACC-1011,Block Storage,us-east-1,st1,2025-11-09,0.0,284.3,0.0,13.54,Production,Sales
ACC-1010,Content Delivery (CDN),ap-southeast-1,N/A,2025-11-09,0.0,0.0,61.2,5.73,Production,Data Science
ACC-1006,Load Balancer,us-east-1,N/A,2025-11-09,0.0,0.0,38.5,3.51,Production,Marketing
ACC-1004,Content Delivery (CDN),ap-southeast-1,N/A,2025-11-09,0.0,0.0,33.0,2.86,Production,Sales
ACC-1012,Object Storage,eu-west-1,N/A,2025-11-09,0.0,190.3,0.0,4.2,Production,Finance
ACC-1012,Managed Kubernetes,eu-west-1,m5.xlarge,2025-11-09,3.44,0.0,0.0,0.66,Production,Finance
ACC-1012,Data Warehouse,eu-west-1,dw.large,2025-11-09,10.99,52.3,0.0,10.69,Production,Finance
ACC-1011,Managed Kubernetes,us-east-1,m5.xlarge,2025-11-09,3.61,0.0,0.0,0.71,Production,Sales
ACC-1004,Load Balancer,ap-southeast-1,N/A,2025-11-09,0.0,0.0,30.4,2.33,Production,Sales
ACC-1005,Managed Kubernetes,us-east-1,m5.xlarge,2025-11-09,7.19,0.0,0.0,1.47,Production,IT Operations
ACC-1014,Load Balancer,us-west-2,N/A,2025-11-09,0.0,0.0,28.3,2.55,Production,Engineering
ACC-1005,Load Balancer,us-east-1,N/A,2025-11-09,0.0,0.0,41.4,3.38,Production,IT Operations
ACC-1005,Data Transfer / Egress,us-east-1,N/A,2025-11-09,0.0,0.0,13.6,1.12,Production,IT Operations
ACC-1008,Managed Database,us-east-1,db.r5.large,2025-11-09,9.06,37.5,0.0,23.76,Development,Engineering
ACC-1008,Compute Instances,us-east-1,t3.micro,2025-11-09,11.9,0.0,0.0,0.14,Development,Engineering
ACC-1003,Managed Kubernetes,ap-southeast-1,m5.large,2025-11-09,8.27,0.0,0.0,0.72,Staging,Data Science
ACC-1002,Load Balancer,ap-south-1,N/A,2025-11-09,0.0,0.0,40.2,3.69,Staging,Sales
ACC-1003,Serverless Functions,ap-southeast-1,N/A,2025-11-09,8.13,0.0,0.0,0.39,Staging,Data Science
ACC-1002,Managed Kubernetes,ap-south-1,m5.xlarge,2025-11-09,7.5,0.0,0.0,1.31,Staging,Sales
ACC-1013,Load Balancer,us-east-1,N/A,2025-11-09,0.0,0.0,65.9,6.3,Production,Data Science
ACC-1013,Compute Instances,us-east-1,t3.medium,2025-11-09,9.84,0.0,0.0,0.37,Production,Data Science
ACC-1002,Block Storage,ap-south-1,gp3,2025-11-09,0.0,133.8,0.0,9.8,Staging,Sales
ACC-1008,Data Transfer / Egress,us-east-1,N/A,2025-11-10,0.0,0.0,21.7,1.83,Development,Engineering
ACC-1007,Content Delivery (CDN),ap-southeast-1,N/A,2025-11-10,0.0,0.0,27.4,2.77,Staging,Marketing
ACC-1003,Block Storage,ap-south-1,io2,2025-11-10,0.0,163.8,0.0,16.6,Production,Data Science
ACC-1003,Content Delivery (CDN),ap-south-1,N/A,2025-11-10,0.0,0.0,51.7,4.4,Production,Data Science
ACC-1003,Data Warehouse,ap-south-1,dw.large,2025-11-10,37.27,91.2,0.0,25.88,Production,Data Science
ACC-1008,Block Storage,us-east-1,io2,2025-11-10,0.0,87.6,0.0,11.42,Development,Engineering
ACC-1004,Managed Database,eu-central-1,db.r5.large,2025-11-10,6.58,23.1,0.0,3.75,Production,Sales
ACC-1014,Serverless Functions,eu-west-1,N/A,2025-11-10,11.08,0.0,0.0,0.58,Development,Engineering
ACC-1014,Managed Kubernetes,eu-west-1,m5.xlarge,2025-11-10,14.65,0.0,0.0,2.88,Development,Engineering
ACC-1014,Data Warehouse,eu-west-1,dw.large,2025-11-10,30.95,58.5,0.0,21.35,Development,Engineering
ACC-1004,Compute Instances,eu-central-1,c5.large,2025-11-10,12.23,0.0,0.0,0.94,Production,Sales
ACC-1004,Serverless Functions,eu-central-1,N/A,2025-11-10,10.97,0.0,0.0,0.59,Production,Sales
ACC-1007,Load Balancer,ap-southeast-1,N/A,2025-11-10,0.0,0.0,42.0,3.88,Staging,Marketing
ACC-1012,Content Delivery (CDN),eu-west-1,N/A,2025-11-10,0.0,0.0,19.5,1.75,Staging,Finance
ACC-1010,Serverless Functions,ap-southeast-1,N/A,2025-11-10,6.73,0.0,0.0,0.34,Production,Data Science
ACC-1015,Serverless Functions,ap-south-1,N/A,2025-11-10,5.83,0.0,0.0,0.29,Staging,Engineering
ACC-1010,Compute Instances,ap-southeast-1,m5.large,2025-11-10,10.09,0.0,0.0,0.97,Production,Data Science
ACC-1009,Managed Database,eu-central-1,db.t3.medium,2025-11-10,24.13,32.9,0.0,5.06,Production,Engineering
ACC-1013,Compute Instances,us-east-1,m5.large,2025-11-10,26.17,0.0,0.0,2.17,Production,Data Science
ACC-1015,Load Balancer,ap-south-1,N/A,2025-11-10,0.0,0.0,47.0,4.14,Staging,Engineering
ACC-1010,Block Storage,ap-southeast-1,io2,2025-11-10,0.0,256.3,0.0,31.54,Production,Data Science
ACC-1006,Compute Instances,us-east-1,t3.micro,2025-11-10,10.57,0.0,0.0,0.1,Production,Marketing
ACC-1006,Content Delivery (CDN),us-east-1,N/A,2025-11-10,0.0,0.0,32.9,2.7,Production,Marketing
ACC-1015,Managed Kubernetes,ap-south-1,m5.xlarge,2025-11-10,22.69,0.0,0.0,4.19,Staging,Engineering
ACC-1011,Compute Instances,us-east-1,r5.large,2025-11-10,8.93,0.0,0.0,1.1,Staging,Sales
ACC-1011,Managed Database,us-east-1,db.t3.medium,2025-11-10,23.7,41.1,0.0,6.61,Staging,Sales
ACC-1011,Content Delivery (CDN),us-east-1,N/A,2025-11-10,0.0,0.0,30.8,2.85,Staging,Sales
ACC-1002,Managed Kubernetes,ap-south-1,m5.xlarge,2025-11-10,16.46,0.0,0.0,3.42,Production,Sales
ACC-1002,Content Delivery (CDN),ap-south-1,N/A,2025-11-10,0.0,0.0,33.0,2.83,Production,Sales
ACC-1005,Data Transfer / Egress,us-east-1,N/A,2025-11-10,0.0,0.0,33.6,3.1,Staging,IT Operations
ACC-1006,Block Storage,us-east-1,gp3,2025-11-10,0.0,153.2,0.0,12.55,Production,Marketing
ACC-1008,Object Storage,us-east-1,N/A,2025-11-11,0.0,214.5,0.0,4.46,Development,Engineering
ACC-1005,Compute Instances,us-east-1,c5.large,2025-11-11,12.84,0.0,0.0,1.22,Staging,IT Operations
ACC-1001,Content Delivery (CDN),eu-central-1,N/A,2025-11-11,0.0,0.0,47.4,5.2,Development,Engineering
ACC-1013,Compute Instances,us-east-1,r5.large,2025-11-11,16.68,0.0,0.0,2.04,Production,Data Science
ACC-1013,Block Storage,us-east-1,st1,2025-11-11,0.0,238.5,0.0,10.63,Production,Data Science
ACC-1015,Data Warehouse,ap-south-1,dw.xlarge,2025-11-11,48.63,16.9,0.0,47.53,Staging,Engineering
ACC-1008,Block Storage,us-east-1,st1,2025-11-11,0.0,210.7,0.0,9.07,Development,Engineering
ACC-1007,Serverless Functions,ap-southeast-1,N/A,2025-11-11,18.3,0.0,0.0,0.9,Production,Marketing
ACC-1004,Serverless Functions,ap-southeast-1,N/A,2025-11-11,30.82,0.0,0.0,1.5,Development,Sales
ACC-1006,Content Delivery (CDN),us-east-1,N/A,2025-11-11,0.0,0.0,65.1,5.55,Production,Marketing
ACC-1009,Data Transfer / Egress,eu-central-1,N/A,2025-11-11,0.0,0.0,16.1,1.26,Development,Engineering
ACC-1009,Data Warehouse,eu-central-1,dw.large,2025-11-11,19.83,78.5,0.0,18.97,Development,Engineering
ACC-1009,Managed Kubernetes,eu-central-1,m5.large,2025-11-11,15.07,0.0,0.0,1.23,Development,Engineering
ACC-1008,Data Warehouse,us-east-1,dw.xlarge,2025-11-11,22.29,68.3,0.0,28.86,Development,Engineering
ACC-1006,Serverless Functions,us-east-1,N/A,2025-11-12,11.68,0.0,0.0,0.56,Staging,Marketing
ACC-1006,Data Warehouse,us-east-1,dw.large,2025-11-12,39.73,29.8,0.0,19.66,Staging,Marketing
ACC-1004,Data Warehouse,ap-southeast-1,dw.xlarge,2025-11-12,18.71,50.1,0.0,25.18,Production,Sales
ACC-1010,Data Transfer / Egress,us-east-1,N/A,2025-11-12,0.0,0.0,24.9,2.17,Production,Data Science
ACC-1011,Compute Instances,us-east-1,m5.large,2025-11-12,18.86,0.0,0.0,1.85,Production,Sales
ACC-1011,Managed Database,us-east-1,db.r5.large,2025-11-12,15.88,119.3,0.0,14.98,Production,Sales
ACC-1014,Block Storage,us-west-2,io2,2025-11-12,0.0,177.8,0.0,22.46,Production,Engineering
ACC-1005,Object Storage,us-east-1,N/A,2025-11-12,0.0,281.6,0.0,5.95,Development,IT Operations
ACC-1008,Content Delivery (CDN),us-east-1,N/A,2025-11-12,0.0,0.0,17.1,1.55,Staging,Engineering
ACC-1011,Serverless Functions,us-east-1,N/A,2025-11-12,20.09,0.0,0.0,1.08,Production,Sales
ACC-1014,Compute Instances,us-west-2,c5.large,2025-11-12,19.4,0.0,0.0,1.61,Production,Engineering
ACC-1005,Managed Kubernetes,us-east-1,c5.2xlarge,2025-11-12,12.41,0.0,0.0,3.93,Development,IT Operations
ACC-1003,Managed Database,us-east-1,db.t3.medium,2025-11-12,36.41,59.0,0.0,9.17,Production,Data Science
ACC-1009,Data Transfer / Egress,eu-central-1,N/A,2025-11-12,0.0,0.0,29.3,2.72,Production,Engineering
ACC-1009,Block Storage,eu-central-1,io2,2025-11-12,0.0,220.4,0.0,26.6,Production,Engineering
ACC-1013,Object Storage,ap-southeast-1,N/A,2025-11-12,0.0,176.7,0.0,3.76,Staging,Data Science
ACC-1013,Data Warehouse,ap-southeast-1,dw.xlarge,2025-11-12,14.79,74.4,0.0,22.38,Staging,Data Science
ACC-1009,Serverless Functions,eu-central-1,N/A,2025-11-12,8.95,0.0,0.0,0.52,Production,Engineering
ACC-1015,Compute Instances,ap-south-1,m5.xlarge,2025-11-12,18.55,0.0,0.0,3.88,Production,Engineering
ACC-1015,Content Delivery (CDN),ap-south-1,N/A,2025-11-12,0.0,0.0,11.0,1.02,Production,Engineering
ACC-1003,Data Transfer / Egress,us-east-1,N/A,2025-11-12,0.0,0.0,16.8,1.59,Production,Data Science
ACC-1003,Compute Instances,us-east-1,m5.xlarge,2025-11-12,17.59,0.0,0.0,3.02,Production,Data Science
ACC-1013,Block Storage,ap-southeast-1,st1,2025-11-12,0.0,143.5,0.0,6.67,Staging,Data Science
ACC-1014,Serverless Functions,us-west-2,N/A,2025-11-12,6.38,0.0,0.0,0.27,Production,Engineering
ACC-1001,Load Balancer,eu-central-1,N/A,2025-11-13,0.0,0.0,52.2,4.48,Development,Engineering
ACC-1011,Compute Instances,us-east-1,c5.large,2025-11-13,14.67,0.0,0.0,1.1,Development,Sales
ACC-1011,Managed Kubernetes,us-east-1,m5.xlarge,2025-11-13,11.06,0.0,0.0,2.13,Development,Sales
ACC-1006,Data Transfer / Egress,us-east-1,N/A,2025-11-13,0.0,0.0,36.5,3.5,Production,Marketing
ACC-1006,Load Balancer,us-east-1,N/A,2025-11-13,0.0,0.0,43.4,3.39,Production,Marketing
ACC-1006,Managed Database,us-east-1,db.m5.large,2025-11-13,27.56,50.0,0.0,9.86,Production,Marketing
ACC-1001,Serverless Functions,eu-central-1,N/A,2025-11-13,8.35,0.0,0.0,0.39,Development,Engineering
ACC-1003,Block Storage,ap-south-1,st1,2025-11-13,0.0,264.2,0.0,12.17,Production,Data Science
ACC-1002,Serverless Functions,ap-south-1,N/A,2025-11-13,15.53,0.0,0.0,0.87,Production,Sales
ACC-1015,Block Storage,us-west-2,io2,2025-11-13,0.0,235.8,0.0,28.22,Production,Engineering
ACC-1005,Content Delivery (CDN),us-east-1,N/A,2025-11-13,0.0,0.0,14.4,1.35,Production,IT Operations
ACC-1013,Serverless Functions,us-east-1,N/A,2025-11-13,14.21,0.0,0.0,0.63,Production,Data Science
ACC-1013,Managed Kubernetes,us-east-1,m5.large,2025-11-13,9.78,0.0,0.0,0.94,Production,Data Science
ACC-1013,Data Transfer / Egress,us-east-1,N/A,2025-11-13,0.0,0.0,15.5,1.3,Production,Data Science
ACC-1001,Data Transfer / Egress,eu-central-1,N/A,2025-11-13,0.0,0.0,23.8,2.1,Development,Engineering
ACC-1002,Data Warehouse,ap-south-1,dw.xlarge,2025-11-14,21.35,24.1,0.0,23.12,Staging,Sales
ACC-1009,Managed Kubernetes,us-east-1,m5.xlarge,2025-11-14,13.53,0.0,0.0,2.23,Development,Engineering
ACC-1007,Managed Kubernetes,ap-southeast-1,c5.2xlarge,2025-11-14,13.62,0.0,0.0,4.7,Staging,Marketing
ACC-1007,Data Warehouse,ap-southeast-1,dw.large,2025-11-14,30.29,80.2,0.0,22.72,Staging,Marketing
ACC-1013,Load Balancer,us-east-1,N/A,2025-11-14,0.0,0.0,19.5,1.79,Staging,Data Science
ACC-1013,Managed Database,us-east-1,db.t3.medium,2025-11-14,5.27,137.5,0.0,13.29,Staging,Data Science
ACC-1012,Data Warehouse,eu-west-1,dw.large,2025-11-14,21.58,66.9,0.0,14.67,Development,Finance
ACC-1002,Managed Kubernetes,ap-south-1,m5.large,2025-11-14,31.42,0.0,0.0,2.93,Staging,Sales
ACC-1007,Managed Database,ap-southeast-1,db.t3.medium,2025-11-14,8.13,76.8,0.0,7.85,Staging,Marketing
ACC-1006,Compute Instances,us-east-1,t3.medium,2025-11-14,3.47,0.0,0.0,0.14,Production,Marketing
ACC-1013,Managed Kubernetes,us-east-1,m5.xlarge,2025-11-14,17.32,0.0,0.0,3.42,Staging,Data Science
ACC-1005,Managed Kubernetes,us-east-1,m5.large,2025-11-14,11.94,0.0,0.0,1.13,Production,IT Operations
ACC-1003,Managed Kubernetes,ap-south-1,m5.large,2025-11-14,16.67,0.0,0.0,1.48,Staging,Data Science
ACC-1003,Compute Instances,ap-south-1,t3.micro,2025-11-14,21.8,0.0,0.0,0.22,Staging,Data Science
ACC-1004,Serverless Functions,ap-southeast-1,N/A,2025-11-14,11.07,0.0,0.0,0.53,Production,Sales
ACC-1008,Managed Database,us-east-1,db.m5.large,2025-11-14,24.92,64.8,0.0,10.86,Production,Engineering
ACC-1008,Content Delivery (CDN),us-east-1,N/A,2025-11-14,0.0,0.0,21.4,2.01,Production,Engineering
ACC-1008,Managed Kubernetes,us-east-1,m5.xlarge,2025-11-14,45.12,0.0,0.0,8.75,Production,Engineering
ACC-1015,Serverless Functions,ap-south-1,N/A,2025-11-14,14.37,0.0,0.0,0.69,Production,Engineering
ACC-1005,Object Storage,us-east-1,N/A,2025-11-14,0.0,158.5,0.0,3.22,Production,IT Operations
ACC-1015,Managed Database,ap-south-1,db.r5.large,2025-11-14,33.1,61.0,0.0,16.29,Production,Engineering
ACC-1015,Object Storage,ap-south-1,N/A,2025-11-14,0.0,281.6,0.0,5.85,Production,Engineering
ACC-1011,Object Storage,us-east-1,N/A,2025-11-15,0.0,202.1,0.0,4.76,Staging,Sales
ACC-1008,Content Delivery (CDN),us-east-1,N/A,2025-11-15,0.0,0.0,75.0,6.44,Production,Engineering
ACC-1008,Object Storage,us-east-1,N/A,2025-11-15,0.0,171.7,0.0,4.14,Production,Engineering
ACC-1015,Compute Instances,ap-south-1,t3.medium,2025-11-15,18.0,0.0,0.0,0.71,Staging,Engineering
ACC-1015,Load Balancer,ap-south-1,N/A,2025-11-15,0.0,0.0,49.0,4.01,Staging,Engineering
ACC-1010,Data Warehouse,ap-southeast-1,dw.large,2025-11-15,8.03,41.9,0.0,8.01,Production,Data Science
ACC-1012,Data Transfer / Egress,us-west-2,N/A,2025-11-15,0.0,0.0,18.8,1.57,Development,Finance
ACC-1002,Data Warehouse,ap-south-1,dw.xlarge,2025-11-15,14.21,57.0,0.0,18.9,Production,Sales
ACC-1002,Serverless Functions,ap-south-1,N/A,2025-11-15,8.93,0.0,0.0,0.44,Production,Sales
ACC-1010,Managed Database,ap-southeast-1,db.r5.large,2025-11-15,12.05,60.4,0.0,9.12,Production,Data Science
ACC-1011,Block Storage,us-east-1,gp3,2025-11-15,0.0,65.4,0.0,4.92,Staging,Sales
ACC-1015,Data Warehouse,ap-south-1,dw.large,2025-11-15,10.26,70.8,0.0,12.03,Staging,Engineering
ACC-1005,Managed Kubernetes,us-east-1,m5.large,2025-11-15,12.82,0.0,0.0,1.17,Production,IT Operations
ACC-1001,Block Storage,eu-central-1,st1,2025-11-15,0.0,111.2,0.0,4.59,Production,Engineering
ACC-1014,Serverless Functions,us-west-2,N/A,2025-11-15,3.91,0.0,0.0,0.21,Staging,Engineering
ACC-1014,Managed Database,us-west-2,db.t3.medium,2025-11-15,11.46,89.2,0.0,10.48,Staging,Engineering
ACC-1004,Block Storage,ap-southeast-1,st1,2025-11-15,0.0,198.4,0.0,9.03,Production,Sales
ACC-1004,Managed Database,ap-southeast-1,db.t3.medium,2025-11-15,13.2,49.4,0.0,5.55,Production,Sales
ACC-1006,Load Balancer,us-east-1,N/A,2025-11-15,0.0,0.0,32.2,2.98,Production,Marketing
ACC-1006,Object Storage,us-east-1,N/A,2025-11-15,0.0,162.1,0.0,3.17,Production,Marketing
ACC-1003,Data Warehouse,ap-south-1,dw.xlarge,2025-11-15,19.64,156.1,0.0,35.72,Development,Data Science
ACC-1007,Managed Database,ap-southeast-1,db.r5.large,2025-11-15,19.7,57.3,0.0,10.59,Development,Marketing
ACC-1013,Serverless Functions,us-east-1,N/A,2025-11-15,3.79,0.0,0.0,0.17,Development,Data Science
ACC-1013,Object Storage,us-east-1,N/A,2025-11-15,0.0,290.0,0.0,7.15,Development,Data Science
ACC-1013,Load Balancer,us-east-1,N/A,2025-11-15,0.0,0.0,44.7,4.05,Development,Data Science
ACC-1009,Managed Database,eu-central-1,db.m5.large,2025-11-15,9.13,44.7,0.0,26.35,Staging,Engineering
ACC-1014,Data Warehouse,us-west-2,dw.xlarge,2025-11-15,15.79,76.5,0.0,22.07,Staging,Engineering
ACC-1003,Serverless Functions,ap-south-1,N/A,2025-11-15,9.56,0.0,0.0,0.48,Development,Data Science
ACC-1004,Serverless Functions,ap-southeast-1,N/A,2025-11-16,8.69,0.0,0.0,0.47,Staging,Sales
ACC-1013,Serverless Functions,us-east-1,N/A,2025-11-16,8.14,0.0,0.0,0.46,Production,Data Science
ACC-1007,Content Delivery (CDN),ap-southeast-1,N/A,2025-11-16,0.0,0.0,14.9,1.19,Staging,Marketing
ACC-1007,Object Storage,ap-southeast-1,N/A,2025-11-16,0.0,290.2,0.0,7.14,Staging,Marketing
ACC-1001,Content Delivery (CDN),eu-central-1,N/A,2025-11-16,0.0,0.0,25.6,2.19,Production,Engineering
ACC-1004,Managed Kubernetes,ap-southeast-1,m5.large,2025-11-16,6.49,0.0,0.0,0.58,Staging,Sales
ACC-1003,Data Transfer / Egress,ap-south-1,N/A,2025-11-16,0.0,0.0,18.3,1.68,Staging,Data Science
ACC-1009,Managed Database,eu-central-1,db.m5.large,2025-11-16,5.67,45.7,0.0,6.21,Development,Engineering
ACC-1009,Compute Instances,eu-central-1,t3.micro,2025-11-16,11.41,0.0,0.0,0.12,Development,Engineering
ACC-1009,Content Delivery (CDN),eu-central-1,N/A,2025-11-16,0.0,0.0,18.8,1.72,Development,Engineering
ACC-1003,Managed Kubernetes,ap-south-1,m5.large,2025-11-16,9.09,0.0,0.0,0.9,Staging,Data Science
ACC-1003,Content Delivery (CDN),ap-south-1,N/A,2025-11-16,0.0,0.0,8.3,0.8,Staging,Data Science
ACC-1008,Data Transfer / Egress,ap-southeast-1,N/A,2025-11-16,0.0,0.0,15.2,1.44,Production,Engineering
ACC-1004,Compute Instances,ap-southeast-1,c5.large,2025-11-16,12.11,0.0,0.0,3.42,Staging,Sales
ACC-1008,Compute Instances,ap-southeast-1,t3.medium,2025-11-16,17.75,0.0,0.0,0.73,Production,Engineering
ACC-1011,Data Transfer / Egress,us-east-1,N/A,2025-11-16,0.0,0.0,24.6,2.39,Staging,Sales
ACC-1010,Data Warehouse,ap-southeast-1,dw.xlarge,2025-11-16,11.38,52.0,0.0,15.21,Production,Data Science
ACC-1011,Managed Database,us-east-1,db.t3.medium,2025-11-16,18.09,82.1,0.0,9.23,Staging,Sales
ACC-1008,Data Warehouse,ap-southeast-1,dw.large,2025-11-16,8.33,34.2,0.0,7.09,Production,Engineering
ACC-1006,Data Warehouse,us-east-1,dw.xlarge,2025-11-16,14.94,33.3,0.0,16.76,Production,Marketing
ACC-1006,Compute Instances,us-east-1,r5.large,2025-11-16,9.53,0.0,0.0,1.25,Production,Marketing
ACC-1002,Managed Kubernetes,ap-south-1,m5.xlarge,2025-11-16,8.83,0.0,0.0,1.44,Production,Sales
ACC-1002,Load Balancer,ap-south-1,N/A,2025-11-16,0.0,0.0,44.4,3.9,Production,Sales
ACC-1006,Managed Kubernetes,us-east-1,c5.2xlarge,2025-11-16,9.45,0.0,0.0,3.15,Production,Marketing
ACC-1014,Compute Instances,us-west-2,m5.xlarge,2025-11-16,5.71,0.0,0.0,1.19,Production,Engineering
ACC-1012,Managed Database,eu-west-1,db.m5.large,2025-11-16,10.18,34.8,0.0,4.83,Production,Finance
ACC-1012,Object Storage,eu-west-1,N/A,2025-11-16,0.0,225.9,0.0,5.07,Production,Finance
ACC-1015,Data Transfer / Egress,ap-south-1,N/A,2025-11-16,0.0,0.0,25.6,2.5,Production,Engineering
ACC-1010,Content Delivery (CDN),ap-southeast-1,N/A,2025-11-16,0.0,0.0,38.2,3.4,Production,Data Science
ACC-1010,Compute Instances,ap-southeast-1,t3.micro,2025-11-16,12.44,0.0,0.0,0.12,Production,Data Science
ACC-1005,Data Transfer / Egress,ap-south-1,N/A,2025-11-16,0.0,0.0,81.5,7.62,Development,IT Operations
ACC-1006,Managed Database,us-east-1,db.r5.large,2025-11-17,15.84,67.2,0.0,11.26,Production,Marketing
ACC-1001,Block Storage,eu-central-1,gp3,2025-11-17,0.0,220.0,0.0,16.82,Production,Engineering
ACC-1001,Data Warehouse,eu-central-1,dw.large,2025-11-17,40.19,51.0,0.0,24.66,Production,Engineering
ACC-1012,Content Delivery (CDN),eu-west-1,N/A,2025-11-17,0.0,0.0,43.5,3.77,Staging,Finance
ACC-1002,Block Storage,ap-south-1,st1,2025-11-17,0.0,218.0,0.0,10.08,Staging,Sales
ACC-1012,Managed Kubernetes,eu-west-1,m5.large,2025-11-17,13.76,0.0,0.0,1.43,Staging,Finance
ACC-1002,Managed Kubernetes,ap-south-1,m5.large,2025-11-17,9.29,0.0,0.0,0.81,Staging,Sales
ACC-1002,Managed Database,ap-south-1,db.m5.large,2025-11-17,23.71,79.3,0.0,12.43,Staging,Sales
ACC-1013,Data Transfer / Egress,us-east-1,N/A,2025-11-17,0.0,0.0,25.7,2.25,Production,Data Science
ACC-1012,Data Transfer / Egress,eu-west-1,N/A,2025-11-17,0.0,0.0,64.1,5.26,Staging,Finance
ACC-1013,Object Storage,us-east-1,N/A,2025-11-17,0.0,143.8,0.0,2.93,Production,Data Science
ACC-1005,Data Transfer / Egress,us-east-1,N/A,2025-11-17,0.0,0.0,46.2,3.74,Staging,IT Operations
ACC-1010,Object Storage,ap-southeast-1,N/A,2025-11-17,0.0,104.9,0.0,2.18,Production,Data Science
ACC-1003,Data Warehouse,ap-south-1,dw.xlarge,2025-11-17,18.61,67.5,0.0,22.89,Staging,Data Science
ACC-1007,Managed Database,ap-southeast-1,db.t3.medium,2025-11-17,18.41,58.8,0.0,7.27,Production,Marketing
ACC-1008,Managed Database,us-east-1,db.m5.large,2025-11-17,22.7,33.3,0.0,7.06,Staging,Engineering
ACC-1008,Managed Kubernetes,us-east-1,c5.2xlarge,2025-11-17,14.97,0.0,0.0,5.42,Staging,Engineering
ACC-1008,Load Balancer,us-east-1,N/A,2025-11-17,0.0,0.0,45.2,4.09,Staging,Engineering
ACC-1004,Object Storage,ap-southeast-1,N/A,2025-11-17,0.0,190.5,0.0,4.56,Production,Sales
ACC-1009,Compute Instances,eu-central-1,r5.large,2025-11-17,9.17,0.0,0.0,1.16,Development,Engineering
ACC-1009,Serverless Functions,eu-central-1,N/A,2025-11-17,16.51,0.0,0.0,0.88,Development,Engineering
ACC-1009,Data Transfer / Egress,eu-central-1,N/A,2025-11-17,0.0,0.0,33.0,2.97,Development,Engineering
ACC-1010,Serverless Functions,ap-southeast-1,N/A,2025-11-17,11.08,0.0,0.0,0.51,Production,Data Science
ACC-1015,Managed Kubernetes,ap-south-1,m5.xlarge,2025-11-18,9.28,0.0,0.0,1.52,Production,Engineering
ACC-1011,Load Balancer,us-east-1,N/A,2025-11-18,0.0,0.0,17.4,1.59,Production,Sales
ACC-1011,Data Transfer / Egress,us-east-1,N/A,2025-11-18,0.0,0.0,17.7,1.55,Production,Sales
ACC-1008,Object Storage,us-east-1,N/A,2025-11-18,0.0,242.5,0.0,5.6,Staging,Engineering
ACC-1009,Serverless Functions,ap-southeast-1,N/A,2025-11-18,23.03,0.0,0.0,1.09,Production,Engineering
ACC-1004,Block Storage,ap-southeast-1,st1,2025-11-18,0.0,117.3,0.0,5.18,Production,Sales
ACC-1004,Data Warehouse,ap-southeast-1,dw.large,2025-11-18,17.15,37.6,0.0,12.3,Production,Sales
ACC-1009,Data Warehouse,ap-southeast-1,dw.xlarge,2025-11-18,24.11,56.6,0.0,31.0,Production,Engineering
ACC-1012,Managed Kubernetes,eu-west-1,c5.2xlarge,2025-11-18,26.02,0.0,0.0,8.31,Development,Finance
ACC-1007,Serverless Functions,eu-central-1,N/A,2025-11-18,12.1,0.0,0.0,0.63,Development,Marketing
ACC-1008,Data Transfer / Egress,us-east-1,N/A,2025-11-18,0.0,0.0,82.9,7.61,Staging,Engineering
ACC-1005,Managed Database,us-east-1,db.t3.medium,2025-11-18,36.0,53.9,0.0,7.18,Production,IT Operations
ACC-1011,Block Storage,us-east-1,io2,2025-11-18,0.0,226.3,0.0,31.87,Production,Sales
ACC-1010,Managed Kubernetes,ap-southeast-1,c5.2xlarge,2025-11-18,21.36,0.0,0.0,6.85,Production,Data Science
ACC-1005,Object Storage,us-east-1,N/A,2025-11-18,0.0,122.6,0.0,2.85,Production,IT Operations
ACC-1003,Block Storage,ap-south-1,io2,2025-11-18,0.0,178.7,0.0,21.98,Production,Data Science
ACC-1006,Content Delivery (CDN),us-east-1,N/A,2025-11-18,0.0,0.0,33.3,3.21,Staging,Marketing
ACC-1002,Object Storage,eu-west-1,N/A,2025-11-18,0.0,323.1,0.0,6.58,Development,Sales
ACC-1001,Load Balancer,eu-west-1,N/A,2025-11-18,0.0,0.0,19.7,1.87,Production,Engineering
ACC-1002,Content Delivery (CDN),eu-west-1,N/A,2025-11-18,0.0,0.0,21.9,1.82,Development,Sales
ACC-1013,Object Storage,us-east-1,N/A,2025-11-18,0.0,196.0,0.0,4.2,Production,Data Science
ACC-1013,Block Storage,us-east-1,io2,2025-11-18,0.0,230.8,0.0,35.0,Production,Data Science
ACC-1013,Content Delivery (CDN),us-east-1,N/A,2025-11-18,0.0,0.0,27.0,2.38,Production,Data Science
ACC-1010,Serverless Functions,ap-southeast-1,N/A,2025-11-18,19.83,0.0,0.0,1.04,Production,Data Science
ACC-1010,Content Delivery (CDN),ap-southeast-1,N/A,2025-11-18,0.0,0.0,19.7,1.71,Production,Data Science
ACC-1014,Load Balancer,us-west-2,N/A,2025-11-18,0.0,0.0,15.8,1.62,Staging,Engineering
ACC-1005,Serverless Functions,eu-central-1,N/A,2025-11-19,13.32,0.0,0.0,0.64,Production,IT Operations
ACC-1014,Managed Database,us-west-2,db.r5.large,2025-11-19,9.49,21.9,0.0,4.64,Production,Engineering
ACC-1014,Data Warehouse,us-west-2,dw.large,2025-11-19,23.4,56.6,0.0,14.98,Production,Engineering
ACC-1014,Managed Kubernetes,us-west-2,m5.xlarge,2025-11-19,16.99,0.0,0.0,3.72,Production,Engineering
ACC-1015,Data Transfer / Egress,ap-south-1,N/A,2025-11-19,0.0,0.0,21.6,2.02,Production,Engineering
ACC-1003,Serverless Functions,ap-south-1,N/A,2025-11-19,26.98,0.0,0.0,1.0,Development,Data Science
ACC-1007,Content Delivery (CDN),ap-southeast-1,N/A,2025-11-19,0.0,0.0,32.8,2.73,Production,Marketing
ACC-1001,Block Storage,eu-central-1,io2,2025-11-19,0.0,292.1,0.0,36.38,Staging,Engineering
ACC-1007,Object Storage,ap-southeast-1,N/A,2025-11-19,0.0,272.7,0.0,6.09,Production,Marketing
ACC-1001,Data Warehouse,eu-central-1,dw.large,2025-11-19,10.22,41.6,0.0,9.52,Staging,Engineering
ACC-1009,Data Transfer / Egress,eu-central-1,N/A,2025-11-19,0.0,0.0,10.7,0.9,Production,Engineering
ACC-1002,Managed Database,ap-south-1,db.m5.large,2025-11-19,15.19,94.8,0.0,10.94,Staging,Sales
ACC-1002,Data Transfer / Egress,ap-south-1,N/A,2025-11-19,0.0,0.0,26.1,2.52,Staging,Sales
ACC-1007,Data Warehouse,ap-southeast-1,dw.large,2025-11-19,18.24,96.0,0.0,19.47,Production,Marketing
ACC-1001,Block Storage,eu-central-1,io2,2025-11-20,0.0,198.7,0.0,21.39,Production,Engineering
ACC-1015,Compute Instances,ap-south-1,m5.xlarge,2025-11-20,19.5,0.0,0.0,3.39,Production,Engineering
ACC-1014,Object Storage,ap-southeast-1,N/A,2025-11-20,0.0,116.6,0.0,2.53,Staging,Engineering
ACC-1014,Serverless Functions,ap-southeast-1,N/A,2025-11-20,19.04,0.0,0.0,0.98,Staging,Engineering
ACC-1014,Content Delivery (CDN),ap-southeast-1,N/A,2025-11-20,0.0,0.0,8.4,0.75,Staging,Engineering
ACC-1009,Serverless Functions,eu-central-1,N/A,2025-11-20,13.51,0.0,0.0,0.67,Production,Engineering
ACC-1003,Data Warehouse,ap-south-1,dw.large,2025-11-20,27.72,26.2,0.0,13.83,Production,Data Science
ACC-1003,Managed Database,ap-south-1,db.m5.large,2025-11-20,26.2,65.1,0.0,9.67,Production,Data Science
ACC-1001,Managed Kubernetes,eu-central-1,m5.large,2025-11-20,12.15,0.0,0.0,1.19,Production,Engineering
ACC-1006,Block Storage,us-east-1,st1,2025-11-20,0.0,166.2,0.0,7.77,Production,Marketing
ACC-1006,Content Delivery (CDN),us-east-1,N/A,2025-11-20,0.0,0.0,33.4,2.68,Production,Marketing
ACC-1001,Object Storage,eu-central-1,N/A,2025-11-20,0.0,204.4,0.0,4.51,Production,Engineering
ACC-1006,Serverless Functions,us-east-1,N/A,2025-11-20,7.67,0.0,0.0,0.43,Production,Marketing
ACC-1012,Serverless Functions,eu-central-1,N/A,2025-11-20,6.24,0.0,0.0,0.32,Production,Finance
ACC-1012,Managed Database,eu-central-1,db.r5.large,2025-11-20,18.09,48.1,0.0,9.87,Production,Finance
ACC-1012,Content Delivery (CDN),eu-central-1,N/A,2025-11-20,0.0,0.0,29.5,2.56,Production,Finance
ACC-1005,Block Storage,us-east-1,io2,2025-11-20,0.0,144.7,0.0,17.56,Production,IT Operations
ACC-1005,Serverless Functions,us-east-1,N/A,2025-11-20,5.94,0.0,0.0,0.31,Production,IT Operations
ACC-1007,Managed Database,ap-southeast-1,db.r5.large,2025-11-21,27.32,62.1,0.0,12.27,Development,Marketing
ACC-1007,Compute Instances,ap-southeast-1,r5.large,2025-11-21,14.41,0.0,0.0,1.79,Development,Marketing
ACC-1002,Data Transfer / Egress,ap-south-1,N/A,2025-11-21,0.0,0.0,27.0,2.43,Production,Sales
ACC-1002,Managed Database,ap-south-1,db.r5.large,2025-11-21,14.94,16.4,0.0,5.23,Production,Sales
ACC-1015,Managed Kubernetes,ap-south-1,m5.xlarge,2025-11-21,17.23,0.0,0.0,3.64,Development,Engineering
ACC-1015,Load Balancer,ap-south-1,N/A,2025-11-21,0.0,0.0,43.0,3.62,Development,Engineering
ACC-1008,Data Warehouse,us-east-1,dw.xlarge,2025-11-21,27.36,78.3,0.0,34.06,Production,Engineering
ACC-1014,Compute Instances,us-west-2,t3.medium,2025-11-21,8.51,0.0,0.0,0.35,Production,Engineering
ACC-1014,Content Delivery (CDN),us-west-2,N/A,2025-11-21,0.0,0.0,20.0,1.66,Production,Engineering
ACC-1007,Data Transfer / Egress,ap-southeast-1,N/A,2025-11-21,0.0,0.0,26.8,2.45,Development,Marketing
ACC-1010,Compute Instances,ap-southeast-1,t3.medium,2025-11-21,10.17,0.0,0.0,0.4,Development,Data Science
ACC-1010,Managed Database,ap-southeast-1,db.t3.medium,2025-11-21,19.4,61.5,0.0,8.15,Development,Data Science
ACC-1010,Serverless Functions,ap-southeast-1,N/A,2025-11-21,6.41,0.0,0.0,0.32,Development,Data Science
ACC-1014,Block Storage,us-west-2,gp3,2025-11-21,0.0,174.2,0.0,14.59,Production,Engineering
ACC-1003,Object Storage,ap-south-1,N/A,2025-11-21,0.0,131.5,0.0,2.35,Staging,Data Science
ACC-1008,Object Storage,us-east-1,N/A,2025-11-21,0.0,220.0,0.0,5.47,Production,Engineering
ACC-1003,Content Delivery (CDN),ap-south-1,N/A,2025-11-21,0.0,0.0,12.0,1.18,Staging,Data Science
ACC-1003,Managed Kubernetes,ap-south-1,m5.xlarge,2025-11-21,9.4,0.0,0.0,1.87,Staging,Data Science
ACC-1005,Data Warehouse,us-east-1,dw.large,2025-11-21,30.0,36.1,0.0,20.03,Production,IT Operations
ACC-1005,Serverless Functions,us-east-1,N/A,2025-11-21,6.11,0.0,0.0,0.34,Production,IT Operations
ACC-1011,Compute Instances,us-east-1,t3.micro,2025-11-21,14.85,0.0,0.0,0.15,Production,Sales
ACC-1011,Managed Database,us-east-1,db.t3.medium,2025-11-21,24.51,86.6,0.0,10.5,Production,Sales
ACC-1001,Object Storage,ap-south-1,N/A,2025-11-21,0.0,268.3,0.0,6.54,Production,Engineering
ACC-1005,Data Transfer / Egress,us-east-1,N/A,2025-11-21,0.0,0.0,27.4,2.24,Production,IT Operations
ACC-1001,Data Warehouse,ap-south-1,dw.large,2025-11-21,16.37,67.6,0.0,13.81,Production,Engineering
ACC-1004,Compute Instances,ap-southeast-1,m5.xlarge,2025-11-21,6.2,0.0,0.0,1.32,Staging,Sales
ACC-1004,Data Transfer / Egress,ap-southeast-1,N/A,2025-11-21,0.0,0.0,25.2,2.37,Staging,Sales
ACC-1012,Data Transfer / Egress,eu-west-1,N/A,2025-11-21,0.0,0.0,17.8,1.5,Development,Finance
ACC-1004,Managed Kubernetes,ap-southeast-1,m5.large,2025-11-21,23.22,0.0,0.0,2.22,Staging,Sales
ACC-1013,Managed Kubernetes,us-east-1,m5.large,2025-11-21,12.48,0.0,0.0,1.15,Production,Data Science
ACC-1001,Content Delivery (CDN),ap-south-1,N/A,2025-11-21,0.0,0.0,31.7,3.12,Production,Engineering
ACC-1007,Load Balancer,ap-southeast-1,N/A,2025-11-22,0.0,0.0,18.8,1.7,Production,Marketing
ACC-1007,Data Transfer / Egress,ap-southeast-1,N/A,2025-11-22,0.0,0.0,60.2,5.5,Production,Marketing
ACC-1012,Content Delivery (CDN),eu-west-1,N/A,2025-11-22,0.0,0.0,8.2,0.75,Staging,Finance
ACC-1012,Managed Database,eu-west-1,db.t3.medium,2025-11-22,17.8,63.9,0.0,6.45,Staging,Finance
ACC-1005,Data Transfer / Egress,us-east-1,N/A,2025-11-22,0.0,0.0,35.4,3.02,Staging,IT Operations
ACC-1005,Managed Database,us-east-1,db.m5.large,2025-11-22,13.86,83.9,0.0,10.67,Staging,IT Operations
ACC-1014,Compute Instances,us-west-2,m5.xlarge,2025-11-22,15.29,0.0,0.0,2.69,Development,Engineering
ACC-1008,Content Delivery (CDN),us-east-1,N/A,2025-11-22,0.0,0.0,33.9,3.17,Development,Engineering
ACC-1013,Data Warehouse,us-east-1,dw.large,2025-11-22,20.57,36.1,0.0,14.45,Production,Data Science
ACC-1004,Serverless Functions,ap-southeast-1,N/A,2025-11-22,7.47,0.0,0.0,0.35,Production,Sales
ACC-1008,Load Balancer,us-east-1,N/A,2025-11-22,0.0,0.0,19.3,1.85,Development,Engineering
ACC-1001,Block Storage,eu-central-1,st1,2025-11-22,0.0,169.6,0.0,6.94,Production,Engineering
ACC-1002,Managed Database,ap-south-1,db.m5.large,2025-11-22,12.88,84.2,0.0,11.37,Development,Sales
ACC-1002,Compute Instances,ap-south-1,m5.large,2025-11-22,5.85,0.0,0.0,0.53,Development,Sales
ACC-1001,Data Warehouse,eu-central-1,dw.xlarge,2025-11-22,3.55,26.8,0.0,5.86,Production,Engineering
ACC-1003,Data Warehouse,ap-south-1,dw.large,2025-11-22,11.41,54.3,0.0,12.02,Production,Data Science
ACC-1003,Object Storage,ap-south-1,N/A,2025-11-22,0.0,391.4,0.0,7.69,Production,Data Science
ACC-1015,Content Delivery (CDN),ap-south-1,N/A,2025-11-22,0.0,0.0,28.2,2.51,Staging,Engineering
ACC-1015,Data Warehouse,ap-south-1,dw.xlarge,2025-11-22,3.31,60.5,0.0,9.41,Staging,Engineering
ACC-1015,Compute Instances,ap-south-1,m5.large,2025-11-22,6.78,0.0,0.0,0.67,Staging,Engineering
ACC-1011,Data Warehouse,us-east-1,dw.large,2025-11-22,14.02,60.6,0.0,13.97,Staging,Sales
ACC-1010,Managed Database,ap-southeast-1,db.t3.medium,2025-11-22,5.37,70.0,0.0,7.14,Production,Data Science
ACC-1003,Serverless Functions,ap-southeast-1,N/A,2025-11-23,7.91,0.0,0.0,0.41,Staging,Data Science
ACC-1006,Object Storage,us-east-1,N/A,2025-11-23,0.0,161.4,0.0,3.86,Development,Marketing
ACC-1012,Block Storage,eu-west-1,io2,2025-11-23,0.0,84.7,0.0,11.33,Production,Finance
ACC-1003,Content Delivery (CDN),ap-southeast-1,N/A,2025-11-23,0.0,0.0,49.0,4.25,Staging,Data Science
ACC-1010,Content Delivery (CDN),ap-southeast-1,N/A,2025-11-23,0.0,0.0,15.1,1.31,Production,Data Science
ACC-1008,Managed Kubernetes,us-east-1,c5.2xlarge,2025-11-23,4.19,0.0,0.0,1.54,Staging,Engineering
ACC-1008,Content Delivery (CDN),us-east-1,N/A,2025-11-23,0.0,0.0,39.4,3.06,Staging,Engineering
ACC-1012,Compute Instances,eu-west-1,m5.xlarge,2025-11-23,5.27,0.0,0.0,0.99,Production,Finance
ACC-1003,Load Balancer,ap-southeast-1,N/A,2025-11-23,0.0,0.0,35.1,3.27,Staging,Data Science
ACC-1011,Load Balancer,us-east-1,N/A,2025-11-23,0.0,0.0,24.8,2.28,Production,Sales
ACC-1005,Data Warehouse,us-east-1,dw.large,2025-11-23,7.3,64.9,0.0,10.66,Production,IT Operations
ACC-1005,Managed Database,us-east-1,db.m5.large,2025-11-23,19.71,61.2,0.0,10.09,Production,IT Operations
ACC-1013,Data Warehouse,us-east-1,dw.large,2025-11-23,10.74,93.0,0.0,14.21,Production,Data Science
ACC-1013,Compute Instances,us-east-1,c5.large,2025-11-23,9.19,0.0,0.0,0.77,Production,Data Science
ACC-1011,Block Storage,us-east-1,st1,2025-11-23,0.0,308.5,0.0,12.84,Production,Sales
ACC-1004,Object Storage,ap-south-1,N/A,2025-11-23,0.0,317.9,0.0,7.26,Staging,Sales
ACC-1004,Data Warehouse,ap-south-1,dw.xlarge,2025-11-23,14.94,46.8,0.0,19.78,Staging,Sales
ACC-1005,Serverless Functions,us-east-1,N/A,2025-11-23,6.64,0.0,0.0,0.33,Production,IT Operations
ACC-1014,Load Balancer,us-west-2,N/A,2025-11-23,0.0,0.0,21.7,1.84,Development,Engineering
ACC-1014,Serverless Functions,us-west-2,N/A,2025-11-24,9.8,0.0,0.0,0.46,Development,Engineering
ACC-1001,Compute Instances,eu-central-1,c5.large,2025-11-24,8.22,0.0,0.0,0.7,Development,Engineering
ACC-1001,Managed Kubernetes,eu-central-1,c5.2xlarge,2025-11-24,28.58,0.0,0.0,9.32,Development,Engineering
ACC-1003,Compute Instances,ap-south-1,m5.xlarge,2025-11-24,7.21,0.0,0.0,1.2,Staging,Data Science
ACC-1008,Object Storage,us-east-1,N/A,2025-11-24,0.0,223.6,0.0,4.56,Development,Engineering
ACC-1008,Data Warehouse,us-east-1,dw.xlarge,2025-11-24,20.21,33.1,0.0,21.28,Development,Engineering
ACC-1008,Serverless Functions,us-east-1,N/A,2025-11-24,23.93,0.0,0.0,1.19,Development,Engineering
ACC-1014,Managed Kubernetes,us-west-2,c5.2xlarge,2025-11-24,9.88,0.0,0.0,3.22,Development,Engineering
ACC-1014,Data Transfer / Egress,us-west-2,N/A,2025-11-24,0.0,0.0,35.9,3.68,Development,Engineering
ACC-1015,Managed Kubernetes,ap-south-1,m5.large,2025-11-24,16.72,0.0,0.0,1.61,Production,Engineering
ACC-1005,Managed Kubernetes,us-east-1,c5.2xlarge,2025-11-24,15.11,0.0,0.0,5.17,Development,IT Operations
ACC-1011,Data Transfer / Egress,us-east-1,N/A,2025-11-24,0.0,0.0,34.0,2.8,Development,Sales
ACC-1011,Data Warehouse,us-east-1,dw.large,2025-11-24,32.79,105.2,0.0,27.01,Development,Sales
ACC-1011,Block Storage,us-east-1,io2,2025-11-24,0.0,154.0,0.0,18.2,Development,Sales
ACC-1009,Compute Instances,eu-central-1,m5.xlarge,2025-11-24,22.22,0.0,0.0,4.91,Production,Engineering
ACC-1009,Serverless Functions,eu-central-1,N/A,2025-11-24,17.12,0.0,0.0,0.82,Production,Engineering
ACC-1009,Object Storage,eu-central-1,N/A,2025-11-24,0.0,182.2,0.0,4.4,Production,Engineering
ACC-1012,Data Warehouse,eu-west-1,dw.large,2025-11-24,19.77,23.6,0.0,12.9,Production,Finance
ACC-1006,Managed Kubernetes,us-east-1,c5.2xlarge,2025-11-25,11.19,0.0,0.0,3.87,Production,Marketing
ACC-1006,Data Warehouse,us-east-1,dw.large,2025-11-25,15.89,85.5,0.0,16.34,Production,Marketing
ACC-1007,Managed Kubernetes,ap-southeast-1,m5.xlarge,2025-11-25,15.34,0.0,0.0,3.14,Staging,Marketing
ACC-1007,Compute Instances,ap-southeast-1,m5.xlarge,2025-11-25,18.81,0.0,0.0,3.75,Staging,Marketing
ACC-1007,Managed Database,ap-southeast-1,db.r5.large,2025-11-25,17.97,86.3,0.0,13.09,Staging,Marketing
ACC-1005,Serverless Functions,us-east-1,N/A,2025-11-25,22.46,0.0,0.0,1.19,Production,IT Operations
ACC-1005,Managed Database,us-east-1,db.r5.large,2025-11-25,12.79,51.6,0.0,7.78,Production,IT Operations
ACC-1005,Object Storage,us-east-1,N/A,2025-11-25,0.0,52.9,0.0,1.25,Production,IT Operations
ACC-1011,Load Balancer,us-east-1,N/A,2025-11-25,0.0,0.0,40.7,3.7,Staging,Sales
ACC-1003,Managed Kubernetes,ap-south-1,m5.large,2025-11-25,22.99,0.0,0.0,2.12,Production,Data Science
ACC-1013,Object Storage,us-east-1,N/A,2025-11-25,0.0,192.2,0.0,4.44,Production,Data Science
ACC-1013,Managed Database,us-east-1,db.m5.large,2025-11-25,9.84,105.8,0.0,11.63,Production,Data Science
ACC-1002,Serverless Functions,ap-south-1,N/A,2025-11-25,27.83,0.0,0.0,1.37,Staging,Sales
ACC-1014,Load Balancer,us-west-2,N/A,2025-11-25,0.0,0.0,39.5,3.17,Production,Engineering
ACC-1014,Managed Database,us-west-2,db.m5.large,2025-11-25,19.16,106.6,0.0,12.94,Production,Engineering
ACC-1014,Data Transfer / Egress,us-west-2,N/A,2025-11-25,0.0,0.0,41.4,3.51,Production,Engineering
ACC-1015,Load Balancer,ap-south-1,N/A,2025-11-25,0.0,0.0,28.5,2.35,Development,Engineering
ACC-1013,Block Storage,us-east-1,st1,2025-11-26,0.0,209.0,0.0,9.01,Production,Data Science
ACC-1011,Serverless Functions,us-east-1,N/A,2025-11-26,9.09,0.0,0.0,0.43,Production,Sales
ACC-1001,Content Delivery (CDN),eu-central-1,N/A,2025-11-26,0.0,0.0,78.4,6.95,Production,Engineering
ACC-1001,Managed Kubernetes,eu-central-1,m5.xlarge,2025-11-26,12.43,0.0,0.0,2.4,Production,Engineering
ACC-1014,Compute Instances,us-west-2,t3.medium,2025-11-26,28.54,0.0,0.0,1.24,Production,Engineering
ACC-1003,Content Delivery (CDN),us-west-2,N/A,2025-11-26,0.0,0.0,10.1,0.98,Development,Data Science
ACC-1003,Load Balancer,us-west-2,N/A,2025-11-26,0.0,0.0,17.7,1.45,Development,Data Science
ACC-1014,Serverless Functions,us-west-2,N/A,2025-11-26,13.7,0.0,0.0,0.67,Production,Engineering
ACC-1012,Data Warehouse,eu-west-1,dw.large,2025-11-26,26.0,112.1,0.0,28.72,Production,Finance
ACC-1003,Serverless Functions,us-west-2,N/A,2025-11-26,22.1,0.0,0.0,1.05,Development,Data Science
ACC-1012,Managed Database,eu-west-1,db.r5.large,2025-11-26,16.08,65.6,0.0,10.52,Production,Finance
ACC-1013,Serverless Functions,us-east-1,N/A,2025-11-26,13.2,0.0,0.0,0.7,Production,Data Science
ACC-1015,Object Storage,ap-south-1,N/A,2025-11-26,0.0,178.2,0.0,3.73,Development,Engineering
ACC-1005,Load Balancer,ap-south-1,N/A,2025-11-26,0.0,0.0,32.8,3.22,Staging,IT Operations
ACC-1010,Compute Instances,ap-southeast-1,m5.large,2025-11-26,17.78,0.0,0.0,1.66,Production,Data Science
ACC-1006,Object Storage,us-east-1,N/A,2025-11-26,0.0,250.4,0.0,5.84,Staging,Marketing
ACC-1006,Data Warehouse,us-east-1,dw.large,2025-11-26,19.87,78.4,0.0,16.35,Staging,Marketing
ACC-1006,Data Transfer / Egress,us-east-1,N/A,2025-11-26,0.0,0.0,37.4,3.59,Staging,Marketing
ACC-1015,Managed Database,ap-south-1,db.r5.large,2025-11-26,22.21,28.3,0.0,8.07,Development,Engineering
ACC-1004,Serverless Functions,ap-southeast-1,N/A,2025-11-26,14.7,0.0,0.0,0.68,Staging,Sales
ACC-1004,Load Balancer,ap-southeast-1,N/A,2025-11-26,0.0,0.0,22.2,1.97,Staging,Sales
ACC-1009,Data Warehouse,eu-central-1,dw.xlarge,2025-11-26,49.99,113.2,0.0,63.34,Production,Engineering
ACC-1015,Block Storage,ap-south-1,gp3,2025-11-26,0.0,99.1,0.0,8.16,Development,Engineering
ACC-1008,Serverless Functions,us-east-1,N/A,2025-11-26,27.49,0.0,0.0,1.48,Production,Engineering
ACC-1007,Block Storage,ap-southeast-1,gp3,2025-11-27,0.0,150.9,0.0,11.27,Production,Marketing
ACC-1009,Data Warehouse,eu-central-1,dw.large,2025-11-27,34.6,59.0,0.0,23.08,Staging,Engineering
ACC-1009,Managed Database,eu-central-1,db.r5.large,2025-11-27,12.99,71.0,0.0,10.57,Staging,Engineering
ACC-1004,Object Storage,ap-southeast-1,N/A,2025-11-27,0.0,524.2,0.0,10.22,Production,Sales
ACC-1006,Managed Kubernetes,us-east-1,m5.large,2025-11-27,9.92,0.0,0.0,0.85,Production,Marketing
ACC-1005,Content Delivery (CDN),eu-central-1,N/A,2025-11-27,0.0,0.0,15.8,1.19,Production,IT Operations
ACC-1005,Managed Database,eu-central-1,db.m5.large,2025-11-27,33.4,18.2,0.0,7.79,Production,IT Operations
ACC-1005,Compute Instances,eu-central-1,r5.large,2025-11-27,8.32,0.0,0.0,1.15,Production,IT Operations
ACC-1012,Managed Database,eu-west-1,db.r5.large,2025-11-27,30.23,52.6,0.0,13.01,Staging,Finance
ACC-1002,Compute Instances,eu-west-1,c5.large,2025-11-27,5.2,0.0,0.0,0.4,Production,Sales
ACC-1006,Load Balancer,us-east-1,N/A,2025-11-27,0.0,0.0,38.4,3.4,Production,Marketing
ACC-1011,Content Delivery (CDN),us-east-1,N/A,2025-11-27,0.0,0.0,10.8,1.01,Production,Sales
ACC-1002,Data Warehouse,eu-west-1,dw.large,2025-11-27,17.93,82.4,0.0,15.02,Production,Sales
ACC-1015,Block Storage,ap-south-1,gp3,2025-11-27,0.0,174.3,0.0,13.66,Production,Engineering
ACC-1014,Content Delivery (CDN),us-west-2,N/A,2025-11-27,0.0,0.0,49.7,4.59,Production,Engineering
ACC-1014,Data Transfer / Egress,us-west-2,N/A,2025-11-27,0.0,0.0,17.3,1.6,Production,Engineering
ACC-1014,Block Storage,us-west-2,io2,2025-11-27,0.0,208.0,0.0,26.21,Production,Engineering
ACC-1008,Managed Database,us-east-1,db.t3.medium,2025-11-27,15.27,24.5,0.0,3.3,Production,Engineering
ACC-1008,Load Balancer,us-east-1,N/A,2025-11-27,0.0,0.0,14.7,1.48,Production,Engineering
ACC-1008,Object Storage,us-east-1,N/A,2025-11-27,0.0,175.2,0.0,3.85,Production,Engineering
ACC-1001,Managed Database,eu-central-1,db.r5.large,2025-11-27,36.09,60.6,0.0,13.87,Development,Engineering
ACC-1001,Serverless Functions,eu-central-1,N/A,2025-11-27,5.83,0.0,0.0,0.3,Development,Engineering
ACC-1010,Managed Kubernetes,ap-southeast-1,c5.2xlarge,2025-11-27,10.29,0.0,0.0,3.64,Production,Data Science
ACC-1010,Data Warehouse,ap-southeast-1,dw.xlarge,2025-11-27,41.02,103.5,0.0,49.12,Production,Data Science
ACC-1003,Block Storage,eu-west-1,io2,2025-11-27,0.0,231.6,0.0,31.29,Production,Data Science
ACC-1009,Data Warehouse,eu-central-1,dw.xlarge,2025-11-28,9.72,119.5,0.0,21.82,Production,Engineering
ACC-1009,Data Transfer / Egress,eu-central-1,N/A,2025-11-28,0.0,0.0,18.0,1.49,Production,Engineering
ACC-1002,Data Transfer / Egress,ap-south-1,N/A,2025-11-28,0.0,0.0,10.9,0.94,Staging,Sales
ACC-1001,Block Storage,eu-central-1,st1,2025-11-28,0.0,186.2,0.0,7.97,Production,Engineering
ACC-1009,Serverless Functions,eu-central-1,N/A,2025-11-28,13.0,0.0,0.0,0.65,Production,Engineering
ACC-1001,Managed Kubernetes,eu-central-1,m5.xlarge,2025-11-28,6.93,0.0,0.0,1.2,Production,Engineering
ACC-1008,Content Delivery (CDN),us-east-1,N/A,2025-11-28,0.0,0.0,25.9,2.44,Production,Engineering
ACC-1004,Data Warehouse,ap-southeast-1,dw.large,2025-11-28,26.06,38.4,0.0,16.79,Production,Sales
ACC-1008,Managed Kubernetes,us-east-1,c5.2xlarge,2025-11-28,17.71,0.0,0.0,6.58,Production,Engineering
ACC-1003,Managed Database,ap-south-1,db.t3.medium,2025-11-28,17.34,33.6,0.0,5.08,Production,Data Science
ACC-1006,Compute Instances,us-east-1,t3.medium,2025-11-28,29.32,0.0,0.0,1.18,Development,Marketing
ACC-1006,Serverless Functions,us-east-1,N/A,2025-11-28,7.33,0.0,0.0,0.34,Development,Marketing
ACC-1014,Data Transfer / Egress,us-west-2,N/A,2025-11-28,0.0,0.0,67.6,6.09,Development,Engineering
ACC-1008,Data Transfer / Egress,us-east-1,N/A,2025-11-28,0.0,0.0,17.7,1.65,Production,Engineering
ACC-1002,Serverless Functions,ap-south-1,N/A,2025-11-28,15.02,0.0,0.0,0.79,Staging,Sales
ACC-1004,Managed Database,ap-southeast-1,db.m5.large,2025-11-28,29.37,16.9,0.0,7.0,Production,Sales
ACC-1015,Serverless Functions,ap-south-1,N/A,2025-11-28,12.4,0.0,0.0,0.67,Production,Engineering
ACC-1015,Load Balancer,ap-south-1,N/A,2025-11-28,0.0,0.0,17.2,1.57,Production,Engineering
ACC-1010,Data Warehouse,ap-southeast-1,dw.large,2025-11-28,35.94,95.9,0.0,29.28,Production,Data Science
ACC-1010,Managed Kubernetes,ap-southeast-1,c5.2xlarge,2025-11-28,18.3,0.0,0.0,5.89,Production,Data Science
ACC-1007,Managed Kubernetes,ap-southeast-1,c5.2xlarge,2025-11-28,11.02,0.0,0.0,3.27,Staging,Marketing
ACC-1005,Data Transfer / Egress,us-east-1,N/A,2025-11-28,0.0,0.0,17.9,1.61,Staging,IT Operations
ACC-1005,Compute Instances,us-east-1,r5.large,2025-11-28,21.39,0.0,0.0,2.8,Staging,IT Operations
ACC-1005,Data Warehouse,us-east-1,dw.large,2025-11-28,23.33,18.7,0.0,13.74,Staging,IT Operations
ACC-1010,Data Transfer / Egress,ap-southeast-1,N/A,2025-11-28,0.0,0.0,37.4,3.55,Production,Data Science
ACC-1011,Content Delivery (CDN),us-east-1,N/A,2025-11-28,0.0,0.0,64.5,5.45,Production,Sales
ACC-1011,Block Storage,us-east-1,st1,2025-11-28,0.0,159.7,0.0,7.07,Production,Sales
ACC-1012,Managed Database,eu-west-1,db.r5.large,2025-11-28,15.63,50.2,0.0,45.58,Staging,Finance
ACC-1012,Compute Instances,eu-west-1,t3.micro,2025-11-28,10.26,0.0,0.0,0.09,Staging,Finance
ACC-1012,Data Warehouse,eu-west-1,dw.xlarge,2025-11-28,25.49,59.7,0.0,32.52,Staging,Finance
ACC-1015,Block Storage,ap-south-1,st1,2025-11-28,0.0,186.9,0.0,8.02,Production,Engineering
ACC-1011,Managed Kubernetes,us-east-1,m5.large,2025-11-28,10.79,0.0,0.0,1.0,Production,Sales
ACC-1009,Managed Database,eu-central-1,db.t3.medium,2025-11-29,8.39,97.1,0.0,8.92,Production,Engineering
ACC-1001,Block Storage,eu-central-1,io2,2025-11-29,0.0,211.4,0.0,25.9,Production,Engineering
ACC-1003,Data Warehouse,us-west-2,dw.xlarge,2025-11-29,8.45,63.4,0.0,14.81,Production,Data Science
ACC-1003,Content Delivery (CDN),us-west-2,N/A,2025-11-29,0.0,0.0,3.2,0.28,Production,Data Science
ACC-1008,Content Delivery (CDN),us-east-1,N/A,2025-11-29,0.0,0.0,29.7,2.45,Staging,Engineering
ACC-1014,Data Warehouse,us-west-2,dw.large,2025-11-29,16.01,45.7,0.0,13.09,Production,Engineering
ACC-1008,Compute Instances,us-east-1,t3.micro,2025-11-29,8.89,0.0,0.0,0.09,Staging,Engineering
ACC-1014,Data Transfer / Egress,us-west-2,N/A,2025-11-29,0.0,0.0,59.0,5.1,Production,Engineering
ACC-1010,Data Warehouse,ap-southeast-1,dw.large,2025-11-29,8.17,59.5,0.0,10.88,Production,Data Science
ACC-1010,Managed Database,ap-southeast-1,db.t3.medium,2025-11-29,11.65,86.2,0.0,9.8,Production,Data Science
ACC-1009,Compute Instances,eu-central-1,c5.large,2025-11-29,6.27,0.0,0.0,0.52,Production,Engineering
ACC-1008,Load Balancer,us-east-1,N/A,2025-11-29,0.0,0.0,34.3,3.36,Staging,Engineering
ACC-1009,Managed Kubernetes,eu-central-1,c5.2xlarge,2025-11-29,5.11,0.0,0.0,1.88,Production,Engineering
ACC-1014,Object Storage,us-west-2,N/A,2025-11-29,0.0,252.5,0.0,5.75,Production,Engineering
ACC-1012,Compute Instances,eu-west-1,r5.large,2025-11-29,9.02,0.0,0.0,1.09,Staging,Finance
ACC-1015,Managed Kubernetes,ap-south-1,m5.large,2025-11-29,10.52,0.0,0.0,1.12,Production,Engineering
ACC-1006,Load Balancer,us-east-1,N/A,2025-11-29,0.0,0.0,44.0,3.53,Staging,Marketing
ACC-1011,Load Balancer,us-east-1,N/A,2025-11-29,0.0,0.0,44.3,4.12,Development,Sales
ACC-1011,Managed Database,us-east-1,db.t3.medium,2025-11-29,10.53,66.2,0.0,7.24,Development,Sales
ACC-1011,Serverless Functions,us-east-1,N/A,2025-11-29,5.76,0.0,0.0,0.3,Development,Sales
ACC-1004,Content Delivery (CDN),ap-southeast-1,N/A,2025-11-29,0.0,0.0,28.0,2.53,Staging,Sales
ACC-1005,Serverless Functions,us-east-1,N/A,2025-11-29,13.38,0.0,0.0,0.68,Staging,IT Operations
ACC-1005,Managed Kubernetes,us-east-1,m5.xlarge,2025-11-29,10.68,0.0,0.0,2.06,Staging,IT Operations
ACC-1005,Managed Database,us-east-1,db.r5.large,2025-11-29,5.82,54.8,0.0,6.26,Staging,IT Operations
ACC-1013,Load Balancer,us-east-1,N/A,2025-11-29,0.0,0.0,40.0,3.83,Production,Data Science
ACC-1007,Object Storage,ap-south-1,N/A,2025-11-29,0.0,80.9,0.0,1.81,Development,Marketing
ACC-1002,Managed Database,ap-south-1,db.m5.large,2025-11-29,12.87,25.2,0.0,4.53,Production,Sales
ACC-1008,Managed Database,us-east-1,db.m5.large,2025-11-30,16.34,32.9,0.0,6.71,Development,Engineering
ACC-1008,Object Storage,us-east-1,N/A,2025-11-30,0.0,312.6,0.0,7.15,Development,Engineering
ACC-1005,Compute Instances,us-east-1,m5.large,2025-11-30,8.29,0.0,0.0,0.73,Production,IT Operations
ACC-1005,Data Transfer / Egress,us-east-1,N/A,2025-11-30,0.0,0.0,20.4,1.84,Production,IT Operations
ACC-1005,Data Warehouse,us-east-1,dw.large,2025-11-30,10.29,23.0,0.0,7.32,Production,IT Operations
ACC-1009,Content Delivery (CDN),eu-central-1,N/A,2025-11-30,0.0,0.0,9.7,0.87,Production,Engineering
ACC-1009,Managed Database,eu-central-1,db.m5.large,2025-11-30,22.5,21.4,0.0,5.7,Production,Engineering
ACC-1014,Content Delivery (CDN),us-west-2,N/A,2025-11-30,0.0,0.0,13.4,1.0,Production,Engineering
ACC-1014,Data Warehouse,us-west-2,dw.xlarge,2025-11-30,22.15,55.1,0.0,27.97,Production,Engineering
ACC-1012,Managed Database,eu-west-1,db.r5.large,2025-11-30,10.61,63.4,0.0,9.2,Production,Finance
ACC-1001,Managed Kubernetes,eu-central-1,m5.xlarge,2025-11-30,9.96,0.0,0.0,1.84,Production,Engineering
ACC-1006,Compute Instances,us-east-1,c5.large,2025-11-30,8.78,0.0,0.0,0.74,Development,Marketing
ACC-1007,Content Delivery (CDN),eu-central-1,N/A,2025-11-30,0.0,0.0,20.1,1.81,Staging,Marketing
ACC-1001,Content Delivery (CDN),eu-central-1,N/A,2025-11-30,0.0,0.0,42.4,4.11,Production,Engineering
ACC-1010,Block Storage,ap-southeast-1,st1,2025-11-30,0.0,269.7,0.0,11.22,Production,Data Science
ACC-1001,Compute Instances,eu-central-1,c5.large,2025-11-30,3.92,0.0,0.0,0.31,Production,Engineering
ACC-1004,Content Delivery (CDN),ap-southeast-1,N/A,2025-11-30,0.0,0.0,15.6,1.16,Production,Sales
ACC-1004,Block Storage,ap-southeast-1,gp3,2025-11-30,0.0,272.8,0.0,21.93,Production,Sales
ACC-1004,Managed Kubernetes,ap-southeast-1,m5.xlarge,2025-11-30,9.12,0.0,0.0,1.56,Production,Sales
ACC-1002,Managed Kubernetes,ap-south-1,c5.2xlarge,2025-11-30,11.64,0.0,0.0,3.73,Production,Sales
ACC-1002,Data Warehouse,ap-south-1,dw.large,2025-11-30,11.54,79.0,0.0,12.86,Production,Sales
ACC-1015,Managed Database,ap-south-1,db.r5.large,2025-11-30,8.88,62.5,0.0,8.17,Development,Engineering
ACC-1015,Data Warehouse,ap-south-1,dw.xlarge,2025-11-30,14.14,55.9,0.0,20.01,Development,Engineering
ACC-1013,Block Storage,us-east-1,st1,2025-11-30,0.0,360.9,0.0,17.14,Production,Data Science
ACC-1013,Data Warehouse,us-east-1,dw.large,2025-11-30,10.5,73.9,0.0,13.09,Production,Data Science
ACC-1013,Object Storage,us-east-1,N/A,2025-11-30,0.0,233.1,0.0,5.09,Production,Data Science
ACC-1015,Data Transfer / Egress,ap-south-1,N/A,2025-11-30,0.0,0.0,33.9,2.71,Development,Engineering
ACC-1002,Data Transfer / Egress,ap-south-1,N/A,2025-12-01,0.0,0.0,42.1,3.87,Production,Sales
ACC-1008,Content Delivery (CDN),us-east-1,N/A,2025-12-01,0.0,0.0,35.9,3.36,Development,Engineering
ACC-1008,Object Storage,us-east-1,N/A,2025-12-01,0.0,184.5,0.0,4.77,Development,Engineering
ACC-1013,Object Storage,us-east-1,N/A,2025-12-01,0.0,180.4,0.0,4.29,Staging,Data Science
ACC-1001,Data Transfer / Egress,eu-central-1,N/A,2025-12-01,0.0,0.0,14.3,1.1,Staging,Engineering
ACC-1008,Block Storage,us-east-1,st1,2025-12-01,0.0,141.2,0.0,6.68,Development,Engineering
ACC-1001,Managed Database,eu-central-1,db.r5.large,2025-12-01,23.28,36.5,0.0,10.41,Staging,Engineering
ACC-1009,Block Storage,eu-central-1,gp3,2025-12-01,0.0,140.2,0.0,10.72,Production,Engineering
ACC-1009,Data Transfer / Egress,eu-central-1,N/A,2025-12-01,0.0,0.0,52.1,4.34,Production,Engineering
ACC-1009,Serverless Functions,eu-central-1,N/A,2025-12-01,15.21,0.0,0.0,0.66,Production,Engineering
ACC-1001,Serverless Functions,eu-central-1,N/A,2025-12-01,14.25,0.0,0.0,0.68,Staging,Engineering
ACC-1006,Data Transfer / Egress,us-east-1,N/A,2025-12-01,0.0,0.0,19.0,1.63,Production,Marketing
ACC-1003,Compute Instances,ap-south-1,c5.large,2025-12-01,22.83,0.0,0.0,1.71,Production,Data Science
ACC-1006,Managed Database,us-east-1,db.r5.large,2025-12-01,23.02,34.6,0.0,8.39,Production,Marketing
ACC-1015,Content Delivery (CDN),ap-south-1,N/A,2025-12-01,0.0,0.0,11.4,1.13,Production,Engineering
ACC-1015,Data Transfer / Egress,ap-south-1,N/A,2025-12-01,0.0,0.0,35.6,13.06,Production,Engineering
ACC-1012,Serverless Functions,eu-west-1,N/A,2025-12-01,4.53,0.0,0.0,0.22,Production,Finance
ACC-1012,Object Storage,eu-west-1,N/A,2025-12-01,0.0,76.0,0.0,1.7,Production,Finance
ACC-1012,Data Warehouse,eu-west-1,dw.large,2025-12-01,17.54,30.3,0.0,11.85,Production,Finance
ACC-1005,Compute Instances,ap-southeast-1,t3.micro,2025-12-01,9.73,0.0,0.0,0.09,Development,IT Operations
ACC-1011,Block Storage,us-east-1,gp3,2025-12-01,0.0,215.3,0.0,17.61,Development,Sales
ACC-1011,Data Transfer / Egress,us-east-1,N/A,2025-12-01,0.0,0.0,33.9,2.54,Development,Sales
ACC-1003,Serverless Functions,ap-south-1,N/A,2025-12-01,21.77,0.0,0.0,1.06,Production,Data Science
ACC-1006,Object Storage,us-east-1,N/A,2025-12-01,0.0,165.3,0.0,12.76,Production,Marketing
ACC-1011,Content Delivery (CDN),us-east-1,N/A,2025-12-01,0.0,0.0,19.4,1.54,Development,Sales
ACC-1002,Managed Database,ap-south-1,db.m5.large,2025-12-02,17.48,52.2,0.0,7.26,Production,Sales
ACC-1002,Content Delivery (CDN),ap-south-1,N/A,2025-12-02,0.0,0.0,21.6,1.82,Production,Sales
ACC-1015,Serverless Functions,ap-south-1,N/A,2025-12-02,11.13,0.0,0.0,0.56,Staging,Engineering
ACC-1005,Managed Database,us-east-1,db.m5.large,2025-12-02,37.47,88.2,0.0,13.97,Production,IT Operations
ACC-1005,Block Storage,us-east-1,io2,2025-12-02,0.0,116.6,0.0,14.65,Production,IT Operations
ACC-1003,Compute Instances,ap-south-1,m5.xlarge,2025-12-02,16.17,0.0,0.0,2.94,Production,Data Science
ACC-1003,Data Transfer / Egress,ap-south-1,N/A,2025-12-02,0.0,0.0,61.3,6.16,Production,Data Science
ACC-1013,Content Delivery (CDN),us-east-1,N/A,2025-12-02,0.0,0.0,18.9,1.8,Production,Data Science
ACC-1013,Block Storage,us-east-1,gp3,2025-12-02,0.0,240.3,0.0,16.29,Production,Data Science
ACC-1014,Load Balancer,us-west-2,N/A,2025-12-02,0.0,0.0,32.4,3.1,Staging,Engineering
ACC-1003,Managed Kubernetes,ap-south-1,m5.xlarge,2025-12-02,8.08,0.0,0.0,1.68,Production,Data Science
ACC-1012,Data Warehouse,eu-west-1,dw.large,2025-12-02,19.08,32.1,0.0,13.07,Development,Finance
ACC-1014,Data Warehouse,us-west-2,dw.xlarge,2025-12-02,20.34,69.6,0.0,28.7,Staging,Engineering
ACC-1009,Object Storage,eu-central-1,N/A,2025-12-02,0.0,167.3,0.0,3.93,Development,Engineering
ACC-1008,Content Delivery (CDN),us-east-1,N/A,2025-12-02,0.0,0.0,27.7,2.49,Staging,Engineering
ACC-1008,Data Transfer / Egress,us-east-1,N/A,2025-12-02,0.0,0.0,38.5,3.56,Staging,Engineering
ACC-1004,Compute Instances,ap-southeast-1,r5.large,2025-12-02,15.11,0.0,0.0,1.98,Staging,Sales
ACC-1010,Object Storage,ap-southeast-1,N/A,2025-12-02,0.0,175.9,0.0,4.3,Production,Data Science
ACC-1011,Serverless Functions,us-east-1,N/A,2025-12-02,14.48,0.0,0.0,0.76,Staging,Sales
ACC-1011,Data Warehouse,us-east-1,dw.xlarge,2025-12-02,17.17,21.8,0.0,18.06,Staging,Sales
ACC-1001,Serverless Functions,eu-central-1,N/A,2025-12-02,11.01,0.0,0.0,0.51,Production,Engineering
ACC-1009,Managed Kubernetes,eu-central-1,c5.2xlarge,2025-12-02,10.9,0.0,0.0,3.37,Development,Engineering
ACC-1006,Managed Kubernetes,us-east-1,m5.large,2025-12-02,5.94,0.0,0.0,0.5,Production,Marketing
ACC-1006,Data Warehouse,us-east-1,dw.large,2025-12-02,32.94,51.0,0.0,22.46,Production,Marketing
ACC-1007,Content Delivery (CDN),ap-southeast-1,N/A,2025-12-02,0.0,0.0,74.1,6.31,Staging,Marketing
ACC-1011,Managed Database,us-east-1,db.m5.large,2025-12-03,22.74,24.2,0.0,5.61,Production,Sales
ACC-1011,Data Transfer / Egress,us-east-1,N/A,2025-12-03,0.0,0.0,22.4,2.04,Production,Sales
ACC-1006,Object Storage,us-east-1,N/A,2025-12-03,0.0,154.9,0.0,3.89,Production,Marketing
ACC-1004,Content Delivery (CDN),ap-southeast-1,N/A,2025-12-03,0.0,0.0,29.9,2.56,Production,Sales
ACC-1006,Data Warehouse,us-east-1,dw.xlarge,2025-12-03,10.17,102.5,0.0,18.19,Production,Marketing
ACC-1004,Managed Kubernetes,ap-southeast-1,c5.2xlarge,2025-12-03,19.67,0.0,0.0,6.97,Production,Sales
ACC-1015,Object Storage,ap-south-1,N/A,2025-12-03,0.0,168.6,0.0,3.9,Production,Engineering
ACC-1002,Data Warehouse,ap-south-1,dw.xlarge,2025-12-03,49.28,75.6,0.0,51.94,Staging,Sales
ACC-1002,Object Storage,ap-south-1,N/A,2025-12-03,0.0,191.0,0.0,4.69,Staging,Sales
ACC-1002,Serverless Functions,ap-south-1,N/A,2025-12-03,8.11,0.0,0.0,0.36,Staging,Sales
ACC-1003,Data Warehouse,ap-south-1,dw.xlarge,2025-12-03,24.6,56.6,0.0,31.63,Production,Data Science
ACC-1015,Load Balancer,ap-south-1,N/A,2025-12-03,0.0,0.0,25.1,2.45,Production,Engineering
ACC-1013,Compute Instances,us-east-1,t3.medium,2025-12-03,21.77,0.0,0.0,0.91,Development,Data Science
ACC-1006,Compute Instances,us-east-1,m5.large,2025-12-03,7.23,0.0,0.0,0.68,Production,Marketing
ACC-1010,Data Transfer / Egress,ap-southeast-1,N/A,2025-12-03,0.0,0.0,40.4,4.05,Staging,Data Science
ACC-1005,Managed Kubernetes,us-east-1,c5.2xlarge,2025-12-03,6.28,0.0,0.0,2.04,Staging,IT Operations
ACC-1005,Block Storage,us-east-1,io2,2025-12-03,0.0,240.0,0.0,27.57,Staging,IT Operations
ACC-1001,Object Storage,eu-central-1,N/A,2025-12-03,0.0,202.3,0.0,4.04,Staging,Engineering
ACC-1012,Data Transfer / Egress,eu-west-1,N/A,2025-12-03,0.0,0.0,31.7,2.76,Production,Finance
ACC-1014,Load Balancer,us-west-2,N/A,2025-12-03,0.0,0.0,14.0,1.21,Production,Engineering
ACC-1014,Object Storage,us-west-2,N/A,2025-12-03,0.0,178.8,0.0,4.01,Production,Engineering
ACC-1007,Content Delivery (CDN),ap-southeast-1,N/A,2025-12-03,0.0,0.0,40.7,3.08,Staging,Marketing
ACC-1014,Block Storage,us-west-2,st1,2025-12-03,0.0,212.9,0.0,9.52,Production,Engineering
ACC-1009,Data Transfer / Egress,eu-central-1,N/A,2025-12-03,0.0,0.0,19.1,1.95,Production,Engineering
ACC-1008,Managed Kubernetes,us-east-1,c5.2xlarge,2025-12-03,16.48,0.0,0.0,6.36,Development,Engineering
ACC-1008,Object Storage,us-east-1,N/A,2025-12-03,0.0,191.2,0.0,4.5,Development,Engineering
ACC-1008,Managed Database,us-east-1,db.m5.large,2025-12-03,11.67,89.4,0.0,10.38,Development,Engineering
ACC-1005,Object Storage,us-east-1,N/A,2025-12-03,0.0,125.8,0.0,2.73,Staging,IT Operations
ACC-1007,Data Transfer / Egress,ap-southeast-1,N/A,2025-12-03,0.0,0.0,29.9,2.85,Staging,Marketing
ACC-1015,Data Transfer / Egress,ap-south-1,N/A,2025-12-04,0.0,0.0,10.8,1.0,Production,Engineering
ACC-1009,Load Balancer,eu-central-1,N/A,2025-12-04,0.0,0.0,39.0,3.41,Production,Engineering
ACC-1009,Managed Database,eu-central-1,db.t3.medium,2025-12-04,19.85,62.8,0.0,7.43,Production,Engineering
ACC-1003,Data Warehouse,ap-south-1,dw.large,2025-12-04,28.56,95.4,0.0,25.12,Production,Data Science
ACC-1015,Load Balancer,ap-south-1,N/A,2025-12-04,0.0,0.0,43.6,3.8,Production,Engineering
ACC-1006,Serverless Functions,us-east-1,N/A,2025-12-04,17.29,0.0,0.0,0.84,Production,Marketing
ACC-1011,Block Storage,us-east-1,io2,2025-12-04,0.0,336.9,0.0,39.39,Production,Sales
ACC-1011,Compute Instances,us-east-1,r5.large,2025-12-04,12.89,0.0,0.0,1.73,Production,Sales
ACC-1013,Serverless Functions,eu-west-1,N/A,2025-12-04,8.19,0.0,0.0,0.42,Production,Data Science
ACC-1006,Content Delivery (CDN),us-east-1,N/A,2025-12-04,0.0,0.0,53.7,4.57,Production,Marketing
ACC-1012,Block Storage,eu-west-1,gp3,2025-12-04,0.0,172.4,0.0,13.23,Staging,Finance
ACC-1011,Data Warehouse,us-east-1,dw.xlarge,2025-12-04,25.19,73.7,0.0,32.52,Production,Sales
ACC-1001,Managed Kubernetes,eu-central-1,m5.large,2025-12-04,8.95,0.0,0.0,0.87,Development,Engineering
ACC-1013,Data Transfer / Egress,eu-west-1,N/A,2025-12-04,0.0,0.0,54.4,4.98,Production,Data Science
ACC-1001,Block Storage,eu-central-1,io2,2025-12-04,0.0,116.9,0.0,14.91,Development,Engineering
ACC-1010,Managed Database,ap-southeast-1,db.r5.large,2025-12-04,11.69,94.5,0.0,12.28,Development,Data Science
ACC-1007,Content Delivery (CDN),ap-southeast-1,N/A,2025-12-04,0.0,0.0,95.1,9.02,Production,Marketing
ACC-1007,Object Storage,ap-southeast-1,N/A,2025-12-04,0.0,136.7,0.0,3.27,Production,Marketing
ACC-1002,Object Storage,ap-south-1,N/A,2025-12-04,0.0,128.0,0.0,2.9,Development,Sales
ACC-1014,Object Storage,us-west-2,N/A,2025-12-04,0.0,93.8,0.0,2.35,Production,Engineering
ACC-1010,Content Delivery (CDN),ap-southeast-1,N/A,2025-12-04,0.0,0.0,29.3,2.36,Development,Data Science
ACC-1005,Data Warehouse,us-east-1,dw.xlarge,2025-12-04,29.1,53.3,0.0,32.72,Production,IT Operations
ACC-1014,Managed Kubernetes,us-west-2,m5.large,2025-12-04,3.74,0.0,0.0,0.36,Production,Engineering
ACC-1008,Data Transfer / Egress,us-east-1,N/A,2025-12-04,0.0,0.0,9.6,0.9,Production,Engineering
ACC-1001,Serverless Functions,eu-central-1,N/A,2025-12-04,23.53,0.0,0.0,1.14,Development,Engineering
ACC-1004,Data Warehouse,eu-west-1,dw.large,2025-12-04,40.09,95.0,0.0,32.72,Staging,Sales
ACC-1005,Content Delivery (CDN),us-east-1,N/A,2025-12-04,0.0,0.0,8.6,0.88,Production,IT Operations
ACC-1008,Managed Kubernetes,us-east-1,m5.xlarge,2025-12-04,7.74,0.0,0.0,1.27,Production,Engineering
ACC-1012,Content Delivery (CDN),eu-west-1,N/A,2025-12-05,0.0,0.0,10.9,0.83,Development,Finance
ACC-1002,Serverless Functions,ap-south-1,N/A,2025-12-05,4.95,0.0,0.0,0.27,Production,Sales
ACC-1006,Managed Database,us-east-1,db.r5.large,2025-12-05,13.19,31.8,0.0,6.89,Production,Marketing
ACC-1006,Object Storage,us-east-1,N/A,2025-12-05,0.0,188.3,0.0,4.61,Production,Marketing
ACC-1005,Managed Database,us-east-1,db.m5.large,2025-12-05,12.74,41.5,0.0,6.24,Staging,IT Operations
ACC-1005,Content Delivery (CDN),us-east-1,N/A,2025-12-05,0.0,0.0,9.7,0.85,Staging,IT Operations
ACC-1005,Managed Kubernetes,us-east-1,c5.2xlarge,2025-12-05,8.01,0.0,0.0,2.62,Staging,IT Operations
ACC-1009,Block Storage,eu-central-1,st1,2025-12-05,0.0,113.9,0.0,4.81,Production,Engineering
ACC-1009,Compute Instances,eu-central-1,m5.xlarge,2025-12-05,29.94,0.0,0.0,5.56,Production,Engineering
ACC-1009,Serverless Functions,eu-central-1,N/A,2025-12-05,21.96,0.0,0.0,1.05,Production,Engineering
ACC-1012,Serverless Functions,eu-west-1,N/A,2025-12-05,33.25,0.0,0.0,1.72,Development,Finance
ACC-1006,Data Warehouse,us-east-1,dw.xlarge,2025-12-05,20.26,98.3,0.0,33.41,Production,Marketing
ACC-1001,Serverless Functions,eu-central-1,N/A,2025-12-05,16.38,0.0,0.0,0.83,Development,Engineering
ACC-1001,Object Storage,eu-central-1,N/A,2025-12-05,0.0,279.8,0.0,6.46,Development,Engineering
ACC-1014,Load Balancer,us-west-2,N/A,2025-12-05,0.0,0.0,45.0,4.33,Development,Engineering
ACC-1007,Serverless Functions,ap-southeast-1,N/A,2025-12-05,23.81,0.0,0.0,1.27,Staging,Marketing
ACC-1007,Load Balancer,ap-southeast-1,N/A,2025-12-05,0.0,0.0,22.7,2.15,Staging,Marketing
ACC-1007,Object Storage,ap-southeast-1,N/A,2025-12-05,0.0,196.1,0.0,4.65,Staging,Marketing
ACC-1003,Object Storage,ap-south-1,N/A,2025-12-05,0.0,113.4,0.0,14.49,Production,Data Science
ACC-1004,Managed Database,ap-southeast-1,db.m5.large,2025-12-05,24.14,65.5,0.0,10.6,Production,Sales
ACC-1011,Object Storage,us-east-1,N/A,2025-12-05,0.0,153.4,0.0,3.27,Production,Sales
ACC-1011,Load Balancer,us-east-1,N/A,2025-12-05,0.0,0.0,29.8,2.81,Production,Sales
ACC-1011,Compute Instances,us-east-1,r5.large,2025-12-05,7.06,0.0,0.0,0.97,Production,Sales
ACC-1001,Content Delivery (CDN),eu-central-1,N/A,2025-12-05,0.0,0.0,48.1,4.1,Development,Engineering
ACC-1009,Block Storage,ap-southeast-1,st1,2025-12-06,0.0,202.8,0.0,9.41,Production,Engineering
ACC-1011,Compute Instances,us-east-1,t3.medium,2025-12-06,4.06,0.0,0.0,0.2,Production,Sales
ACC-1011,Content Delivery (CDN),us-east-1,N/A,2025-12-06,0.0,0.0,3.0,0.29,Production,Sales
ACC-1004,Block Storage,ap-southeast-1,gp3,2025-12-06,0.0,219.9,0.0,19.95,Development,Sales
ACC-1015,Load Balancer,ap-south-1,N/A,2025-12-06,0.0,0.0,10.9,1.08,Development,Engineering
ACC-1006,Load Balancer,us-east-1,N/A,2025-12-06,0.0,0.0,11.2,1.09,Production,Marketing
ACC-1008,Serverless Functions,us-east-1,N/A,2025-12-06,7.53,0.0,0.0,0.34,Development,Engineering
ACC-1008,Data Warehouse,us-east-1,dw.large,2025-12-06,10.83,83.7,0.0,14.18,Development,Engineering
ACC-1008,Content Delivery (CDN),us-east-1,N/A,2025-12-06,0.0,0.0,49.1,4.2,Development,Engineering
ACC-1006,Managed Database,us-east-1,db.t3.medium,2025-12-06,14.07,25.7,0.0,3.63,Production,Marketing
ACC-1009,Data Transfer / Egress,ap-southeast-1,N/A,2025-12-06,0.0,0.0,12.1,1.05,Production,Engineering
ACC-1015,Data Warehouse,ap-south-1,dw.xlarge,2025-12-06,7.14,66.7,0.0,14.1,Development,Engineering
ACC-1009,Object Storage,ap-southeast-1,N/A,2025-12-06,0.0,191.6,0.0,4.69,Production,Engineering
ACC-1004,Data Warehouse,ap-southeast-1,dw.xlarge,2025-12-06,21.01,39.8,0.0,24.25,Development,Sales
ACC-1005,Data Warehouse,us-east-1,dw.large,2025-12-06,21.71,35.4,0.0,15.22,Production,IT Operations
ACC-1007,Load Balancer,ap-southeast-1,N/A,2025-12-06,0.0,0.0,40.5,3.63,Development,Marketing
ACC-1012,Compute Instances,ap-south-1,m5.xlarge,2025-12-06,4.4,0.0,0.0,0.8,Development,Finance
ACC-1003,Load Balancer,ap-south-1,N/A,2025-12-06,0.0,0.0,40.8,3.86,Production,Data Science
ACC-1003,Compute Instances,ap-south-1,m5.large,2025-12-06,14.88,0.0,0.0,1.26,Production,Data Science
ACC-1013,Compute Instances,us-east-1,c5.large,2025-12-06,8.42,0.0,0.0,0.7,Production,Data Science
ACC-1013,Managed Database,us-east-1,db.t3.medium,2025-12-06,20.87,53.2,0.0,6.21,Production,Data Science
ACC-1012,Data Transfer / Egress,ap-south-1,N/A,2025-12-06,0.0,0.0,21.0,2.04,Development,Finance
ACC-1014,Object Storage,us-west-2,N/A,2025-12-06,0.0,212.9,0.0,5.4,Development,Engineering
ACC-1014,Compute Instances,us-west-2,m5.xlarge,2025-12-06,14.84,0.0,0.0,3.18,Development,Engineering
ACC-1014,Managed Kubernetes,us-west-2,m5.large,2025-12-06,5.61,0.0,0.0,0.65,Development,Engineering
ACC-1010,Block Storage,us-west-2,io2,2025-12-06,0.0,365.8,0.0,42.52,Production,Data Science
ACC-1010,Data Warehouse,us-west-2,dw.xlarge,2025-12-06,12.56,102.2,0.0,24.44,Production,Data Science
ACC-1005,Data Transfer / Egress,us-east-1,N/A,2025-12-06,0.0,0.0,14.0,1.22,Production,IT Operations
ACC-1001,Load Balancer,eu-central-1,N/A,2025-12-07,0.0,0.0,32.8,2.9,Production,Engineering
ACC-1006,Block Storage,us-east-1,st1,2025-12-07,0.0,107.9,0.0,4.55,Development,Marketing
ACC-1006,Managed Database,us-east-1,db.m5.large,2025-12-07,9.27,40.2,0.0,5.04,Development,Marketing
ACC-1015,Data Warehouse,ap-south-1,dw.large,2025-12-07,10.85,57.7,0.0,11.73,Staging,Engineering
ACC-1014,Managed Kubernetes,us-west-2,c5.2xlarge,2025-12-07,9.93,0.0,0.0,2.69,Staging,Engineering
ACC-1007,Data Warehouse,ap-southeast-1,dw.xlarge,2025-12-07,11.55,78.6,0.0,19.72,Production,Marketing
ACC-1007,Data Transfer / Egress,ap-southeast-1,N/A,2025-12-07,0.0,0.0,28.6,2.46,Production,Marketing
ACC-1005,Data Transfer / Egress,us-east-1,N/A,2025-12-07,0.0,0.0,16.2,1.42,Staging,IT Operations
ACC-1001,Compute Instances,eu-central-1,t3.micro,2025-12-07,4.23,0.0,0.0,0.05,Production,Engineering
ACC-1013,Serverless Functions,us-east-1,N/A,2025-12-07,3.64,0.0,0.0,0.16,Development,Data Science
ACC-1013,Load Balancer,us-east-1,N/A,2025-12-07,0.0,0.0,16.8,1.44,Development,Data Science
ACC-1003,Serverless Functions,ap-southeast-1,N/A,2025-12-07,3.73,0.0,0.0,0.17,Staging,Data Science
ACC-1003,Content Delivery (CDN),ap-southeast-1,N/A,2025-12-07,0.0,0.0,25.6,2.36,Staging,Data Science
ACC-1012,Object Storage,eu-west-1,N/A,2025-12-07,0.0,202.0,0.0,4.94,Production,Finance
ACC-1012,Managed Database,eu-west-1,db.r5.large,2025-12-07,9.09,35.4,0.0,5.95,Production,Finance
ACC-1004,Content Delivery (CDN),ap-southeast-1,N/A,2025-12-07,0.0,0.0,72.2,6.97,Development,Sales
ACC-1004,Load Balancer,ap-southeast-1,N/A,2025-12-07,0.0,0.0,36.8,3.41,Development,Sales
ACC-1004,Managed Kubernetes,ap-southeast-1,c5.2xlarge,2025-12-07,4.29,0.0,0.0,1.46,Development,Sales
ACC-1013,Data Transfer / Egress,us-east-1,N/A,2025-12-07,0.0,0.0,28.1,2.3,Development,Data Science
ACC-1012,Content Delivery (CDN),eu-west-1,N/A,2025-12-08,0.0,0.0,40.3,3.21,Production,Finance
ACC-1012,Load Balancer,eu-west-1,N/A,2025-12-08,0.0,0.0,42.7,3.59,Production,Finance
ACC-1012,Serverless Functions,eu-west-1,N/A,2025-12-08,10.84,0.0,0.0,0.54,Production,Finance
ACC-1015,Managed Kubernetes,ap-south-1,m5.xlarge,2025-12-08,17.89,0.0,0.0,3.55,Production,Engineering
ACC-1015,Compute Instances,ap-south-1,t3.medium,2025-12-08,14.65,0.0,0.0,0.61,Production,Engineering
ACC-1007,Block Storage,ap-southeast-1,io2,2025-12-08,0.0,275.3,0.0,34.35,Production,Marketing
ACC-1010,Data Transfer / Egress,ap-southeast-1,N/A,2025-12-08,0.0,0.0,34.0,2.85,Production,Data Science
ACC-1007,Serverless Functions,ap-southeast-1,N/A,2025-12-08,13.0,0.0,0.0,0.62,Production,Marketing
ACC-1011,Block Storage,us-east-1,io2,2025-12-08,0.0,266.9,0.0,30.01,Development,Sales
ACC-1011,Managed Database,us-east-1,db.m5.large,2025-12-08,11.04,25.8,0.0,4.6,Development,Sales
ACC-1010,Serverless Functions,ap-southeast-1,N/A,2025-12-08,19.1,0.0,0.0,1.07,Production,Data Science
ACC-1007,Content Delivery (CDN),ap-southeast-1,N/A,2025-12-08,0.0,0.0,19.8,1.99,Production,Marketing
ACC-1001,Block Storage,eu-central-1,io2,2025-12-08,0.0,258.9,0.0,37.94,Production,Engineering
ACC-1014,Block Storage,us-west-2,io2,2025-12-08,0.0,126.8,0.0,15.53,Production,Engineering
ACC-1006,Load Balancer,us-east-1,N/A,2025-12-08,0.0,0.0,41.0,3.5,Staging,Marketing
ACC-1005,Data Warehouse,us-east-1,dw.xlarge,2025-12-08,25.3,55.0,0.0,29.9,Production,IT Operations
ACC-1005,Load Balancer,us-east-1,N/A,2025-12-08,0.0,0.0,16.5,1.62,Production,IT Operations
ACC-1008,Load Balancer,us-east-1,N/A,2025-12-08,0.0,0.0,38.2,3.3,Development,Engineering
ACC-1009,Data Warehouse,eu-central-1,dw.xlarge,2025-12-08,22.75,59.6,0.0,28.11,Staging,Engineering
ACC-1002,Managed Kubernetes,ap-south-1,m5.large,2025-12-08,7.53,0.0,0.0,0.72,Production,Sales
ACC-1004,Serverless Functions,ap-southeast-1,N/A,2025-12-08,22.55,0.0,0.0,1.12,Production,Sales
ACC-1002,Managed Database,ap-south-1,db.t3.medium,2025-12-08,31.29,54.5,0.0,8.37,Production,Sales
ACC-1014,Object Storage,us-west-2,N/A,2025-12-08,0.0,194.8,0.0,4.68,Production,Engineering
ACC-1014,Data Transfer / Egress,us-west-2,N/A,2025-12-08,0.0,0.0,69.6,7.06,Production,Engineering
ACC-1002,Serverless Functions,ap-south-1,N/A,2025-12-08,9.61,0.0,0.0,0.53,Production,Sales
ACC-1006,Compute Instances,us-east-1,c5.large,2025-12-08,13.34,0.0,0.0,1.17,Staging,Marketing
ACC-1007,Managed Kubernetes,ap-southeast-1,m5.xlarge,2025-12-09,15.61,0.0,0.0,2.83,Production,Marketing
ACC-1009,Data Warehouse,us-east-1,dw.xlarge,2025-12-09,52.25,105.1,0.0,63.06,Development,Engineering
ACC-1006,Compute Instances,us-east-1,r5.large,2025-12-09,2.9,0.0,0.0,0.41,Development,Marketing
ACC-1013,Data Warehouse,us-east-1,dw.large,2025-12-09,21.19,94.0,0.0,19.38,Staging,Data Science
ACC-1004,Object Storage,ap-southeast-1,N/A,2025-12-09,0.0,136.9,0.0,3.64,Development,Sales
ACC-1005,Compute Instances,us-east-1,t3.medium,2025-12-09,18.81,0.0,0.0,0.77,Production,IT Operations
ACC-1002,Object Storage,ap-south-1,N/A,2025-12-09,0.0,187.2,0.0,4.16,Production,Sales
ACC-1010,Data Transfer / Egress,ap-southeast-1,N/A,2025-12-09,0.0,0.0,19.5,1.8,Development,Data Science
ACC-1015,Load Balancer,ap-south-1,N/A,2025-12-09,0.0,0.0,61.6,5.41,Staging,Engineering
ACC-1003,Serverless Functions,ap-south-1,N/A,2025-12-09,19.25,0.0,0.0,1.09,Development,Data Science
ACC-1003,Data Warehouse,ap-south-1,dw.large,2025-12-09,23.99,40.9,0.0,15.39,Development,Data Science
ACC-1002,Managed Database,ap-south-1,db.m5.large,2025-12-09,22.8,37.5,0.0,8.12,Production,Sales
ACC-1007,Load Balancer,ap-southeast-1,N/A,2025-12-10,0.0,0.0,68.8,6.1,Staging,Marketing
ACC-1007,Content Delivery (CDN),ap-southeast-1,N/A,2025-12-10,0.0,0.0,40.4,3.67,Staging,Marketing
ACC-1013,Data Warehouse,us-east-1,dw.large,2025-12-10,15.93,53.2,0.0,14.0,Staging,Data Science
ACC-1013,Serverless Functions,us-east-1,N/A,2025-12-10,13.67,0.0,0.0,0.66,Staging,Data Science
ACC-1013,Compute Instances,us-east-1,m5.large,2025-12-10,9.82,0.0,0.0,1.0,Staging,Data Science
ACC-1004,Data Transfer / Egress,ap-southeast-1,N/A,2025-12-10,0.0,0.0,21.3,2.01,Production,Sales
ACC-1006,Compute Instances,us-east-1,r5.large,2025-12-10,15.68,0.0,0.0,1.65,Production,Marketing
ACC-1004,Object Storage,ap-southeast-1,N/A,2025-12-10,0.0,182.2,0.0,3.97,Production,Sales
ACC-1006,Managed Kubernetes,us-east-1,c5.2xlarge,2025-12-10,16.89,0.0,0.0,6.17,Production,Marketing
ACC-1010,Content Delivery (CDN),ap-southeast-1,N/A,2025-12-10,0.0,0.0,37.6,3.56,Production,Data Science
ACC-1010,Block Storage,ap-southeast-1,io2,2025-12-10,0.0,179.2,0.0,21.17,Production,Data Science
ACC-1007,Data Warehouse,ap-southeast-1,dw.xlarge,2025-12-10,29.37,37.0,0.0,35.73,Staging,Marketing
ACC-1004,Managed Kubernetes,ap-southeast-1,m5.xlarge,2025-12-10,13.78,0.0,0.0,2.59,Production,Sales
ACC-1003,Object Storage,ap-south-1,N/A,2025-12-10,0.0,263.1,0.0,22.26,Production,Data Science
ACC-1012,Object Storage,eu-west-1,N/A,2025-12-10,0.0,129.2,0.0,2.92,Staging,Finance
ACC-1002,Data Warehouse,ap-south-1,dw.xlarge,2025-12-10,16.48,74.1,0.0,26.49,Production,Sales
ACC-1003,Block Storage,ap-south-1,st1,2025-12-10,0.0,152.9,0.0,7.88,Production,Data Science
ACC-1015,Managed Kubernetes,ap-south-1,m5.xlarge,2025-12-10,19.6,0.0,0.0,3.42,Development,Engineering
ACC-1009,Load Balancer,eu-central-1,N/A,2025-12-10,0.0,0.0,54.0,4.62,Development,Engineering
ACC-1009,Serverless Functions,eu-central-1,N/A,2025-12-10,22.52,0.0,0.0,1.24,Development,Engineering
ACC-1005,Serverless Functions,us-east-1,N/A,2025-12-10,18.85,0.0,0.0,0.89,Production,IT Operations
ACC-1009,Object Storage,eu-central-1,N/A,2025-12-10,0.0,174.8,0.0,3.57,Development,Engineering
ACC-1005,Object Storage,us-east-1,N/A,2025-12-10,0.0,299.9,0.0,6.64,Production,IT Operations
ACC-1001,Managed Kubernetes,eu-central-1,m5.xlarge,2025-12-10,11.62,0.0,0.0,2.28,Production,Engineering
ACC-1001,Load Balancer,eu-central-1,N/A,2025-12-10,0.0,0.0,7.9,0.72,Production,Engineering
ACC-1014,Data Warehouse,us-east-1,dw.xlarge,2025-12-10,11.06,55.7,0.0,17.21,Staging,Engineering
ACC-1014,Object Storage,us-east-1,N/A,2025-12-10,0.0,264.1,0.0,5.86,Staging,Engineering
ACC-1005,Block Storage,us-east-1,gp3,2025-12-10,0.0,245.1,0.0,20.15,Production,IT Operations
ACC-1003,Managed Kubernetes,ap-south-1,m5.xlarge,2025-12-11,16.86,0.0,0.0,2.88,Production,Data Science
ACC-1013,Managed Kubernetes,us-east-1,c5.2xlarge,2025-12-11,20.74,0.0,0.0,6.88,Production,Data Science
ACC-1013,Data Transfer / Egress,us-east-1,N/A,2025-12-11,0.0,0.0,26.7,2.45,Production,Data Science
ACC-1013,Load Balancer,us-east-1,N/A,2025-12-11,0.0,0.0,19.8,1.76,Production,Data Science
ACC-1012,Content Delivery (CDN),eu-west-1,N/A,2025-12-11,0.0,0.0,24.7,2.17,Production,Finance
ACC-1003,Block Storage,ap-south-1,st1,2025-12-11,0.0,149.4,0.0,7.15,Production,Data Science
ACC-1008,Data Warehouse,us-east-1,dw.xlarge,2025-12-11,30.2,18.3,0.0,30.08,Production,Engineering
ACC-1001,Block Storage,eu-central-1,io2,2025-12-11,0.0,169.1,0.0,22.67,Production,Engineering
ACC-1001,Managed Database,eu-central-1,db.r5.large,2025-12-11,27.69,52.8,0.0,13.1,Production,Engineering
ACC-1001,Compute Instances,eu-central-1,c5.large,2025-12-11,22.68,0.0,0.0,1.77,Production,Engineering
ACC-1004,Object Storage,ap-southeast-1,N/A,2025-12-11,0.0,179.0,0.0,3.76,Staging,Sales
ACC-1008,Compute Instances,us-east-1,r5.large,2025-12-11,11.96,0.0,0.0,1.46,Production,Engineering
ACC-1003,Data Warehouse,ap-south-1,dw.xlarge,2025-12-11,35.7,74.5,0.0,45.73,Production,Data Science
ACC-1011,Data Warehouse,us-east-1,dw.xlarge,2025-12-11,29.18,21.6,0.0,31.63,Production,Sales
ACC-1014,Object Storage,us-west-2,N/A,2025-12-11,0.0,161.7,0.0,3.82,Production,Engineering
ACC-1010,Managed Database,ap-southeast-1,db.r5.large,2025-12-11,43.78,68.4,0.0,18.66,Development,Data Science
ACC-1010,Compute Instances,ap-southeast-1,m5.xlarge,2025-12-11,6.03,0.0,0.0,1.21,Development,Data Science
ACC-1009,Load Balancer,eu-central-1,N/A,2025-12-11,0.0,0.0,42.8,3.73,Development,Engineering
ACC-1009,Data Transfer / Egress,eu-central-1,N/A,2025-12-11,0.0,0.0,42.0,3.72,Development,Engineering
ACC-1009,Managed Kubernetes,eu-central-1,m5.large,2025-12-11,17.47,0.0,0.0,1.91,Development,Engineering
ACC-1007,Data Warehouse,ap-southeast-1,dw.xlarge,2025-12-11,17.26,88.3,0.0,27.34,Production,Marketing
ACC-1007,Load Balancer,ap-southeast-1,N/A,2025-12-11,0.0,0.0,53.0,4.71,Production,Marketing
ACC-1007,Managed Kubernetes,ap-southeast-1,c5.2xlarge,2025-12-11,27.05,0.0,0.0,9.19,Production,Marketing
ACC-1002,Compute Instances,ap-south-1,t3.medium,2025-12-11,13.01,0.0,0.0,0.51,Staging,Sales
ACC-1002,Managed Database,ap-south-1,db.t3.medium,2025-12-11,38.45,40.1,0.0,6.19,Staging,Sales
ACC-1015,Managed Database,ap-south-1,db.t3.medium,2025-12-11,40.93,76.6,0.0,10.79,Staging,Engineering
ACC-1015,Content Delivery (CDN),ap-south-1,N/A,2025-12-11,0.0,0.0,62.5,5.57,Staging,Engineering
ACC-1015,Load Balancer,ap-south-1,N/A,2025-12-11,0.0,0.0,51.0,4.54,Staging,Engineering
ACC-1010,Load Balancer,ap-southeast-1,N/A,2025-12-11,0.0,0.0,45.3,4.24,Development,Data Science
ACC-1002,Serverless Functions,ap-south-1,N/A,2025-12-11,9.98,0.0,0.0,0.48,Staging,Sales
ACC-1003,Managed Kubernetes,ap-south-1,m5.xlarge,2025-12-12,27.43,0.0,0.0,21.89,Production,Data Science
ACC-1015,Object Storage,ap-south-1,N/A,2025-12-12,0.0,178.1,0.0,3.86,Development,Engineering
ACC-1015,Serverless Functions,ap-south-1,N/A,2025-12-12,29.69,0.0,0.0,1.51,Development,Engineering
ACC-1015,Content Delivery (CDN),ap-south-1,N/A,2025-12-12,0.0,0.0,17.6,1.6,Development,Engineering
ACC-1003,Managed Database,ap-south-1,db.r5.large,2025-12-12,18.12,91.4,0.0,13.1,Production,Data Science
ACC-1003,Load Balancer,ap-south-1,N/A,2025-12-12,0.0,0.0,44.2,4.47,Production,Data Science
ACC-1014,Data Transfer / Egress,us-west-2,N/A,2025-12-12,0.0,0.0,38.8,3.72,Production,Engineering
ACC-1001,Data Warehouse,eu-central-1,dw.xlarge,2025-12-12,29.87,60.4,0.0,35.53,Staging,Engineering
ACC-1005,Content Delivery (CDN),us-east-1,N/A,2025-12-12,0.0,0.0,24.9,2.19,Development,IT Operations
ACC-1005,Data Transfer / Egress,us-east-1,N/A,2025-12-12,0.0,0.0,14.8,1.32,Development,IT Operations
ACC-1005,Managed Kubernetes,us-east-1,m5.large,2025-12-12,16.21,0.0,0.0,1.69,Development,IT Operations
ACC-1001,Managed Database,eu-central-1,db.t3.medium,2025-12-12,16.52,42.5,0.0,4.78,Staging,Engineering
ACC-1001,Block Storage,eu-central-1,io2,2025-12-12,0.0,170.0,0.0,19.77,Staging,Engineering
ACC-1008,Data Transfer / Egress,us-east-1,N/A,2025-12-12,0.0,0.0,32.6,3.09,Development,Engineering
ACC-1014,Object Storage,us-west-2,N/A,2025-12-12,0.0,201.3,0.0,4.7,Production,Engineering
ACC-1008,Compute Instances,us-east-1,c5.large,2025-12-12,10.76,0.0,0.0,0.8,Development,Engineering
ACC-1007,Data Transfer / Egress,ap-southeast-1,N/A,2025-12-12,0.0,0.0,5.6,0.5,Development,Marketing
ACC-1010,Data Transfer / Egress,ap-southeast-1,N/A,2025-12-12,0.0,0.0,52.8,4.88,Development,Data Science
ACC-1010,Managed Database,ap-southeast-1,db.m5.large,2025-12-12,27.5,66.0,0.0,12.49,Development,Data Science
ACC-1002,Content Delivery (CDN),ap-south-1,N/A,2025-12-12,0.0,0.0,34.5,3.01,Production,Sales
ACC-1002,Load Balancer,ap-south-1,N/A,2025-12-12,0.0,0.0,30.2,2.51,Production,Sales
ACC-1007,Content Delivery (CDN),ap-southeast-1,N/A,2025-12-12,0.0,0.0,42.1,4.1,Development,Marketing
ACC-1009,Load Balancer,eu-central-1,N/A,2025-12-12,0.0,0.0,52.8,4.53,Production,Engineering
ACC-1009,Object Storage,eu-central-1,N/A,2025-12-12,0.0,158.3,0.0,3.31,Production,Engineering
ACC-1007,Block Storage,ap-southeast-1,st1,2025-12-12,0.0,182.5,0.0,8.96,Development,Marketing
ACC-1012,Managed Kubernetes,eu-west-1,m5.large,2025-12-12,10.9,0.0,0.0,1.07,Production,Finance
ACC-1012,Data Warehouse,eu-west-1,dw.large,2025-12-12,8.75,85.7,0.0,12.91,Production,Finance
ACC-1011,Managed Database,us-east-1,db.m5.large,2025-12-12,32.18,62.9,0.0,12.28,Development,Sales
ACC-1013,Serverless Functions,us-east-1,N/A,2025-12-12,3.4,0.0,0.0,0.17,Production,Data Science
ACC-1013,Block Storage,us-east-1,st1,2025-12-12,0.0,163.4,0.0,7.22,Production,Data Science
ACC-1004,Block Storage,ap-southeast-1,io2,2025-12-12,0.0,111.6,0.0,54.82,Production,Sales
ACC-1009,Data Warehouse,eu-central-1,dw.xlarge,2025-12-12,20.97,69.8,0.0,28.24,Production,Engineering
ACC-1013,Managed Database,ap-south-1,db.t3.medium,2025-12-13,8.11,43.7,0.0,5.16,Production,Data Science
ACC-1003,Compute Instances,ap-south-1,m5.large,2025-12-13,6.15,0.0,0.0,0.6,Staging,Data Science
ACC-1002,Data Warehouse,ap-south-1,dw.large,2025-12-13,19.63,56.8,0.0,14.84,Production,Sales
ACC-1002,Compute Instances,ap-south-1,t3.micro,2025-12-13,11.63,0.0,0.0,0.12,Production,Sales
ACC-1013,Data Transfer / Egress,ap-south-1,N/A,2025-12-13,0.0,0.0,12.5,1.05,Production,Data Science
ACC-1013,Data Warehouse,ap-south-1,dw.xlarge,2025-12-13,4.08,28.2,0.0,26.08,Production,Data Science
ACC-1014,Data Warehouse,us-west-2,dw.large,2025-12-13,11.92,34.3,0.0,9.87,Production,Engineering
ACC-1009,Compute Instances,eu-central-1,m5.xlarge,2025-12-13,2.57,0.0,0.0,0.51,Development,Engineering
ACC-1012,Data Warehouse,eu-west-1,dw.xlarge,2025-12-13,9.51,30.1,0.0,13.18,Development,Finance
ACC-1015,Content Delivery (CDN),ap-south-1,N/A,2025-12-13,0.0,0.0,88.3,8.56,Development,Engineering
ACC-1015,Data Transfer / Egress,ap-south-1,N/A,2025-12-13,0.0,0.0,54.5,5.3,Development,Engineering
ACC-1009,Load Balancer,eu-central-1,N/A,2025-12-13,0.0,0.0,14.1,1.21,Development,Engineering
ACC-1009,Data Transfer / Egress,eu-central-1,N/A,2025-12-13,0.0,0.0,20.7,1.98,Development,Engineering
ACC-1003,Object Storage,ap-south-1,N/A,2025-12-13,0.0,264.5,0.0,5.66,Staging,Data Science
ACC-1012,Compute Instances,eu-west-1,c5.large,2025-12-13,3.6,0.0,0.0,0.3,Development,Finance
ACC-1011,Managed Kubernetes,us-east-1,m5.large,2025-12-13,7.08,0.0,0.0,0.7,Production,Sales
ACC-1004,Compute Instances,ap-south-1,c5.large,2025-12-13,12.64,0.0,0.0,1.12,Production,Sales
ACC-1004,Data Transfer / Egress,ap-south-1,N/A,2025-12-13,0.0,0.0,58.9,5.04,Production,Sales
ACC-1006,Compute Instances,us-east-1,r5.large,2025-12-13,6.44,0.0,0.0,0.81,Production,Marketing
ACC-1010,Block Storage,ap-southeast-1,gp3,2025-12-13,0.0,127.0,0.0,9.84,Production,Data Science
ACC-1011,Compute Instances,us-east-1,c5.large,2025-12-13,17.1,0.0,0.0,1.49,Production,Sales
ACC-1001,Serverless Functions,eu-central-1,N/A,2025-12-13,9.29,0.0,0.0,0.48,Production,Engineering
ACC-1001,Managed Database,eu-central-1,db.t3.medium,2025-12-13,8.08,35.6,0.0,4.39,Production,Engineering
ACC-1001,Object Storage,eu-central-1,N/A,2025-12-13,0.0,319.9,0.0,6.31,Production,Engineering
ACC-1008,Object Storage,us-east-1,N/A,2025-12-13,0.0,289.2,0.0,6.16,Production,Engineering
ACC-1010,Data Warehouse,ap-southeast-1,dw.large,2025-12-13,22.78,97.0,0.0,22.66,Production,Data Science
ACC-1008,Data Warehouse,us-east-1,dw.large,2025-12-13,14.74,42.0,0.0,11.81,Production,Engineering
ACC-1005,Load Balancer,ap-southeast-1,N/A,2025-12-13,0.0,0.0,35.6,3.06,Staging,IT Operations
ACC-1005,Compute Instances,ap-southeast-1,m5.large,2025-12-13,7.28,0.0,0.0,0.64,Staging,IT Operations
ACC-1007,Managed Database,ap-southeast-1,db.t3.medium,2025-12-13,7.77,34.4,0.0,3.85,Staging,Marketing
ACC-1007,Load Balancer,ap-southeast-1,N/A,2025-12-13,0.0,0.0,41.6,3.71,Staging,Marketing
ACC-1008,Compute Instances,us-east-1,t3.micro,2025-12-13,7.64,0.0,0.0,0.08,Production,Engineering
ACC-1013,Managed Database,us-east-1,db.t3.medium,2025-12-14,8.19,101.5,0.0,10.12,Production,Data Science
ACC-1007,Data Transfer / Egress,ap-southeast-1,N/A,2025-12-14,0.0,0.0,50.9,4.42,Production,Marketing
ACC-1007,Managed Database,ap-southeast-1,db.t3.medium,2025-12-14,10.68,59.6,0.0,6.55,Production,Marketing
ACC-1007,Compute Instances,ap-southeast-1,c5.large,2025-12-14,10.21,0.0,0.0,0.92,Production,Marketing
ACC-1008,Data Transfer / Egress,us-east-1,N/A,2025-12-14,0.0,0.0,42.8,3.76,Production,Engineering
ACC-1011,Managed Kubernetes,us-east-1,m5.large,2025-12-14,3.58,0.0,0.0,0.35,Staging,Sales
ACC-1011,Object Storage,us-east-1,N/A,2025-12-14,0.0,149.2,0.0,3.51,Staging,Sales
ACC-1003,Content Delivery (CDN),ap-south-1,N/A,2025-12-14,0.0,0.0,29.1,2.64,Development,Data Science
ACC-1003,Compute Instances,ap-south-1,t3.micro,2025-12-14,9.84,0.0,0.0,0.1,Development,Data Science
ACC-1013,Object Storage,us-east-1,N/A,2025-12-14,0.0,234.1,0.0,5.8,Production,Data Science
ACC-1003,Serverless Functions,ap-south-1,N/A,2025-12-14,10.03,0.0,0.0,0.56,Development,Data Science
ACC-1002,Block Storage,ap-south-1,gp3,2025-12-14,0.0,223.1,0.0,16.77,Development,Sales
ACC-1012,Object Storage,eu-west-1,N/A,2025-12-14,0.0,307.3,0.0,7.46,Production,Finance
ACC-1015,Object Storage,ap-south-1,N/A,2025-12-14,0.0,251.3,0.0,5.68,Production,Engineering
ACC-1001,Object Storage,eu-central-1,N/A,2025-12-14,0.0,224.1,0.0,5.34,Production,Engineering
ACC-1009,Block Storage,eu-central-1,io2,2025-12-14,0.0,238.3,0.0,27.62,Development,Engineering
ACC-1014,Object Storage,us-west-2,N/A,2025-12-14,0.0,165.7,0.0,3.56,Production,Engineering
ACC-1004,Data Warehouse,ap-southeast-1,dw.xlarge,2025-12-14,7.41,31.0,0.0,11.31,Production,Sales
ACC-1002,Serverless Functions,ap-south-1,N/A,2025-12-14,4.93,0.0,0.0,0.26,Development,Sales
ACC-1002,Object Storage,ap-south-1,N/A,2025-12-14,0.0,165.5,0.0,3.68,Development,Sales
ACC-1004,Managed Database,ap-southeast-1,db.r5.large,2025-12-14,12.82,87.9,0.0,11.79,Production,Sales
ACC-1002,Serverless Functions,eu-central-1,N/A,2025-12-15,31.93,0.0,0.0,1.59,Development,Sales
ACC-1010,Block Storage,ap-southeast-1,st1,2025-12-15,0.0,196.8,0.0,9.89,Production,Data Science
ACC-1003,Compute Instances,ap-south-1,m5.large,2025-12-15,20.66,0.0,0.0,1.88,Production,Data Science
ACC-1003,Block Storage,ap-south-1,st1,2025-12-15,0.0,232.8,0.0,11.69,Production,Data Science
ACC-1015,Serverless Functions,ap-south-1,N/A,2025-12-15,5.1,0.0,0.0,0.29,Development,Engineering
ACC-1015,Block Storage,ap-south-1,st1,2025-12-15,0.0,190.5,0.0,8.38,Development,Engineering
ACC-1015,Data Warehouse,ap-south-1,dw.large,2025-12-15,30.92,60.8,0.0,23.51,Development,Engineering
ACC-1009,Data Warehouse,eu-central-1,dw.large,2025-12-15,26.87,47.6,0.0,20.34,Production,Engineering
ACC-1002,Load Balancer,eu-central-1,N/A,2025-12-15,0.0,0.0,56.4,5.07,Development,Sales
ACC-1005,Data Warehouse,us-east-1,dw.xlarge,2025-12-15,27.44,50.0,0.0,35.14,Production,IT Operations
ACC-1005,Load Balancer,us-east-1,N/A,2025-12-15,0.0,0.0,34.5,3.37,Production,IT Operations
ACC-1001,Object Storage,eu-central-1,N/A,2025-12-15,0.0,254.2,0.0,5.55,Development,Engineering
ACC-1001,Compute Instances,eu-central-1,t3.micro,2025-12-15,18.16,0.0,0.0,0.17,Development,Engineering
ACC-1008,Data Transfer / Egress,us-east-1,N/A,2025-12-15,0.0,0.0,34.8,3.06,Production,Engineering
ACC-1012,Serverless Functions,eu-west-1,N/A,2025-12-15,11.99,0.0,0.0,0.59,Production,Finance
ACC-1004,Data Transfer / Egress,ap-southeast-1,N/A,2025-12-15,0.0,0.0,5.9,0.55,Production,Sales
ACC-1005,Serverless Functions,us-east-1,N/A,2025-12-15,10.07,0.0,0.0,0.42,Production,IT Operations
ACC-1002,Object Storage,ap-south-1,N/A,2025-12-16,0.0,173.0,0.0,3.69,Development,Sales
ACC-1011,Object Storage,us-east-1,N/A,2025-12-16,0.0,211.8,0.0,4.61,Production,Sales
ACC-1004,Object Storage,ap-southeast-1,N/A,2025-12-16,0.0,245.1,0.0,5.94,Production,Sales
ACC-1008,Load Balancer,us-east-1,N/A,2025-12-16,0.0,0.0,22.4,2.1,Development,Engineering
ACC-1007,Object Storage,ap-southeast-1,N/A,2025-12-16,0.0,203.3,0.0,4.39,Development,Marketing
ACC-1012,Content Delivery (CDN),eu-west-1,N/A,2025-12-16,0.0,0.0,20.4,1.88,Staging,Finance
ACC-1003,Data Warehouse,eu-central-1,dw.xlarge,2025-12-16,35.98,26.4,0.0,37.65,Production,Data Science
ACC-1010,Load Balancer,ap-southeast-1,N/A,2025-12-16,0.0,0.0,32.3,3.04,Production,Data Science
ACC-1005,Managed Database,us-east-1,db.m5.large,2025-12-16,41.95,64.2,0.0,12.54,Development,IT Operations
ACC-1013,Managed Database,us-east-1,db.r5.large,2025-12-16,27.71,30.6,0.0,9.85,Production,Data Science
ACC-1010,Object Storage,ap-southeast-1,N/A,2025-12-16,0.0,139.2,0.0,3.49,Production,Data Science
ACC-1002,Compute Instances,ap-south-1,m5.xlarge,2025-12-16,32.96,0.0,0.0,5.67,Development,Sales
ACC-1009,Serverless Functions,eu-central-1,N/A,2025-12-16,16.87,0.0,0.0,0.86,Staging,Engineering
ACC-1014,Object Storage,us-west-2,N/A,2025-12-16,0.0,231.3,0.0,5.17,Production,Engineering
ACC-1014,Data Transfer / Egress,us-west-2,N/A,2025-12-16,0.0,0.0,19.0,1.73,Production,Engineering
ACC-1001,Data Transfer / Egress,eu-central-1,N/A,2025-12-16,0.0,0.0,51.6,4.82,Staging,Engineering
ACC-1001,Block Storage,eu-central-1,st1,2025-12-16,0.0,106.4,0.0,4.63,Staging,Engineering
ACC-1001,Managed Database,eu-central-1,db.r5.large,2025-12-16,16.86,43.2,0.0,8.45,Staging,Engineering
ACC-1009,Managed Database,eu-central-1,db.r5.large,2025-12-16,33.38,24.9,0.0,10.8,Staging,Engineering
ACC-1009,Managed Kubernetes,eu-central-1,m5.large,2025-12-16,13.07,0.0,0.0,1.32,Staging,Engineering
ACC-1015,Object Storage,ap-south-1,N/A,2025-12-16,0.0,234.7,0.0,5.12,Staging,Engineering
ACC-1015,Block Storage,ap-south-1,io2,2025-12-16,0.0,237.5,0.0,31.9,Staging,Engineering
ACC-1015,Managed Database,ap-south-1,db.m5.large,2025-12-16,27.38,54.8,0.0,10.83,Staging,Engineering
ACC-1006,Content Delivery (CDN),us-east-1,N/A,2025-12-16,0.0,0.0,11.2,0.99,Development,Marketing
ACC-1002,Load Balancer,ap-south-1,N/A,2025-12-16,0.0,0.0,46.3,3.93,Development,Sales
ACC-1010,Data Warehouse,ap-southeast-1,dw.xlarge,2025-12-17,36.01,78.9,0.0,46.28,Production,Data Science
ACC-1003,Compute Instances,ap-south-1,m5.xlarge,2025-12-17,18.97,0.0,0.0,3.55,Staging,Data Science
ACC-1011,Block Storage,us-east-1,gp3,2025-12-17,0.0,229.5,0.0,18.0,Production,Sales
ACC-1011,Managed Kubernetes,us-east-1,m5.xlarge,2025-12-17,8.54,0.0,0.0,1.68,Production,Sales
ACC-1012,Data Transfer / Egress,eu-central-1,N/A,2025-12-17,0.0,0.0,62.8,6.27,Production,Finance
ACC-1004,Serverless Functions,ap-south-1,N/A,2025-12-17,26.5,0.0,0.0,1.27,Production,Sales
ACC-1004,Data Warehouse,ap-south-1,dw.large,2025-12-17,26.91,74.8,0.0,22.28,Production,Sales
ACC-1003,Managed Kubernetes,ap-south-1,m5.large,2025-12-17,14.79,0.0,0.0,1.4,Staging,Data Science
ACC-1003,Content Delivery (CDN),ap-south-1,N/A,2025-12-17,0.0,0.0,22.5,2.23,Staging,Data Science
ACC-1004,Load Balancer,ap-south-1,N/A,2025-12-17,0.0,0.0,42.8,4.03,Production,Sales
ACC-1012,Object Storage,eu-central-1,N/A,2025-12-17,0.0,248.4,0.0,5.26,Production,Finance
ACC-1010,Managed Kubernetes,ap-southeast-1,c5.2xlarge,2025-12-17,8.77,0.0,0.0,3.0,Production,Data Science
ACC-1002,Block Storage,us-east-1,st1,2025-12-17,0.0,143.2,0.0,6.39,Staging,Sales
ACC-1009,Load Balancer,eu-central-1,N/A,2025-12-17,0.0,0.0,28.1,2.55,Production,Engineering
ACC-1007,Data Transfer / Egress,ap-southeast-1,N/A,2025-12-17,0.0,0.0,53.8,4.43,Staging,Marketing
ACC-1001,Data Warehouse,eu-central-1,dw.xlarge,2025-12-17,22.92,32.8,0.0,24.47,Staging,Engineering
ACC-1001,Compute Instances,eu-central-1,r5.large,2025-12-17,11.58,0.0,0.0,1.56,Staging,Engineering
ACC-1012,Load Balancer,eu-central-1,N/A,2025-12-17,0.0,0.0,15.0,1.26,Production,Finance
ACC-1005,Block Storage,us-east-1,io2,2025-12-17,0.0,296.4,0.0,40.75,Staging,IT Operations
ACC-1014,Block Storage,us-west-2,io2,2025-12-17,0.0,326.7,0.0,41.79,Production,Engineering
ACC-1013,Object Storage,us-east-1,N/A,2025-12-17,0.0,157.8,0.0,3.82,Production,Data Science
ACC-1013,Load Balancer,us-east-1,N/A,2025-12-17,0.0,0.0,43.9,4.2,Production,Data Science
ACC-1001,Object Storage,eu-central-1,N/A,2025-12-17,0.0,186.0,0.0,4.45,Staging,Engineering
ACC-1011,Managed Kubernetes,us-east-1,m5.xlarge,2025-12-18,9.57,0.0,0.0,1.89,Development,Sales
ACC-1011,Compute Instances,us-east-1,r5.large,2025-12-18,18.84,0.0,0.0,2.38,Development,Sales
ACC-1009,Load Balancer,eu-central-1,N/A,2025-12-18,0.0,0.0,19.8,1.73,Production,Engineering
ACC-1010,Content Delivery (CDN),ap-southeast-1,N/A,2025-12-18,0.0,0.0,53.8,4.56,Staging,Data Science
ACC-1008,Content Delivery (CDN),us-east-1,N/A,2025-12-18,0.0,0.0,39.2,3.61,Staging,Engineering
ACC-1013,Managed Kubernetes,us-east-1,m5.xlarge,2025-12-18,14.53,0.0,0.0,3.1,Production,Data Science
ACC-1013,Compute Instances,us-east-1,c5.large,2025-12-18,9.12,0.0,0.0,0.8,Production,Data Science
ACC-1006,Object Storage,us-east-1,N/A,2025-12-18,0.0,254.1,0.0,5.74,Staging,Marketing
ACC-1006,Serverless Functions,us-east-1,N/A,2025-12-18,18.0,0.0,0.0,0.97,Staging,Marketing
ACC-1006,Block Storage,us-east-1,st1,2025-12-18,0.0,125.6,0.0,5.47,Staging,Marketing
ACC-1007,Object Storage,ap-southeast-1,N/A,2025-12-18,0.0,145.6,0.0,3.25,Development,Marketing
ACC-1009,Compute Instances,eu-central-1,m5.large,2025-12-18,10.67,0.0,0.0,0.93,Production,Engineering
ACC-1014,Compute Instances,us-west-2,m5.xlarge,2025-12-18,4.78,0.0,0.0,0.95,Development,Engineering
ACC-1012,Managed Kubernetes,eu-west-1,c5.2xlarge,2025-12-18,19.39,0.0,0.0,6.23,Production,Finance
ACC-1001,Content Delivery (CDN),eu-central-1,N/A,2025-12-18,0.0,0.0,62.4,5.66,Development,Engineering
ACC-1005,Serverless Functions,us-east-1,N/A,2025-12-18,19.57,0.0,0.0,1.1,Production,IT Operations
ACC-1005,Compute Instances,us-east-1,t3.micro,2025-12-18,27.94,0.0,0.0,0.26,Production,IT Operations
ACC-1012,Content Delivery (CDN),eu-west-1,N/A,2025-12-18,0.0,0.0,8.8,0.78,Production,Finance
ACC-1003,Serverless Functions,ap-south-1,N/A,2025-12-18,14.61,0.0,0.0,0.7,Production,Data Science
ACC-1003,Load Balancer,ap-south-1,N/A,2025-12-18,0.0,0.0,28.5,2.35,Production,Data Science
ACC-1014,Managed Kubernetes,us-west-2,m5.xlarge,2025-12-18,30.5,0.0,0.0,6.54,Development,Engineering
ACC-1004,Serverless Functions,ap-southeast-1,N/A,2025-12-18,17.39,0.0,0.0,0.9,Production,Sales
ACC-1014,Block Storage,us-west-2,gp3,2025-12-18,0.0,100.2,0.0,7.51,Development,Engineering
ACC-1011,Managed Database,us-east-1,db.t3.medium,2025-12-19,23.15,61.6,0.0,7.7,Staging,Sales
ACC-1003,Managed Database,ap-south-1,db.m5.large,2025-12-19,20.23,54.3,0.0,8.56,Staging,Data Science
ACC-1011,Serverless Functions,us-east-1,N/A,2025-12-19,5.42,0.0,0.0,0.28,Staging,Sales
ACC-1011,Data Transfer / Egress,us-east-1,N/A,2025-12-19,0.0,0.0,45.7,3.63,Staging,Sales
ACC-1008,Managed Database,us-east-1,db.t3.medium,2025-12-19,45.6,72.3,0.0,11.28,Production,Engineering
ACC-1008,Object Storage,us-east-1,N/A,2025-12-19,0.0,286.9,0.0,6.72,Production,Engineering
ACC-1003,Serverless Functions,ap-south-1,N/A,2025-12-19,3.51,0.0,0.0,0.18,Staging,Data Science
ACC-1003,Load Balancer,ap-south-1,N/A,2025-12-19,0.0,0.0,19.0,1.67,Staging,Data Science
ACC-1015,Block Storage,ap-south-1,gp3,2025-12-19,0.0,209.0,0.0,16.19,Staging,Engineering
ACC-1010,Data Warehouse,ap-southeast-1,dw.large,2025-12-19,19.65,57.6,0.0,15.29,Development,Data Science
ACC-1015,Load Balancer,ap-south-1,N/A,2025-12-19,0.0,0.0,17.1,1.57,Staging,Engineering
ACC-1005,Block Storage,us-east-1,gp3,2025-12-19,0.0,116.1,0.0,9.59,Production,IT Operations
ACC-1001,Content Delivery (CDN),eu-central-1,N/A,2025-12-19,0.0,0.0,11.6,1.03,Staging,Engineering
ACC-1005,Content Delivery (CDN),us-east-1,N/A,2025-12-19,0.0,0.0,29.7,2.6,Production,IT Operations
ACC-1014,Load Balancer,us-west-2,N/A,2025-12-19,0.0,0.0,24.4,2.22,Development,Engineering
ACC-1014,Compute Instances,us-west-2,m5.xlarge,2025-12-19,22.5,0.0,0.0,4.36,Development,Engineering
ACC-1014,Object Storage,us-west-2,N/A,2025-12-19,0.0,291.3,0.0,7.09,Development,Engineering
ACC-1006,Managed Database,us-east-1,db.r5.large,2025-12-19,26.2,31.6,0.0,10.55,Production,Marketing
ACC-1005,Managed Database,us-east-1,db.r5.large,2025-12-20,11.15,28.6,0.0,6.06,Development,IT Operations
ACC-1003,Data Transfer / Egress,ap-south-1,N/A,2025-12-20,0.0,0.0,11.7,0.91,Production,Data Science
ACC-1005,Data Transfer / Egress,us-east-1,N/A,2025-12-20,0.0,0.0,45.9,4.53,Development,IT Operations
ACC-1012,Managed Database,eu-west-1,db.t3.medium,2025-12-20,19.47,61.0,0.0,6.4,Development,Finance
ACC-1012,Block Storage,eu-west-1,st1,2025-12-20,0.0,58.0,0.0,2.45,Development,Finance
ACC-1004,Object Storage,ap-southeast-1,N/A,2025-12-20,0.0,98.0,0.0,2.1,Production,Sales
ACC-1004,Content Delivery (CDN),ap-southeast-1,N/A,2025-12-20,0.0,0.0,52.3,4.55,Production,Sales
ACC-1004,Serverless Functions,ap-southeast-1,N/A,2025-12-20,7.16,0.0,0.0,0.38,Production,Sales
ACC-1006,Compute Instances,us-east-1,c5.large,2025-12-20,2.85,0.0,0.0,0.25,Staging,Marketing
ACC-1006,Load Balancer,us-east-1,N/A,2025-12-20,0.0,0.0,36.2,3.39,Staging,Marketing
ACC-1006,Content Delivery (CDN),us-east-1,N/A,2025-12-20,0.0,0.0,27.3,2.52,Staging,Marketing
ACC-1012,Load Balancer,eu-west-1,N/A,2025-12-20,0.0,0.0,54.2,4.57,Development,Finance
ACC-1013,Block Storage,eu-central-1,gp3,2025-12-20,0.0,165.0,0.0,14.56,Production,Data Science
ACC-1009,Compute Instances,us-east-1,m5.xlarge,2025-12-20,5.24,0.0,0.0,0.9,Staging,Engineering
ACC-1010,Object Storage,ap-southeast-1,N/A,2025-12-20,0.0,130.8,0.0,3.04,Staging,Data Science
ACC-1010,Block Storage,ap-southeast-1,gp3,2025-12-20,0.0,198.5,0.0,16.65,Staging,Data Science
ACC-1014,Compute Instances,us-west-2,m5.xlarge,2025-12-20,5.74,0.0,0.0,1.12,Staging,Engineering
ACC-1001,Managed Kubernetes,eu-central-1,m5.xlarge,2025-12-20,6.52,0.0,0.0,1.25,Staging,Engineering
ACC-1002,Managed Database,ap-south-1,db.r5.large,2025-12-20,22.87,31.2,0.0,9.45,Production,Sales
ACC-1002,Managed Kubernetes,ap-south-1,c5.2xlarge,2025-12-20,9.55,0.0,0.0,3.04,Production,Sales
ACC-1002,Block Storage,ap-south-1,st1,2025-12-20,0.0,69.0,0.0,3.05,Production,Sales
ACC-1008,Content Delivery (CDN),us-east-1,N/A,2025-12-20,0.0,0.0,16.0,1.46,Production,Engineering
ACC-1008,Data Warehouse,us-east-1,dw.xlarge,2025-12-20,15.39,62.5,0.0,20.16,Production,Engineering
ACC-1008,Managed Database,us-east-1,db.t3.medium,2025-12-20,16.25,87.0,0.0,9.03,Production,Engineering
ACC-1007,Object Storage,ap-southeast-1,N/A,2025-12-20,0.0,245.9,0.0,5.49,Production,Marketing
ACC-1001,Data Warehouse,eu-central-1,dw.large,2025-12-21,15.02,41.2,0.0,11.05,Development,Engineering
ACC-1012,Managed Kubernetes,eu-west-1,m5.large,2025-12-21,4.76,0.0,0.0,0.46,Staging,Finance
ACC-1012,Block Storage,eu-west-1,gp3,2025-12-21,0.0,173.5,0.0,14.23,Staging,Finance
ACC-1013,Compute Instances,us-east-1,c5.large,2025-12-21,5.39,0.0,0.0,0.49,Production,Data Science
ACC-1007,Compute Instances,ap-southeast-1,t3.micro,2025-12-21,8.59,0.0,0.0,0.09,Production,Marketing
ACC-1014,Data Warehouse,us-west-2,dw.large,2025-12-21,6.07,85.1,0.0,11.61,Development,Engineering
ACC-1002,Data Transfer / Egress,ap-south-1,N/A,2025-12-21,0.0,0.0,40.4,3.72,Production,Sales
ACC-1002,Content Delivery (CDN),ap-south-1,N/A,2025-12-21,0.0,0.0,29.9,2.68,Production,Sales
ACC-1002,Data Warehouse,ap-south-1,dw.xlarge,2025-12-21,6.56,16.3,0.0,7.2,Production,Sales
ACC-1001,Data Transfer / Egress,eu-central-1,N/A,2025-12-21,0.0,0.0,53.6,5.19,Development,Engineering
ACC-1014,Managed Database,us-west-2,db.m5.large,2025-12-21,12.16,51.1,0.0,7.76,Development,Engineering
ACC-1009,Load Balancer,us-east-1,N/A,2025-12-21,0.0,0.0,42.6,4.1,Staging,Engineering
ACC-1013,Object Storage,us-east-1,N/A,2025-12-21,0.0,154.3,0.0,3.37,Production,Data Science
ACC-1003,Serverless Functions,ap-south-1,N/A,2025-12-21,10.47,0.0,0.0,0.53,Staging,Data Science
ACC-1003,Block Storage,ap-south-1,st1,2025-12-21,0.0,99.9,0.0,4.53,Staging,Data Science
ACC-1004,Content Delivery (CDN),ap-southeast-1,N/A,2025-12-21,0.0,0.0,68.1,6.96,Staging,Sales
ACC-1006,Compute Instances,eu-central-1,r5.large,2025-12-21,5.97,0.0,0.0,0.75,Production,Marketing
ACC-1006,Data Warehouse,eu-central-1,dw.large,2025-12-21,25.31,34.9,0.0,16.59,Production,Marketing
ACC-1005,Managed Kubernetes,us-east-1,m5.large,2025-12-21,6.47,0.0,0.0,0.58,Staging,IT Operations
ACC-1006,Load Balancer,eu-central-1,N/A,2025-12-21,0.0,0.0,26.5,2.13,Production,Marketing
ACC-1005,Compute Instances,us-east-1,t3.medium,2025-12-21,3.92,0.0,0.0,0.18,Staging,IT Operations
ACC-1010,Serverless Functions,ap-southeast-1,N/A,2025-12-21,6.69,0.0,0.0,0.33,Staging,Data Science
ACC-1015,Managed Database,ap-south-1,db.r5.large,2025-12-21,18.48,71.4,0.0,12.1,Production,Engineering
ACC-1015,Content Delivery (CDN),ap-south-1,N/A,2025-12-21,0.0,0.0,18.0,1.4,Production,Engineering
ACC-1003,Managed Database,ap-south-1,db.r5.large,2025-12-21,18.37,65.3,0.0,11.91,Staging,Data Science
ACC-1005,Data Transfer / Egress,us-east-1,N/A,2025-12-21,0.0,0.0,37.7,3.26,Staging,IT Operations
ACC-1014,Managed Kubernetes,us-west-2,c5.2xlarge,2025-12-22,27.21,0.0,0.0,9.07,Production,Engineering
ACC-1002,Managed Database,ap-south-1,db.r5.large,2025-12-22,19.26,73.1,0.0,10.54,Production,Sales
ACC-1015,Compute Instances,ap-south-1,t3.medium,2025-12-22,17.05,0.0,0.0,0.76,Production,Engineering
ACC-1010,Compute Instances,ap-southeast-1,t3.medium,2025-12-22,8.34,0.0,0.0,0.34,Staging,Data Science
ACC-1011,Managed Kubernetes,us-east-1,c5.2xlarge,2025-12-22,15.14,0.0,0.0,4.76,Production,Sales
ACC-1011,Content Delivery (CDN),us-east-1,N/A,2025-12-22,0.0,0.0,17.8,1.69,Production,Sales
ACC-1012,Compute Instances,eu-west-1,m5.large,2025-12-22,12.73,0.0,0.0,1.15,Development,Finance
ACC-1006,Managed Kubernetes,us-east-1,m5.xlarge,2025-12-22,13.74,0.0,0.0,2.51,Staging,Marketing
ACC-1008,Serverless Functions,us-east-1,N/A,2025-12-22,24.51,0.0,0.0,1.2,Production,Engineering
ACC-1006,Block Storage,us-east-1,gp3,2025-12-22,0.0,175.8,0.0,12.18,Staging,Marketing
ACC-1008,Data Warehouse,us-east-1,dw.large,2025-12-22,30.25,98.5,0.0,24.3,Production,Engineering
ACC-1008,Load Balancer,us-east-1,N/A,2025-12-22,0.0,0.0,18.6,1.7,Production,Engineering
ACC-1003,Load Balancer,ap-south-1,N/A,2025-12-22,0.0,0.0,49.6,4.05,Production,Data Science
ACC-1003,Data Transfer / Egress,ap-south-1,N/A,2025-12-22,0.0,0.0,44.7,3.87,Production,Data Science
ACC-1003,Managed Database,ap-south-1,db.m5.large,2025-12-22,16.31,36.0,0.0,6.57,Production,Data Science
ACC-1006,Content Delivery (CDN),us-east-1,N/A,2025-12-22,0.0,0.0,29.2,2.63,Staging,Marketing
ACC-1001,Object Storage,eu-central-1,N/A,2025-12-23,0.0,169.6,0.0,4.1,Production,Engineering
ACC-1005,Data Warehouse,us-east-1,dw.large,2025-12-23,30.2,84.5,0.0,23.79,Production,IT Operations
ACC-1005,Data Transfer / Egress,us-east-1,N/A,2025-12-23,0.0,0.0,68.8,5.68,Production,IT Operations
ACC-1005,Compute Instances,us-east-1,t3.micro,2025-12-23,17.53,0.0,0.0,0.17,Production,IT Operations
ACC-1010,Data Warehouse,ap-southeast-1,dw.large,2025-12-23,24.99,36.1,0.0,17.46,Staging,Data Science
ACC-1001,Block Storage,eu-central-1,gp3,2025-12-23,0.0,170.3,0.0,14.03,Production,Engineering
ACC-1001,Compute Instances,eu-central-1,m5.xlarge,2025-12-23,15.2,0.0,0.0,3.12,Production,Engineering
ACC-1013,Compute Instances,us-east-1,m5.xlarge,2025-12-23,9.82,0.0,0.0,1.85,Production,Data Science
ACC-1011,Block Storage,us-east-1,io2,2025-12-23,0.0,179.0,0.0,21.4,Production,Sales
ACC-1014,Managed Database,us-west-2,db.r5.large,2025-12-23,5.32,43.7,0.0,5.32,Production,Engineering
ACC-1014,Data Transfer / Egress,us-west-2,N/A,2025-12-23,0.0,0.0,59.4,5.05,Production,Engineering
ACC-1006,Data Transfer / Egress,us-east-1,N/A,2025-12-23,0.0,0.0,14.1,1.2,Production,Marketing
ACC-1006,Serverless Functions,us-east-1,N/A,2025-12-23,20.11,0.0,0.0,0.97,Production,Marketing
ACC-1011,Load Balancer,us-east-1,N/A,2025-12-23,0.0,0.0,26.0,2.55,Production,Sales
ACC-1014,Data Warehouse,us-west-2,dw.xlarge,2025-12-23,27.95,69.4,0.0,32.92,Production,Engineering
ACC-1002,Content Delivery (CDN),ap-south-1,N/A,2025-12-23,0.0,0.0,9.1,0.78,Production,Sales
ACC-1005,Content Delivery (CDN),us-east-1,N/A,2025-12-24,0.0,0.0,12.8,1.18,Development,IT Operations
ACC-1006,Content Delivery (CDN),us-east-1,N/A,2025-12-24,0.0,0.0,14.5,1.3,Staging,Marketing
ACC-1006,Serverless Functions,us-east-1,N/A,2025-12-24,17.24,0.0,0.0,0.79,Staging,Marketing
ACC-1006,Data Transfer / Egress,us-east-1,N/A,2025-12-24,0.0,0.0,23.4,2.27,Staging,Marketing
ACC-1008,Managed Kubernetes,us-east-1,m5.xlarge,2025-12-24,10.33,0.0,0.0,2.03,Production,Engineering
ACC-1013,Serverless Functions,us-east-1,N/A,2025-12-24,5.92,0.0,0.0,0.32,Production,Data Science
ACC-1010,Object Storage,ap-southeast-1,N/A,2025-12-24,0.0,176.9,0.0,3.86,Production,Data Science
ACC-1010,Content Delivery (CDN),ap-southeast-1,N/A,2025-12-24,0.0,0.0,18.3,1.57,Production,Data Science
ACC-1005,Serverless Functions,us-east-1,N/A,2025-12-24,24.78,0.0,0.0,4.23,Development,IT Operations
ACC-1013,Data Transfer / Egress,us-east-1,N/A,2025-12-24,0.0,0.0,27.1,2.39,Production,Data Science
ACC-1007,Block Storage,ap-southeast-1,st1,2025-12-24,0.0,142.6,0.0,6.34,Production,Marketing
ACC-1008,Object Storage,us-east-1,N/A,2025-12-24,0.0,224.1,0.0,4.66,Production,Engineering
ACC-1012,Data Transfer / Egress,eu-west-1,N/A,2025-12-24,0.0,0.0,32.3,2.71,Production,Finance
ACC-1010,Data Warehouse,ap-southeast-1,dw.xlarge,2025-12-24,32.64,96.5,0.0,40.24,Production,Data Science
ACC-1012,Content Delivery (CDN),eu-west-1,N/A,2025-12-24,0.0,0.0,23.0,2.15,Production,Finance
ACC-1003,Content Delivery (CDN),ap-south-1,N/A,2025-12-24,0.0,0.0,21.9,1.88,Staging,Data Science
ACC-1003,Object Storage,ap-south-1,N/A,2025-12-24,0.0,110.8,0.0,2.38,Staging,Data Science
ACC-1003,Compute Instances,ap-south-1,c5.large,2025-12-24,3.64,0.0,0.0,0.3,Staging,Data Science
ACC-1002,Compute Instances,ap-south-1,t3.medium,2025-12-24,39.09,0.0,0.0,1.64,Staging,Sales
ACC-1015,Load Balancer,ap-south-1,N/A,2025-12-24,0.0,0.0,39.0,3.32,Development,Engineering
ACC-1002,Data Warehouse,ap-south-1,dw.large,2025-12-24,17.15,24.4,0.0,11.58,Staging,Sales
ACC-1015,Serverless Functions,ap-south-1,N/A,2025-12-24,6.5,0.0,0.0,2.03,Development,Engineering
ACC-1014,Serverless Functions,us-west-2,N/A,2025-12-24,12.7,0.0,0.0,0.62,Staging,Engineering
ACC-1009,Managed Kubernetes,eu-central-1,m5.xlarge,2025-12-24,11.51,0.0,0.0,2.12,Production,Engineering
ACC-1004,Object Storage,ap-southeast-1,N/A,2025-12-24,0.0,226.0,0.0,5.49,Development,Sales
ACC-1004,Data Transfer / Egress,ap-southeast-1,N/A,2025-12-24,0.0,0.0,28.1,2.59,Development,Sales
ACC-1015,Content Delivery (CDN),ap-south-1,N/A,2025-12-24,0.0,0.0,33.0,2.95,Development,Engineering
ACC-1012,Block Storage,eu-west-1,st1,2025-12-24,0.0,200.4,0.0,9.01,Production,Finance
ACC-1001,Managed Kubernetes,eu-central-1,m5.large,2025-12-25,15.47,0.0,0.0,1.55,Staging,Engineering
ACC-1014,Compute Instances,us-west-2,m5.xlarge,2025-12-25,31.04,0.0,0.0,5.34,Production,Engineering
ACC-1004,Block Storage,ap-southeast-1,st1,2025-12-25,0.0,222.9,0.0,10.68,Production,Sales
ACC-1004,Load Balancer,ap-southeast-1,N/A,2025-12-25,0.0,0.0,12.2,1.15,Production,Sales
ACC-1009,Block Storage,eu-central-1,io2,2025-12-25,0.0,219.9,0.0,28.87,Production,Engineering
ACC-1001,Object Storage,eu-central-1,N/A,2025-12-25,0.0,213.0,0.0,4.39,Staging,Engineering
ACC-1001,Block Storage,eu-central-1,gp3,2025-12-25,0.0,154.0,0.0,11.7,Staging,Engineering
ACC-1005,Managed Database,ap-south-1,db.r5.large,2025-12-25,20.43,46.0,0.0,9.76,Production,IT Operations
ACC-1007,Managed Kubernetes,ap-southeast-1,m5.large,2025-12-25,16.49,0.0,0.0,1.43,Production,Marketing
ACC-1008,Load Balancer,us-east-1,N/A,2025-12-25,0.0,0.0,37.4,3.69,Staging,Engineering
ACC-1008,Managed Kubernetes,us-east-1,m5.xlarge,2025-12-25,9.9,0.0,0.0,1.82,Staging,Engineering
ACC-1008,Data Warehouse,us-east-1,dw.large,2025-12-25,19.26,40.0,0.0,13.37,Staging,Engineering
ACC-1015,Load Balancer,ap-south-1,N/A,2025-12-25,0.0,0.0,23.8,1.98,Staging,Engineering
ACC-1001,Data Transfer / Egress,eu-central-1,N/A,2025-12-26,0.0,0.0,17.3,1.36,Development,Engineering
ACC-1012,Data Warehouse,eu-west-1,dw.large,2025-12-26,36.09,21.2,0.0,18.59,Production,Finance
ACC-1010,Compute Instances,ap-southeast-1,m5.large,2025-12-26,14.15,0.0,0.0,1.51,Production,Data Science
ACC-1010,Load Balancer,ap-southeast-1,N/A,2025-12-26,0.0,0.0,24.9,2.15,Production,Data Science
ACC-1010,Block Storage,ap-southeast-1,io2,2025-12-26,0.0,295.2,0.0,37.13,Production,Data Science
ACC-1002,Serverless Functions,ap-south-1,N/A,2025-12-26,13.46,0.0,0.0,0.64,Development,Sales
ACC-1008,Data Warehouse,eu-central-1,dw.large,2025-12-26,21.52,29.6,0.0,14.58,Production,Engineering
ACC-1008,Data Transfer / Egress,eu-central-1,N/A,2025-12-26,0.0,0.0,61.3,5.22,Production,Engineering
ACC-1008,Content Delivery (CDN),eu-central-1,N/A,2025-12-26,0.0,0.0,39.1,3.56,Production,Engineering
ACC-1006,Managed Database,us-east-1,db.t3.medium,2025-12-26,11.43,35.6,0.0,4.42,Staging,Marketing
ACC-1007,Compute Instances,ap-southeast-1,m5.large,2025-12-26,9.06,0.0,0.0,0.98,Staging,Marketing
ACC-1007,Load Balancer,ap-southeast-1,N/A,2025-12-26,0.0,0.0,31.9,2.84,Staging,Marketing
ACC-1005,Block Storage,us-east-1,st1,2025-12-26,0.0,134.7,0.0,5.31,Production,IT Operations
ACC-1004,Load Balancer,ap-southeast-1,N/A,2025-12-26,0.0,0.0,35.0,2.97,Development,Sales
ACC-1005,Data Warehouse,us-east-1,dw.xlarge,2025-12-26,23.34,71.5,0.0,30.7,Production,IT Operations
ACC-1011,Object Storage,us-east-1,N/A,2025-12-26,0.0,252.0,0.0,5.63,Staging,Sales
ACC-1011,Serverless Functions,us-east-1,N/A,2025-12-26,13.14,0.0,0.0,0.66,Staging,Sales
ACC-1003,Managed Database,ap-south-1,db.t3.medium,2025-12-26,27.2,46.9,0.0,6.84,Production,Data Science
ACC-1009,Object Storage,eu-central-1,N/A,2025-12-26,0.0,131.4,0.0,2.93,Development,Engineering
ACC-1009,Content Delivery (CDN),eu-central-1,N/A,2025-12-26,0.0,0.0,9.1,0.85,Development,Engineering
ACC-1014,Block Storage,ap-south-1,st1,2025-12-26,0.0,219.0,0.0,10.52,Production,Engineering
ACC-1014,Managed Kubernetes,ap-south-1,c5.2xlarge,2025-12-26,24.79,0.0,0.0,9.41,Production,Engineering
ACC-1014,Load Balancer,ap-south-1,N/A,2025-12-26,0.0,0.0,32.7,2.8,Production,Engineering
ACC-1003,Content Delivery (CDN),ap-south-1,N/A,2025-12-26,0.0,0.0,67.6,6.06,Production,Data Science
ACC-1015,Block Storage,ap-south-1,st1,2025-12-26,0.0,211.9,0.0,9.58,Staging,Engineering
ACC-1015,Managed Kubernetes,ap-south-1,m5.large,2025-12-26,30.19,0.0,0.0,3.43,Staging,Engineering
ACC-1011,Block Storage,us-east-1,io2,2025-12-26,0.0,221.2,0.0,31.19,Staging,Sales
ACC-1005,Compute Instances,us-east-1,m5.large,2025-12-26,10.11,0.0,0.0,0.97,Production,IT Operations
ACC-1013,Content Delivery (CDN),us-east-1,N/A,2025-12-26,0.0,0.0,60.2,4.91,Staging,Data Science
ACC-1013,Compute Instances,us-east-1,m5.xlarge,2025-12-26,11.42,0.0,0.0,2.31,Staging,Data Science
ACC-1013,Data Transfer / Egress,us-east-1,N/A,2025-12-26,0.0,0.0,30.3,2.87,Staging,Data Science
ACC-1006,Managed Kubernetes,us-east-1,m5.large,2025-12-27,5.89,0.0,0.0,0.59,Development,Marketing
ACC-1011,Content Delivery (CDN),us-east-1,N/A,2025-12-27,0.0,0.0,36.2,3.44,Production,Sales
ACC-1011,Data Transfer / Egress,us-east-1,N/A,2025-12-27,0.0,0.0,10.5,0.99,Production,Sales
ACC-1011,Compute Instances,us-east-1,m5.large,2025-12-27,6.88,0.0,0.0,0.69,Production,Sales
ACC-1015,Managed Kubernetes,ap-south-1,m5.xlarge,2025-12-27,5.69,0.0,0.0,0.94,Production,Engineering
ACC-1015,Content Delivery (CDN),ap-south-1,N/A,2025-12-27,0.0,0.0,24.4,2.31,Production,Engineering
ACC-1007,Compute Instances,us-west-2,t3.medium,2025-12-27,6.65,0.0,0.0,0.26,Production,Marketing
ACC-1014,Data Transfer / Egress,ap-southeast-1,N/A,2025-12-27,0.0,0.0,11.6,1.01,Production,Engineering
ACC-1014,Managed Kubernetes,ap-southeast-1,c5.2xlarge,2025-12-27,6.5,0.0,0.0,2.39,Production,Engineering
ACC-1005,Managed Database,us-east-1,db.m5.large,2025-12-27,15.03,34.6,0.0,5.36,Staging,IT Operations
ACC-1006,Compute Instances,us-east-1,t3.medium,2025-12-27,7.96,0.0,0.0,0.35,Development,Marketing
ACC-1010,Managed Kubernetes,ap-southeast-1,m5.xlarge,2025-12-27,8.52,0.0,0.0,1.68,Development,Data Science
ACC-1015,Managed Database,ap-south-1,db.t3.medium,2025-12-27,10.26,24.8,0.0,3.56,Production,Engineering
ACC-1014,Serverless Functions,ap-southeast-1,N/A,2025-12-27,8.34,0.0,0.0,0.42,Production,Engineering
ACC-1013,Object Storage,us-east-1,N/A,2025-12-27,0.0,192.7,0.0,4.25,Production,Data Science
ACC-1001,Data Transfer / Egress,eu-central-1,N/A,2025-12-27,0.0,0.0,26.3,2.31,Development,Engineering
ACC-1013,Data Warehouse,us-east-1,dw.xlarge,2025-12-27,10.5,77.1,0.0,17.19,Production,Data Science
ACC-1009,Managed Database,eu-central-1,db.m5.large,2025-12-27,8.12,60.3,0.0,7.35,Production,Engineering
ACC-1002,Data Transfer / Egress,us-west-2,N/A,2025-12-27,0.0,0.0,73.9,6.06,Production,Sales
ACC-1008,Object Storage,us-east-1,N/A,2025-12-27,0.0,252.0,0.0,6.24,Production,Engineering
ACC-1012,Serverless Functions,eu-west-1,N/A,2025-12-27,5.56,0.0,0.0,0.28,Production,Finance
ACC-1002,Serverless Functions,us-west-2,N/A,2025-12-27,8.44,0.0,0.0,0.46,Production,Sales
ACC-1012,Data Transfer / Egress,eu-west-1,N/A,2025-12-27,0.0,0.0,53.6,4.38,Production,Finance
ACC-1004,Load Balancer,ap-southeast-1,N/A,2025-12-27,0.0,0.0,11.9,1.09,Development,Sales
ACC-1004,Content Delivery (CDN),ap-southeast-1,N/A,2025-12-27,0.0,0.0,15.6,1.35,Development,Sales
ACC-1004,Data Transfer / Egress,ap-southeast-1,N/A,2025-12-27,0.0,0.0,14.8,1.33,Development,Sales
ACC-1001,Managed Database,eu-central-1,db.t3.medium,2025-12-27,13.46,47.6,0.0,5.59,Development,Engineering
ACC-1012,Content Delivery (CDN),eu-west-1,N/A,2025-12-27,0.0,0.0,25.7,2.37,Production,Finance
ACC-1003,Data Warehouse,eu-west-1,dw.xlarge,2025-12-28,14.79,58.3,0.0,21.3,Staging,Data Science
ACC-1007,Serverless Functions,ap-south-1,N/A,2025-12-28,4.01,0.0,0.0,0.17,Production,Marketing
ACC-1004,Serverless Functions,ap-south-1,N/A,2025-12-28,7.96,0.0,0.0,0.4,Production,Sales
ACC-1004,Compute Instances,ap-south-1,c5.large,2025-12-28,15.17,0.0,0.0,1.37,Production,Sales
ACC-1003,Content Delivery (CDN),eu-west-1,N/A,2025-12-28,0.0,0.0,16.5,1.24,Staging,Data Science
ACC-1011,Data Warehouse,us-east-1,dw.xlarge,2025-12-28,11.55,103.6,0.0,19.84,Production,Sales
ACC-1015,Serverless Functions,ap-south-1,N/A,2025-12-28,5.87,0.0,0.0,0.32,Development,Engineering
ACC-1014,Content Delivery (CDN),us-west-2,N/A,2025-12-28,0.0,0.0,10.1,0.91,Production,Engineering
ACC-1014,Data Warehouse,us-west-2,dw.large,2025-12-28,6.82,22.9,0.0,5.66,Production,Engineering
ACC-1005,Content Delivery (CDN),eu-central-1,N/A,2025-12-28,0.0,0.0,59.6,5.31,Staging,IT Operations
ACC-1005,Compute Instances,eu-central-1,r5.large,2025-12-28,14.89,0.0,0.0,1.88,Staging,IT Operations
ACC-1015,Object Storage,ap-south-1,N/A,2025-12-28,0.0,144.7,0.0,3.19,Development,Engineering
ACC-1007,Load Balancer,ap-south-1,N/A,2025-12-28,0.0,0.0,26.7,2.45,Production,Marketing
ACC-1011,Content Delivery (CDN),us-east-1,N/A,2025-12-28,0.0,0.0,43.0,4.73,Production,Sales
ACC-1009,Data Warehouse,eu-central-1,dw.large,2025-12-28,14.99,187.6,0.0,28.92,Production,Engineering
ACC-1004,Content Delivery (CDN),ap-south-1,N/A,2025-12-28,0.0,0.0,39.1,3.99,Production,Sales
ACC-1009,Managed Kubernetes,eu-central-1,m5.xlarge,2025-12-28,8.93,0.0,0.0,1.6,Production,Engineering
ACC-1008,Managed Database,us-east-1,db.t3.medium,2025-12-28,14.84,100.7,0.0,11.31,Staging,Engineering
ACC-1006,Compute Instances,us-east-1,r5.large,2025-12-28,5.34,0.0,0.0,0.63,Staging,Marketing
ACC-1006,Managed Kubernetes,us-east-1,c5.2xlarge,2025-12-28,6.43,0.0,0.0,2.32,Staging,Marketing
ACC-1012,Content Delivery (CDN),eu-west-1,N/A,2025-12-28,0.0,0.0,49.2,4.63,Production,Finance
ACC-1012,Data Transfer / Egress,eu-west-1,N/A,2025-12-28,0.0,0.0,17.3,1.49,Production,Finance
ACC-1002,Block Storage,ap-south-1,st1,2025-12-28,0.0,289.1,0.0,14.17,Production,Sales
ACC-1006,Data Transfer / Egress,us-east-1,N/A,2025-12-28,0.0,0.0,24.3,2.21,Staging,Marketing
ACC-1001,Content Delivery (CDN),eu-central-1,N/A,2025-12-28,0.0,0.0,35.8,3.02,Production,Engineering
ACC-1001,Compute Instances,eu-central-1,r5.large,2025-12-28,13.73,0.0,0.0,1.89,Production,Engineering
ACC-1001,Block Storage,eu-central-1,io2,2025-12-28,0.0,104.8,0.0,13.9,Production,Engineering
ACC-1009,Load Balancer,eu-central-1,N/A,2025-12-28,0.0,0.0,67.0,6.13,Production,Engineering
ACC-1010,Object Storage,eu-central-1,N/A,2025-12-28,0.0,176.8,0.0,4.77,Production,Data Science
ACC-1010,Block Storage,eu-central-1,gp3,2025-12-28,0.0,128.4,0.0,9.12,Production,Data Science
ACC-1013,Serverless Functions,us-east-1,N/A,2025-12-28,2.89,0.0,0.0,0.15,Staging,Data Science
ACC-1003,Object Storage,ap-south-1,N/A,2025-12-29,0.0,262.2,0.0,6.6,Staging,Data Science
ACC-1009,Managed Database,eu-central-1,db.t3.medium,2025-12-29,22.12,40.8,0.0,5.12,Staging,Engineering
ACC-1009,Data Warehouse,eu-central-1,dw.xlarge,2025-12-29,30.33,67.1,0.0,38.62,Staging,Engineering
ACC-1009,Serverless Functions,eu-central-1,N/A,2025-12-29,18.82,0.0,0.0,0.94,Staging,Engineering
ACC-1005,Block Storage,us-east-1,io2,2025-12-29,0.0,93.9,0.0,9.59,Production,IT Operations
ACC-1005,Serverless Functions,us-east-1,N/A,2025-12-29,17.19,0.0,0.0,0.87,Production,IT Operations
ACC-1005,Load Balancer,us-east-1,N/A,2025-12-29,0.0,0.0,30.1,2.68,Production,IT Operations
ACC-1014,Compute Instances,us-west-2,t3.micro,2025-12-29,22.74,0.0,0.0,0.22,Development,Engineering
ACC-1013,Data Transfer / Egress,eu-west-1,N/A,2025-12-29,0.0,0.0,23.0,2.25,Production,Data Science
ACC-1013,Load Balancer,eu-west-1,N/A,2025-12-29,0.0,0.0,26.0,2.41,Production,Data Science
ACC-1007,Load Balancer,ap-south-1,N/A,2025-12-29,0.0,0.0,51.8,4.49,Staging,Marketing
ACC-1002,Data Warehouse,ap-south-1,dw.large,2025-12-29,18.85,78.6,0.0,17.9,Development,Sales
ACC-1002,Load Balancer,ap-south-1,N/A,2025-12-29,0.0,0.0,21.9,2.01,Development,Sales
ACC-1002,Compute Instances,ap-south-1,c5.large,2025-12-29,15.81,0.0,0.0,1.35,Development,Sales
ACC-1006,Managed Kubernetes,us-east-1,m5.xlarge,2025-12-29,5.13,0.0,0.0,1.11,Production,Marketing
ACC-1004,Serverless Functions,ap-southeast-1,N/A,2025-12-29,25.31,0.0,0.0,1.45,Production,Sales
ACC-1004,Object Storage,ap-southeast-1,N/A,2025-12-29,0.0,172.4,0.0,4.05,Production,Sales
ACC-1004,Managed Kubernetes,ap-southeast-1,c5.2xlarge,2025-12-29,8.15,0.0,0.0,2.83,Production,Sales
ACC-1013,Object Storage,eu-west-1,N/A,2025-12-29,0.0,125.5,0.0,2.93,Production,Data Science
ACC-1009,Object Storage,eu-central-1,N/A,2025-12-30,0.0,166.7,0.0,3.74,Staging,Engineering
ACC-1012,Managed Kubernetes,ap-southeast-1,c5.2xlarge,2025-12-30,15.48,0.0,0.0,5.44,Production,Finance
ACC-1012,Data Warehouse,ap-southeast-1,dw.xlarge,2025-12-30,35.66,31.7,0.0,41.72,Production,Finance
ACC-1001,Data Warehouse,eu-central-1,dw.xlarge,2025-12-30,29.52,133.2,0.0,47.05,Production,Engineering
ACC-1001,Object Storage,eu-central-1,N/A,2025-12-30,0.0,139.9,0.0,3.03,Production,Engineering
ACC-1001,Managed Database,eu-central-1,db.t3.medium,2025-12-30,19.26,51.6,0.0,6.24,Production,Engineering
ACC-1003,Content Delivery (CDN),ap-south-1,N/A,2025-12-30,0.0,0.0,44.2,3.78,Production,Data Science
ACC-1015,Block Storage,ap-south-1,io2,2025-12-30,0.0,187.3,0.0,22.14,Production,Engineering
ACC-1008,Compute Instances,us-east-1,r5.large,2025-12-30,17.49,0.0,0.0,2.31,Production,Engineering
ACC-1008,Serverless Functions,us-east-1,N/A,2025-12-30,9.07,0.0,0.0,0.5,Production,Engineering
ACC-1003,Compute Instances,ap-south-1,m5.large,2025-12-30,9.92,0.0,0.0,0.92,Production,Data Science
ACC-1014,Managed Database,us-west-2,db.t3.medium,2025-12-30,29.75,20.3,0.0,3.76,Production,Engineering
ACC-1015,Content Delivery (CDN),ap-south-1,N/A,2025-12-30,0.0,0.0,37.7,3.46,Production,Engineering
ACC-1009,Managed Kubernetes,eu-central-1,m5.xlarge,2025-12-30,13.64,0.0,0.0,2.67,Staging,Engineering
ACC-1007,Load Balancer,us-west-2,N/A,2025-12-30,0.0,0.0,14.3,1.25,Development,Marketing
ACC-1002,Serverless Functions,ap-south-1,N/A,2025-12-30,7.42,0.0,0.0,0.39,Production,Sales
ACC-1009,Block Storage,eu-central-1,io2,2025-12-30,0.0,307.2,0.0,39.23,Staging,Engineering
ACC-1006,Serverless Functions,us-east-1,N/A,2025-12-30,10.8,0.0,0.0,0.43,Staging,Marketing
ACC-1006,Data Warehouse,us-east-1,dw.xlarge,2025-12-30,21.58,105.1,0.0,32.06,Staging,Marketing
ACC-1004,Content Delivery (CDN),ap-southeast-1,N/A,2025-12-30,0.0,0.0,21.3,1.94,Production,Sales
ACC-1007,Content Delivery (CDN),us-west-2,N/A,2025-12-30,0.0,0.0,19.8,1.64,Development,Marketing
ACC-1004,Data Warehouse,ap-southeast-1,dw.xlarge,2025-12-30,21.25,26.5,0.0,23.83,Production,Sales
ACC-1013,Block Storage,ap-south-1,gp3,2025-12-30,0.0,219.7,0.0,16.7,Staging,Data Science
ACC-1010,Managed Database,ap-southeast-1,db.r5.large,2025-12-30,26.32,39.9,0.0,10.59,Development,Data Science
ACC-1010,Serverless Functions,ap-southeast-1,N/A,2025-12-30,28.66,0.0,0.0,1.44,Development,Data Science
ACC-1011,Managed Database,us-east-1,db.m5.large,2025-12-30,15.84,44.0,0.0,7.06,Development,Sales
ACC-1011,Managed Kubernetes,us-east-1,m5.large,2025-12-30,15.98,0.0,0.0,5.8,Development,Sales
ACC-1007,Data Warehouse,us-west-2,dw.xlarge,2025-12-30,27.25,123.0,0.0,40.31,Development,Marketing
ACC-1004,Block Storage,ap-southeast-1,st1,2025-12-31,0.0,236.6,0.0,11.37,Staging,Sales
ACC-1002,Managed Database,ap-south-1,db.t3.medium,2025-12-31,13.9,84.1,0.0,7.93,Staging,Sales
ACC-1004,Managed Database,ap-southeast-1,db.r5.large,2025-12-31,20.17,32.0,0.0,7.48,Staging,Sales
ACC-1004,Data Transfer / Egress,ap-southeast-1,N/A,2025-12-31,0.0,0.0,17.6,1.35,Staging,Sales
ACC-1014,Managed Database,us-west-2,db.r5.large,2025-12-31,17.11,35.2,0.0,7.44,Production,Engineering
ACC-1014,Block Storage,us-west-2,gp3,2025-12-31,0.0,270.1,0.0,20.41,Production,Engineering
ACC-1002,Block Storage,ap-south-1,gp3,2025-12-31,0.0,154.3,0.0,12.36,Staging,Sales
ACC-1008,Managed Kubernetes,us-east-1,m5.large,2025-12-31,3.18,0.0,0.0,0.33,Staging,Engineering
ACC-1007,Managed Database,ap-southeast-1,db.r5.large,2025-12-31,21.21,78.7,0.0,13.8,Development,Marketing
ACC-1007,Data Transfer / Egress,ap-southeast-1,N/A,2025-12-31,0.0,0.0,33.9,3.03,Development,Marketing
ACC-1003,Object Storage,ap-south-1,N/A,2025-12-31,0.0,198.2,0.0,4.38,Development,Data Science
ACC-1007,Managed Kubernetes,ap-southeast-1,m5.xlarge,2025-12-31,12.43,0.0,0.0,2.45,Development,Marketing
ACC-1003,Data Warehouse,ap-south-1,dw.xlarge,2025-12-31,15.43,119.4,0.0,27.63,Development,Data Science
ACC-1005,Block Storage,us-east-1,st1,2025-12-31,0.0,149.8,0.0,6.32,Production,IT Operations
ACC-1002,Data Transfer / Egress,ap-south-1,N/A,2025-12-31,0.0,0.0,62.5,5.74,Staging,Sales
ACC-1015,Content Delivery (CDN),ap-south-1,N/A,2025-12-31,0.0,0.0,33.0,2.67,Production,Engineering
ACC-1009,Load Balancer,eu-central-1,N/A,2025-12-31,0.0,0.0,29.5,2.94,Staging,Engineering
ACC-1001,Block Storage,eu-central-1,gp3,2025-12-31,0.0,325.8,0.0,28.08,Development,Engineering
ACC-1001,Content Delivery (CDN),eu-central-1,N/A,2025-12-31,0.0,0.0,44.7,4.02,Development,Engineering
ACC-1012,Managed Kubernetes,eu-west-1,c5.2xlarge,2025-12-31,16.6,0.0,0.0,5.59,Development,Finance
ACC-1012,Content Delivery (CDN),eu-west-1,N/A,2025-12-31,0.0,0.0,28.0,2.27,Development,Finance
ACC-1009,Object Storage,eu-central-1,N/A,2025-12-31,0.0,162.2,0.0,4.17,Staging,Engineering
ACC-1010,Object Storage,ap-southeast-1,N/A,2025-12-31,0.0,215.2,0.0,4.86,Staging,Data Science
ACC-1010,Managed Kubernetes,ap-southeast-1,m5.large,2025-12-31,18.4,0.0,0.0,1.59,Staging,Data Science
ACC-1012,Serverless Functions,eu-west-1,N/A,2025-12-31,19.8,0.0,0.0,0.97,Development,Finance
ACC-1006,Data Transfer / Egress,us-east-1,N/A,2025-12-31,0.0,0.0,59.3,5.12,Production,Marketing
ACC-1006,Block Storage,us-east-1,io2,2025-12-31,0.0,361.3,0.0,49.83,Production,Marketing
ACC-1011,Serverless Functions,us-east-1,N/A,2025-12-31,28.35,0.0,0.0,1.33,Production,Sales
ACC-1013,Data Warehouse,us-east-1,dw.xlarge,2025-12-31,12.9,74.4,0.0,20.28,Development,Data Science
ACC-1013,Managed Database,us-east-1,db.t3.medium,2025-12-31,14.8,83.3,0.0,8.99,Development,Data Science
ACC-1013,Managed Kubernetes,us-east-1,m5.xlarge,2025-12-31,9.51,0.0,0.0,1.76,Development,Data Science
ACC-1010,Block Storage,ap-southeast-1,io2,2025-12-31,0.0,192.0,0.0,22.58,Staging,Data Science
ACC-1013,Managed Kubernetes,us-east-1,m5.large,2026-01-01,17.68,0.0,0.0,1.86,Production,Data Science
ACC-1002,Serverless Functions,ap-south-1,N/A,2026-01-01,11.15,0.0,0.0,0.53,Development,Sales
ACC-1002,Managed Database,ap-south-1,db.m5.large,2026-01-01,20.37,27.0,0.0,5.65,Development,Sales
ACC-1009,Data Transfer / Egress,eu-central-1,N/A,2026-01-01,0.0,0.0,24.8,2.25,Production,Engineering
ACC-1015,Content Delivery (CDN),ap-south-1,N/A,2026-01-01,0.0,0.0,17.0,1.61,Staging,Engineering
ACC-1008,Content Delivery (CDN),us-east-1,N/A,2026-01-01,0.0,0.0,15.5,1.47,Staging,Engineering
ACC-1008,Compute Instances,us-east-1,m5.large,2026-01-01,21.18,0.0,0.0,2.05,Staging,Engineering
ACC-1008,Data Transfer / Egress,us-east-1,N/A,2026-01-01,0.0,0.0,20.6,1.77,Staging,Engineering
ACC-1011,Object Storage,us-east-1,N/A,2026-01-01,0.0,274.7,0.0,6.34,Production,Sales
ACC-1011,Serverless Functions,us-east-1,N/A,2026-01-01,6.71,0.0,0.0,0.36,Production,Sales
ACC-1010,Block Storage,ap-southeast-1,st1,2026-01-01,0.0,230.1,0.0,10.87,Staging,Data Science
ACC-1013,Data Transfer / Egress,us-east-1,N/A,2026-01-01,0.0,0.0,36.4,2.94,Production,Data Science
ACC-1006,Data Warehouse,us-east-1,dw.large,2026-01-01,18.5,38.6,0.0,13.42,Staging,Marketing
ACC-1003,Block Storage,ap-south-1,io2,2026-01-01,0.0,259.7,0.0,33.94,Development,Data Science
ACC-1001,Block Storage,eu-central-1,io2,2026-01-01,0.0,155.9,0.0,19.59,Production,Engineering
ACC-1001,Serverless Functions,eu-central-1,N/A,2026-01-01,8.39,0.0,0.0,0.43,Production,Engineering
ACC-1001,Managed Database,eu-central-1,db.m5.large,2026-01-01,15.94,29.4,0.0,6.18,Production,Engineering
ACC-1007,Serverless Functions,ap-southeast-1,N/A,2026-01-01,15.86,0.0,0.0,0.85,Production,Marketing
ACC-1004,Serverless Functions,ap-southeast-1,N/A,2026-01-01,9.17,0.0,0.0,0.45,Production,Sales
ACC-1004,Data Transfer / Egress,ap-southeast-1,N/A,2026-01-01,0.0,0.0,23.9,2.43,Production,Sales
ACC-1012,Content Delivery (CDN),eu-west-1,N/A,2026-01-01,0.0,0.0,22.6,1.82,Development,Finance
ACC-1005,Data Warehouse,us-east-1,dw.xlarge,2026-01-01,22.28,40.5,0.0,26.19,Production,IT Operations
ACC-1014,Data Transfer / Egress,us-west-2,N/A,2026-01-01,0.0,0.0,29.7,2.37,Staging,Engineering
ACC-1006,Serverless Functions,us-east-1,N/A,2026-01-01,15.97,0.0,0.0,0.78,Staging,Marketing
ACC-1008,Object Storage,eu-central-1,N/A,2026-01-02,0.0,110.8,0.0,2.62,Development,Engineering
ACC-1008,Content Delivery (CDN),eu-central-1,N/A,2026-01-02,0.0,0.0,28.4,2.62,Development,Engineering
ACC-1009,Content Delivery (CDN),eu-central-1,N/A,2026-01-02,0.0,0.0,12.8,1.14,Production,Engineering
ACC-1009,Serverless Functions,eu-central-1,N/A,2026-01-02,15.17,0.0,0.0,0.7,Production,Engineering
ACC-1009,Object Storage,eu-central-1,N/A,2026-01-02,0.0,260.3,0.0,6.01,Production,Engineering
ACC-1007,Data Warehouse,ap-southeast-1,dw.xlarge,2026-01-02,25.38,58.7,0.0,31.67,Staging,Marketing
ACC-1011,Block Storage,us-east-1,st1,2026-01-02,0.0,249.8,0.0,10.35,Staging,Sales
ACC-1011,Managed Kubernetes,us-east-1,m5.large,2026-01-02,21.83,0.0,0.0,2.17,Staging,Sales
ACC-1011,Load Balancer,us-east-1,N/A,2026-01-02,0.0,0.0,39.1,3.53,Staging,Sales
ACC-1007,Load Balancer,ap-southeast-1,N/A,2026-01-02,0.0,0.0,35.9,3.3,Staging,Marketing
ACC-1005,Data Transfer / Egress,us-west-2,N/A,2026-01-02,0.0,0.0,30.4,2.55,Development,IT Operations
ACC-1010,Load Balancer,ap-south-1,N/A,2026-01-02,0.0,0.0,36.2,3.43,Production,Data Science
ACC-1005,Serverless Functions,us-west-2,N/A,2026-01-02,13.32,0.0,0.0,0.62,Development,IT Operations
ACC-1007,Managed Kubernetes,ap-southeast-1,m5.large,2026-01-02,17.38,0.0,0.0,1.5,Staging,Marketing
ACC-1002,Block Storage,ap-south-1,io2,2026-01-02,0.0,159.7,0.0,21.35,Production,Sales
ACC-1005,Data Warehouse,us-west-2,dw.large,2026-01-02,8.93,32.1,0.0,7.78,Development,IT Operations
ACC-1004,Data Warehouse,ap-southeast-1,dw.large,2026-01-02,21.7,67.5,0.0,17.6,Production,Sales
ACC-1004,Data Transfer / Egress,ap-southeast-1,N/A,2026-01-02,0.0,0.0,56.5,5.71,Production,Sales
ACC-1004,Load Balancer,ap-southeast-1,N/A,2026-01-02,0.0,0.0,12.9,1.11,Production,Sales
ACC-1001,Data Transfer / Egress,eu-central-1,N/A,2026-01-02,0.0,0.0,24.9,2.33,Production,Engineering
ACC-1001,Compute Instances,eu-central-1,t3.micro,2026-01-02,17.4,0.0,0.0,0.19,Production,Engineering
ACC-1013,Content Delivery (CDN),us-east-1,N/A,2026-01-02,0.0,0.0,19.2,1.64,Production,Data Science
ACC-1012,Content Delivery (CDN),eu-west-1,N/A,2026-01-02,0.0,0.0,12.8,1.08,Staging,Finance
ACC-1014,Object Storage,ap-southeast-1,N/A,2026-01-02,0.0,184.3,0.0,3.94,Production,Engineering
ACC-1015,Data Transfer / Egress,ap-south-1,N/A,2026-01-02,0.0,0.0,21.2,1.8,Production,Engineering
ACC-1015,Serverless Functions,ap-south-1,N/A,2026-01-02,18.48,0.0,0.0,0.93,Production,Engineering
ACC-1012,Managed Database,eu-west-1,db.m5.large,2026-01-02,12.9,13.2,0.0,3.58,Staging,Finance
ACC-1015,Object Storage,ap-south-1,N/A,2026-01-02,0.0,325.1,0.0,6.28,Production,Engineering
ACC-1007,Serverless Functions,ap-southeast-1,N/A,2026-01-03,7.94,0.0,0.0,0.4,Production,Marketing
ACC-1014,Load Balancer,us-west-2,N/A,2026-01-03,0.0,0.0,35.8,3.4,Staging,Engineering
ACC-1015,Object Storage,ap-south-1,N/A,2026-01-03,0.0,319.7,0.0,6.51,Production,Engineering
ACC-1013,Data Warehouse,us-east-1,dw.xlarge,2026-01-03,10.06,46.8,0.0,13.69,Development,Data Science
ACC-1009,Managed Database,eu-central-1,db.r5.large,2026-01-03,3.97,52.7,0.0,6.59,Staging,Engineering
ACC-1009,Content Delivery (CDN),eu-central-1,N/A,2026-01-03,0.0,0.0,22.2,1.94,Staging,Engineering
ACC-1003,Object Storage,ap-south-1,N/A,2026-01-03,0.0,310.0,0.0,7.22,Production,Data Science
ACC-1003,Managed Kubernetes,ap-south-1,c5.2xlarge,2026-01-03,9.6,0.0,0.0,3.34,Production,Data Science
ACC-1003,Managed Database,ap-south-1,db.t3.medium,2026-01-03,22.62,40.3,0.0,6.02,Production,Data Science
ACC-1007,Content Delivery (CDN),ap-southeast-1,N/A,2026-01-03,0.0,0.0,34.9,2.87,Production,Marketing
ACC-1007,Managed Database,ap-southeast-1,db.m5.large,2026-01-03,11.38,43.6,0.0,7.48,Production,Marketing
ACC-1009,Object Storage,eu-central-1,N/A,2026-01-03,0.0,107.7,0.0,2.7,Staging,Engineering
ACC-1012,Compute Instances,eu-west-1,m5.xlarge,2026-01-03,5.9,0.0,0.0,1.08,Production,Finance
ACC-1008,Data Transfer / Egress,us-east-1,N/A,2026-01-03,0.0,0.0,33.2,2.99,Staging,Engineering
ACC-1008,Object Storage,us-east-1,N/A,2026-01-03,0.0,185.0,0.0,4.06,Staging,Engineering
ACC-1004,Serverless Functions,ap-southeast-1,N/A,2026-01-03,18.55,0.0,0.0,0.87,Production,Sales
ACC-1004,Data Transfer / Egress,ap-southeast-1,N/A,2026-01-03,0.0,0.0,31.6,2.88,Production,Sales
ACC-1008,Compute Instances,us-east-1,t3.medium,2026-01-03,5.57,0.0,0.0,0.25,Staging,Engineering
ACC-1011,Data Transfer / Egress,us-east-1,N/A,2026-01-03,0.0,0.0,32.9,2.79,Production,Sales
ACC-1011,Block Storage,us-east-1,gp3,2026-01-03,0.0,170.6,0.0,14.41,Production,Sales
ACC-1012,Object Storage,eu-west-1,N/A,2026-01-03,0.0,242.7,0.0,5.63,Production,Finance
ACC-1010,Object Storage,ap-southeast-1,N/A,2026-01-03,0.0,104.2,0.0,2.35,Production,Data Science
ACC-1012,Data Transfer / Egress,eu-west-1,N/A,2026-01-03,0.0,0.0,35.2,2.97,Production,Finance
ACC-1007,Data Warehouse,ap-southeast-1,dw.large,2026-01-04,15.78,69.2,0.0,15.68,Production,Marketing
ACC-1001,Data Transfer / Egress,eu-central-1,N/A,2026-01-04,0.0,0.0,5.2,0.45,Production,Engineering
ACC-1001,Block Storage,eu-central-1,gp3,2026-01-04,0.0,288.1,0.0,23.71,Production,Engineering
ACC-1008,Block Storage,us-east-1,st1,2026-01-04,0.0,226.1,0.0,10.51,Development,Engineering
ACC-1008,Load Balancer,us-east-1,N/A,2026-01-04,0.0,0.0,54.1,4.92,Development,Engineering
ACC-1009,Object Storage,eu-central-1,N/A,2026-01-04,0.0,196.4,0.0,4.36,Development,Engineering
ACC-1009,Block Storage,eu-central-1,io2,2026-01-04,0.0,338.7,0.0,38.95,Development,Engineering
ACC-1009,Serverless Functions,eu-central-1,N/A,2026-01-04,5.05,0.0,0.0,0.24,Development,Engineering
ACC-1007,Content Delivery (CDN),ap-southeast-1,N/A,2026-01-04,0.0,0.0,25.1,2.27,Production,Marketing
ACC-1005,Serverless Functions,us-west-2,N/A,2026-01-04,5.97,0.0,0.0,0.29,Production,IT Operations
ACC-1005,Block Storage,us-west-2,st1,2026-01-04,0.0,130.7,0.0,6.05,Production,IT Operations
ACC-1003,Managed Kubernetes,ap-south-1,m5.large,2026-01-04,8.31,0.0,0.0,0.92,Production,Data Science
ACC-1003,Data Warehouse,ap-south-1,dw.xlarge,2026-01-04,4.43,49.7,0.0,9.2,Production,Data Science
ACC-1003,Load Balancer,ap-south-1,N/A,2026-01-04,0.0,0.0,28.3,2.59,Production,Data Science
ACC-1002,Load Balancer,ap-south-1,N/A,2026-01-04,0.0,0.0,16.3,1.33,Production,Sales
ACC-1010,Managed Kubernetes,ap-southeast-1,m5.large,2026-01-04,9.31,0.0,0.0,0.99,Production,Data Science
ACC-1012,Data Transfer / Egress,eu-west-1,N/A,2026-01-04,0.0,0.0,19.4,1.92,Production,Finance
ACC-1005,Load Balancer,us-west-2,N/A,2026-01-04,0.0,0.0,35.0,3.34,Production,IT Operations
ACC-1001,Data Warehouse,eu-central-1,dw.large,2026-01-05,29.07,58.8,0.0,20.04,Development,Engineering
ACC-1001,Serverless Functions,eu-central-1,N/A,2026-01-05,13.07,0.0,0.0,0.69,Development,Engineering
ACC-1015,Content Delivery (CDN),ap-south-1,N/A,2026-01-05,0.0,0.0,27.8,2.62,Development,Engineering
ACC-1015,Data Warehouse,ap-south-1,dw.large,2026-01-05,20.1,105.8,0.0,21.52,Development,Engineering
ACC-1015,Compute Instances,ap-south-1,c5.large,2026-01-05,8.47,0.0,0.0,0.7,Development,Engineering
ACC-1009,Compute Instances,eu-central-1,t3.micro,2026-01-05,49.57,0.0,0.0,0.49,Production,Engineering
ACC-1010,Compute Instances,ap-southeast-1,m5.xlarge,2026-01-05,12.65,0.0,0.0,2.55,Staging,Data Science
ACC-1010,Content Delivery (CDN),ap-southeast-1,N/A,2026-01-05,0.0,0.0,10.0,1.02,Staging,Data Science
ACC-1009,Object Storage,eu-central-1,N/A,2026-01-05,0.0,228.7,0.0,5.34,Production,Engineering
ACC-1009,Managed Database,eu-central-1,db.m5.large,2026-01-05,20.48,14.9,0.0,4.74,Production,Engineering
ACC-1010,Load Balancer,ap-southeast-1,N/A,2026-01-05,0.0,0.0,21.8,1.87,Staging,Data Science
ACC-1014,Data Transfer / Egress,us-west-2,N/A,2026-01-05,0.0,0.0,21.1,1.97,Production,Engineering
ACC-1001,Compute Instances,eu-central-1,t3.micro,2026-01-05,18.22,0.0,0.0,0.18,Development,Engineering
ACC-1013,Block Storage,us-east-1,st1,2026-01-05,0.0,194.5,0.0,7.69,Production,Data Science
ACC-1014,Block Storage,us-west-2,io2,2026-01-05,0.0,155.4,0.0,18.06,Production,Engineering
ACC-1003,Managed Kubernetes,ap-south-1,c5.2xlarge,2026-01-05,13.82,0.0,0.0,5.2,Production,Data Science
ACC-1004,Block Storage,ap-southeast-1,gp3,2026-01-05,0.0,200.1,0.0,16.24,Production,Sales
ACC-1004,Managed Database,ap-southeast-1,db.t3.medium,2026-01-05,9.97,79.7,0.0,7.95,Production,Sales
ACC-1011,Data Transfer / Egress,us-east-1,N/A,2026-01-05,0.0,0.0,20.2,1.73,Production,Sales
ACC-1004,Compute Instances,ap-southeast-1,t3.micro,2026-01-05,9.14,0.0,0.0,0.09,Production,Sales
ACC-1005,Compute Instances,us-east-1,r5.large,2026-01-05,12.47,0.0,0.0,1.46,Production,IT Operations
ACC-1005,Load Balancer,us-east-1,N/A,2026-01-05,0.0,0.0,15.2,1.33,Production,IT Operations
ACC-1008,Block Storage,us-east-1,gp3,2026-01-05,0.0,117.2,0.0,8.42,Development,Engineering
ACC-1008,Object Storage,us-east-1,N/A,2026-01-05,0.0,141.3,0.0,3.18,Development,Engineering
ACC-1013,Compute Instances,us-east-1,m5.xlarge,2026-01-05,25.23,0.0,0.0,4.96,Production,Data Science
ACC-1011,Managed Kubernetes,us-east-1,m5.xlarge,2026-01-05,10.14,0.0,0.0,7.28,Production,Sales
ACC-1013,Content Delivery (CDN),us-east-1,N/A,2026-01-06,0.0,0.0,45.5,4.24,Production,Data Science
ACC-1002,Serverless Functions,ap-south-1,N/A,2026-01-06,3.86,0.0,0.0,0.19,Production,Sales
ACC-1002,Compute Instances,ap-south-1,t3.micro,2026-01-06,22.8,0.0,0.0,0.27,Production,Sales
ACC-1002,Load Balancer,ap-south-1,N/A,2026-01-06,0.0,0.0,46.8,4.1,Production,Sales
ACC-1014,Serverless Functions,us-west-2,N/A,2026-01-06,6.63,0.0,0.0,0.31,Development,Engineering
ACC-1014,Compute Instances,us-west-2,t3.medium,2026-01-06,6.37,0.0,0.0,0.29,Development,Engineering
ACC-1009,Serverless Functions,eu-central-1,N/A,2026-01-06,14.02,0.0,0.0,0.7,Production,Engineering
ACC-1001,Managed Kubernetes,eu-central-1,m5.xlarge,2026-01-06,25.13,0.0,0.0,4.55,Staging,Engineering
ACC-1013,Managed Kubernetes,us-east-1,c5.2xlarge,2026-01-06,16.22,0.0,0.0,5.6,Production,Data Science
ACC-1006,Compute Instances,us-east-1,t3.micro,2026-01-06,12.47,0.0,0.0,0.13,Production,Marketing
ACC-1006,Data Warehouse,us-east-1,dw.xlarge,2026-01-06,26.0,68.1,0.0,35.47,Production,Marketing
ACC-1006,Managed Database,us-east-1,db.t3.medium,2026-01-06,35.18,37.2,0.0,6.25,Production,Marketing
ACC-1007,Block Storage,ap-south-1,gp3,2026-01-06,0.0,113.7,0.0,8.91,Staging,Marketing
ACC-1007,Object Storage,ap-south-1,N/A,2026-01-06,0.0,84.9,0.0,1.72,Staging,Marketing
ACC-1007,Compute Instances,ap-south-1,c5.large,2026-01-06,25.29,0.0,0.0,2.15,Staging,Marketing
ACC-1004,Content Delivery (CDN),eu-west-1,N/A,2026-01-06,0.0,0.0,43.0,3.73,Staging,Sales
ACC-1008,Object Storage,us-east-1,N/A,2026-01-06,0.0,132.1,0.0,3.14,Production,Engineering
ACC-1008,Load Balancer,us-east-1,N/A,2026-01-06,0.0,0.0,38.6,3.46,Production,Engineering
ACC-1011,Compute Instances,us-east-1,m5.large,2026-01-06,11.19,0.0,0.0,1.31,Production,Sales
ACC-1004,Content Delivery (CDN),us-west-2,N/A,2026-01-07,0.0,0.0,22.4,1.61,Staging,Sales
ACC-1004,Managed Kubernetes,us-west-2,m5.xlarge,2026-01-07,10.06,0.0,0.0,1.96,Staging,Sales
ACC-1010,Data Warehouse,ap-southeast-1,dw.xlarge,2026-01-07,43.86,80.4,0.0,57.44,Development,Data Science
ACC-1010,Serverless Functions,ap-southeast-1,N/A,2026-01-07,9.79,0.0,0.0,0.45,Development,Data Science
ACC-1009,Load Balancer,eu-central-1,N/A,2026-01-07,0.0,0.0,15.4,1.38,Production,Engineering
ACC-1013,Serverless Functions,us-east-1,N/A,2026-01-07,13.4,0.0,0.0,0.66,Development,Data Science
ACC-1001,Compute Instances,eu-central-1,m5.xlarge,2026-01-07,29.47,0.0,0.0,5.54,Production,Engineering
ACC-1013,Compute Instances,us-east-1,t3.medium,2026-01-07,25.13,0.0,0.0,1.1,Development,Data Science
ACC-1005,Compute Instances,us-east-1,m5.large,2026-01-07,13.45,0.0,0.0,1.22,Production,IT Operations
ACC-1004,Load Balancer,us-west-2,N/A,2026-01-07,0.0,0.0,16.6,1.43,Staging,Sales
ACC-1001,Serverless Functions,eu-central-1,N/A,2026-01-07,9.99,0.0,0.0,0.59,Production,Engineering
ACC-1001,Content Delivery (CDN),eu-central-1,N/A,2026-01-07,0.0,0.0,19.8,1.72,Production,Engineering
ACC-1013,Data Transfer / Egress,us-east-1,N/A,2026-01-07,0.0,0.0,28.6,2.46,Development,Data Science
ACC-1015,Content Delivery (CDN),ap-south-1,N/A,2026-01-07,0.0,0.0,28.1,2.67,Production,Engineering
ACC-1011,Block Storage,ap-south-1,gp3,2026-01-07,0.0,396.7,0.0,29.24,Production,Sales
ACC-1008,Serverless Functions,us-east-1,N/A,2026-01-07,13.72,0.0,0.0,0.71,Production,Engineering
ACC-1015,Block Storage,ap-south-1,io2,2026-01-07,0.0,147.8,0.0,20.59,Production,Engineering
ACC-1007,Content Delivery (CDN),ap-southeast-1,N/A,2026-01-07,0.0,0.0,12.6,1.22,Development,Marketing
ACC-1012,Data Transfer / Egress,us-east-1,N/A,2026-01-07,0.0,0.0,11.3,1.11,Development,Finance
ACC-1011,Data Warehouse,ap-south-1,dw.large,2026-01-07,12.45,101.1,0.0,15.4,Production,Sales
ACC-1014,Managed Database,us-west-2,db.t3.medium,2026-01-07,33.47,60.0,0.0,8.56,Staging,Engineering
ACC-1007,Managed Database,ap-southeast-1,db.t3.medium,2026-01-07,24.47,48.8,0.0,6.31,Development,Marketing
ACC-1002,Serverless Functions,ap-south-1,N/A,2026-01-07,14.01,0.0,0.0,0.62,Staging,Sales
ACC-1003,Data Transfer / Egress,ap-south-1,N/A,2026-01-07,0.0,0.0,16.1,1.24,Production,Data Science
ACC-1006,Object Storage,us-east-1,N/A,2026-01-07,0.0,266.3,0.0,5.71,Development,Marketing
ACC-1006,Load Balancer,us-east-1,N/A,2026-01-07,0.0,0.0,14.5,1.23,Development,Marketing
ACC-1008,Compute Instances,us-east-1,m5.large,2026-01-07,12.33,0.0,0.0,1.2,Production,Engineering
ACC-1014,Load Balancer,us-west-2,N/A,2026-01-07,0.0,0.0,16.8,1.57,Staging,Engineering
ACC-1001,Block Storage,eu-central-1,st1,2026-01-08,0.0,293.8,0.0,11.75,Staging,Engineering
ACC-1014,Managed Database,us-west-2,db.m5.large,2026-01-08,34.92,69.7,0.0,15.09,Production,Engineering
ACC-1014,Compute Instances,us-west-2,t3.medium,2026-01-08,12.74,0.0,0.0,0.52,Production,Engineering
ACC-1003,Serverless Functions,ap-south-1,N/A,2026-01-08,6.17,0.0,0.0,0.33,Development,Data Science
ACC-1015,Managed Kubernetes,ap-south-1,c5.2xlarge,2026-01-08,8.8,0.0,0.0,3.1,Development,Engineering
ACC-1015,Data Warehouse,ap-south-1,dw.xlarge,2026-01-08,27.16,36.3,0.0,30.51,Development,Engineering
ACC-1011,Data Warehouse,us-east-1,dw.large,2026-01-08,22.3,44.1,0.0,16.04,Staging,Sales
ACC-1011,Content Delivery (CDN),us-east-1,N/A,2026-01-08,0.0,0.0,44.7,4.16,Staging,Sales
ACC-1011,Serverless Functions,us-east-1,N/A,2026-01-08,11.29,0.0,0.0,0.54,Staging,Sales
ACC-1003,Block Storage,ap-south-1,st1,2026-01-08,0.0,234.9,0.0,11.26,Development,Data Science
ACC-1005,Block Storage,eu-central-1,st1,2026-01-08,0.0,229.9,0.0,9.65,Staging,IT Operations
ACC-1005,Managed Database,eu-central-1,db.r5.large,2026-01-08,29.59,49.5,0.0,11.8,Staging,IT Operations
ACC-1004,Load Balancer,ap-southeast-1,N/A,2026-01-08,0.0,0.0,15.1,1.39,Development,Sales
ACC-1005,Compute Instances,eu-central-1,r5.large,2026-01-08,4.63,0.0,0.0,0.69,Staging,IT Operations
ACC-1009,Content Delivery (CDN),eu-central-1,N/A,2026-01-08,0.0,0.0,25.9,2.47,Production,Engineering
ACC-1010,Load Balancer,ap-southeast-1,N/A,2026-01-08,0.0,0.0,32.3,2.99,Production,Data Science
ACC-1010,Managed Database,ap-southeast-1,db.t3.medium,2026-01-08,16.71,36.4,0.0,4.45,Production,Data Science
ACC-1012,Object Storage,ap-southeast-1,N/A,2026-01-08,0.0,443.7,0.0,10.23,Development,Finance
ACC-1009,Managed Kubernetes,eu-central-1,m5.xlarge,2026-01-08,15.6,0.0,0.0,3.26,Production,Engineering
ACC-1002,Data Transfer / Egress,ap-south-1,N/A,2026-01-08,0.0,0.0,36.9,3.66,Production,Sales
ACC-1002,Object Storage,ap-south-1,N/A,2026-01-08,0.0,208.5,0.0,4.24,Production,Sales
ACC-1004,Managed Database,ap-southeast-1,db.m5.large,2026-01-08,20.62,87.2,0.0,12.38,Development,Sales
ACC-1004,Data Warehouse,ap-southeast-1,dw.xlarge,2026-01-08,18.61,44.7,0.0,22.19,Development,Sales
ACC-1013,Data Transfer / Egress,ap-southeast-1,N/A,2026-01-08,0.0,0.0,54.3,4.76,Production,Data Science
ACC-1004,Managed Kubernetes,ap-southeast-1,m5.large,2026-01-09,12.17,0.0,0.0,1.21,Staging,Sales
ACC-1009,Data Transfer / Egress,eu-central-1,N/A,2026-01-09,0.0,0.0,30.3,2.73,Staging,Engineering
ACC-1009,Managed Kubernetes,eu-central-1,c5.2xlarge,2026-01-09,5.13,0.0,0.0,1.86,Staging,Engineering
ACC-1009,Object Storage,eu-central-1,N/A,2026-01-09,0.0,207.5,0.0,4.62,Staging,Engineering
ACC-1006,Data Transfer / Egress,us-east-1,N/A,2026-01-09,0.0,0.0,20.7,1.8,Production,Marketing
ACC-1006,Content Delivery (CDN),us-east-1,N/A,2026-01-09,0.0,0.0,17.4,1.58,Production,Marketing
ACC-1012,Compute Instances,eu-west-1,t3.micro,2026-01-09,10.6,0.0,0.0,0.12,Development,Finance
ACC-1001,Content Delivery (CDN),us-east-1,N/A,2026-01-09,0.0,0.0,71.1,6.34,Production,Engineering
ACC-1015,Managed Database,ap-south-1,db.m5.large,2026-01-09,31.82,51.3,0.0,10.94,Production,Engineering
ACC-1011,Managed Database,us-east-1,db.m5.large,2026-01-09,44.38,36.7,0.0,10.75,Development,Sales
ACC-1008,Managed Kubernetes,us-east-1,m5.large,2026-01-09,14.99,0.0,0.0,1.34,Production,Engineering
ACC-1008,Content Delivery (CDN),us-east-1,N/A,2026-01-09,0.0,0.0,27.0,2.33,Production,Engineering
ACC-1007,Object Storage,ap-southeast-1,N/A,2026-01-09,0.0,293.5,0.0,6.21,Staging,Marketing
ACC-1007,Managed Kubernetes,ap-southeast-1,m5.xlarge,2026-01-09,18.1,0.0,0.0,3.16,Staging,Marketing
ACC-1007,Compute Instances,ap-southeast-1,t3.medium,2026-01-09,9.09,0.0,0.0,0.37,Staging,Marketing
ACC-1001,Serverless Functions,us-east-1,N/A,2026-01-09,8.67,0.0,0.0,0.41,Production,Engineering
ACC-1006,Compute Instances,us-east-1,t3.micro,2026-01-10,7.37,0.0,0.0,0.08,Production,Marketing
ACC-1011,Data Warehouse,us-east-1,dw.xlarge,2026-01-10,19.27,27.4,0.0,20.49,Development,Sales
ACC-1010,Object Storage,ap-southeast-1,N/A,2026-01-10,0.0,182.1,0.0,4.37,Staging,Data Science
ACC-1009,Managed Kubernetes,eu-central-1,c5.2xlarge,2026-01-10,11.38,0.0,0.0,12.32,Production,Engineering
ACC-1003,Object Storage,ap-south-1,N/A,2026-01-10,0.0,339.8,0.0,8.46,Staging,Data Science
ACC-1003,Content Delivery (CDN),ap-south-1,N/A,2026-01-10,0.0,0.0,16.1,1.6,Staging,Data Science
ACC-1003,Load Balancer,ap-south-1,N/A,2026-01-10,0.0,0.0,66.8,6.69,Staging,Data Science
ACC-1006,Block Storage,us-east-1,gp3,2026-01-10,0.0,149.8,0.0,12.87,Production,Marketing
ACC-1004,Content Delivery (CDN),ap-southeast-1,N/A,2026-01-10,0.0,0.0,54.2,4.99,Production,Sales
ACC-1002,Managed Kubernetes,ap-south-1,m5.large,2026-01-10,15.72,0.0,0.0,1.58,Production,Sales
ACC-1002,Load Balancer,ap-south-1,N/A,2026-01-10,0.0,0.0,36.5,3.44,Production,Sales
ACC-1002,Data Transfer / Egress,ap-south-1,N/A,2026-01-10,0.0,0.0,21.4,1.98,Production,Sales
ACC-1008,Content Delivery (CDN),us-east-1,N/A,2026-01-10,0.0,0.0,12.3,1.1,Staging,Engineering
ACC-1008,Data Transfer / Egress,us-east-1,N/A,2026-01-10,0.0,0.0,36.1,3.54,Staging,Engineering
ACC-1004,Serverless Functions,ap-southeast-1,N/A,2026-01-10,9.78,0.0,0.0,0.49,Production,Sales
ACC-1004,Block Storage,ap-southeast-1,io2,2026-01-10,0.0,219.1,0.0,27.6,Production,Sales
ACC-1006,Load Balancer,us-east-1,N/A,2026-01-10,0.0,0.0,28.5,2.29,Production,Marketing
ACC-1006,Object Storage,eu-central-1,N/A,2026-01-11,0.0,154.6,0.0,3.56,Staging,Marketing
ACC-1006,Data Warehouse,eu-central-1,dw.large,2026-01-11,12.78,26.1,0.0,8.96,Staging,Marketing
ACC-1013,Managed Database,ap-southeast-1,db.t3.medium,2026-01-11,9.34,74.3,0.0,8.71,Staging,Data Science
ACC-1013,Block Storage,ap-southeast-1,st1,2026-01-11,0.0,205.3,0.0,9.11,Staging,Data Science
ACC-1015,Managed Database,ap-south-1,db.r5.large,2026-01-11,15.62,43.7,0.0,7.94,Development,Engineering
ACC-1009,Block Storage,eu-central-1,io2,2026-01-11,0.0,190.2,0.0,22.06,Staging,Engineering
ACC-1009,Managed Database,eu-central-1,db.r5.large,2026-01-11,12.6,5.8,0.0,3.53,Staging,Engineering
ACC-1009,Data Warehouse,eu-central-1,dw.large,2026-01-11,10.88,47.6,0.0,9.6,Staging,Engineering
ACC-1005,Data Transfer / Egress,eu-west-1,N/A,2026-01-11,0.0,0.0,33.0,3.08,Development,IT Operations
ACC-1005,Block Storage,eu-west-1,st1,2026-01-11,0.0,179.4,0.0,8.71,Development,IT Operations
ACC-1006,Serverless Functions,eu-central-1,N/A,2026-01-11,6.87,0.0,0.0,0.32,Staging,Marketing
ACC-1015,Serverless Functions,ap-south-1,N/A,2026-01-11,7.1,0.0,0.0,0.37,Development,Engineering
ACC-1003,Data Transfer / Egress,ap-south-1,N/A,2026-01-11,0.0,0.0,39.5,3.86,Staging,Data Science
ACC-1005,Data Warehouse,eu-west-1,dw.xlarge,2026-01-11,13.34,70.9,0.0,21.11,Development,IT Operations
ACC-1010,Content Delivery (CDN),ap-southeast-1,N/A,2026-01-11,0.0,0.0,26.0,2.2,Production,Data Science
ACC-1003,Serverless Functions,ap-south-1,N/A,2026-01-11,5.18,0.0,0.0,0.26,Staging,Data Science
ACC-1014,Block Storage,us-west-2,gp3,2026-01-11,0.0,210.8,0.0,65.23,Staging,Engineering
ACC-1004,Compute Instances,ap-southeast-1,m5.xlarge,2026-01-11,6.15,0.0,0.0,4.56,Production,Sales
ACC-1004,Data Warehouse,ap-southeast-1,dw.large,2026-01-11,13.58,91.1,0.0,15.63,Production,Sales
ACC-1012,Block Storage,eu-west-1,gp3,2026-01-11,0.0,314.5,0.0,24.46,Development,Finance
ACC-1012,Serverless Functions,eu-west-1,N/A,2026-01-11,5.52,0.0,0.0,0.3,Development,Finance
ACC-1004,Load Balancer,ap-southeast-1,N/A,2026-01-11,0.0,0.0,27.5,2.37,Production,Sales
ACC-1002,Object Storage,ap-south-1,N/A,2026-01-11,0.0,280.6,0.0,6.68,Development,Sales
ACC-1001,Data Warehouse,eu-west-1,dw.large,2026-01-11,17.28,39.2,0.0,12.01,Staging,Engineering
ACC-1001,Content Delivery (CDN),eu-west-1,N/A,2026-01-11,0.0,0.0,9.0,0.87,Staging,Engineering
ACC-1011,Compute Instances,us-east-1,m5.large,2026-01-11,13.56,0.0,0.0,1.17,Production,Sales
ACC-1011,Content Delivery (CDN),us-east-1,N/A,2026-01-11,0.0,0.0,62.8,4.85,Production,Sales
ACC-1002,Load Balancer,ap-south-1,N/A,2026-01-11,0.0,0.0,13.1,1.14,Development,Sales
ACC-1006,Compute Instances,us-east-1,m5.xlarge,2026-01-12,9.06,0.0,0.0,1.67,Staging,Marketing
ACC-1002,Compute Instances,ap-south-1,m5.xlarge,2026-01-12,12.9,0.0,0.0,2.6,Production,Sales
ACC-1002,Load Balancer,ap-south-1,N/A,2026-01-12,0.0,0.0,28.8,2.52,Production,Sales
ACC-1003,Serverless Functions,ap-south-1,N/A,2026-01-12,12.93,0.0,0.0,0.72,Staging,Data Science
ACC-1003,Managed Database,ap-south-1,db.m5.large,2026-01-12,38.15,23.9,0.0,8.59,Staging,Data Science
ACC-1012,Object Storage,eu-west-1,N/A,2026-01-12,0.0,391.5,0.0,8.68,Staging,Finance
ACC-1006,Load Balancer,us-east-1,N/A,2026-01-12,0.0,0.0,49.8,4.78,Staging,Marketing
ACC-1006,Block Storage,us-east-1,st1,2026-01-12,0.0,146.6,0.0,6.65,Staging,Marketing
ACC-1015,Managed Database,us-west-2,db.m5.large,2026-01-12,19.39,38.8,0.0,6.77,Production,Engineering
ACC-1013,Managed Kubernetes,us-east-1,m5.large,2026-01-12,29.75,0.0,0.0,2.79,Production,Data Science
ACC-1013,Managed Database,us-east-1,db.t3.medium,2026-01-12,23.12,73.4,0.0,8.9,Production,Data Science
ACC-1015,Managed Kubernetes,us-west-2,c5.2xlarge,2026-01-12,20.21,0.0,0.0,6.82,Production,Engineering
ACC-1004,Load Balancer,ap-southeast-1,N/A,2026-01-12,0.0,0.0,18.9,1.76,Staging,Sales
ACC-1009,Managed Database,eu-central-1,db.t3.medium,2026-01-12,12.9,82.3,0.0,8.91,Staging,Engineering
ACC-1009,Object Storage,eu-central-1,N/A,2026-01-12,0.0,193.2,0.0,4.71,Staging,Engineering
ACC-1009,Compute Instances,eu-central-1,t3.micro,2026-01-12,25.32,0.0,0.0,0.24,Staging,Engineering
ACC-1013,Serverless Functions,us-east-1,N/A,2026-01-12,24.26,0.0,0.0,1.29,Production,Data Science
ACC-1004,Managed Kubernetes,eu-west-1,c5.2xlarge,2026-01-13,8.51,0.0,0.0,2.84,Production,Sales
ACC-1004,Managed Database,eu-west-1,db.r5.large,2026-01-13,16.04,45.3,0.0,9.0,Production,Sales
ACC-1005,Compute Instances,us-east-1,c5.large,2026-01-13,7.27,0.0,0.0,0.64,Staging,IT Operations
ACC-1015,Block Storage,ap-south-1,io2,2026-01-13,0.0,139.4,0.0,17.21,Production,Engineering
ACC-1015,Compute Instances,ap-south-1,r5.large,2026-01-13,20.14,0.0,0.0,2.53,Production,Engineering
ACC-1015,Managed Kubernetes,ap-south-1,m5.large,2026-01-13,4.8,0.0,0.0,0.45,Production,Engineering
ACC-1014,Compute Instances,us-west-2,r5.large,2026-01-13,8.54,0.0,0.0,1.12,Production,Engineering
ACC-1013,Managed Database,us-east-1,db.t3.medium,2026-01-13,19.33,68.8,0.0,9.29,Development,Data Science
ACC-1013,Data Transfer / Egress,us-east-1,N/A,2026-01-13,0.0,0.0,54.3,4.6,Development,Data Science
ACC-1011,Data Transfer / Egress,eu-central-1,N/A,2026-01-13,0.0,0.0,9.4,0.86,Staging,Sales
ACC-1001,Object Storage,eu-central-1,N/A,2026-01-13,0.0,121.3,0.0,2.61,Staging,Engineering
ACC-1001,Content Delivery (CDN),eu-central-1,N/A,2026-01-13,0.0,0.0,20.2,1.81,Staging,Engineering
ACC-1007,Serverless Functions,ap-southeast-1,N/A,2026-01-13,25.55,0.0,0.0,1.36,Staging,Marketing
ACC-1013,Managed Kubernetes,us-east-1,m5.large,2026-01-13,10.23,0.0,0.0,1.1,Development,Data Science
ACC-1007,Data Warehouse,ap-southeast-1,dw.xlarge,2026-01-13,37.46,48.7,0.0,42.44,Staging,Marketing
ACC-1010,Block Storage,ap-southeast-1,io2,2026-01-13,0.0,236.6,0.0,30.89,Staging,Data Science
ACC-1010,Content Delivery (CDN),ap-southeast-1,N/A,2026-01-13,0.0,0.0,20.2,1.85,Staging,Data Science
ACC-1007,Compute Instances,ap-southeast-1,r5.large,2026-01-13,24.21,0.0,0.0,3.1,Staging,Marketing
ACC-1008,Load Balancer,us-east-1,N/A,2026-01-14,0.0,0.0,7.5,0.67,Production,Engineering
ACC-1010,Managed Kubernetes,ap-southeast-1,m5.xlarge,2026-01-14,18.16,0.0,0.0,3.65,Staging,Data Science
ACC-1007,Serverless Functions,ap-southeast-1,N/A,2026-01-14,25.14,0.0,0.0,1.35,Staging,Marketing
ACC-1006,Data Transfer / Egress,us-east-1,N/A,2026-01-14,0.0,0.0,18.8,1.44,Development,Marketing
ACC-1006,Managed Kubernetes,us-east-1,m5.large,2026-01-14,10.2,0.0,0.0,0.99,Development,Marketing
ACC-1006,Block Storage,us-east-1,io2,2026-01-14,0.0,147.0,0.0,19.39,Development,Marketing
ACC-1011,Managed Kubernetes,us-east-1,m5.large,2026-01-14,2.93,0.0,0.0,0.29,Production,Sales
ACC-1012,Compute Instances,eu-west-1,m5.xlarge,2026-01-14,16.83,0.0,0.0,10.47,Staging,Finance
ACC-1009,Object Storage,eu-central-1,N/A,2026-01-14,0.0,121.7,0.0,2.88,Staging,Engineering
ACC-1010,Object Storage,ap-southeast-1,N/A,2026-01-14,0.0,179.1,0.0,4.33,Staging,Data Science
ACC-1008,Managed Database,us-east-1,db.r5.large,2026-01-14,24.67,51.0,0.0,11.38,Production,Engineering
ACC-1002,Data Warehouse,ap-south-1,dw.large,2026-01-14,24.09,67.9,0.0,18.66,Staging,Sales
ACC-1002,Content Delivery (CDN),ap-south-1,N/A,2026-01-14,0.0,0.0,13.0,1.13,Staging,Sales
ACC-1015,Data Transfer / Egress,ap-south-1,N/A,2026-01-14,0.0,0.0,40.0,3.8,Production,Engineering
ACC-1004,Managed Kubernetes,ap-southeast-1,m5.large,2026-01-14,16.91,0.0,0.0,1.68,Production,Sales
ACC-1004,Data Transfer / Egress,ap-southeast-1,N/A,2026-01-14,0.0,0.0,43.6,4.57,Production,Sales
ACC-1005,Data Transfer / Egress,us-east-1,N/A,2026-01-14,0.0,0.0,12.6,1.16,Production,IT Operations
ACC-1003,Content Delivery (CDN),ap-south-1,N/A,2026-01-14,0.0,0.0,50.9,4.66,Staging,Data Science
ACC-1001,Data Transfer / Egress,ap-south-1,N/A,2026-01-14,0.0,0.0,21.8,2.02,Production,Engineering
ACC-1001,Block Storage,ap-south-1,io2,2026-01-14,0.0,318.8,0.0,42.25,Production,Engineering
ACC-1013,Data Transfer / Egress,us-east-1,N/A,2026-01-14,0.0,0.0,19.5,1.98,Production,Data Science
ACC-1013,Content Delivery (CDN),us-east-1,N/A,2026-01-14,0.0,0.0,43.9,4.3,Production,Data Science
ACC-1014,Data Warehouse,us-west-2,dw.xlarge,2026-01-14,16.48,51.7,0.0,22.34,Production,Engineering
ACC-1002,Block Storage,ap-south-1,gp3,2026-01-14,0.0,183.4,0.0,79.54,Staging,Sales
ACC-1001,Managed Kubernetes,eu-west-1,c5.2xlarge,2026-01-15,16.24,0.0,0.0,5.53,Production,Engineering
ACC-1001,Block Storage,eu-west-1,st1,2026-01-15,0.0,276.7,0.0,11.85,Production,Engineering
ACC-1001,Content Delivery (CDN),eu-west-1,N/A,2026-01-15,0.0,0.0,19.8,1.62,Production,Engineering
ACC-1007,Object Storage,ap-southeast-1,N/A,2026-01-15,0.0,121.4,0.0,2.85,Production,Marketing
ACC-1012,Load Balancer,eu-west-1,N/A,2026-01-15,0.0,0.0,27.9,2.4,Production,Finance
ACC-1004,Load Balancer,ap-southeast-1,N/A,2026-01-15,0.0,0.0,20.3,1.82,Production,Sales
ACC-1006,Managed Kubernetes,us-east-1,m5.xlarge,2026-01-15,14.27,0.0,0.0,2.8,Production,Marketing
ACC-1006,Object Storage,us-east-1,N/A,2026-01-15,0.0,82.2,0.0,2.04,Production,Marketing
ACC-1006,Load Balancer,us-east-1,N/A,2026-01-15,0.0,0.0,13.6,1.28,Production,Marketing
ACC-1011,Managed Database,us-east-1,db.r5.large,2026-01-15,26.09,91.8,0.0,15.95,Production,Sales
ACC-1008,Object Storage,us-east-1,N/A,2026-01-15,0.0,155.8,0.0,3.34,Production,Engineering
ACC-1014,Serverless Functions,us-west-2,N/A,2026-01-15,12.26,0.0,0.0,0.62,Staging,Engineering
ACC-1002,Object Storage,ap-south-1,N/A,2026-01-15,0.0,132.0,0.0,2.75,Production,Sales
ACC-1009,Serverless Functions,eu-central-1,N/A,2026-01-15,10.55,0.0,0.0,0.52,Production,Engineering
ACC-1009,Data Warehouse,eu-central-1,dw.large,2026-01-15,18.35,140.6,0.0,22.38,Production,Engineering
ACC-1010,Data Transfer / Egress,ap-southeast-1,N/A,2026-01-15,0.0,0.0,25.4,2.18,Production,Data Science
ACC-1005,Load Balancer,us-east-1,N/A,2026-01-15,0.0,0.0,8.6,0.74,Production,IT Operations
ACC-1008,Content Delivery (CDN),us-east-1,N/A,2026-01-15,0.0,0.0,11.9,0.9,Production,Engineering
ACC-1003,Compute Instances,ap-south-1,m5.xlarge,2026-01-15,10.83,0.0,0.0,2.16,Production,Data Science
ACC-1003,Block Storage,ap-south-1,st1,2026-01-15,0.0,289.7,0.0,11.66,Production,Data Science
ACC-1002,Data Warehouse,ap-south-1,dw.large,2026-01-15,48.55,40.2,0.0,27.55,Production,Sales
ACC-1003,Managed Kubernetes,ap-south-1,m5.xlarge,2026-01-15,20.84,0.0,0.0,4.21,Production,Data Science
ACC-1004,Data Transfer / Egress,ap-southeast-1,N/A,2026-01-16,0.0,0.0,21.4,1.66,Production,Sales
ACC-1002,Managed Kubernetes,ap-south-1,c5.2xlarge,2026-01-16,7.91,0.0,0.0,2.92,Development,Sales
ACC-1002,Serverless Functions,ap-south-1,N/A,2026-01-16,20.66,0.0,0.0,0.97,Development,Sales
ACC-1013,Managed Kubernetes,ap-south-1,m5.large,2026-01-16,30.95,0.0,0.0,2.78,Production,Data Science
ACC-1013,Serverless Functions,ap-south-1,N/A,2026-01-16,9.89,0.0,0.0,0.45,Production,Data Science
ACC-1013,Load Balancer,ap-south-1,N/A,2026-01-16,0.0,0.0,26.6,2.24,Production,Data Science
ACC-1005,Block Storage,us-east-1,gp3,2026-01-16,0.0,217.5,0.0,19.44,Development,IT Operations
ACC-1005,Compute Instances,us-east-1,t3.micro,2026-01-16,6.95,0.0,0.0,0.07,Development,IT Operations
ACC-1004,Load Balancer,ap-southeast-1,N/A,2026-01-16,0.0,0.0,21.7,2.15,Production,Sales
ACC-1004,Managed Database,ap-southeast-1,db.m5.large,2026-01-16,26.18,64.2,0.0,10.53,Production,Sales
ACC-1001,Serverless Functions,eu-central-1,N/A,2026-01-16,8.34,0.0,0.0,0.45,Production,Engineering
ACC-1001,Managed Kubernetes,eu-central-1,c5.2xlarge,2026-01-16,11.47,0.0,0.0,3.51,Production,Engineering
ACC-1014,Managed Kubernetes,us-west-2,m5.xlarge,2026-01-16,8.19,0.0,0.0,1.43,Production,Engineering
ACC-1015,Managed Kubernetes,ap-south-1,m5.xlarge,2026-01-16,4.83,0.0,0.0,0.91,Production,Engineering
ACC-1015,Block Storage,ap-south-1,io2,2026-01-16,0.0,186.1,0.0,25.51,Production,Engineering
ACC-1010,Data Transfer / Egress,ap-southeast-1,N/A,2026-01-16,0.0,0.0,35.4,3.03,Staging,Data Science
ACC-1010,Managed Database,ap-southeast-1,db.m5.large,2026-01-16,23.29,25.9,0.0,6.68,Staging,Data Science
ACC-1003,Data Warehouse,ap-south-1,dw.large,2026-01-16,15.6,68.5,0.0,76.51,Development,Data Science
ACC-1003,Object Storage,ap-south-1,N/A,2026-01-16,0.0,158.1,0.0,3.4,Development,Data Science
ACC-1001,Compute Instances,eu-central-1,c5.large,2026-01-16,10.54,0.0,0.0,0.82,Production,Engineering
ACC-1012,Content Delivery (CDN),ap-south-1,N/A,2026-01-17,0.0,0.0,43.2,4.45,Production,Finance
ACC-1015,Block Storage,ap-south-1,st1,2026-01-17,0.0,185.1,0.0,8.0,Development,Engineering
ACC-1010,Compute Instances,ap-southeast-1,t3.micro,2026-01-17,10.05,0.0,0.0,0.09,Production,Data Science
ACC-1005,Load Balancer,us-east-1,N/A,2026-01-17,0.0,0.0,32.9,2.54,Development,IT Operations
ACC-1012,Block Storage,ap-south-1,io2,2026-01-17,0.0,102.5,0.0,12.45,Production,Finance
ACC-1012,Compute Instances,ap-south-1,m5.xlarge,2026-01-17,2.89,0.0,0.0,0.5,Production,Finance
ACC-1007,Compute Instances,eu-west-1,t3.micro,2026-01-17,4.24,0.0,0.0,0.04,Development,Marketing
ACC-1002,Data Warehouse,ap-south-1,dw.xlarge,2026-01-17,11.49,82.5,0.0,19.77,Staging,Sales
ACC-1002,Managed Kubernetes,ap-south-1,m5.xlarge,2026-01-17,5.68,0.0,0.0,1.16,Staging,Sales
ACC-1002,Managed Database,ap-south-1,db.t3.medium,2026-01-17,7.16,92.5,0.0,10.02,Staging,Sales
ACC-1008,Load Balancer,us-east-1,N/A,2026-01-17,0.0,0.0,42.2,4.05,Staging,Engineering
ACC-1008,Content Delivery (CDN),us-east-1,N/A,2026-01-17,0.0,0.0,24.2,2.2,Staging,Engineering
ACC-1004,Content Delivery (CDN),ap-southeast-1,N/A,2026-01-17,0.0,0.0,5.9,0.57,Production,Sales
ACC-1012,Compute Instances,eu-west-1,m5.xlarge,2026-01-18,1.8,0.0,0.0,0.33,Production,Finance
ACC-1005,Compute Instances,us-east-1,r5.large,2026-01-18,11.1,0.0,0.0,1.41,Production,IT Operations
ACC-1005,Load Balancer,us-east-1,N/A,2026-01-18,0.0,0.0,8.6,0.76,Production,IT Operations
ACC-1012,Content Delivery (CDN),eu-west-1,N/A,2026-01-18,0.0,0.0,16.9,1.3,Production,Finance
ACC-1012,Serverless Functions,eu-west-1,N/A,2026-01-18,15.0,0.0,0.0,3.09,Production,Finance
ACC-1014,Managed Database,us-west-2,db.t3.medium,2026-01-18,8.44,23.7,0.0,3.06,Development,Engineering
ACC-1014,Compute Instances,us-west-2,c5.large,2026-01-18,5.48,0.0,0.0,0.47,Development,Engineering
ACC-1002,Managed Kubernetes,ap-south-1,c5.2xlarge,2026-01-18,9.22,0.0,0.0,3.0,Production,Sales
ACC-1006,Managed Database,eu-central-1,db.t3.medium,2026-01-18,9.97,80.9,0.0,8.69,Staging,Marketing
ACC-1008,Managed Kubernetes,us-east-1,m5.large,2026-01-18,2.76,0.0,0.0,0.23,Production,Engineering
ACC-1008,Object Storage,us-east-1,N/A,2026-01-18,0.0,308.0,0.0,7.13,Production,Engineering
ACC-1010,Load Balancer,ap-southeast-1,N/A,2026-01-18,0.0,0.0,28.2,2.52,Development,Data Science
ACC-1013,Data Warehouse,us-east-1,dw.large,2026-01-18,10.71,86.3,0.0,13.73,Development,Data Science
ACC-1013,Managed Database,us-east-1,db.t3.medium,2026-01-18,16.24,29.0,0.0,3.51,Development,Data Science
ACC-1005,Data Warehouse,us-east-1,dw.xlarge,2026-01-19,30.55,52.7,0.0,38.68,Production,IT Operations
ACC-1005,Compute Instances,us-east-1,c5.large,2026-01-19,10.05,0.0,0.0,0.79,Production,IT Operations
ACC-1014,Serverless Functions,us-west-2,N/A,2026-01-19,8.77,0.0,0.0,0.46,Production,Engineering
ACC-1014,Block Storage,us-west-2,gp3,2026-01-19,0.0,202.2,0.0,16.4,Production,Engineering
ACC-1014,Data Transfer / Egress,us-west-2,N/A,2026-01-19,0.0,0.0,31.2,2.39,Production,Engineering
ACC-1009,Block Storage,eu-central-1,gp3,2026-01-19,0.0,136.8,0.0,11.06,Production,Engineering
ACC-1013,Content Delivery (CDN),us-east-1,N/A,2026-01-19,0.0,0.0,37.3,3.59,Production,Data Science
ACC-1007,Data Transfer / Egress,ap-southeast-1,N/A,2026-01-19,0.0,0.0,26.8,2.47,Development,Marketing
ACC-1007,Content Delivery (CDN),ap-southeast-1,N/A,2026-01-19,0.0,0.0,29.9,2.7,Development,Marketing
ACC-1007,Managed Database,ap-southeast-1,db.m5.large,2026-01-19,28.78,100.5,0.0,15.22,Development,Marketing
ACC-1015,Managed Database,ap-south-1,db.t3.medium,2026-01-19,20.04,20.2,0.0,3.9,Production,Engineering
ACC-1015,Data Transfer / Egress,ap-south-1,N/A,2026-01-19,0.0,0.0,24.8,2.17,Production,Engineering
ACC-1009,Compute Instances,eu-central-1,t3.medium,2026-01-19,9.75,0.0,0.0,0.36,Production,Engineering
ACC-1013,Load Balancer,us-east-1,N/A,2026-01-19,0.0,0.0,20.0,1.7,Production,Data Science
ACC-1002,Block Storage,ap-south-1,st1,2026-01-19,0.0,179.7,0.0,8.55,Staging,Sales
ACC-1011,Data Warehouse,us-east-1,dw.xlarge,2026-01-19,21.24,13.0,0.0,25.19,Staging,Sales
ACC-1010,Load Balancer,us-east-1,N/A,2026-01-19,0.0,0.0,12.1,1.06,Production,Data Science
ACC-1010,Serverless Functions,us-east-1,N/A,2026-01-19,15.97,0.0,0.0,0.8,Production,Data Science
ACC-1010,Block Storage,us-east-1,gp3,2026-01-19,0.0,332.8,0.0,26.42,Production,Data Science
ACC-1006,Data Warehouse,us-east-1,dw.xlarge,2026-01-19,17.36,44.1,0.0,23.43,Production,Marketing
ACC-1006,Compute Instances,us-east-1,t3.micro,2026-01-19,5.92,0.0,0.0,0.06,Production,Marketing
ACC-1012,Block Storage,eu-west-1,st1,2026-01-19,0.0,255.5,0.0,11.72,Development,Finance
ACC-1012,Content Delivery (CDN),eu-west-1,N/A,2026-01-19,0.0,0.0,14.6,1.14,Development,Finance
ACC-1008,Block Storage,us-east-1,gp3,2026-01-19,0.0,81.1,0.0,7.1,Production,Engineering
ACC-1008,Serverless Functions,us-east-1,N/A,2026-01-19,20.98,0.0,0.0,1.0,Production,Engineering
ACC-1011,Block Storage,us-east-1,st1,2026-01-19,0.0,143.0,0.0,7.13,Staging,Sales
ACC-1011,Managed Kubernetes,us-east-1,m5.xlarge,2026-01-19,14.92,0.0,0.0,17.59,Staging,Sales
ACC-1013,Compute Instances,us-east-1,t3.medium,2026-01-19,4.51,0.0,0.0,0.17,Production,Data Science
ACC-1009,Compute Instances,eu-central-1,c5.large,2026-01-20,18.11,0.0,0.0,1.55,Production,Engineering
ACC-1009,Data Transfer / Egress,eu-central-1,N/A,2026-01-20,0.0,0.0,45.3,4.4,Production,Engineering
ACC-1003,Load Balancer,eu-central-1,N/A,2026-01-20,0.0,0.0,49.2,4.56,Production,Data Science
ACC-1005,Block Storage,us-east-1,st1,2026-01-20,0.0,116.3,0.0,4.71,Production,IT Operations
ACC-1003,Block Storage,eu-central-1,st1,2026-01-20,0.0,150.4,0.0,7.08,Production,Data Science
ACC-1010,Serverless Functions,ap-southeast-1,N/A,2026-01-20,10.45,0.0,0.0,0.58,Production,Data Science
ACC-1003,Data Transfer / Egress,eu-central-1,N/A,2026-01-20,0.0,0.0,14.2,1.26,Production,Data Science
ACC-1010,Load Balancer,ap-southeast-1,N/A,2026-01-20,0.0,0.0,42.7,3.41,Production,Data Science
ACC-1001,Serverless Functions,us-east-1,N/A,2026-01-20,7.77,0.0,0.0,0.42,Development,Engineering
ACC-1006,Data Warehouse,us-east-1,dw.xlarge,2026-01-20,11.45,35.5,0.0,15.48,Production,Marketing
ACC-1006,Managed Kubernetes,us-east-1,m5.large,2026-01-20,19.86,0.0,0.0,2.09,Production,Marketing
ACC-1007,Load Balancer,ap-southeast-1,N/A,2026-01-20,0.0,0.0,13.0,1.16,Staging,Marketing
ACC-1015,Managed Kubernetes,ap-south-1,c5.2xlarge,2026-01-20,12.63,0.0,0.0,3.86,Development,Engineering
ACC-1012,Block Storage,eu-west-1,gp3,2026-01-20,0.0,250.6,0.0,20.13,Production,Finance
ACC-1012,Load Balancer,eu-west-1,N/A,2026-01-20,0.0,0.0,7.3,3.68,Production,Finance
ACC-1004,Compute Instances,ap-southeast-1,t3.medium,2026-01-20,3.91,0.0,0.0,0.17,Staging,Sales
ACC-1012,Data Warehouse,eu-west-1,dw.large,2026-01-20,27.23,60.0,0.0,21.85,Production,Finance
ACC-1008,Data Warehouse,us-east-1,dw.large,2026-01-21,34.3,76.5,0.0,23.0,Staging,Engineering
ACC-1007,Data Transfer / Egress,ap-southeast-1,N/A,2026-01-21,0.0,0.0,55.7,5.62,Production,Marketing
ACC-1007,Serverless Functions,ap-southeast-1,N/A,2026-01-21,17.49,0.0,0.0,0.73,Production,Marketing
ACC-1006,Content Delivery (CDN),us-east-1,N/A,2026-01-21,0.0,0.0,10.9,1.0,Staging,Marketing
ACC-1006,Data Transfer / Egress,us-east-1,N/A,2026-01-21,0.0,0.0,55.6,5.48,Staging,Marketing
ACC-1011,Managed Kubernetes,us-east-1,m5.large,2026-01-21,6.49,0.0,0.0,0.67,Development,Sales
ACC-1011,Load Balancer,us-east-1,N/A,2026-01-21,0.0,0.0,41.9,3.89,Development,Sales
ACC-1004,Load Balancer,ap-southeast-1,N/A,2026-01-21,0.0,0.0,35.4,3.36,Development,Sales
ACC-1004,Serverless Functions,ap-southeast-1,N/A,2026-01-21,7.57,0.0,0.0,0.4,Development,Sales
ACC-1006,Managed Kubernetes,us-east-1,m5.xlarge,2026-01-21,16.09,0.0,0.0,3.19,Staging,Marketing
ACC-1008,Managed Kubernetes,us-east-1,m5.large,2026-01-21,22.91,0.0,0.0,2.25,Staging,Engineering
ACC-1010,Managed Kubernetes,ap-southeast-1,m5.xlarge,2026-01-21,11.27,0.0,0.0,1.89,Staging,Data Science
ACC-1013,Serverless Functions,us-east-1,N/A,2026-01-21,10.54,0.0,0.0,0.51,Staging,Data Science
ACC-1008,Compute Instances,us-east-1,m5.large,2026-01-21,23.44,0.0,0.0,2.11,Staging,Engineering
ACC-1003,Serverless Functions,ap-south-1,N/A,2026-01-21,31.32,0.0,0.0,1.38,Staging,Data Science
ACC-1003,Data Transfer / Egress,ap-south-1,N/A,2026-01-21,0.0,0.0,10.4,0.91,Staging,Data Science
ACC-1010,Serverless Functions,ap-southeast-1,N/A,2026-01-21,14.56,0.0,0.0,0.6,Staging,Data Science
ACC-1003,Object Storage,ap-south-1,N/A,2026-01-21,0.0,238.9,0.0,5.69,Staging,Data Science
ACC-1015,Block Storage,ap-south-1,io2,2026-01-21,0.0,208.3,0.0,26.55,Production,Engineering
ACC-1013,Compute Instances,us-east-1,m5.large,2026-01-21,9.6,0.0,0.0,0.97,Staging,Data Science
ACC-1013,Load Balancer,us-east-1,N/A,2026-01-21,0.0,0.0,16.4,1.64,Staging,Data Science
ACC-1015,Data Transfer / Egress,ap-south-1,N/A,2026-01-21,0.0,0.0,42.5,4.34,Production,Engineering
ACC-1013,Block Storage,eu-central-1,gp3,2026-01-22,0.0,272.1,0.0,21.24,Staging,Data Science
ACC-1008,Object Storage,us-east-1,N/A,2026-01-22,0.0,190.4,0.0,5.01,Production,Engineering
ACC-1008,Serverless Functions,us-east-1,N/A,2026-01-22,16.16,0.0,0.0,0.83,Production,Engineering
ACC-1008,Data Transfer / Egress,us-east-1,N/A,2026-01-22,0.0,0.0,42.0,3.77,Production,Engineering
ACC-1006,Data Transfer / Egress,ap-southeast-1,N/A,2026-01-22,0.0,0.0,63.4,5.73,Production,Marketing
ACC-1013,Compute Instances,eu-central-1,c5.large,2026-01-22,18.0,0.0,0.0,1.66,Staging,Data Science
ACC-1013,Serverless Functions,eu-central-1,N/A,2026-01-22,14.37,0.0,0.0,0.77,Staging,Data Science
ACC-1010,Data Transfer / Egress,ap-southeast-1,N/A,2026-01-22,0.0,0.0,14.2,1.35,Production,Data Science
ACC-1007,Managed Database,eu-west-1,db.m5.large,2026-01-22,35.3,86.9,0.0,13.72,Staging,Marketing
ACC-1001,Content Delivery (CDN),eu-central-1,N/A,2026-01-22,0.0,0.0,40.6,3.45,Staging,Engineering
ACC-1005,Object Storage,us-east-1,N/A,2026-01-22,0.0,166.8,0.0,4.03,Development,IT Operations
ACC-1005,Load Balancer,us-east-1,N/A,2026-01-22,0.0,0.0,26.6,2.61,Development,IT Operations
ACC-1005,Content Delivery (CDN),us-east-1,N/A,2026-01-22,0.0,0.0,25.5,2.11,Development,IT Operations
ACC-1007,Compute Instances,eu-west-1,m5.xlarge,2026-01-22,12.51,0.0,0.0,2.34,Staging,Marketing
ACC-1001,Managed Database,eu-central-1,db.t3.medium,2026-01-22,9.61,73.2,0.0,7.05,Staging,Engineering
ACC-1010,Managed Database,ap-southeast-1,db.m5.large,2026-01-22,19.03,72.2,0.0,11.92,Production,Data Science
ACC-1003,Object Storage,ap-south-1,N/A,2026-01-22,0.0,117.3,0.0,2.68,Production,Data Science
ACC-1004,Managed Database,ap-southeast-1,db.r5.large,2026-01-22,35.14,52.2,0.0,13.68,Production,Sales
ACC-1010,Managed Kubernetes,ap-southeast-1,m5.xlarge,2026-01-22,16.27,0.0,0.0,2.51,Production,Data Science
ACC-1015,Serverless Functions,ap-south-1,N/A,2026-01-22,10.87,0.0,0.0,0.54,Staging,Engineering
ACC-1011,Compute Instances,us-east-1,c5.large,2026-01-22,11.9,0.0,0.0,1.05,Staging,Sales
ACC-1011,Data Warehouse,us-east-1,dw.xlarge,2026-01-22,27.34,32.3,0.0,29.18,Staging,Sales
ACC-1011,Serverless Functions,us-east-1,N/A,2026-01-22,31.78,0.0,0.0,1.53,Staging,Sales
ACC-1014,Compute Instances,us-west-2,t3.medium,2026-01-22,21.43,0.0,0.0,0.78,Development,Engineering
ACC-1015,Data Transfer / Egress,ap-south-1,N/A,2026-01-22,0.0,0.0,25.5,2.05,Staging,Engineering
ACC-1014,Managed Database,us-west-2,db.m5.large,2026-01-22,17.42,72.7,0.0,9.99,Development,Engineering
ACC-1002,Managed Database,eu-central-1,db.t3.medium,2026-01-22,16.22,69.8,0.0,7.77,Production,Sales
ACC-1012,Block Storage,eu-west-1,gp3,2026-01-22,0.0,261.1,0.0,18.36,Staging,Finance
ACC-1012,Data Warehouse,eu-west-1,dw.xlarge,2026-01-22,15.14,60.6,0.0,23.22,Staging,Finance
ACC-1004,Block Storage,ap-southeast-1,gp3,2026-01-22,0.0,180.8,0.0,15.32,Production,Sales
ACC-1004,Serverless Functions,ap-southeast-1,N/A,2026-01-22,32.89,0.0,0.0,1.76,Production,Sales
ACC-1014,Block Storage,us-west-2,io2,2026-01-22,0.0,321.9,0.0,40.04,Development,Engineering
ACC-1015,Managed Database,us-east-1,db.r5.large,2026-01-23,15.55,23.2,0.0,6.69,Production,Engineering
ACC-1011,Compute Instances,us-east-1,t3.micro,2026-01-23,19.99,0.0,0.0,0.21,Production,Sales
ACC-1008,Managed Kubernetes,ap-south-1,c5.2xlarge,2026-01-23,3.66,0.0,0.0,1.24,Staging,Engineering
ACC-1008,Content Delivery (CDN),ap-south-1,N/A,2026-01-23,0.0,0.0,25.2,1.98,Staging,Engineering
ACC-1006,Load Balancer,us-east-1,N/A,2026-01-23,0.0,0.0,19.3,1.75,Production,Marketing
ACC-1006,Compute Instances,us-east-1,r5.large,2026-01-23,21.87,0.0,0.0,2.42,Production,Marketing
ACC-1006,Serverless Functions,us-east-1,N/A,2026-01-23,11.02,0.0,0.0,0.52,Production,Marketing
ACC-1015,Data Warehouse,us-east-1,dw.xlarge,2026-01-23,18.73,47.7,0.0,23.98,Production,Engineering
ACC-1008,Managed Database,ap-south-1,db.t3.medium,2026-01-23,30.93,25.1,0.0,4.2,Staging,Engineering
ACC-1015,Object Storage,us-east-1,N/A,2026-01-23,0.0,285.9,0.0,7.28,Production,Engineering
ACC-1003,Managed Kubernetes,ap-south-1,c5.2xlarge,2026-01-23,15.81,0.0,0.0,4.8,Production,Data Science
ACC-1003,Data Warehouse,ap-south-1,dw.large,2026-01-23,36.53,40.4,0.0,22.2,Production,Data Science
ACC-1007,Content Delivery (CDN),ap-southeast-1,N/A,2026-01-23,0.0,0.0,31.5,2.82,Production,Marketing
ACC-1012,Content Delivery (CDN),eu-west-1,N/A,2026-01-23,0.0,0.0,31.1,2.58,Production,Finance
ACC-1002,Data Warehouse,ap-south-1,dw.xlarge,2026-01-23,20.73,54.7,0.0,24.62,Development,Sales
ACC-1004,Load Balancer,us-east-1,N/A,2026-01-23,0.0,0.0,24.5,2.12,Staging,Sales
ACC-1004,Block Storage,us-east-1,st1,2026-01-23,0.0,230.2,0.0,10.24,Staging,Sales
ACC-1009,Object Storage,eu-central-1,N/A,2026-01-23,0.0,199.5,0.0,4.46,Development,Engineering
ACC-1009,Load Balancer,eu-central-1,N/A,2026-01-23,0.0,0.0,44.0,4.27,Development,Engineering
ACC-1003,Compute Instances,ap-south-1,t3.micro,2026-01-23,8.78,0.0,0.0,0.1,Production,Data Science
ACC-1006,Object Storage,us-east-1,N/A,2026-01-24,0.0,109.1,0.0,2.43,Production,Marketing
ACC-1005,Content Delivery (CDN),us-east-1,N/A,2026-01-24,0.0,0.0,3.9,0.38,Development,IT Operations
ACC-1005,Serverless Functions,us-east-1,N/A,2026-01-24,14.07,0.0,0.0,0.76,Development,IT Operations
ACC-1007,Data Transfer / Egress,ap-southeast-1,N/A,2026-01-24,0.0,0.0,25.9,2.43,Production,Marketing
ACC-1015,Managed Kubernetes,ap-south-1,m5.xlarge,2026-01-24,10.09,0.0,0.0,2.14,Production,Engineering
ACC-1012,Load Balancer,eu-west-1,N/A,2026-01-24,0.0,0.0,31.1,2.59,Production,Finance
ACC-1012,Data Warehouse,eu-west-1,dw.large,2026-01-24,7.87,34.7,0.0,7.85,Production,Finance
ACC-1015,Load Balancer,ap-south-1,N/A,2026-01-24,0.0,0.0,33.8,3.54,Production,Engineering
ACC-1006,Load Balancer,us-east-1,N/A,2026-01-24,0.0,0.0,32.4,2.69,Production,Marketing
ACC-1007,Content Delivery (CDN),ap-southeast-1,N/A,2026-01-24,0.0,0.0,13.3,1.25,Production,Marketing
ACC-1006,Compute Instances,us-east-1,m5.xlarge,2026-01-24,8.52,0.0,0.0,1.62,Production,Marketing
ACC-1001,Content Delivery (CDN),eu-central-1,N/A,2026-01-24,0.0,0.0,24.4,2.2,Development,Engineering
ACC-1011,Content Delivery (CDN),us-east-1,N/A,2026-01-24,0.0,0.0,21.6,2.18,Staging,Sales
ACC-1004,Data Warehouse,ap-southeast-1,dw.large,2026-01-24,12.4,36.4,0.0,10.26,Staging,Sales
ACC-1004,Block Storage,ap-southeast-1,io2,2026-01-24,0.0,126.6,0.0,16.81,Staging,Sales
ACC-1013,Load Balancer,us-east-1,N/A,2026-01-24,0.0,0.0,22.3,2.28,Production,Data Science
ACC-1003,Data Transfer / Egress,ap-south-1,N/A,2026-01-24,0.0,0.0,20.7,2.06,Production,Data Science
ACC-1003,Object Storage,ap-south-1,N/A,2026-01-24,0.0,154.2,0.0,3.61,Production,Data Science
ACC-1004,Compute Instances,ap-southeast-1,c5.large,2026-01-24,8.91,0.0,0.0,0.77,Staging,Sales
ACC-1008,Compute Instances,us-east-1,t3.micro,2026-01-24,7.18,0.0,0.0,0.07,Production,Engineering
ACC-1008,Managed Kubernetes,us-east-1,m5.large,2026-01-24,5.89,0.0,0.0,0.52,Production,Engineering
ACC-1010,Object Storage,ap-southeast-1,N/A,2026-01-24,0.0,290.2,0.0,21.0,Production,Data Science
ACC-1010,Data Warehouse,ap-southeast-1,dw.large,2026-01-24,22.98,62.5,0.0,17.03,Production,Data Science
ACC-1003,Compute Instances,ap-south-1,r5.large,2026-01-24,3.76,0.0,0.0,0.49,Production,Data Science
ACC-1004,Object Storage,ap-southeast-1,N/A,2026-01-25,0.0,117.4,0.0,2.64,Development,Sales
ACC-1014,Managed Kubernetes,us-west-2,m5.large,2026-01-25,4.0,0.0,0.0,0.4,Production,Engineering
ACC-1014,Content Delivery (CDN),us-west-2,N/A,2026-01-25,0.0,0.0,15.6,1.19,Production,Engineering
ACC-1014,Object Storage,us-west-2,N/A,2026-01-25,0.0,136.4,0.0,3.15,Production,Engineering
ACC-1006,Object Storage,us-east-1,N/A,2026-01-25,0.0,103.1,0.0,2.27,Production,Marketing
ACC-1009,Data Transfer / Egress,eu-central-1,N/A,2026-01-25,0.0,0.0,19.6,1.65,Staging,Engineering
ACC-1006,Serverless Functions,us-east-1,N/A,2026-01-25,14.09,0.0,0.0,0.74,Production,Marketing
ACC-1015,Managed Kubernetes,ap-south-1,c5.2xlarge,2026-01-25,11.93,0.0,0.0,3.69,Development,Engineering
ACC-1009,Compute Instances,eu-central-1,m5.xlarge,2026-01-25,6.24,0.0,0.0,1.26,Staging,Engineering
ACC-1004,Data Warehouse,ap-southeast-1,dw.xlarge,2026-01-25,18.55,56.7,0.0,24.37,Development,Sales
ACC-1009,Content Delivery (CDN),eu-central-1,N/A,2026-01-25,0.0,0.0,50.0,4.4,Staging,Engineering
ACC-1006,Load Balancer,us-east-1,N/A,2026-01-25,0.0,0.0,21.6,1.97,Production,Marketing
ACC-1005,Block Storage,us-east-1,st1,2026-01-25,0.0,293.5,0.0,12.92,Production,IT Operations
ACC-1015,Content Delivery (CDN),ap-south-1,N/A,2026-01-25,0.0,0.0,13.2,1.29,Development,Engineering
ACC-1005,Serverless Functions,us-east-1,N/A,2026-01-25,5.47,0.0,0.0,0.23,Production,IT Operations
ACC-1007,Managed Database,ap-southeast-1,db.t3.medium,2026-01-25,13.18,43.1,0.0,5.59,Staging,Marketing
ACC-1013,Compute Instances,us-east-1,c5.large,2026-01-25,6.06,0.0,0.0,0.47,Production,Data Science
ACC-1013,Object Storage,us-east-1,N/A,2026-01-25,0.0,126.7,0.0,2.88,Production,Data Science
ACC-1003,Data Warehouse,ap-south-1,dw.xlarge,2026-01-25,4.61,40.6,0.0,8.92,Production,Data Science
ACC-1008,Data Transfer / Egress,us-east-1,N/A,2026-01-25,0.0,0.0,14.7,1.21,Staging,Engineering
ACC-1013,Data Warehouse,us-east-1,dw.xlarge,2026-01-25,16.69,39.4,0.0,20.62,Production,Data Science
ACC-1002,Object Storage,ap-south-1,N/A,2026-01-25,0.0,186.0,0.0,4.08,Staging,Sales
ACC-1002,Load Balancer,ap-south-1,N/A,2026-01-25,0.0,0.0,7.7,0.69,Staging,Sales
ACC-1001,Data Transfer / Egress,eu-central-1,N/A,2026-01-25,0.0,0.0,64.7,6.09,Production,Engineering
ACC-1001,Serverless Functions,eu-central-1,N/A,2026-01-25,4.56,0.0,0.0,0.22,Production,Engineering
ACC-1012,Load Balancer,eu-west-1,N/A,2026-01-25,0.0,0.0,18.0,1.5,Production,Finance
ACC-1008,Object Storage,us-east-1,N/A,2026-01-25,0.0,199.3,0.0,4.91,Staging,Engineering
ACC-1005,Data Warehouse,us-east-1,dw.xlarge,2026-01-25,9.74,98.4,0.0,20.19,Production,IT Operations
ACC-1006,Content Delivery (CDN),us-east-1,N/A,2026-01-26,0.0,0.0,29.1,2.36,Production,Marketing
ACC-1001,Content Delivery (CDN),eu-central-1,N/A,2026-01-26,0.0,0.0,23.6,1.93,Development,Engineering
ACC-1014,Serverless Functions,ap-southeast-1,N/A,2026-01-26,13.55,0.0,0.0,0.67,Production,Engineering
ACC-1004,Managed Kubernetes,ap-southeast-1,m5.xlarge,2026-01-26,13.55,0.0,0.0,2.43,Development,Sales
ACC-1013,Data Transfer / Egress,us-east-1,N/A,2026-01-26,0.0,0.0,57.2,5.65,Production,Data Science
ACC-1013,Compute Instances,us-east-1,t3.micro,2026-01-26,21.36,0.0,0.0,0.21,Production,Data Science
ACC-1006,Load Balancer,us-east-1,N/A,2026-01-26,0.0,0.0,7.8,0.74,Production,Marketing
ACC-1006,Object Storage,us-east-1,N/A,2026-01-26,0.0,185.4,0.0,4.59,Production,Marketing
ACC-1015,Managed Kubernetes,us-east-1,m5.xlarge,2026-01-26,12.1,0.0,0.0,2.22,Production,Engineering
ACC-1010,Load Balancer,ap-southeast-1,N/A,2026-01-26,0.0,0.0,3.2,0.3,Production,Data Science
ACC-1010,Data Transfer / Egress,ap-southeast-1,N/A,2026-01-26,0.0,0.0,10.3,0.95,Production,Data Science
ACC-1012,Block Storage,eu-west-1,gp3,2026-01-26,0.0,205.1,0.0,18.17,Production,Finance
ACC-1003,Block Storage,ap-south-1,io2,2026-01-26,0.0,80.5,0.0,11.25,Production,Data Science
ACC-1003,Content Delivery (CDN),ap-south-1,N/A,2026-01-26,0.0,0.0,8.3,0.77,Production,Data Science
ACC-1003,Load Balancer,ap-south-1,N/A,2026-01-26,0.0,0.0,67.6,6.73,Production,Data Science
ACC-1015,Load Balancer,us-east-1,N/A,2026-01-26,0.0,0.0,49.8,4.34,Production,Engineering
ACC-1008,Compute Instances,us-east-1,t3.medium,2026-01-27,13.36,0.0,0.0,0.51,Production,Engineering
ACC-1008,Data Warehouse,us-east-1,dw.xlarge,2026-01-27,15.42,29.3,0.0,21.54,Production,Engineering
ACC-1013,Managed Database,us-east-1,db.r5.large,2026-01-27,16.24,20.8,0.0,6.14,Development,Data Science
ACC-1003,Object Storage,ap-south-1,N/A,2026-01-27,0.0,238.7,0.0,5.57,Development,Data Science
ACC-1003,Serverless Functions,ap-south-1,N/A,2026-01-27,18.42,0.0,0.0,0.99,Development,Data Science
ACC-1003,Compute Instances,ap-south-1,c5.large,2026-01-27,10.09,0.0,0.0,0.94,Development,Data Science
ACC-1004,Data Warehouse,ap-southeast-1,dw.xlarge,2026-01-27,16.11,54.2,0.0,20.73,Production,Sales
ACC-1002,Load Balancer,ap-south-1,N/A,2026-01-27,0.0,0.0,18.0,1.68,Staging,Sales
ACC-1002,Managed Database,ap-south-1,db.m5.large,2026-01-27,12.27,71.6,0.0,8.59,Staging,Sales
ACC-1004,Serverless Functions,ap-southeast-1,N/A,2026-01-27,8.22,0.0,0.0,0.4,Production,Sales
ACC-1004,Block Storage,ap-southeast-1,st1,2026-01-27,0.0,108.9,0.0,4.61,Production,Sales
ACC-1005,Object Storage,us-east-1,N/A,2026-01-27,0.0,121.9,0.0,2.9,Production,IT Operations
ACC-1011,Content Delivery (CDN),us-east-1,N/A,2026-01-27,0.0,0.0,17.8,1.66,Staging,Sales
ACC-1002,Data Transfer / Egress,ap-south-1,N/A,2026-01-27,0.0,0.0,65.5,6.37,Staging,Sales
ACC-1008,Managed Database,us-east-1,db.t3.medium,2026-01-27,18.71,35.8,0.0,4.55,Production,Engineering
ACC-1014,Managed Kubernetes,ap-south-1,m5.large,2026-01-27,7.23,0.0,0.0,0.66,Staging,Engineering
ACC-1014,Serverless Functions,ap-south-1,N/A,2026-01-27,14.11,0.0,0.0,0.74,Staging,Engineering
ACC-1014,Compute Instances,ap-south-1,t3.micro,2026-01-27,8.67,0.0,0.0,0.08,Staging,Engineering
ACC-1012,Managed Kubernetes,eu-west-1,m5.large,2026-01-27,19.09,0.0,0.0,2.01,Production,Finance
ACC-1012,Object Storage,eu-west-1,N/A,2026-01-27,0.0,269.2,0.0,6.35,Production,Finance
ACC-1010,Load Balancer,ap-south-1,N/A,2026-01-27,0.0,0.0,26.4,2.36,Production,Data Science
ACC-1009,Managed Kubernetes,eu-central-1,m5.large,2026-01-27,10.28,0.0,0.0,0.84,Staging,Engineering
ACC-1015,Block Storage,ap-south-1,io2,2026-01-27,0.0,237.4,0.0,29.17,Production,Engineering
ACC-1012,Compute Instances,eu-west-1,c5.large,2026-01-27,4.08,0.0,0.0,0.33,Production,Finance
ACC-1006,Load Balancer,us-east-1,N/A,2026-01-27,0.0,0.0,39.8,3.61,Staging,Marketing
ACC-1006,Managed Kubernetes,us-east-1,c5.2xlarge,2026-01-27,12.64,0.0,0.0,3.78,Staging,Marketing
ACC-1006,Serverless Functions,us-east-1,N/A,2026-01-27,14.95,0.0,0.0,0.82,Staging,Marketing
ACC-1007,Managed Kubernetes,eu-west-1,m5.xlarge,2026-01-27,16.73,0.0,0.0,3.22,Staging,Marketing
ACC-1007,Content Delivery (CDN),eu-west-1,N/A,2026-01-27,0.0,0.0,8.4,0.7,Staging,Marketing
ACC-1015,Serverless Functions,ap-south-1,N/A,2026-01-27,15.51,0.0,0.0,0.83,Production,Engineering
ACC-1004,Load Balancer,us-west-2,N/A,2026-01-28,0.0,0.0,19.1,1.82,Development,Sales
ACC-1012,Managed Kubernetes,eu-west-1,m5.large,2026-01-28,28.38,0.0,0.0,2.92,Production,Finance
ACC-1012,Data Transfer / Egress,eu-west-1,N/A,2026-01-28,0.0,0.0,86.9,7.68,Production,Finance
ACC-1012,Content Delivery (CDN),eu-west-1,N/A,2026-01-28,0.0,0.0,87.9,7.53,Production,Finance
ACC-1002,Load Balancer,ap-south-1,N/A,2026-01-28,0.0,0.0,52.7,4.02,Production,Sales
ACC-1008,Managed Database,us-east-1,db.t3.medium,2026-01-28,9.14,66.5,0.0,7.72,Production,Engineering
ACC-1007,Data Warehouse,ap-southeast-1,dw.large,2026-01-28,34.52,39.3,0.0,18.74,Development,Marketing
ACC-1001,Serverless Functions,eu-central-1,N/A,2026-01-28,25.13,0.0,0.0,1.18,Production,Engineering
ACC-1001,Load Balancer,eu-central-1,N/A,2026-01-28,0.0,0.0,19.3,1.78,Production,Engineering
ACC-1004,Serverless Functions,us-west-2,N/A,2026-01-28,20.59,0.0,0.0,1.06,Development,Sales
ACC-1002,Managed Database,ap-south-1,db.t3.medium,2026-01-28,21.28,30.0,0.0,4.85,Production,Sales
ACC-1010,Serverless Functions,ap-southeast-1,N/A,2026-01-28,9.79,0.0,0.0,0.46,Production,Data Science
ACC-1013,Serverless Functions,us-east-1,N/A,2026-01-28,18.78,0.0,0.0,0.85,Production,Data Science
ACC-1014,Block Storage,us-west-2,st1,2026-01-28,0.0,165.8,0.0,6.83,Production,Engineering
ACC-1005,Serverless Functions,us-east-1,N/A,2026-01-28,20.44,0.0,0.0,0.96,Development,IT Operations
ACC-1005,Managed Database,us-east-1,db.t3.medium,2026-01-28,13.45,124.2,0.0,12.72,Development,IT Operations
ACC-1015,Managed Kubernetes,us-west-2,c5.2xlarge,2026-01-28,18.53,0.0,0.0,6.55,Production,Engineering
ACC-1009,Content Delivery (CDN),eu-central-1,N/A,2026-01-28,0.0,0.0,57.9,5.3,Production,Engineering
ACC-1009,Managed Kubernetes,eu-central-1,m5.large,2026-01-28,13.59,0.0,0.0,1.39,Production,Engineering
ACC-1009,Block Storage,eu-central-1,io2,2026-01-28,0.0,135.6,0.0,15.14,Production,Engineering
ACC-1010,Data Warehouse,ap-southeast-1,dw.large,2026-01-28,15.17,34.8,0.0,11.29,Production,Data Science
ACC-1002,Compute Instances,ap-south-1,m5.large,2026-01-29,9.85,0.0,0.0,0.92,Production,Sales
ACC-1002,Serverless Functions,ap-south-1,N/A,2026-01-29,8.41,0.0,0.0,0.42,Production,Sales
ACC-1015,Data Transfer / Egress,ap-south-1,N/A,2026-01-29,0.0,0.0,16.7,1.53,Development,Engineering
ACC-1015,Load Balancer,ap-south-1,N/A,2026-01-29,0.0,0.0,22.0,1.85,Development,Engineering
ACC-1015,Managed Kubernetes,ap-south-1,m5.xlarge,2026-01-29,13.72,0.0,0.0,2.8,Development,Engineering
ACC-1005,Managed Database,us-east-1,db.t3.medium,2026-01-29,23.13,89.7,0.0,10.67,Development,IT Operations
ACC-1008,Object Storage,us-east-1,N/A,2026-01-29,0.0,130.3,0.0,3.18,Production,Engineering
ACC-1008,Load Balancer,us-east-1,N/A,2026-01-29,0.0,0.0,7.9,0.68,Production,Engineering
ACC-1002,Data Transfer / Egress,ap-south-1,N/A,2026-01-29,0.0,0.0,28.9,2.71,Production,Sales
ACC-1008,Data Warehouse,us-east-1,dw.large,2026-01-29,29.41,54.7,0.0,19.51,Production,Engineering
ACC-1007,Data Transfer / Egress,ap-southeast-1,N/A,2026-01-29,0.0,0.0,52.7,4.87,Production,Marketing
ACC-1007,Content Delivery (CDN),ap-southeast-1,N/A,2026-01-29,0.0,0.0,16.6,1.52,Production,Marketing
ACC-1014,Object Storage,us-west-2,N/A,2026-01-29,0.0,164.2,0.0,3.75,Production,Engineering
ACC-1006,Data Transfer / Egress,us-east-1,N/A,2026-01-29,0.0,0.0,5.9,0.54,Staging,Marketing
ACC-1006,Managed Database,us-east-1,db.t3.medium,2026-01-29,53.28,53.8,0.0,9.7,Staging,Marketing
ACC-1006,Data Warehouse,us-east-1,dw.xlarge,2026-01-29,25.08,33.7,0.0,28.01,Staging,Marketing
ACC-1012,Load Balancer,eu-west-1,N/A,2026-01-29,0.0,0.0,57.0,5.03,Production,Finance
ACC-1012,Compute Instances,eu-west-1,t3.medium,2026-01-29,28.53,0.0,0.0,1.17,Production,Finance
ACC-1010,Serverless Functions,ap-southeast-1,N/A,2026-01-29,6.85,0.0,0.0,0.36,Development,Data Science
ACC-1007,Load Balancer,ap-southeast-1,N/A,2026-01-29,0.0,0.0,25.2,2.28,Production,Marketing
ACC-1015,Managed Database,ap-south-1,db.r5.large,2026-01-30,37.56,45.8,0.0,13.87,Staging,Engineering
ACC-1012,Object Storage,eu-west-1,N/A,2026-01-30,0.0,217.9,0.0,5.06,Production,Finance
ACC-1012,Load Balancer,eu-west-1,N/A,2026-01-30,0.0,0.0,43.7,4.32,Production,Finance
ACC-1009,Load Balancer,eu-central-1,N/A,2026-01-30,0.0,0.0,66.4,6.24,Production,Engineering
ACC-1009,Data Warehouse,eu-central-1,dw.xlarge,2026-01-30,24.06,91.7,0.0,32.79,Production,Engineering
ACC-1015,Content Delivery (CDN),ap-south-1,N/A,2026-01-30,0.0,0.0,26.6,2.32,Staging,Engineering
ACC-1006,Serverless Functions,us-east-1,N/A,2026-01-30,10.17,0.0,0.0,0.45,Development,Marketing
ACC-1005,Data Warehouse,us-east-1,dw.large,2026-01-30,24.36,153.2,0.0,22.72,Production,IT Operations
ACC-1005,Data Transfer / Egress,us-east-1,N/A,2026-01-30,0.0,0.0,11.1,1.07,Production,IT Operations
ACC-1010,Compute Instances,ap-southeast-1,r5.large,2026-01-30,7.46,0.0,0.0,0.94,Staging,Data Science
ACC-1010,Managed Database,ap-southeast-1,db.m5.large,2026-01-30,8.5,39.8,0.0,5.24,Staging,Data Science
ACC-1010,Serverless Functions,ap-southeast-1,N/A,2026-01-30,14.0,0.0,0.0,0.71,Staging,Data Science
ACC-1004,Serverless Functions,ap-southeast-1,N/A,2026-01-30,14.52,0.0,0.0,0.69,Staging,Sales
ACC-1013,Object Storage,us-east-1,N/A,2026-01-30,0.0,151.7,0.0,3.92,Production,Data Science
ACC-1002,Serverless Functions,ap-south-1,N/A,2026-01-31,8.19,0.0,0.0,0.39,Development,Sales
ACC-1002,Managed Database,ap-south-1,db.r5.large,2026-01-31,13.7,80.6,0.0,13.05,Development,Sales
ACC-1015,Content Delivery (CDN),ap-south-1,N/A,2026-01-31,0.0,0.0,38.3,3.45,Staging,Engineering
ACC-1015,Block Storage,ap-south-1,st1,2026-01-31,0.0,144.8,0.0,7.23,Staging,Engineering
ACC-1015,Serverless Functions,ap-south-1,N/A,2026-01-31,8.65,0.0,0.0,0.43,Staging,Engineering
ACC-1010,Data Warehouse,ap-southeast-1,dw.large,2026-01-31,14.53,49.2,0.0,10.65,Production,Data Science
ACC-1010,Object Storage,ap-southeast-1,N/A,2026-01-31,0.0,294.6,0.0,6.57,Production,Data Science
ACC-1007,Managed Kubernetes,ap-southeast-1,m5.xlarge,2026-01-31,8.58,0.0,0.0,1.64,Production,Marketing
ACC-1012,Serverless Functions,eu-west-1,N/A,2026-01-31,11.93,0.0,0.0,0.6,Production,Finance
ACC-1004,Managed Database,ap-southeast-1,db.t3.medium,2026-01-31,9.27,65.4,0.0,7.52,Production,Sales
ACC-1012,Data Warehouse,eu-west-1,dw.large,2026-01-31,8.3,76.9,0.0,10.45,Production,Finance
ACC-1005,Data Warehouse,us-east-1,dw.large,2026-01-31,11.14,30.5,0.0,8.46,Development,IT Operations
ACC-1005,Serverless Functions,us-east-1,N/A,2026-01-31,4.34,0.0,0.0,0.23,Development,IT Operations
ACC-1014,Serverless Functions,us-west-2,N/A,2026-01-31,4.61,0.0,0.0,0.23,Staging,Engineering
ACC-1014,Managed Kubernetes,us-west-2,m5.large,2026-01-31,4.87,0.0,0.0,0.44,Staging,Engineering
ACC-1009,Managed Database,eu-central-1,db.t3.medium,2026-01-31,14.2,58.8,0.0,6.77,Staging,Engineering
ACC-1009,Load Balancer,eu-central-1,N/A,2026-01-31,0.0,0.0,25.9,2.41,Staging,Engineering
ACC-1012,Load Balancer,eu-west-1,N/A,2026-01-31,0.0,0.0,20.1,1.86,Production,Finance
ACC-1009,Block Storage,eu-central-1,gp3,2026-01-31,0.0,160.9,0.0,13.76,Staging,Engineering
ACC-1004,Block Storage,ap-southeast-1,gp3,2026-02-01,0.0,160.2,0.0,13.15,Production,Sales
ACC-1004,Data Warehouse,ap-southeast-1,dw.large,2026-02-01,17.63,74.7,0.0,15.82,Production,Sales
ACC-1004,Serverless Functions,ap-southeast-1,N/A,2026-02-01,15.58,0.0,0.0,0.76,Production,Sales
ACC-1005,Data Warehouse,us-east-1,dw.large,2026-02-01,9.03,139.0,0.0,19.45,Production,IT Operations
ACC-1009,Managed Database,eu-central-1,db.t3.medium,2026-02-01,12.84,51.1,0.0,5.76,Staging,Engineering
ACC-1005,Compute Instances,us-east-1,c5.large,2026-02-01,5.86,0.0,0.0,0.52,Production,IT Operations
ACC-1009,Serverless Functions,eu-central-1,N/A,2026-02-01,4.51,0.0,0.0,0.22,Staging,Engineering
ACC-1005,Managed Kubernetes,us-east-1,m5.xlarge,2026-02-01,12.91,0.0,0.0,2.53,Production,IT Operations
ACC-1003,Data Transfer / Egress,ap-south-1,N/A,2026-02-01,0.0,0.0,25.3,2.22,Staging,Data Science
ACC-1008,Content Delivery (CDN),us-east-1,N/A,2026-02-01,0.0,0.0,56.3,5.24,Staging,Engineering
ACC-1010,Serverless Functions,ap-southeast-1,N/A,2026-02-01,10.67,0.0,0.0,0.57,Production,Data Science
ACC-1010,Object Storage,ap-southeast-1,N/A,2026-02-01,0.0,218.5,0.0,5.06,Production,Data Science
ACC-1010,Managed Database,ap-southeast-1,db.r5.large,2026-02-01,16.73,59.1,0.0,8.72,Production,Data Science
ACC-1008,Data Transfer / Egress,us-east-1,N/A,2026-02-01,0.0,0.0,36.9,3.06,Staging,Engineering
ACC-1008,Managed Database,us-east-1,db.m5.large,2026-02-01,4.86,48.5,0.0,5.61,Staging,Engineering
ACC-1007,Data Warehouse,ap-southeast-1,dw.large,2026-02-01,8.38,52.6,0.0,10.18,Staging,Marketing
ACC-1007,Managed Kubernetes,ap-southeast-1,m5.xlarge,2026-02-01,11.33,0.0,0.0,2.14,Staging,Marketing
ACC-1007,Managed Database,ap-southeast-1,db.t3.medium,2026-02-01,7.94,94.4,0.0,9.63,Staging,Marketing
ACC-1001,Block Storage,us-east-1,io2,2026-02-01,0.0,196.5,0.0,24.54,Production,Engineering
ACC-1012,Managed Kubernetes,ap-southeast-1,m5.large,2026-02-02,11.82,0.0,0.0,1.16,Staging,Finance
ACC-1013,Compute Instances,us-east-1,t3.medium,2026-02-02,18.62,0.0,0.0,0.78,Development,Data Science
ACC-1013,Load Balancer,us-east-1,N/A,2026-02-02,0.0,0.0,29.6,3.0,Development,Data Science
ACC-1005,Data Transfer / Egress,eu-west-1,N/A,2026-02-02,0.0,0.0,42.1,3.9,Production,IT Operations
ACC-1005,Data Warehouse,eu-west-1,dw.xlarge,2026-02-02,13.47,71.9,0.0,22.08,Production,IT Operations
ACC-1007,Compute Instances,ap-southeast-1,m5.large,2026-02-02,11.41,0.0,0.0,1.27,Production,Marketing
ACC-1004,Block Storage,ap-southeast-1,io2,2026-02-02,0.0,288.1,0.0,37.34,Staging,Sales
ACC-1008,Object Storage,us-east-1,N/A,2026-02-02,0.0,123.2,0.0,3.11,Staging,Engineering
ACC-1008,Managed Kubernetes,us-east-1,m5.large,2026-02-02,14.18,0.0,0.0,1.3,Staging,Engineering
ACC-1003,Managed Database,ap-south-1,db.r5.large,2026-02-02,47.46,64.8,0.0,18.78,Production,Data Science
ACC-1003,Managed Kubernetes,ap-south-1,m5.large,2026-02-02,10.57,0.0,0.0,0.95,Production,Data Science
ACC-1014,Serverless Functions,us-west-2,N/A,2026-02-02,21.63,0.0,0.0,0.99,Staging,Engineering
ACC-1007,Load Balancer,ap-southeast-1,N/A,2026-02-02,0.0,0.0,56.0,5.29,Production,Marketing
ACC-1004,Load Balancer,ap-southeast-1,N/A,2026-02-02,0.0,0.0,21.0,2.05,Staging,Sales
ACC-1005,Managed Database,eu-west-1,db.t3.medium,2026-02-02,37.38,70.2,0.0,9.25,Production,IT Operations
ACC-1002,Compute Instances,ap-south-1,r5.large,2026-02-02,14.69,0.0,0.0,1.91,Production,Sales
ACC-1002,Object Storage,ap-south-1,N/A,2026-02-02,0.0,140.4,0.0,3.24,Production,Sales
ACC-1009,Compute Instances,eu-central-1,t3.micro,2026-02-02,20.67,0.0,0.0,0.23,Development,Engineering
ACC-1009,Managed Kubernetes,eu-central-1,m5.xlarge,2026-02-02,19.17,0.0,0.0,4.24,Development,Engineering
ACC-1009,Data Transfer / Egress,eu-central-1,N/A,2026-02-02,0.0,0.0,7.3,0.66,Development,Engineering
ACC-1001,Data Warehouse,ap-south-1,dw.xlarge,2026-02-02,37.84,72.4,0.0,48.3,Production,Engineering
ACC-1001,Compute Instances,ap-south-1,t3.micro,2026-02-02,7.74,0.0,0.0,0.09,Production,Engineering
ACC-1010,Load Balancer,ap-southeast-1,N/A,2026-02-02,0.0,0.0,17.3,1.6,Production,Data Science
ACC-1015,Data Warehouse,ap-south-1,dw.large,2026-02-02,32.36,26.5,0.0,17.2,Production,Engineering
ACC-1015,Block Storage,ap-south-1,gp3,2026-02-02,0.0,205.9,0.0,17.66,Production,Engineering
ACC-1015,Object Storage,ap-south-1,N/A,2026-02-02,0.0,357.2,0.0,8.6,Production,Engineering
ACC-1006,Content Delivery (CDN),us-east-1,N/A,2026-02-02,0.0,0.0,23.9,2.17,Production,Marketing
ACC-1002,Load Balancer,ap-south-1,N/A,2026-02-02,0.0,0.0,20.1,1.84,Production,Sales
ACC-1011,Compute Instances,us-east-1,c5.large,2026-02-02,15.77,0.0,0.0,1.29,Production,Sales
ACC-1004,Compute Instances,ap-southeast-1,m5.large,2026-02-03,13.75,0.0,0.0,1.34,Production,Sales
ACC-1006,Serverless Functions,us-east-1,N/A,2026-02-03,4.71,0.0,0.0,0.25,Production,Marketing
ACC-1006,Managed Kubernetes,us-east-1,m5.large,2026-02-03,27.94,0.0,0.0,2.84,Production,Marketing
ACC-1006,Block Storage,us-east-1,gp3,2026-02-03,0.0,119.5,0.0,9.22,Production,Marketing
ACC-1005,Block Storage,us-east-1,gp3,2026-02-03,0.0,117.0,0.0,9.91,Staging,IT Operations
ACC-1001,Managed Database,eu-central-1,db.m5.large,2026-02-03,21.26,133.6,0.0,15.46,Production,Engineering
ACC-1001,Serverless Functions,eu-central-1,N/A,2026-02-03,4.95,0.0,0.0,0.25,Production,Engineering
ACC-1008,Object Storage,us-east-1,N/A,2026-02-03,0.0,238.5,0.0,5.54,Production,Engineering
ACC-1008,Compute Instances,us-east-1,m5.large,2026-02-03,17.2,0.0,0.0,1.58,Production,Engineering
ACC-1004,Managed Database,ap-southeast-1,db.m5.large,2026-02-03,19.72,74.6,0.0,10.39,Production,Sales
ACC-1001,Compute Instances,eu-central-1,t3.medium,2026-02-03,19.06,0.0,0.0,0.8,Production,Engineering
ACC-1013,Managed Database,us-east-1,db.t3.medium,2026-02-03,20.38,61.0,0.0,7.88,Production,Data Science
ACC-1005,Content Delivery (CDN),us-east-1,N/A,2026-02-03,0.0,0.0,40.8,4.09,Staging,IT Operations
ACC-1013,Block Storage,us-east-1,gp3,2026-02-03,0.0,244.8,0.0,17.88,Production,Data Science
ACC-1009,Data Warehouse,eu-central-1,dw.large,2026-02-03,53.75,74.4,0.0,34.8,Staging,Engineering
ACC-1009,Serverless Functions,eu-central-1,N/A,2026-02-03,12.67,0.0,0.0,0.68,Staging,Engineering
ACC-1009,Load Balancer,eu-central-1,N/A,2026-02-03,0.0,0.0,37.9,3.67,Staging,Engineering
ACC-1013,Content Delivery (CDN),us-east-1,N/A,2026-02-03,0.0,0.0,58.1,5.14,Production,Data Science
ACC-1010,Data Warehouse,ap-southeast-1,dw.large,2026-02-03,16.64,39.5,0.0,10.14,Production,Data Science
ACC-1010,Block Storage,ap-southeast-1,io2,2026-02-03,0.0,155.1,0.0,19.79,Production,Data Science
ACC-1015,Compute Instances,ap-south-1,m5.xlarge,2026-02-03,5.93,0.0,0.0,1.01,Staging,Engineering
ACC-1014,Serverless Functions,us-west-2,N/A,2026-02-03,4.42,0.0,0.0,0.23,Staging,Engineering
ACC-1011,Managed Kubernetes,us-east-1,c5.2xlarge,2026-02-03,25.85,0.0,0.0,8.3,Production,Sales
ACC-1011,Serverless Functions,us-east-1,N/A,2026-02-03,26.76,0.0,0.0,1.33,Production,Sales
ACC-1012,Load Balancer,eu-west-1,N/A,2026-02-03,0.0,0.0,47.6,4.19,Production,Finance
ACC-1010,Content Delivery (CDN),ap-southeast-1,N/A,2026-02-03,0.0,0.0,9.3,0.82,Production,Data Science
ACC-1002,Managed Kubernetes,ap-south-1,m5.large,2026-02-04,3.03,0.0,0.0,0.29,Production,Sales
ACC-1002,Object Storage,ap-south-1,N/A,2026-02-04,0.0,259.6,0.0,6.07,Production,Sales
ACC-1002,Content Delivery (CDN),ap-south-1,N/A,2026-02-04,0.0,0.0,22.1,1.9,Production,Sales
ACC-1012,Managed Database,eu-west-1,db.r5.large,2026-02-04,35.34,29.4,0.0,10.64,Development,Finance
ACC-1015,Managed Database,ap-south-1,db.r5.large,2026-02-04,35.25,27.6,0.0,11.12,Staging,Engineering
ACC-1005,Managed Kubernetes,us-west-2,m5.xlarge,2026-02-04,14.56,0.0,0.0,3.1,Production,IT Operations
ACC-1005,Block Storage,us-west-2,gp3,2026-02-04,0.0,113.4,0.0,10.07,Production,IT Operations
ACC-1005,Serverless Functions,us-west-2,N/A,2026-02-04,17.54,0.0,0.0,0.89,Production,IT Operations
ACC-1014,Managed Database,ap-southeast-1,db.m5.large,2026-02-04,17.18,68.8,0.0,10.42,Production,Engineering
ACC-1014,Compute Instances,ap-southeast-1,t3.medium,2026-02-04,3.45,0.0,0.0,0.17,Production,Engineering
ACC-1006,Managed Database,us-east-1,db.r5.large,2026-02-04,41.92,76.6,0.0,18.25,Production,Marketing
ACC-1006,Content Delivery (CDN),us-east-1,N/A,2026-02-04,0.0,0.0,18.1,1.61,Production,Marketing
ACC-1004,Managed Database,ap-southeast-1,db.t3.medium,2026-02-04,12.51,71.5,0.0,7.45,Production,Sales
ACC-1011,Serverless Functions,us-east-1,N/A,2026-02-04,19.78,0.0,0.0,1.0,Production,Sales
ACC-1014,Block Storage,ap-southeast-1,st1,2026-02-04,0.0,317.8,0.0,15.69,Production,Engineering
ACC-1014,Managed Database,us-west-2,db.r5.large,2026-02-05,29.95,27.1,0.0,10.15,Staging,Engineering
ACC-1003,Serverless Functions,ap-south-1,N/A,2026-02-05,27.76,0.0,0.0,1.44,Staging,Data Science
ACC-1013,Managed Database,us-east-1,db.t3.medium,2026-02-05,7.78,26.9,0.0,3.03,Development,Data Science
ACC-1008,Managed Kubernetes,us-east-1,m5.xlarge,2026-02-05,25.41,0.0,0.0,4.68,Production,Engineering
ACC-1015,Serverless Functions,ap-south-1,N/A,2026-02-05,14.42,0.0,0.0,0.69,Production,Engineering
ACC-1015,Data Transfer / Egress,ap-south-1,N/A,2026-02-05,0.0,0.0,57.1,5.04,Production,Engineering
ACC-1002,Data Warehouse,ap-south-1,dw.large,2026-02-05,16.05,35.6,0.0,12.36,Production,Sales
ACC-1001,Object Storage,ap-southeast-1,N/A,2026-02-05,0.0,200.4,0.0,4.46,Production,Engineering
ACC-1001,Serverless Functions,ap-southeast-1,N/A,2026-02-05,7.55,0.0,0.0,0.38,Production,Engineering
ACC-1002,Serverless Functions,ap-south-1,N/A,2026-02-05,13.74,0.0,0.0,0.62,Production,Sales
ACC-1003,Data Warehouse,ap-south-1,dw.large,2026-02-05,31.29,45.9,0.0,20.54,Staging,Data Science
ACC-1003,Compute Instances,ap-south-1,m5.large,2026-02-05,11.09,0.0,0.0,1.08,Staging,Data Science
ACC-1014,Data Transfer / Egress,us-west-2,N/A,2026-02-05,0.0,0.0,26.2,2.32,Staging,Engineering
ACC-1015,Managed Database,ap-south-1,db.t3.medium,2026-02-05,12.5,36.1,0.0,4.13,Production,Engineering
ACC-1011,Content Delivery (CDN),us-east-1,N/A,2026-02-05,0.0,0.0,34.6,3.1,Staging,Sales
ACC-1006,Load Balancer,us-east-1,N/A,2026-02-05,0.0,0.0,15.1,1.44,Staging,Marketing
ACC-1012,Block Storage,eu-west-1,io2,2026-02-05,0.0,192.7,0.0,20.14,Production,Finance
ACC-1012,Managed Kubernetes,eu-west-1,m5.xlarge,2026-02-05,10.5,0.0,0.0,1.92,Production,Finance
ACC-1010,Compute Instances,ap-southeast-1,m5.xlarge,2026-02-05,9.55,0.0,0.0,1.71,Production,Data Science
ACC-1009,Compute Instances,eu-central-1,m5.large,2026-02-05,9.72,0.0,0.0,0.91,Production,Engineering
ACC-1009,Load Balancer,eu-central-1,N/A,2026-02-05,0.0,0.0,18.1,1.54,Production,Engineering
ACC-1004,Data Warehouse,ap-southeast-1,dw.large,2026-02-05,24.5,24.7,0.0,14.64,Staging,Sales
ACC-1007,Data Warehouse,ap-southeast-1,dw.xlarge,2026-02-05,18.94,52.4,0.0,24.59,Development,Marketing
ACC-1010,Object Storage,ap-southeast-1,N/A,2026-02-05,0.0,126.3,0.0,3.15,Production,Data Science
ACC-1007,Data Transfer / Egress,ap-southeast-1,N/A,2026-02-05,0.0,0.0,75.4,6.6,Development,Marketing
ACC-1005,Serverless Functions,us-east-1,N/A,2026-02-05,10.71,0.0,0.0,0.52,Staging,IT Operations
ACC-1005,Managed Database,us-east-1,db.m5.large,2026-02-05,20.22,35.8,0.0,6.96,Staging,IT Operations
ACC-1005,Load Balancer,us-east-1,N/A,2026-02-05,0.0,0.0,18.9,1.58,Staging,IT Operations
ACC-1006,Data Transfer / Egress,us-east-1,N/A,2026-02-05,0.0,0.0,49.5,4.93,Staging,Marketing
ACC-1007,Content Delivery (CDN),ap-southeast-1,N/A,2026-02-05,0.0,0.0,21.9,9.57,Development,Marketing
ACC-1012,Compute Instances,eu-west-1,t3.medium,2026-02-05,18.13,0.0,0.0,0.74,Production,Finance
ACC-1013,Data Transfer / Egress,us-east-1,N/A,2026-02-06,0.0,0.0,62.0,5.15,Production,Data Science
ACC-1007,Managed Database,ap-southeast-1,db.t3.medium,2026-02-06,13.59,152.9,0.0,16.26,Development,Marketing
ACC-1007,Data Transfer / Egress,ap-southeast-1,N/A,2026-02-06,0.0,0.0,32.7,2.89,Development,Marketing
ACC-1009,Content Delivery (CDN),eu-central-1,N/A,2026-02-06,0.0,0.0,49.1,4.69,Development,Engineering
ACC-1009,Serverless Functions,eu-central-1,N/A,2026-02-06,6.43,0.0,0.0,0.37,Development,Engineering
ACC-1011,Load Balancer,us-east-1,N/A,2026-02-06,0.0,0.0,46.3,3.73,Development,Sales
ACC-1011,Content Delivery (CDN),us-east-1,N/A,2026-02-06,0.0,0.0,32.8,3.03,Development,Sales
ACC-1013,Object Storage,us-east-1,N/A,2026-02-06,0.0,118.9,0.0,2.84,Production,Data Science
ACC-1009,Data Warehouse,eu-central-1,dw.large,2026-02-06,19.66,125.6,0.0,70.76,Development,Engineering
ACC-1015,Managed Database,ap-south-1,db.m5.large,2026-02-06,24.2,16.8,0.0,5.81,Production,Engineering
ACC-1004,Load Balancer,ap-southeast-1,N/A,2026-02-06,0.0,0.0,41.9,4.17,Production,Sales
ACC-1015,Compute Instances,ap-south-1,t3.micro,2026-02-06,10.59,0.0,0.0,0.11,Production,Engineering
ACC-1015,Data Warehouse,ap-south-1,dw.xlarge,2026-02-06,19.82,66.1,0.0,27.16,Production,Engineering
ACC-1002,Data Warehouse,ap-south-1,dw.large,2026-02-06,28.88,68.9,0.0,22.15,Development,Sales
ACC-1002,Object Storage,ap-south-1,N/A,2026-02-06,0.0,129.1,0.0,2.84,Development,Sales
ACC-1014,Compute Instances,us-west-2,t3.medium,2026-02-06,13.83,0.0,0.0,0.57,Production,Engineering
ACC-1005,Object Storage,us-east-1,N/A,2026-02-06,0.0,130.0,0.0,3.01,Development,IT Operations
ACC-1010,Load Balancer,ap-southeast-1,N/A,2026-02-06,0.0,0.0,8.2,0.71,Production,Data Science
ACC-1010,Serverless Functions,ap-southeast-1,N/A,2026-02-06,15.74,0.0,0.0,0.86,Production,Data Science
ACC-1003,Managed Database,ap-south-1,db.r5.large,2026-02-06,8.8,45.2,0.0,6.89,Production,Data Science
ACC-1003,Load Balancer,ap-south-1,N/A,2026-02-06,0.0,0.0,51.0,4.16,Production,Data Science
ACC-1014,Block Storage,us-west-2,io2,2026-02-06,0.0,209.6,0.0,27.45,Production,Engineering
ACC-1012,Managed Database,eu-west-1,db.t3.medium,2026-02-07,9.03,65.5,0.0,7.54,Staging,Finance
ACC-1012,Object Storage,eu-west-1,N/A,2026-02-07,0.0,147.2,0.0,3.16,Staging,Finance
ACC-1012,Load Balancer,eu-west-1,N/A,2026-02-07,0.0,0.0,11.3,0.94,Staging,Finance
ACC-1007,Content Delivery (CDN),ap-southeast-1,N/A,2026-02-07,0.0,0.0,42.7,4.48,Production,Marketing
ACC-1007,Data Warehouse,ap-southeast-1,dw.xlarge,2026-02-07,16.53,43.4,0.0,21.75,Production,Marketing
ACC-1007,Block Storage,ap-southeast-1,gp3,2026-02-07,0.0,100.9,0.0,8.43,Production,Marketing
ACC-1003,Serverless Functions,ap-south-1,N/A,2026-02-07,6.18,0.0,0.0,0.34,Production,Data Science
ACC-1010,Data Warehouse,ap-southeast-1,dw.large,2026-02-07,9.53,72.1,0.0,11.13,Staging,Data Science
ACC-1010,Load Balancer,ap-southeast-1,N/A,2026-02-07,0.0,0.0,21.9,1.97,Staging,Data Science
ACC-1011,Managed Database,us-east-1,db.m5.large,2026-02-07,17.02,106.8,0.0,13.84,Development,Sales
ACC-1011,Content Delivery (CDN),us-east-1,N/A,2026-02-07,0.0,0.0,12.8,1.21,Development,Sales
ACC-1001,Load Balancer,eu-central-1,N/A,2026-02-07,0.0,0.0,24.9,2.25,Production,Engineering
ACC-1001,Compute Instances,eu-central-1,t3.medium,2026-02-07,18.04,0.0,0.0,0.75,Production,Engineering
ACC-1015,Content Delivery (CDN),ap-south-1,N/A,2026-02-07,0.0,0.0,46.9,4.44,Production,Engineering
ACC-1015,Compute Instances,ap-south-1,r5.large,2026-02-07,5.19,0.0,0.0,0.66,Production,Engineering
ACC-1015,Data Transfer / Egress,ap-south-1,N/A,2026-02-07,0.0,0.0,23.7,2.22,Production,Engineering
ACC-1005,Managed Kubernetes,us-east-1,c5.2xlarge,2026-02-07,6.58,0.0,0.0,2.31,Staging,IT Operations
ACC-1011,Managed Kubernetes,us-east-1,m5.xlarge,2026-02-07,10.95,0.0,0.0,2.21,Development,Sales
ACC-1012,Block Storage,ap-southeast-1,io2,2026-02-08,0.0,191.1,0.0,22.38,Production,Finance
ACC-1002,Object Storage,ap-south-1,N/A,2026-02-08,0.0,53.8,0.0,1.05,Production,Sales
ACC-1009,Serverless Functions,eu-central-1,N/A,2026-02-08,5.17,0.0,0.0,0.28,Production,Engineering
ACC-1009,Managed Kubernetes,eu-central-1,m5.large,2026-02-08,7.36,0.0,0.0,0.67,Production,Engineering
ACC-1009,Content Delivery (CDN),eu-central-1,N/A,2026-02-08,0.0,0.0,10.9,1.06,Production,Engineering
ACC-1002,Managed Kubernetes,ap-south-1,m5.large,2026-02-08,10.45,0.0,0.0,0.87,Production,Sales
ACC-1004,Block Storage,ap-southeast-1,st1,2026-02-08,0.0,245.8,0.0,11.28,Production,Sales
ACC-1003,Load Balancer,ap-south-1,N/A,2026-02-08,0.0,0.0,46.5,4.68,Production,Data Science
ACC-1006,Compute Instances,us-east-1,t3.micro,2026-02-08,6.12,0.0,0.0,0.06,Development,Marketing
ACC-1003,Managed Database,ap-south-1,db.t3.medium,2026-02-08,6.34,80.9,0.0,8.43,Production,Data Science
ACC-1006,Load Balancer,us-east-1,N/A,2026-02-08,0.0,0.0,61.2,5.3,Development,Marketing
ACC-1006,Block Storage,us-east-1,io2,2026-02-08,0.0,195.1,0.0,28.42,Development,Marketing
ACC-1011,Managed Database,us-east-1,db.r5.large,2026-02-08,29.45,70.2,0.0,14.14,Production,Sales
ACC-1010,Load Balancer,ap-southeast-1,N/A,2026-02-08,0.0,0.0,27.6,2.55,Development,Data Science
ACC-1013,Object Storage,us-east-1,N/A,2026-02-08,0.0,208.3,0.0,5.25,Staging,Data Science
ACC-1015,Data Transfer / Egress,ap-south-1,N/A,2026-02-08,0.0,0.0,29.1,2.61,Development,Engineering
ACC-1003,Block Storage,ap-south-1,st1,2026-02-08,0.0,240.5,0.0,11.12,Production,Data Science
ACC-1012,Compute Instances,ap-south-1,t3.micro,2026-02-09,16.44,0.0,0.0,0.17,Production,Finance
ACC-1007,Data Warehouse,ap-southeast-1,dw.xlarge,2026-02-09,12.98,46.2,0.0,17.94,Development,Marketing
ACC-1010,Serverless Functions,ap-southeast-1,N/A,2026-02-09,20.4,0.0,0.0,0.96,Production,Data Science
ACC-1010,Managed Database,ap-southeast-1,db.m5.large,2026-02-09,51.2,51.4,0.0,14.71,Production,Data Science
ACC-1010,Compute Instances,ap-southeast-1,r5.large,2026-02-09,16.13,0.0,0.0,2.07,Production,Data Science
ACC-1015,Serverless Functions,ap-south-1,N/A,2026-02-09,24.07,0.0,0.0,1.2,Production,Engineering
ACC-1015,Load Balancer,ap-south-1,N/A,2026-02-09,0.0,0.0,13.7,1.16,Production,Engineering
ACC-1011,Compute Instances,us-east-1,m5.xlarge,2026-02-09,15.15,0.0,0.0,3.04,Staging,Sales
ACC-1014,Compute Instances,us-west-2,r5.large,2026-02-09,16.79,0.0,0.0,2.17,Production,Engineering
ACC-1014,Content Delivery (CDN),us-west-2,N/A,2026-02-09,0.0,0.0,17.3,1.72,Production,Engineering
ACC-1012,Serverless Functions,ap-south-1,N/A,2026-02-09,8.1,0.0,0.0,0.42,Production,Finance
ACC-1006,Managed Kubernetes,us-east-1,c5.2xlarge,2026-02-09,8.05,0.0,0.0,2.76,Production,Marketing
ACC-1006,Content Delivery (CDN),us-east-1,N/A,2026-02-09,0.0,0.0,14.4,1.29,Production,Marketing
ACC-1008,Object Storage,eu-central-1,N/A,2026-02-09,0.0,217.0,0.0,5.3,Development,Engineering
ACC-1014,Block Storage,us-west-2,st1,2026-02-09,0.0,209.2,0.0,10.46,Production,Engineering
ACC-1001,Data Warehouse,eu-central-1,dw.xlarge,2026-02-09,41.92,42.6,0.0,52.25,Staging,Engineering
ACC-1007,Data Transfer / Egress,ap-southeast-1,N/A,2026-02-09,0.0,0.0,35.9,3.32,Development,Marketing
ACC-1001,Load Balancer,eu-central-1,N/A,2026-02-09,0.0,0.0,25.2,2.48,Staging,Engineering
ACC-1003,Data Warehouse,ap-south-1,dw.xlarge,2026-02-09,11.22,83.3,0.0,19.36,Production,Data Science
ACC-1001,Content Delivery (CDN),eu-central-1,N/A,2026-02-09,0.0,0.0,49.7,4.53,Staging,Engineering
ACC-1005,Data Transfer / Egress,us-east-1,N/A,2026-02-09,0.0,0.0,35.6,3.03,Production,IT Operations
ACC-1005,Object Storage,us-east-1,N/A,2026-02-09,0.0,151.9,0.0,3.37,Production,IT Operations
ACC-1009,Serverless Functions,eu-central-1,N/A,2026-02-09,5.92,0.0,0.0,0.28,Production,Engineering
ACC-1009,Data Transfer / Egress,eu-central-1,N/A,2026-02-09,0.0,0.0,24.9,2.4,Production,Engineering
ACC-1002,Load Balancer,ap-south-1,N/A,2026-02-09,0.0,0.0,8.4,0.68,Production,Sales
ACC-1003,Managed Kubernetes,ap-south-1,m5.large,2026-02-09,14.46,0.0,0.0,1.26,Production,Data Science
ACC-1002,Content Delivery (CDN),ap-south-1,N/A,2026-02-09,0.0,0.0,31.5,2.75,Production,Sales
ACC-1004,Data Warehouse,ap-southeast-1,dw.xlarge,2026-02-09,13.56,38.8,0.0,19.54,Staging,Sales
ACC-1004,Object Storage,ap-southeast-1,N/A,2026-02-09,0.0,260.1,0.0,6.16,Staging,Sales
ACC-1013,Managed Kubernetes,us-east-1,m5.xlarge,2026-02-09,6.79,0.0,0.0,1.4,Development,Data Science
ACC-1013,Data Warehouse,us-east-1,dw.large,2026-02-09,18.5,41.3,0.0,13.93,Development,Data Science
ACC-1013,Block Storage,us-east-1,gp3,2026-02-09,0.0,282.4,0.0,21.61,Development,Data Science
ACC-1002,Object Storage,ap-south-1,N/A,2026-02-09,0.0,182.1,0.0,3.96,Production,Sales
ACC-1001,Object Storage,eu-central-1,N/A,2026-02-10,0.0,130.7,0.0,3.19,Production,Engineering
ACC-1001,Managed Kubernetes,eu-central-1,m5.xlarge,2026-02-10,18.75,0.0,0.0,3.39,Production,Engineering
ACC-1001,Content Delivery (CDN),eu-central-1,N/A,2026-02-10,0.0,0.0,18.1,1.73,Production,Engineering
ACC-1013,Compute Instances,us-east-1,t3.medium,2026-02-10,10.53,0.0,0.0,0.45,Staging,Data Science
ACC-1013,Block Storage,us-east-1,io2,2026-02-10,0.0,200.7,0.0,24.28,Staging,Data Science
ACC-1005,Compute Instances,us-east-1,m5.xlarge,2026-02-10,18.07,0.0,0.0,3.5,Staging,IT Operations
ACC-1010,Data Warehouse,us-west-2,dw.large,2026-02-10,26.38,91.6,0.0,20.99,Production,Data Science
ACC-1002,Data Transfer / Egress,ap-south-1,N/A,2026-02-10,0.0,0.0,30.9,2.6,Staging,Sales
ACC-1010,Block Storage,us-west-2,io2,2026-02-10,0.0,172.0,0.0,23.27,Production,Data Science
ACC-1010,Compute Instances,us-west-2,r5.large,2026-02-10,10.08,0.0,0.0,1.32,Production,Data Science
ACC-1009,Serverless Functions,eu-central-1,N/A,2026-02-10,14.03,0.0,0.0,0.82,Staging,Engineering
ACC-1015,Block Storage,ap-south-1,gp3,2026-02-10,0.0,223.9,0.0,20.36,Staging,Engineering
ACC-1002,Managed Database,ap-south-1,db.t3.medium,2026-02-10,15.91,94.8,0.0,11.15,Staging,Sales
ACC-1006,Block Storage,us-east-1,gp3,2026-02-10,0.0,220.7,0.0,18.35,Development,Marketing
ACC-1013,Managed Kubernetes,us-east-1,m5.xlarge,2026-02-10,28.08,0.0,0.0,5.41,Staging,Data Science
ACC-1008,Load Balancer,us-east-1,N/A,2026-02-10,0.0,0.0,16.3,1.43,Staging,Engineering
ACC-1004,Block Storage,ap-southeast-1,io2,2026-02-10,0.0,146.0,0.0,16.06,Production,Sales
ACC-1004,Compute Instances,ap-southeast-1,m5.large,2026-02-10,10.43,0.0,0.0,1.01,Production,Sales
ACC-1004,Data Warehouse,ap-southeast-1,dw.xlarge,2026-02-10,19.68,51.0,0.0,22.4,Production,Sales
ACC-1012,Managed Database,us-west-2,db.r5.large,2026-02-10,18.07,50.1,0.0,9.04,Production,Finance
ACC-1012,Managed Kubernetes,us-west-2,m5.xlarge,2026-02-10,11.1,0.0,0.0,2.25,Production,Finance
ACC-1003,Data Warehouse,ap-south-1,dw.xlarge,2026-02-10,17.07,70.5,0.0,24.94,Production,Data Science
ACC-1012,Content Delivery (CDN),us-west-2,N/A,2026-02-10,0.0,0.0,53.1,4.45,Production,Finance
ACC-1003,Content Delivery (CDN),ap-south-1,N/A,2026-02-10,0.0,0.0,18.4,1.7,Production,Data Science
ACC-1014,Data Warehouse,us-west-2,dw.xlarge,2026-02-10,28.85,33.8,0.0,29.89,Production,Engineering
ACC-1014,Data Transfer / Egress,us-west-2,N/A,2026-02-10,0.0,0.0,69.0,5.82,Production,Engineering
ACC-1007,Compute Instances,eu-central-1,m5.xlarge,2026-02-10,20.25,0.0,0.0,3.92,Development,Marketing
ACC-1011,Data Warehouse,us-east-1,dw.xlarge,2026-02-10,39.47,64.0,0.0,42.4,Production,Sales
ACC-1011,Managed Database,us-east-1,db.r5.large,2026-02-10,30.49,64.3,0.0,15.12,Production,Sales
ACC-1006,Data Transfer / Egress,us-east-1,N/A,2026-02-10,0.0,0.0,51.9,4.62,Development,Marketing
ACC-1005,Serverless Functions,us-east-1,N/A,2026-02-11,5.73,0.0,0.0,0.27,Development,IT Operations
ACC-1015,Managed Kubernetes,ap-south-1,m5.xlarge,2026-02-11,13.28,0.0,0.0,2.61,Production,Engineering
ACC-1004,Data Transfer / Egress,ap-southeast-1,N/A,2026-02-11,0.0,0.0,26.5,2.33,Development,Sales
ACC-1004,Block Storage,ap-southeast-1,st1,2026-02-11,0.0,137.7,0.0,5.89,Development,Sales
ACC-1007,Content Delivery (CDN),ap-southeast-1,N/A,2026-02-11,0.0,0.0,41.5,3.53,Production,Marketing
ACC-1008,Serverless Functions,us-east-1,N/A,2026-02-11,14.47,0.0,0.0,0.72,Production,Engineering
ACC-1005,Managed Kubernetes,us-east-1,m5.large,2026-02-11,18.09,0.0,0.0,1.76,Development,IT Operations
ACC-1006,Managed Database,us-east-1,db.r5.large,2026-02-11,18.74,37.5,0.0,8.91,Development,Marketing
ACC-1006,Serverless Functions,us-east-1,N/A,2026-02-11,15.2,0.0,0.0,0.72,Development,Marketing
ACC-1006,Block Storage,us-east-1,io2,2026-02-11,0.0,167.8,0.0,20.89,Development,Marketing
ACC-1002,Block Storage,ap-south-1,gp3,2026-02-11,0.0,349.3,0.0,28.26,Staging,Sales
ACC-1002,Object Storage,ap-south-1,N/A,2026-02-11,0.0,262.9,0.0,5.9,Staging,Sales
ACC-1002,Managed Kubernetes,ap-south-1,m5.large,2026-02-11,21.03,0.0,0.0,2.02,Staging,Sales
ACC-1001,Data Warehouse,eu-west-1,dw.large,2026-02-11,19.64,46.6,0.0,13.81,Staging,Engineering
ACC-1001,Compute Instances,eu-west-1,t3.micro,2026-02-11,25.03,0.0,0.0,0.26,Staging,Engineering
ACC-1001,Block Storage,eu-west-1,io2,2026-02-11,0.0,287.3,0.0,36.07,Staging,Engineering
ACC-1005,Data Transfer / Egress,eu-central-1,N/A,2026-02-12,0.0,0.0,45.2,3.87,Production,IT Operations
ACC-1012,Load Balancer,eu-west-1,N/A,2026-02-12,0.0,0.0,17.1,1.72,Development,Finance
ACC-1012,Serverless Functions,eu-west-1,N/A,2026-02-12,12.49,0.0,0.0,0.68,Development,Finance
ACC-1012,Object Storage,eu-west-1,N/A,2026-02-12,0.0,295.2,0.0,6.74,Development,Finance
ACC-1001,Data Transfer / Egress,eu-central-1,N/A,2026-02-12,0.0,0.0,72.8,6.4,Production,Engineering
ACC-1011,Data Transfer / Egress,us-east-1,N/A,2026-02-12,0.0,0.0,38.0,3.28,Production,Sales
ACC-1010,Managed Database,ap-southeast-1,db.m5.large,2026-02-12,29.74,42.9,0.0,44.06,Development,Data Science
ACC-1008,Serverless Functions,us-east-1,N/A,2026-02-12,16.27,0.0,0.0,0.79,Development,Engineering
ACC-1013,Compute Instances,us-east-1,t3.micro,2026-02-12,23.8,0.0,0.0,0.24,Production,Data Science
ACC-1005,Managed Database,eu-central-1,db.r5.large,2026-02-12,14.81,35.3,0.0,6.8,Production,IT Operations
ACC-1010,Content Delivery (CDN),ap-southeast-1,N/A,2026-02-12,0.0,0.0,25.0,2.28,Development,Data Science
ACC-1010,Data Transfer / Egress,ap-southeast-1,N/A,2026-02-12,0.0,0.0,3.5,0.31,Development,Data Science
ACC-1013,Content Delivery (CDN),us-east-1,N/A,2026-02-12,0.0,0.0,63.5,5.25,Production,Data Science
ACC-1011,Managed Database,us-east-1,db.m5.large,2026-02-12,12.28,48.8,0.0,6.68,Production,Sales
ACC-1005,Serverless Functions,eu-central-1,N/A,2026-02-12,14.32,0.0,0.0,0.74,Production,IT Operations
ACC-1009,Serverless Functions,eu-central-1,N/A,2026-02-12,14.39,0.0,0.0,0.61,Development,Engineering
ACC-1004,Serverless Functions,ap-south-1,N/A,2026-02-12,12.15,0.0,0.0,0.56,Production,Sales
ACC-1014,Data Transfer / Egress,us-west-2,N/A,2026-02-12,0.0,0.0,32.2,2.7,Production,Engineering
ACC-1014,Object Storage,us-west-2,N/A,2026-02-12,0.0,187.8,0.0,4.17,Production,Engineering
ACC-1004,Compute Instances,ap-south-1,c5.large,2026-02-12,11.66,0.0,0.0,0.98,Production,Sales
ACC-1009,Compute Instances,eu-central-1,m5.xlarge,2026-02-12,22.33,0.0,0.0,4.3,Development,Engineering
ACC-1003,Data Warehouse,ap-south-1,dw.large,2026-02-12,32.36,42.0,0.0,18.4,Development,Data Science
ACC-1015,Managed Database,ap-south-1,db.m5.large,2026-02-12,45.4,121.8,0.0,18.34,Staging,Engineering
ACC-1009,Managed Database,eu-central-1,db.r5.large,2026-02-12,11.1,187.0,0.0,19.05,Development,Engineering
ACC-1015,Compute Instances,ap-south-1,m5.large,2026-02-12,14.84,0.0,0.0,1.12,Staging,Engineering
ACC-1002,Managed Kubernetes,ap-south-1,m5.xlarge,2026-02-12,27.07,0.0,0.0,5.56,Production,Sales
ACC-1002,Data Transfer / Egress,ap-south-1,N/A,2026-02-12,0.0,0.0,16.9,1.61,Production,Sales
ACC-1006,Managed Database,us-east-1,db.r5.large,2026-02-12,9.21,42.4,0.0,6.63,Staging,Marketing
ACC-1007,Content Delivery (CDN),ap-southeast-1,N/A,2026-02-12,0.0,0.0,30.2,2.95,Production,Marketing
ACC-1004,Block Storage,ap-south-1,gp3,2026-02-12,0.0,137.4,0.0,10.85,Production,Sales
ACC-1015,Load Balancer,ap-south-1,N/A,2026-02-12,0.0,0.0,24.8,2.29,Staging,Engineering
ACC-1004,Data Transfer / Egress,ap-southeast-1,N/A,2026-02-13,0.0,0.0,34.5,3.18,Development,Sales
ACC-1006,Block Storage,us-east-1,gp3,2026-02-13,0.0,141.5,0.0,10.92,Development,Marketing
ACC-1015,Object Storage,ap-south-1,N/A,2026-02-13,0.0,201.5,0.0,4.6,Production,Engineering
ACC-1015,Serverless Functions,ap-south-1,N/A,2026-02-13,21.81,0.0,0.0,1.02,Production,Engineering
ACC-1003,Compute Instances,ap-south-1,r5.large,2026-02-13,15.12,0.0,0.0,1.84,Staging,Data Science
ACC-1003,Object Storage,ap-south-1,N/A,2026-02-13,0.0,202.9,0.0,4.77,Staging,Data Science
ACC-1003,Content Delivery (CDN),ap-south-1,N/A,2026-02-13,0.0,0.0,46.4,4.3,Staging,Data Science
ACC-1004,Compute Instances,ap-southeast-1,m5.large,2026-02-13,7.31,0.0,0.0,0.71,Development,Sales
ACC-1004,Content Delivery (CDN),ap-southeast-1,N/A,2026-02-13,0.0,0.0,36.6,3.16,Development,Sales
ACC-1006,Serverless Functions,us-east-1,N/A,2026-02-13,5.36,0.0,0.0,0.27,Development,Marketing
ACC-1013,Compute Instances,us-east-1,t3.micro,2026-02-13,7.84,0.0,0.0,0.08,Production,Data Science
ACC-1013,Managed Database,us-east-1,db.m5.large,2026-02-13,27.79,19.5,0.0,6.99,Production,Data Science
ACC-1008,Block Storage,us-east-1,st1,2026-02-13,0.0,164.9,0.0,6.86,Production,Engineering
ACC-1008,Data Warehouse,us-east-1,dw.xlarge,2026-02-13,25.78,92.4,0.0,32.84,Production,Engineering
ACC-1005,Data Transfer / Egress,us-east-1,N/A,2026-02-13,0.0,0.0,45.1,4.13,Staging,IT Operations
ACC-1012,Block Storage,eu-west-1,st1,2026-02-13,0.0,176.1,0.0,6.87,Development,Finance
ACC-1012,Managed Kubernetes,eu-west-1,m5.large,2026-02-13,8.21,0.0,0.0,0.73,Development,Finance
ACC-1013,Block Storage,us-east-1,st1,2026-02-13,0.0,192.6,0.0,9.07,Production,Data Science
ACC-1012,Serverless Functions,eu-west-1,N/A,2026-02-13,11.05,0.0,0.0,0.54,Development,Finance
ACC-1009,Load Balancer,eu-central-1,N/A,2026-02-14,0.0,0.0,11.4,1.06,Development,Engineering
ACC-1009,Object Storage,eu-central-1,N/A,2026-02-14,0.0,216.6,0.0,5.71,Development,Engineering
ACC-1006,Content Delivery (CDN),us-east-1,N/A,2026-02-14,0.0,0.0,33.9,2.71,Production,Marketing
ACC-1003,Object Storage,ap-south-1,N/A,2026-02-14,0.0,139.2,0.0,3.06,Staging,Data Science
ACC-1007,Serverless Functions,ap-southeast-1,N/A,2026-02-14,9.21,0.0,0.0,0.51,Staging,Marketing
ACC-1012,Content Delivery (CDN),eu-west-1,N/A,2026-02-14,0.0,0.0,29.0,2.62,Staging,Finance
ACC-1012,Data Transfer / Egress,eu-west-1,N/A,2026-02-14,0.0,0.0,25.4,2.42,Staging,Finance
ACC-1015,Managed Kubernetes,ap-south-1,c5.2xlarge,2026-02-14,3.13,0.0,0.0,0.95,Production,Engineering
ACC-1015,Managed Database,ap-south-1,db.m5.large,2026-02-14,23.76,18.8,0.0,5.46,Production,Engineering
ACC-1002,Object Storage,ap-south-1,N/A,2026-02-14,0.0,305.9,0.0,7.07,Production,Sales
ACC-1010,Load Balancer,us-east-1,N/A,2026-02-14,0.0,0.0,38.3,3.49,Production,Data Science
ACC-1010,Content Delivery (CDN),us-east-1,N/A,2026-02-14,0.0,0.0,37.4,3.35,Production,Data Science
ACC-1010,Data Transfer / Egress,us-east-1,N/A,2026-02-14,0.0,0.0,7.9,0.67,Production,Data Science
ACC-1008,Data Transfer / Egress,us-east-1,N/A,2026-02-14,0.0,0.0,96.9,8.24,Production,Engineering
ACC-1008,Managed Kubernetes,us-east-1,m5.xlarge,2026-02-14,3.57,0.0,0.0,0.69,Production,Engineering
ACC-1015,Data Warehouse,ap-south-1,dw.xlarge,2026-02-14,22.15,57.5,0.0,26.27,Production,Engineering
ACC-1010,Managed Kubernetes,ap-southeast-1,m5.large,2026-02-15,4.08,0.0,0.0,0.41,Development,Data Science
ACC-1001,Content Delivery (CDN),eu-central-1,N/A,2026-02-15,0.0,0.0,54.9,5.04,Production,Engineering
ACC-1007,Managed Database,ap-southeast-1,db.m5.large,2026-02-15,6.49,41.5,0.0,5.33,Staging,Marketing
ACC-1007,Data Warehouse,ap-southeast-1,dw.xlarge,2026-02-15,17.45,35.6,0.0,21.19,Staging,Marketing
ACC-1003,Content Delivery (CDN),ap-south-1,N/A,2026-02-15,0.0,0.0,36.6,3.46,Production,Data Science
ACC-1004,Managed Kubernetes,ap-southeast-1,m5.large,2026-02-15,5.9,0.0,0.0,0.61,Production,Sales
ACC-1004,Object Storage,ap-southeast-1,N/A,2026-02-15,0.0,249.7,0.0,5.72,Production,Sales
ACC-1003,Block Storage,ap-south-1,io2,2026-02-15,0.0,221.8,0.0,28.72,Production,Data Science
ACC-1004,Compute Instances,ap-southeast-1,t3.medium,2026-02-15,11.82,0.0,0.0,0.47,Production,Sales
ACC-1010,Compute Instances,ap-southeast-1,r5.large,2026-02-15,14.06,0.0,0.0,1.83,Development,Data Science
ACC-1001,Load Balancer,eu-central-1,N/A,2026-02-15,0.0,0.0,11.6,1.13,Production,Engineering
ACC-1013,Block Storage,us-east-1,gp3,2026-02-15,0.0,342.4,0.0,29.0,Staging,Data Science
ACC-1012,Load Balancer,eu-west-1,N/A,2026-02-15,0.0,0.0,53.9,4.43,Production,Finance
ACC-1012,Object Storage,eu-west-1,N/A,2026-02-15,0.0,127.7,0.0,2.8,Production,Finance
ACC-1012,Compute Instances,eu-west-1,t3.micro,2026-02-15,8.86,0.0,0.0,0.1,Production,Finance
ACC-1006,Managed Kubernetes,us-east-1,c5.2xlarge,2026-02-15,8.24,0.0,0.0,2.54,Staging,Marketing
ACC-1005,Data Warehouse,us-east-1,dw.xlarge,2026-02-15,6.43,27.3,0.0,9.2,Production,IT Operations
ACC-1011,Content Delivery (CDN),us-east-1,N/A,2026-02-15,0.0,0.0,51.7,5.02,Production,Sales
ACC-1011,Block Storage,us-east-1,st1,2026-02-15,0.0,199.5,0.0,9.1,Production,Sales
ACC-1006,Data Transfer / Egress,us-east-1,N/A,2026-02-15,0.0,0.0,9.3,0.85,Staging,Marketing
ACC-1010,Block Storage,ap-southeast-1,gp3,2026-02-15,0.0,301.1,0.0,24.63,Development,Data Science
ACC-1007,Managed Database,ap-southeast-1,db.r5.large,2026-02-16,30.02,103.7,0.0,18.13,Staging,Marketing
ACC-1010,Data Transfer / Egress,ap-southeast-1,N/A,2026-02-16,0.0,0.0,18.9,1.82,Development,Data Science
ACC-1003,Object Storage,eu-central-1,N/A,2026-02-16,0.0,220.0,0.0,5.23,Production,Data Science
ACC-1003,Content Delivery (CDN),eu-central-1,N/A,2026-02-16,0.0,0.0,9.9,0.81,Production,Data Science
ACC-1003,Block Storage,eu-central-1,io2,2026-02-16,0.0,178.2,0.0,20.67,Production,Data Science
ACC-1006,Compute Instances,us-east-1,c5.large,2026-02-16,8.75,0.0,0.0,0.68,Development,Marketing
ACC-1009,Object Storage,eu-central-1,N/A,2026-02-16,0.0,232.4,0.0,4.93,Production,Engineering
ACC-1015,Data Transfer / Egress,ap-south-1,N/A,2026-02-16,0.0,0.0,66.2,5.98,Production,Engineering
ACC-1015,Managed Database,ap-south-1,db.t3.medium,2026-02-16,15.17,17.2,0.0,2.82,Production,Engineering
ACC-1015,Load Balancer,ap-south-1,N/A,2026-02-16,0.0,0.0,41.8,3.96,Production,Engineering
ACC-1010,Serverless Functions,ap-southeast-1,N/A,2026-02-16,7.72,0.0,0.0,0.33,Development,Data Science
ACC-1001,Serverless Functions,eu-central-1,N/A,2026-02-16,25.32,0.0,0.0,1.18,Staging,Engineering
ACC-1004,Serverless Functions,ap-southeast-1,N/A,2026-02-16,16.35,0.0,0.0,0.72,Production,Sales
ACC-1011,Compute Instances,us-east-1,t3.micro,2026-02-16,12.53,0.0,0.0,0.12,Staging,Sales
ACC-1011,Managed Database,us-east-1,db.t3.medium,2026-02-16,16.13,80.5,0.0,9.49,Staging,Sales
ACC-1011,Data Transfer / Egress,us-east-1,N/A,2026-02-16,0.0,0.0,46.9,4.25,Staging,Sales
ACC-1005,Data Transfer / Egress,us-east-1,N/A,2026-02-16,0.0,0.0,5.5,0.46,Production,IT Operations
ACC-1005,Data Warehouse,us-east-1,dw.xlarge,2026-02-16,32.62,43.5,0.0,37.23,Production,IT Operations
ACC-1005,Object Storage,us-east-1,N/A,2026-02-16,0.0,299.4,0.0,6.93,Production,IT Operations
ACC-1002,Data Transfer / Egress,ap-south-1,N/A,2026-02-16,0.0,0.0,64.2,5.29,Production,Sales
ACC-1010,Object Storage,ap-southeast-1,N/A,2026-02-16,0.0,203.4,0.0,4.51,Development,Data Science
ACC-1004,Block Storage,ap-southeast-1,io2,2026-02-17,0.0,87.3,0.0,12.53,Staging,Sales
ACC-1010,Content Delivery (CDN),ap-southeast-1,N/A,2026-02-17,0.0,0.0,15.0,1.29,Staging,Data Science
ACC-1003,Managed Database,ap-south-1,db.t3.medium,2026-02-17,12.25,33.1,0.0,4.14,Staging,Data Science
ACC-1005,Compute Instances,us-east-1,c5.large,2026-02-17,12.03,0.0,0.0,0.95,Staging,IT Operations
ACC-1002,Object Storage,ap-south-1,N/A,2026-02-17,0.0,129.5,0.0,3.33,Development,Sales
ACC-1005,Content Delivery (CDN),us-east-1,N/A,2026-02-17,0.0,0.0,25.3,2.35,Staging,IT Operations
ACC-1005,Serverless Functions,us-east-1,N/A,2026-02-17,26.31,0.0,0.0,1.32,Staging,IT Operations
ACC-1002,Load Balancer,ap-south-1,N/A,2026-02-17,0.0,0.0,14.4,1.22,Development,Sales
ACC-1004,Managed Database,ap-southeast-1,db.r5.large,2026-02-17,27.67,73.1,0.0,13.98,Staging,Sales
ACC-1002,Content Delivery (CDN),ap-south-1,N/A,2026-02-17,0.0,0.0,31.0,2.63,Development,Sales
ACC-1011,Data Warehouse,us-east-1,dw.large,2026-02-17,10.69,137.9,0.0,19.13,Production,Sales
ACC-1009,Serverless Functions,eu-central-1,N/A,2026-02-17,7.55,0.0,0.0,0.39,Development,Engineering
ACC-1006,Managed Kubernetes,us-east-1,c5.2xlarge,2026-02-17,10.37,0.0,0.0,3.6,Staging,Marketing
ACC-1012,Compute Instances,eu-west-1,t3.micro,2026-02-17,26.88,0.0,0.0,0.28,Staging,Finance
ACC-1012,Object Storage,eu-west-1,N/A,2026-02-17,0.0,258.8,0.0,5.18,Staging,Finance
ACC-1012,Block Storage,eu-west-1,st1,2026-02-17,0.0,156.2,0.0,7.1,Staging,Finance
ACC-1008,Compute Instances,us-east-1,m5.large,2026-02-17,17.67,0.0,0.0,1.63,Production,Engineering
ACC-1014,Block Storage,us-west-2,io2,2026-02-17,0.0,265.1,0.0,31.81,Development,Engineering
ACC-1013,Content Delivery (CDN),us-east-1,N/A,2026-02-17,0.0,0.0,57.7,5.18,Development,Data Science
ACC-1013,Compute Instances,us-east-1,t3.micro,2026-02-17,13.69,0.0,0.0,0.79,Development,Data Science
ACC-1007,Object Storage,ap-southeast-1,N/A,2026-02-17,0.0,173.9,0.0,3.92,Staging,Marketing
ACC-1009,Content Delivery (CDN),eu-central-1,N/A,2026-02-17,0.0,0.0,45.7,4.42,Development,Engineering
ACC-1007,Data Warehouse,ap-southeast-1,dw.large,2026-02-18,19.88,35.4,0.0,13.7,Production,Marketing
ACC-1015,Load Balancer,ap-south-1,N/A,2026-02-18,0.0,0.0,30.7,2.96,Production,Engineering
ACC-1006,Load Balancer,us-east-1,N/A,2026-02-18,0.0,0.0,50.7,4.38,Staging,Marketing
ACC-1009,Managed Kubernetes,eu-central-1,m5.large,2026-02-18,19.01,0.0,0.0,1.65,Development,Engineering
ACC-1009,Block Storage,eu-central-1,st1,2026-02-18,0.0,199.2,0.0,8.62,Development,Engineering
ACC-1009,Data Warehouse,eu-central-1,dw.xlarge,2026-02-18,32.93,20.6,0.0,31.13,Development,Engineering
ACC-1013,Data Warehouse,us-east-1,dw.xlarge,2026-02-18,14.81,45.9,0.0,21.06,Production,Data Science
ACC-1004,Data Transfer / Egress,ap-southeast-1,N/A,2026-02-18,0.0,0.0,20.4,1.8,Production,Sales
ACC-1015,Block Storage,ap-south-1,io2,2026-02-18,0.0,251.6,0.0,34.11,Production,Engineering
ACC-1015,Data Warehouse,ap-south-1,dw.xlarge,2026-02-18,19.05,49.1,0.0,26.58,Production,Engineering
ACC-1003,Object Storage,ap-south-1,N/A,2026-02-18,0.0,224.8,0.0,4.42,Production,Data Science
ACC-1007,Managed Kubernetes,ap-southeast-1,m5.xlarge,2026-02-18,14.67,0.0,0.0,2.39,Production,Marketing
ACC-1010,Load Balancer,ap-southeast-1,N/A,2026-02-18,0.0,0.0,14.8,1.4,Staging,Data Science
ACC-1001,Managed Database,eu-central-1,db.r5.large,2026-02-18,33.41,56.5,0.0,13.43,Production,Engineering
ACC-1001,Compute Instances,eu-central-1,c5.large,2026-02-18,17.11,0.0,0.0,1.39,Production,Engineering
ACC-1011,Content Delivery (CDN),eu-west-1,N/A,2026-02-18,0.0,0.0,27.6,2.44,Production,Sales
ACC-1005,Serverless Functions,eu-west-1,N/A,2026-02-18,10.89,0.0,0.0,3.08,Production,IT Operations
ACC-1008,Content Delivery (CDN),us-east-1,N/A,2026-02-18,0.0,0.0,28.4,2.57,Production,Engineering
ACC-1002,Load Balancer,ap-south-1,N/A,2026-02-18,0.0,0.0,15.4,1.42,Staging,Sales
ACC-1014,Load Balancer,us-west-2,N/A,2026-02-18,0.0,0.0,29.5,2.77,Staging,Engineering
ACC-1014,Compute Instances,us-west-2,t3.medium,2026-02-18,18.99,0.0,0.0,0.78,Staging,Engineering
ACC-1010,Compute Instances,ap-southeast-1,r5.large,2026-02-18,17.94,0.0,0.0,2.31,Staging,Data Science
ACC-1005,Managed Database,eu-west-1,db.m5.large,2026-02-18,13.64,81.7,0.0,11.28,Production,IT Operations
ACC-1012,Managed Database,ap-southeast-1,db.m5.large,2026-02-18,13.52,68.6,0.0,9.22,Production,Finance
ACC-1010,Managed Kubernetes,ap-southeast-1,c5.2xlarge,2026-02-19,25.26,0.0,0.0,10.18,Staging,Data Science
ACC-1009,Data Warehouse,eu-central-1,dw.xlarge,2026-02-19,31.72,67.3,0.0,38.64,Development,Engineering
ACC-1009,Compute Instances,eu-central-1,m5.xlarge,2026-02-19,19.95,0.0,0.0,3.68,Development,Engineering
ACC-1009,Content Delivery (CDN),eu-central-1,N/A,2026-02-19,0.0,0.0,56.6,4.75,Development,Engineering
ACC-1014,Content Delivery (CDN),us-west-2,N/A,2026-02-19,0.0,0.0,67.8,7.16,Production,Engineering
ACC-1014,Object Storage,us-west-2,N/A,2026-02-19,0.0,217.7,0.0,5.0,Production,Engineering
ACC-1014,Load Balancer,us-west-2,N/A,2026-02-19,0.0,0.0,43.1,3.47,Production,Engineering
ACC-1008,Load Balancer,eu-west-1,N/A,2026-02-19,0.0,0.0,10.3,0.88,Staging,Engineering
ACC-1008,Managed Kubernetes,eu-west-1,m5.large,2026-02-19,12.9,0.0,0.0,1.11,Staging,Engineering
ACC-1010,Object Storage,ap-southeast-1,N/A,2026-02-19,0.0,199.6,0.0,4.07,Staging,Data Science
ACC-1010,Compute Instances,ap-southeast-1,c5.large,2026-02-19,4.73,0.0,0.0,0.35,Staging,Data Science
ACC-1015,Data Warehouse,eu-central-1,dw.large,2026-02-19,22.52,58.0,0.0,18.74,Production,Engineering
ACC-1011,Block Storage,us-east-1,st1,2026-02-19,0.0,184.6,0.0,7.74,Production,Sales
ACC-1011,Serverless Functions,us-east-1,N/A,2026-02-19,9.98,0.0,0.0,0.5,Production,Sales
ACC-1011,Object Storage,us-east-1,N/A,2026-02-19,0.0,234.8,0.0,5.91,Production,Sales
ACC-1002,Content Delivery (CDN),ap-south-1,N/A,2026-02-19,0.0,0.0,15.4,1.3,Development,Sales
ACC-1002,Object Storage,ap-south-1,N/A,2026-02-19,0.0,367.0,0.0,9.05,Development,Sales
ACC-1002,Compute Instances,ap-south-1,t3.medium,2026-02-19,10.01,0.0,0.0,0.43,Development,Sales
ACC-1007,Data Transfer / Egress,ap-southeast-1,N/A,2026-02-19,0.0,0.0,35.9,2.96,Development,Marketing
ACC-1015,Serverless Functions,eu-central-1,N/A,2026-02-19,9.95,0.0,0.0,0.5,Production,Engineering
ACC-1005,Load Balancer,us-east-1,N/A,2026-02-20,0.0,0.0,16.1,1.56,Production,IT Operations
ACC-1005,Compute Instances,us-east-1,c5.large,2026-02-20,12.42,0.0,0.0,1.04,Production,IT Operations
ACC-1011,Block Storage,us-east-1,io2,2026-02-20,0.0,165.2,0.0,20.78,Development,Sales
ACC-1008,Content Delivery (CDN),us-east-1,N/A,2026-02-20,0.0,0.0,50.0,4.05,Production,Engineering
ACC-1012,Serverless Functions,eu-west-1,N/A,2026-02-20,12.98,0.0,0.0,0.66,Production,Finance
ACC-1013,Data Warehouse,us-east-1,dw.large,2026-02-20,24.51,51.4,0.0,17.93,Staging,Data Science
ACC-1013,Content Delivery (CDN),us-east-1,N/A,2026-02-20,0.0,0.0,19.5,1.77,Staging,Data Science
ACC-1012,Managed Database,eu-west-1,db.m5.large,2026-02-20,25.6,70.5,0.0,11.57,Production,Finance
ACC-1006,Data Warehouse,us-east-1,dw.large,2026-02-20,28.19,56.8,0.0,19.73,Staging,Marketing
ACC-1013,Object Storage,us-east-1,N/A,2026-02-20,0.0,203.5,0.0,4.88,Staging,Data Science
ACC-1006,Serverless Functions,us-east-1,N/A,2026-02-20,36.78,0.0,0.0,1.97,Staging,Marketing
ACC-1007,Serverless Functions,ap-southeast-1,N/A,2026-02-20,13.49,0.0,0.0,0.75,Development,Marketing
ACC-1014,Block Storage,us-west-2,io2,2026-02-20,0.0,424.6,0.0,48.06,Production,Engineering
ACC-1014,Object Storage,us-west-2,N/A,2026-02-20,0.0,235.3,0.0,5.75,Production,Engineering
ACC-1001,Compute Instances,eu-central-1,t3.micro,2026-02-20,10.38,0.0,0.0,0.11,Production,Engineering
ACC-1001,Data Warehouse,eu-central-1,dw.xlarge,2026-02-20,39.78,34.9,0.0,44.16,Production,Engineering
ACC-1009,Data Warehouse,eu-central-1,dw.xlarge,2026-02-20,22.2,139.5,0.0,36.91,Staging,Engineering
ACC-1003,Data Transfer / Egress,eu-west-1,N/A,2026-02-20,0.0,0.0,42.7,3.73,Staging,Data Science
ACC-1004,Content Delivery (CDN),ap-southeast-1,N/A,2026-02-20,0.0,0.0,13.9,1.32,Development,Sales
ACC-1004,Load Balancer,ap-southeast-1,N/A,2026-02-20,0.0,0.0,40.9,3.74,Development,Sales
ACC-1007,Load Balancer,ap-southeast-1,N/A,2026-02-20,0.0,0.0,43.7,3.97,Development,Marketing
ACC-1007,Data Transfer / Egress,ap-southeast-1,N/A,2026-02-20,0.0,0.0,12.5,1.11,Development,Marketing
ACC-1014,Data Warehouse,us-west-2,dw.xlarge,2026-02-20,31.85,25.4,0.0,31.31,Production,Engineering
ACC-1012,Managed Kubernetes,eu-west-1,m5.large,2026-02-21,6.91,0.0,0.0,0.62,Staging,Finance
ACC-1012,Data Warehouse,eu-west-1,dw.large,2026-02-21,13.93,63.6,0.0,11.67,Staging,Finance
ACC-1003,Managed Kubernetes,ap-south-1,m5.large,2026-02-21,3.35,0.0,0.0,0.29,Staging,Data Science
ACC-1004,Serverless Functions,ap-southeast-1,N/A,2026-02-21,8.94,0.0,0.0,0.5,Production,Sales
ACC-1007,Block Storage,ap-south-1,io2,2026-02-21,0.0,329.5,0.0,41.55,Staging,Marketing
ACC-1006,Managed Kubernetes,us-east-1,m5.large,2026-02-21,7.81,0.0,0.0,0.75,Staging,Marketing
ACC-1008,Compute Instances,us-east-1,t3.micro,2026-02-21,6.91,0.0,0.0,0.07,Staging,Engineering
ACC-1006,Compute Instances,us-east-1,c5.large,2026-02-21,10.55,0.0,0.0,1.02,Staging,Marketing
ACC-1006,Serverless Functions,us-east-1,N/A,2026-02-21,6.28,0.0,0.0,0.31,Staging,Marketing
ACC-1010,Managed Kubernetes,us-west-2,m5.xlarge,2026-02-21,4.84,0.0,0.0,0.85,Production,Data Science
ACC-1007,Compute Instances,ap-south-1,r5.large,2026-02-21,11.75,0.0,0.0,1.4,Staging,Marketing
ACC-1010,Compute Instances,us-west-2,m5.large,2026-02-21,5.48,0.0,0.0,0.54,Production,Data Science
ACC-1007,Content Delivery (CDN),ap-south-1,N/A,2026-02-21,0.0,0.0,17.6,1.48,Staging,Marketing
ACC-1014,Serverless Functions,us-west-2,N/A,2026-02-21,4.67,0.0,0.0,0.23,Production,Engineering
ACC-1001,Compute Instances,eu-central-1,t3.micro,2026-02-21,12.01,0.0,0.0,0.12,Staging,Engineering
ACC-1015,Block Storage,ap-south-1,st1,2026-02-21,0.0,202.1,0.0,8.66,Production,Engineering
ACC-1014,Managed Kubernetes,us-west-2,m5.xlarge,2026-02-21,9.92,0.0,0.0,2.11,Production,Engineering
ACC-1013,Load Balancer,us-east-1,N/A,2026-02-21,0.0,0.0,28.8,2.56,Staging,Data Science
ACC-1013,Compute Instances,us-east-1,t3.micro,2026-02-21,6.73,0.0,0.0,0.06,Staging,Data Science
ACC-1015,Compute Instances,ap-south-1,t3.medium,2026-02-21,7.81,0.0,0.0,0.34,Production,Engineering
ACC-1005,Block Storage,eu-west-1,io2,2026-02-21,0.0,101.5,0.0,12.62,Staging,IT Operations
ACC-1005,Managed Database,eu-west-1,db.r5.large,2026-02-21,13.49,41.0,0.0,7.77,Staging,IT Operations
ACC-1002,Serverless Functions,ap-south-1,N/A,2026-02-21,7.27,0.0,0.0,0.34,Staging,Sales
ACC-1011,Managed Database,us-east-1,db.r5.large,2026-02-21,8.63,55.5,0.0,7.38,Production,Sales
ACC-1011,Serverless Functions,us-east-1,N/A,2026-02-21,8.35,0.0,0.0,0.38,Production,Sales
ACC-1005,Object Storage,eu-west-1,N/A,2026-02-21,0.0,110.9,0.0,2.51,Staging,IT Operations
ACC-1012,Load Balancer,eu-west-1,N/A,2026-02-22,0.0,0.0,31.5,2.8,Production,Finance
ACC-1015,Compute Instances,ap-south-1,t3.medium,2026-02-22,9.44,0.0,0.0,0.4,Production,Engineering
ACC-1015,Serverless Functions,ap-south-1,N/A,2026-02-22,11.08,0.0,0.0,0.57,Production,Engineering
ACC-1007,Managed Database,us-west-2,db.m5.large,2026-02-22,16.09,97.8,0.0,12.7,Staging,Marketing
ACC-1007,Compute Instances,us-west-2,r5.large,2026-02-22,7.53,0.0,0.0,0.92,Staging,Marketing
ACC-1013,Content Delivery (CDN),us-east-1,N/A,2026-02-22,0.0,0.0,8.1,0.7,Development,Data Science
ACC-1013,Compute Instances,us-east-1,m5.large,2026-02-22,4.09,0.0,0.0,0.39,Development,Data Science
ACC-1013,Managed Kubernetes,us-east-1,m5.large,2026-02-22,7.26,0.0,0.0,0.71,Development,Data Science
ACC-1002,Data Warehouse,ap-south-1,dw.large,2026-02-22,13.67,120.7,0.0,18.64,Production,Sales
ACC-1002,Managed Database,ap-south-1,db.m5.large,2026-02-22,16.1,73.9,0.0,9.71,Production,Sales
ACC-1005,Managed Database,us-east-1,db.t3.medium,2026-02-22,18.62,38.8,0.0,4.41,Production,IT Operations
ACC-1010,Managed Kubernetes,ap-southeast-1,m5.large,2026-02-22,13.64,0.0,0.0,1.38,Production,Data Science
ACC-1001,Content Delivery (CDN),eu-central-1,N/A,2026-02-22,0.0,0.0,46.5,4.54,Development,Engineering
ACC-1001,Load Balancer,eu-central-1,N/A,2026-02-22,0.0,0.0,3.1,0.26,Development,Engineering
ACC-1001,Data Transfer / Egress,eu-central-1,N/A,2026-02-22,0.0,0.0,21.7,2.02,Development,Engineering
ACC-1002,Managed Kubernetes,ap-south-1,c5.2xlarge,2026-02-22,16.36,0.0,0.0,4.96,Production,Sales
ACC-1010,Object Storage,ap-southeast-1,N/A,2026-02-23,0.0,133.7,0.0,2.68,Development,Data Science
ACC-1010,Data Warehouse,ap-southeast-1,dw.large,2026-02-23,16.68,104.1,0.0,18.43,Development,Data Science
ACC-1001,Object Storage,ap-south-1,N/A,2026-02-23,0.0,409.7,0.0,9.79,Production,Engineering
ACC-1001,Compute Instances,ap-south-1,r5.large,2026-02-23,8.67,0.0,0.0,1.11,Production,Engineering
ACC-1006,Compute Instances,us-east-1,r5.large,2026-02-23,16.45,0.0,0.0,2.1,Production,Marketing
ACC-1011,Load Balancer,us-east-1,N/A,2026-02-23,0.0,0.0,80.0,6.73,Production,Sales
ACC-1011,Compute Instances,us-east-1,m5.large,2026-02-23,12.1,0.0,0.0,1.08,Production,Sales
ACC-1003,Managed Kubernetes,ap-south-1,c5.2xlarge,2026-02-23,10.09,0.0,0.0,3.55,Staging,Data Science
ACC-1010,Serverless Functions,ap-southeast-1,N/A,2026-02-23,12.95,0.0,0.0,0.66,Development,Data Science
ACC-1001,Data Warehouse,ap-south-1,dw.xlarge,2026-02-23,26.07,10.4,0.0,26.3,Production,Engineering
ACC-1005,Load Balancer,us-east-1,N/A,2026-02-23,0.0,0.0,53.7,5.48,Production,IT Operations
ACC-1005,Managed Database,us-east-1,db.r5.large,2026-02-23,24.08,56.3,0.0,12.5,Production,IT Operations
ACC-1012,Load Balancer,ap-southeast-1,N/A,2026-02-23,0.0,0.0,42.7,4.57,Production,Finance
ACC-1012,Content Delivery (CDN),ap-southeast-1,N/A,2026-02-23,0.0,0.0,39.4,3.53,Production,Finance
ACC-1007,Data Warehouse,ap-south-1,dw.large,2026-02-23,46.32,37.4,0.0,24.77,Staging,Marketing
ACC-1007,Compute Instances,ap-south-1,t3.medium,2026-02-23,16.2,0.0,0.0,0.62,Staging,Marketing
ACC-1008,Managed Database,eu-west-1,db.m5.large,2026-02-23,30.24,64.0,0.0,12.31,Production,Engineering
ACC-1008,Block Storage,eu-west-1,gp3,2026-02-23,0.0,90.8,0.0,7.8,Production,Engineering
ACC-1013,Data Warehouse,us-east-1,dw.large,2026-02-23,30.24,57.6,0.0,21.49,Staging,Data Science
ACC-1013,Managed Database,us-east-1,db.t3.medium,2026-02-23,23.04,33.8,0.0,4.7,Staging,Data Science
ACC-1002,Object Storage,ap-south-1,N/A,2026-02-23,0.0,300.0,0.0,7.73,Staging,Sales
ACC-1002,Data Warehouse,ap-south-1,dw.large,2026-02-23,19.55,51.9,0.0,13.2,Staging,Sales
ACC-1005,Block Storage,us-east-1,io2,2026-02-23,0.0,197.7,0.0,23.37,Production,IT Operations
ACC-1001,Data Transfer / Egress,eu-central-1,N/A,2026-02-24,0.0,0.0,26.4,2.16,Staging,Engineering
ACC-1012,Managed Database,eu-west-1,db.t3.medium,2026-02-24,10.69,68.9,0.0,8.15,Production,Finance
ACC-1012,Object Storage,eu-west-1,N/A,2026-02-24,0.0,133.4,0.0,3.13,Production,Finance
ACC-1001,Object Storage,eu-central-1,N/A,2026-02-24,0.0,322.9,0.0,7.16,Staging,Engineering
ACC-1001,Managed Database,eu-central-1,db.t3.medium,2026-02-24,8.67,19.7,0.0,2.53,Staging,Engineering
ACC-1009,Managed Kubernetes,eu-central-1,c5.2xlarge,2026-02-24,27.88,0.0,0.0,54.73,Production,Engineering
ACC-1008,Block Storage,us-east-1,st1,2026-02-24,0.0,305.1,0.0,12.2,Production,Engineering
ACC-1008,Object Storage,us-east-1,N/A,2026-02-24,0.0,154.4,0.0,3.35,Production,Engineering
ACC-1004,Content Delivery (CDN),ap-southeast-1,N/A,2026-02-24,0.0,0.0,21.1,2.03,Production,Sales
ACC-1009,Load Balancer,eu-central-1,N/A,2026-02-24,0.0,0.0,38.2,3.19,Production,Engineering
ACC-1015,Compute Instances,ap-south-1,m5.large,2026-02-24,8.53,0.0,0.0,0.9,Production,Engineering
ACC-1008,Content Delivery (CDN),us-east-1,N/A,2026-02-24,0.0,0.0,23.3,1.95,Production,Engineering
ACC-1015,Content Delivery (CDN),ap-south-1,N/A,2026-02-24,0.0,0.0,50.3,4.38,Production,Engineering
ACC-1012,Content Delivery (CDN),eu-west-1,N/A,2026-02-24,0.0,0.0,55.1,5.03,Production,Finance
ACC-1007,Managed Kubernetes,ap-southeast-1,c5.2xlarge,2026-02-24,9.16,0.0,0.0,3.33,Production,Marketing
ACC-1015,Managed Database,ap-south-1,db.m5.large,2026-02-24,21.8,6.6,0.0,5.12,Production,Engineering
ACC-1005,Managed Database,us-east-1,db.m5.large,2026-02-24,24.52,91.6,0.0,12.2,Staging,IT Operations
ACC-1014,Load Balancer,us-west-2,N/A,2026-02-24,0.0,0.0,22.6,2.1,Staging,Engineering
ACC-1014,Content Delivery (CDN),us-west-2,N/A,2026-02-24,0.0,0.0,40.2,3.78,Staging,Engineering
ACC-1011,Compute Instances,us-east-1,r5.large,2026-02-24,9.29,0.0,0.0,1.3,Production,Sales
ACC-1006,Managed Kubernetes,us-east-1,m5.large,2026-02-24,18.72,0.0,0.0,1.73,Production,Marketing
ACC-1014,Managed Database,us-west-2,db.r5.large,2026-02-24,16.33,44.7,0.0,7.75,Staging,Engineering
ACC-1003,Object Storage,ap-south-1,N/A,2026-02-24,0.0,189.9,0.0,4.15,Development,Data Science
ACC-1003,Managed Database,ap-south-1,db.r5.large,2026-02-24,32.1,53.3,0.0,13.97,Development,Data Science
ACC-1003,Compute Instances,ap-south-1,t3.medium,2026-02-24,33.54,0.0,0.0,1.5,Development,Data Science
ACC-1007,Serverless Functions,ap-southeast-1,N/A,2026-02-24,8.66,0.0,0.0,0.42,Production,Marketing
ACC-1006,Block Storage,us-east-1,gp3,2026-02-24,0.0,122.6,0.0,8.8,Production,Marketing
ACC-1006,Content Delivery (CDN),us-east-1,N/A,2026-02-25,0.0,0.0,58.6,5.37,Development,Marketing
ACC-1009,Managed Database,eu-central-1,db.m5.large,2026-02-25,29.3,31.0,0.0,8.42,Production,Engineering
ACC-1009,Content Delivery (CDN),eu-central-1,N/A,2026-02-25,0.0,0.0,21.8,2.13,Production,Engineering
ACC-1009,Block Storage,eu-central-1,gp3,2026-02-25,0.0,345.0,0.0,27.0,Production,Engineering
ACC-1012,Block Storage,eu-west-1,io2,2026-02-25,0.0,125.9,0.0,13.97,Production,Finance
ACC-1012,Data Warehouse,eu-west-1,dw.xlarge,2026-02-25,35.83,42.1,0.0,35.64,Production,Finance
ACC-1002,Compute Instances,ap-south-1,m5.xlarge,2026-02-25,16.14,0.0,0.0,3.04,Production,Sales
ACC-1014,Data Warehouse,us-west-2,dw.large,2026-02-25,17.17,47.8,0.0,12.27,Production,Engineering
ACC-1002,Managed Database,ap-south-1,db.t3.medium,2026-02-25,19.68,35.1,0.0,4.52,Production,Sales
ACC-1011,Serverless Functions,us-east-1,N/A,2026-02-25,8.81,0.0,0.0,0.44,Production,Sales
ACC-1005,Data Warehouse,us-east-1,dw.large,2026-02-25,39.93,45.6,0.0,21.12,Staging,IT Operations
ACC-1014,Serverless Functions,us-west-2,N/A,2026-02-25,16.77,0.0,0.0,0.89,Production,Engineering
ACC-1014,Managed Database,us-west-2,db.t3.medium,2026-02-25,8.06,41.0,0.0,4.79,Production,Engineering
ACC-1013,Object Storage,us-east-1,N/A,2026-02-25,0.0,244.0,0.0,6.39,Production,Data Science
ACC-1002,Content Delivery (CDN),ap-south-1,N/A,2026-02-25,0.0,0.0,24.0,2.15,Production,Sales
ACC-1006,Block Storage,us-east-1,st1,2026-02-26,0.0,299.5,0.0,12.5,Production,Marketing
ACC-1014,Data Transfer / Egress,eu-west-1,N/A,2026-02-26,0.0,0.0,61.7,6.02,Production,Engineering
ACC-1005,Block Storage,us-east-1,io2,2026-02-26,0.0,268.4,0.0,34.71,Production,IT Operations
ACC-1006,Managed Database,us-east-1,db.t3.medium,2026-02-26,9.48,54.2,0.0,5.9,Production,Marketing
ACC-1005,Data Transfer / Egress,us-east-1,N/A,2026-02-26,0.0,0.0,25.8,2.45,Production,IT Operations
ACC-1013,Load Balancer,us-east-1,N/A,2026-02-26,0.0,0.0,32.8,3.19,Staging,Data Science
ACC-1013,Data Transfer / Egress,us-east-1,N/A,2026-02-26,0.0,0.0,30.8,2.72,Staging,Data Science
ACC-1014,Content Delivery (CDN),eu-west-1,N/A,2026-02-26,0.0,0.0,82.2,7.15,Production,Engineering
ACC-1007,Data Warehouse,ap-southeast-1,dw.large,2026-02-26,13.07,13.3,0.0,7.86,Production,Marketing
ACC-1005,Managed Kubernetes,us-east-1,c5.2xlarge,2026-02-26,18.46,0.0,0.0,6.36,Production,IT Operations
ACC-1015,Load Balancer,ap-south-1,N/A,2026-02-26,0.0,0.0,14.2,1.33,Production,Engineering
ACC-1008,Object Storage,us-east-1,N/A,2026-02-26,0.0,144.9,0.0,3.28,Staging,Engineering
ACC-1015,Data Transfer / Egress,ap-south-1,N/A,2026-02-26,0.0,0.0,37.3,3.23,Production,Engineering
ACC-1012,Managed Kubernetes,ap-south-1,m5.xlarge,2026-02-26,15.54,0.0,0.0,3.33,Production,Finance
ACC-1010,Managed Database,ap-southeast-1,db.r5.large,2026-02-26,46.66,33.3,0.0,13.03,Production,Data Science
ACC-1004,Managed Database,ap-southeast-1,db.r5.large,2026-02-26,27.58,34.4,0.0,9.99,Staging,Sales
ACC-1004,Load Balancer,ap-southeast-1,N/A,2026-02-26,0.0,0.0,54.5,4.78,Staging,Sales
ACC-1002,Serverless Functions,ap-south-1,N/A,2026-02-26,8.16,0.0,0.0,0.34,Production,Sales
ACC-1011,Content Delivery (CDN),us-east-1,N/A,2026-02-26,0.0,0.0,5.5,0.48,Production,Sales
ACC-1011,Block Storage,us-east-1,st1,2026-02-26,0.0,217.3,0.0,9.81,Production,Sales
ACC-1008,Data Transfer / Egress,us-east-1,N/A,2026-02-26,0.0,0.0,64.3,4.42,Staging,Engineering
ACC-1005,Object Storage,us-east-1,N/A,2026-02-27,0.0,148.7,0.0,3.13,Staging,IT Operations
ACC-1005,Data Warehouse,us-east-1,dw.large,2026-02-27,16.98,65.1,0.0,16.45,Staging,IT Operations
ACC-1013,Managed Kubernetes,us-east-1,m5.large,2026-02-27,10.77,0.0,0.0,0.93,Production,Data Science
ACC-1013,Object Storage,us-east-1,N/A,2026-02-27,0.0,266.2,0.0,5.82,Production,Data Science
ACC-1003,Managed Kubernetes,ap-south-1,m5.large,2026-02-27,11.88,0.0,0.0,1.01,Production,Data Science
ACC-1007,Content Delivery (CDN),ap-southeast-1,N/A,2026-02-27,0.0,0.0,8.8,0.84,Development,Marketing
ACC-1012,Managed Kubernetes,eu-west-1,c5.2xlarge,2026-02-27,15.44,0.0,0.0,4.85,Production,Finance
ACC-1011,Object Storage,ap-south-1,N/A,2026-02-27,0.0,236.8,0.0,5.6,Production,Sales
ACC-1011,Managed Kubernetes,ap-south-1,m5.xlarge,2026-02-27,25.41,0.0,0.0,5.04,Production,Sales
ACC-1012,Managed Database,eu-west-1,db.m5.large,2026-02-27,31.1,45.0,0.0,10.2,Production,Finance
ACC-1005,Data Transfer / Egress,us-east-1,N/A,2026-02-27,0.0,0.0,46.0,4.15,Staging,IT Operations
ACC-1008,Content Delivery (CDN),us-east-1,N/A,2026-02-27,0.0,0.0,28.8,2.41,Production,Engineering
ACC-1008,Data Transfer / Egress,us-east-1,N/A,2026-02-27,0.0,0.0,35.2,3.01,Production,Engineering
ACC-1007,Load Balancer,ap-southeast-1,N/A,2026-02-27,0.0,0.0,63.3,6.53,Development,Marketing
ACC-1002,Data Transfer / Egress,ap-south-1,N/A,2026-02-27,0.0,0.0,25.8,2.3,Development,Sales
ACC-1002,Load Balancer,ap-south-1,N/A,2026-02-27,0.0,0.0,30.9,2.77,Development,Sales
ACC-1015,Managed Database,ap-south-1,db.m5.large,2026-02-27,21.62,85.4,0.0,12.22,Production,Engineering
ACC-1004,Serverless Functions,ap-southeast-1,N/A,2026-02-27,15.42,0.0,0.0,0.7,Staging,Sales
ACC-1015,Load Balancer,ap-south-1,N/A,2026-02-27,0.0,0.0,52.2,4.32,Production,Engineering
ACC-1010,Data Transfer / Egress,ap-southeast-1,N/A,2026-02-27,0.0,0.0,26.2,2.4,Production,Data Science
ACC-1010,Content Delivery (CDN),ap-southeast-1,N/A,2026-02-27,0.0,0.0,14.1,1.2,Production,Data Science
ACC-1010,Managed Database,ap-southeast-1,db.t3.medium,2026-02-27,24.53,22.5,0.0,4.08,Production,Data Science
ACC-1001,Object Storage,eu-central-1,N/A,2026-02-27,0.0,160.0,0.0,3.7,Development,Engineering
ACC-1001,Managed Database,eu-central-1,db.t3.medium,2026-02-27,21.46,41.9,0.0,6.05,Development,Engineering
ACC-1004,Content Delivery (CDN),ap-southeast-1,N/A,2026-02-27,0.0,0.0,65.6,5.96,Staging,Sales
ACC-1006,Block Storage,us-east-1,gp3,2026-02-27,0.0,163.6,0.0,12.14,Staging,Marketing
ACC-1014,Block Storage,us-east-1,io2,2026-02-27,0.0,130.4,0.0,18.05,Production,Engineering
ACC-1014,Data Transfer / Egress,us-east-1,N/A,2026-02-27,0.0,0.0,35.7,3.61,Production,Engineering
ACC-1014,Load Balancer,us-east-1,N/A,2026-02-27,0.0,0.0,26.7,2.45,Production,Engineering
ACC-1009,Block Storage,eu-central-1,st1,2026-02-27,0.0,134.3,0.0,6.66,Production,Engineering
ACC-1009,Data Transfer / Egress,eu-central-1,N/A,2026-02-27,0.0,0.0,31.8,3.13,Production,Engineering
ACC-1006,Data Transfer / Egress,us-east-1,N/A,2026-02-27,0.0,0.0,36.9,3.36,Staging,Marketing
ACC-1012,Compute Instances,eu-west-1,t3.micro,2026-02-28,12.41,0.0,0.0,0.13,Production,Finance
ACC-1012,Data Warehouse,eu-west-1,dw.large,2026-02-28,4.54,29.7,0.0,5.67,Production,Finance
ACC-1009,Serverless Functions,eu-central-1,N/A,2026-02-28,11.34,0.0,0.0,0.55,Production,Engineering
ACC-1014,Content Delivery (CDN),us-west-2,N/A,2026-02-28,0.0,0.0,28.8,2.55,Production,Engineering
ACC-1014,Data Warehouse,us-west-2,dw.xlarge,2026-02-28,10.78,105.2,0.0,20.91,Production,Engineering
ACC-1007,Managed Kubernetes,ap-southeast-1,m5.large,2026-02-28,6.87,0.0,0.0,0.68,Staging,Marketing
ACC-1010,Data Warehouse,ap-southeast-1,dw.xlarge,2026-02-28,5.64,56.5,0.0,11.05,Production,Data Science
ACC-1008,Load Balancer,us-east-1,N/A,2026-02-28,0.0,0.0,14.6,1.19,Production,Engineering
ACC-1010,Data Transfer / Egress,ap-southeast-1,N/A,2026-02-28,0.0,0.0,28.1,2.39,Production,Data Science
ACC-1010,Managed Kubernetes,ap-southeast-1,m5.xlarge,2026-02-28,9.06,0.0,0.0,1.63,Production,Data Science
ACC-1005,Managed Database,us-east-1,db.r5.large,2026-02-28,24.93,43.1,0.0,10.0,Production,IT Operations
ACC-1002,Managed Database,ap-south-1,db.t3.medium,2026-02-28,7.76,39.9,0.0,4.92,Staging,Sales
ACC-1008,Object Storage,us-east-1,N/A,2026-02-28,0.0,201.7,0.0,4.4,Production,Engineering
ACC-1002,Block Storage,ap-south-1,io2,2026-02-28,0.0,156.8,0.0,18.23,Staging,Sales
ACC-1012,Load Balancer,eu-west-1,N/A,2026-02-28,0.0,0.0,30.8,2.7,Production,Finance
ACC-1004,Compute Instances,ap-southeast-1,t3.micro,2026-02-28,11.91,0.0,0.0,0.12,Production,Sales
ACC-1002,Managed Kubernetes,ap-south-1,c5.2xlarge,2026-02-28,6.72,0.0,0.0,2.12,Staging,Sales
ACC-1003,Load Balancer,ap-south-1,N/A,2026-02-28,0.0,0.0,40.1,3.8,Production,Data Science
ACC-1011,Serverless Functions,us-east-1,N/A,2026-02-28,6.97,0.0,0.0,0.35,Staging,Sales
ACC-1011,Data Transfer / Egress,us-east-1,N/A,2026-02-28,0.0,0.0,32.1,3.03,Staging,Sales
ACC-1013,Data Warehouse,us-east-1,dw.large,2026-02-28,6.74,34.7,0.0,7.67,Production,Data Science
ACC-1013,Managed Kubernetes,us-east-1,c5.2xlarge,2026-02-28,16.05,0.0,0.0,5.02,Production,Data Science
ACC-1013,Object Storage,us-east-1,N/A,2026-02-28,0.0,103.7,0.0,2.57,Production,Data Science
ACC-1006,Data Transfer / Egress,us-east-1,N/A,2026-02-28,0.0,0.0,8.8,0.84,Development,Marketing
ACC-1015,Object Storage,ap-south-1,N/A,2026-02-28,0.0,221.5,0.0,4.97,Production,Engineering
ACC-1015,Load Balancer,ap-south-1,N/A,2026-02-28,0.0,0.0,90.6,8.78,Production,Engineering
ACC-1001,Managed Database,eu-central-1,db.t3.medium,2026-02-28,6.93,57.8,0.0,6.06,Staging,Engineering
ACC-1001,Data Transfer / Egress,eu-central-1,N/A,2026-02-28,0.0,0.0,20.6,2.09,Staging,Engineering
ACC-1004,Data Warehouse,ap-southeast-1,dw.large,2026-02-28,10.18,25.5,0.0,6.74,Production,Sales
ACC-1006,Object Storage,us-east-1,N/A,2026-02-28,0.0,214.7,0.0,4.8,Development,Marketing
ACC-1013,Content Delivery (CDN),eu-central-1,N/A,2026-03-01,0.0,0.0,32.0,3.16,Production,Data Science
ACC-1010,Block Storage,ap-southeast-1,io2,2026-03-01,0.0,89.0,0.0,11.16,Production,Data Science
ACC-1010,Managed Database,ap-southeast-1,db.m5.large,2026-03-01,28.71,50.6,0.0,9.42,Production,Data Science
ACC-1010,Load Balancer,ap-southeast-1,N/A,2026-03-01,0.0,0.0,38.2,3.21,Production,Data Science
ACC-1015,Managed Database,ap-south-1,db.m5.large,2026-03-01,11.08,61.1,0.0,8.5,Production,Engineering
ACC-1008,Compute Instances,us-east-1,t3.micro,2026-03-01,10.14,0.0,0.0,0.11,Production,Engineering
ACC-1013,Load Balancer,eu-central-1,N/A,2026-03-01,0.0,0.0,35.7,3.29,Production,Data Science
ACC-1014,Load Balancer,us-west-2,N/A,2026-03-01,0.0,0.0,14.9,1.43,Staging,Engineering
ACC-1001,Content Delivery (CDN),eu-central-1,N/A,2026-03-01,0.0,0.0,52.1,5.19,Production,Engineering
ACC-1006,Managed Kubernetes,us-east-1,m5.xlarge,2026-03-01,13.96,0.0,0.0,2.5,Staging,Marketing
ACC-1006,Object Storage,us-east-1,N/A,2026-03-01,0.0,140.0,0.0,2.96,Staging,Marketing
ACC-1006,Serverless Functions,us-east-1,N/A,2026-03-01,7.68,0.0,0.0,0.37,Staging,Marketing
ACC-1014,Object Storage,us-west-2,N/A,2026-03-01,0.0,137.0,0.0,3.29,Staging,Engineering
ACC-1014,Data Warehouse,us-west-2,dw.xlarge,2026-03-01,17.2,97.2,0.0,24.82,Staging,Engineering
ACC-1001,Compute Instances,eu-central-1,t3.medium,2026-03-01,10.03,0.0,0.0,0.41,Production,Engineering
ACC-1011,Content Delivery (CDN),eu-central-1,N/A,2026-03-01,0.0,0.0,9.9,0.92,Staging,Sales
ACC-1011,Data Transfer / Egress,eu-central-1,N/A,2026-03-01,0.0,0.0,11.9,1.14,Staging,Sales
ACC-1012,Data Transfer / Egress,eu-west-1,N/A,2026-03-01,0.0,0.0,45.0,3.94,Staging,Finance
ACC-1011,Block Storage,eu-central-1,st1,2026-03-01,0.0,204.3,0.0,9.05,Staging,Sales
ACC-1009,Object Storage,eu-central-1,N/A,2026-03-01,0.0,91.2,0.0,2.08,Production,Engineering
ACC-1009,Managed Database,eu-central-1,db.r5.large,2026-03-01,8.68,59.9,0.0,42.36,Production,Engineering
ACC-1004,Compute Instances,eu-central-1,t3.medium,2026-03-01,9.92,0.0,0.0,0.38,Development,Sales
ACC-1003,Compute Instances,ap-south-1,m5.xlarge,2026-03-01,7.89,0.0,0.0,1.55,Production,Data Science
ACC-1005,Data Transfer / Egress,us-east-1,N/A,2026-03-01,0.0,0.0,35.6,3.31,Development,IT Operations
ACC-1005,Content Delivery (CDN),us-east-1,N/A,2026-03-01,0.0,0.0,30.3,3.08,Development,IT Operations
ACC-1003,Object Storage,ap-south-1,N/A,2026-03-01,0.0,496.5,0.0,9.77,Production,Data Science
ACC-1002,Compute Instances,ap-south-1,m5.xlarge,2026-03-01,7.19,0.0,0.0,1.34,Production,Sales
ACC-1002,Data Transfer / Egress,ap-south-1,N/A,2026-03-01,0.0,0.0,39.8,3.83,Production,Sales
ACC-1007,Managed Kubernetes,ap-southeast-1,c5.2xlarge,2026-03-01,4.97,0.0,0.0,1.73,Production,Marketing
ACC-1007,Load Balancer,ap-southeast-1,N/A,2026-03-01,0.0,0.0,20.4,1.99,Production,Marketing
ACC-1012,Managed Kubernetes,eu-west-1,c5.2xlarge,2026-03-01,9.42,0.0,0.0,3.13,Staging,Finance
ACC-1012,Serverless Functions,eu-west-1,N/A,2026-03-01,10.34,0.0,0.0,0.55,Staging,Finance
ACC-1005,Compute Instances,us-east-1,m5.large,2026-03-01,3.91,0.0,0.0,0.36,Development,IT Operations
ACC-1013,Data Transfer / Egress,us-east-1,N/A,2026-03-02,0.0,0.0,35.7,3.31,Production,Data Science
ACC-1007,Managed Database,ap-southeast-1,db.r5.large,2026-03-02,16.75,33.7,0.0,7.31,Development,Marketing
ACC-1007,Object Storage,ap-southeast-1,N/A,2026-03-02,0.0,136.4,0.0,3.11,Development,Marketing
ACC-1007,Block Storage,ap-southeast-1,gp3,2026-03-02,0.0,127.6,0.0,11.23,Development,Marketing
ACC-1009,Object Storage,eu-central-1,N/A,2026-03-02,0.0,329.7,0.0,7.84,Production,Engineering
ACC-1009,Managed Database,eu-central-1,db.t3.medium,2026-03-02,28.75,55.3,0.0,7.83,Production,Engineering
ACC-1009,Data Transfer / Egress,eu-central-1,N/A,2026-03-02,0.0,0.0,12.8,1.09,Production,Engineering
ACC-1013,Compute Instances,us-east-1,r5.large,2026-03-02,9.04,0.0,0.0,1.17,Production,Data Science
ACC-1004,Managed Database,ap-southeast-1,db.t3.medium,2026-03-02,26.08,22.1,0.0,3.96,Production,Sales
ACC-1015,Data Warehouse,ap-south-1,dw.large,2026-03-02,41.4,31.7,0.0,23.07,Production,Engineering
ACC-1015,Object Storage,ap-south-1,N/A,2026-03-02,0.0,258.4,0.0,5.89,Production,Engineering
ACC-1011,Data Warehouse,us-east-1,dw.large,2026-03-02,22.84,64.1,0.0,18.01,Production,Sales
ACC-1011,Content Delivery (CDN),us-east-1,N/A,2026-03-02,0.0,0.0,30.5,2.66,Production,Sales
ACC-1011,Data Transfer / Egress,us-east-1,N/A,2026-03-02,0.0,0.0,16.8,1.66,Production,Sales
ACC-1004,Block Storage,ap-southeast-1,io2,2026-03-02,0.0,163.9,0.0,21.69,Production,Sales
ACC-1004,Load Balancer,ap-southeast-1,N/A,2026-03-02,0.0,0.0,19.4,1.69,Production,Sales
ACC-1013,Data Warehouse,us-east-1,dw.large,2026-03-02,6.71,35.6,0.0,6.7,Production,Data Science
ACC-1001,Managed Kubernetes,eu-central-1,m5.xlarge,2026-03-02,21.6,0.0,0.0,4.28,Production,Engineering
ACC-1008,Compute Instances,us-east-1,t3.micro,2026-03-02,14.73,0.0,0.0,0.15,Staging,Engineering
ACC-1014,Managed Database,us-west-2,db.t3.medium,2026-03-02,32.63,124.0,0.0,14.03,Production,Engineering
ACC-1008,Serverless Functions,us-east-1,N/A,2026-03-02,14.26,0.0,0.0,0.71,Staging,Engineering
ACC-1002,Data Warehouse,eu-west-1,dw.large,2026-03-02,36.53,30.8,0.0,20.11,Production,Sales
ACC-1006,Content Delivery (CDN),us-east-1,N/A,2026-03-02,0.0,0.0,30.7,2.96,Staging,Marketing
ACC-1006,Managed Kubernetes,us-east-1,m5.large,2026-03-02,4.9,0.0,0.0,0.51,Staging,Marketing
ACC-1006,Object Storage,us-east-1,N/A,2026-03-02,0.0,99.7,0.0,2.12,Staging,Marketing
ACC-1012,Managed Kubernetes,eu-west-1,m5.large,2026-03-02,8.78,0.0,0.0,0.87,Staging,Finance
ACC-1012,Block Storage,eu-west-1,st1,2026-03-02,0.0,272.2,0.0,13.12,Staging,Finance
ACC-1002,Load Balancer,eu-west-1,N/A,2026-03-02,0.0,0.0,34.7,3.42,Production,Sales
ACC-1003,Data Warehouse,ap-south-1,dw.large,2026-03-02,29.22,18.2,0.0,16.73,Staging,Data Science
ACC-1003,Managed Database,ap-south-1,db.t3.medium,2026-03-02,24.62,50.4,0.0,6.74,Staging,Data Science
ACC-1010,Compute Instances,us-west-2,t3.medium,2026-03-02,23.16,0.0,0.0,1.01,Production,Data Science
ACC-1010,Data Transfer / Egress,us-west-2,N/A,2026-03-02,0.0,0.0,31.2,2.61,Production,Data Science
ACC-1005,Data Transfer / Egress,us-east-1,N/A,2026-03-02,0.0,0.0,16.9,1.45,Production,IT Operations
ACC-1005,Load Balancer,us-east-1,N/A,2026-03-02,0.0,0.0,27.7,2.6,Production,IT Operations
ACC-1005,Data Warehouse,us-east-1,dw.large,2026-03-02,11.06,59.3,0.0,11.13,Production,IT Operations
ACC-1012,Data Warehouse,eu-west-1,dw.large,2026-03-02,23.45,72.9,0.0,19.66,Staging,Finance
ACC-1015,Content Delivery (CDN),ap-south-1,N/A,2026-03-03,0.0,0.0,31.1,3.13,Production,Engineering
ACC-1006,Data Warehouse,us-east-1,dw.large,2026-03-03,36.59,41.7,0.0,22.06,Production,Marketing
ACC-1008,Serverless Functions,ap-southeast-1,N/A,2026-03-03,22.2,0.0,0.0,1.04,Production,Engineering
ACC-1008,Content Delivery (CDN),ap-southeast-1,N/A,2026-03-03,0.0,0.0,16.2,1.35,Production,Engineering
ACC-1003,Load Balancer,ap-south-1,N/A,2026-03-03,0.0,0.0,38.0,3.31,Production,Data Science
ACC-1014,Data Transfer / Egress,us-west-2,N/A,2026-03-03,0.0,0.0,56.4,5.0,Staging,Engineering
ACC-1002,Load Balancer,ap-south-1,N/A,2026-03-03,0.0,0.0,35.9,2.96,Production,Sales
ACC-1005,Serverless Functions,us-east-1,N/A,2026-03-03,26.16,0.0,0.0,1.35,Development,IT Operations
ACC-1014,Compute Instances,us-west-2,c5.large,2026-03-03,17.37,0.0,0.0,1.57,Staging,Engineering
ACC-1015,Block Storage,ap-south-1,gp3,2026-03-03,0.0,241.7,0.0,19.65,Production,Engineering
ACC-1003,Object Storage,ap-south-1,N/A,2026-03-03,0.0,274.3,0.0,6.74,Production,Data Science
ACC-1015,Data Transfer / Egress,ap-south-1,N/A,2026-03-03,0.0,0.0,22.3,2.06,Production,Engineering
ACC-1010,Managed Kubernetes,ap-southeast-1,c5.2xlarge,2026-03-03,24.79,0.0,0.0,8.93,Production,Data Science
ACC-1004,Content Delivery (CDN),eu-west-1,N/A,2026-03-03,0.0,0.0,27.7,2.63,Production,Sales
ACC-1001,Content Delivery (CDN),eu-central-1,N/A,2026-03-03,0.0,0.0,15.8,1.52,Staging,Engineering
ACC-1001,Block Storage,eu-central-1,io2,2026-03-03,0.0,320.1,0.0,43.2,Staging,Engineering
ACC-1004,Load Balancer,eu-west-1,N/A,2026-03-03,0.0,0.0,47.8,4.14,Production,Sales
ACC-1012,Object Storage,eu-west-1,N/A,2026-03-03,0.0,252.3,0.0,5.92,Staging,Finance
ACC-1011,Load Balancer,us-east-1,N/A,2026-03-03,0.0,0.0,22.5,1.79,Production,Sales
ACC-1013,Compute Instances,us-east-1,t3.micro,2026-03-03,8.69,0.0,0.0,0.1,Staging,Data Science
ACC-1011,Object Storage,us-east-1,N/A,2026-03-03,0.0,158.6,0.0,4.14,Production,Sales
ACC-1009,Managed Database,eu-central-1,db.r5.large,2026-03-03,13.97,57.3,0.0,8.99,Staging,Engineering
ACC-1009,Content Delivery (CDN),eu-central-1,N/A,2026-03-03,0.0,0.0,39.6,4.05,Staging,Engineering
ACC-1009,Compute Instances,eu-central-1,r5.large,2026-03-03,20.58,0.0,0.0,2.42,Staging,Engineering
ACC-1004,Block Storage,eu-west-1,st1,2026-03-03,0.0,198.4,0.0,9.44,Production,Sales
ACC-1011,Data Warehouse,us-east-1,dw.xlarge,2026-03-03,26.28,62.6,0.0,35.01,Production,Sales
ACC-1001,Compute Instances,eu-central-1,m5.large,2026-03-04,7.11,0.0,0.0,0.69,Production,Engineering
ACC-1001,Managed Database,eu-central-1,db.t3.medium,2026-03-04,21.4,64.3,0.0,7.03,Production,Engineering
ACC-1011,Managed Kubernetes,us-east-1,m5.large,2026-03-04,9.79,0.0,0.0,1.02,Staging,Sales
ACC-1012,Load Balancer,eu-west-1,N/A,2026-03-04,0.0,0.0,48.6,4.6,Production,Finance
ACC-1002,Data Transfer / Egress,ap-south-1,N/A,2026-03-04,0.0,0.0,37.9,3.37,Production,Sales
ACC-1002,Serverless Functions,ap-south-1,N/A,2026-03-04,15.38,0.0,0.0,0.66,Production,Sales
ACC-1002,Managed Database,ap-south-1,db.r5.large,2026-03-04,32.32,74.0,0.0,15.28,Production,Sales
ACC-1010,Data Warehouse,ap-southeast-1,dw.large,2026-03-04,26.02,59.5,0.0,20.68,Production,Data Science
ACC-1010,Object Storage,ap-southeast-1,N/A,2026-03-04,0.0,148.1,0.0,3.64,Production,Data Science
ACC-1009,Content Delivery (CDN),eu-central-1,N/A,2026-03-04,0.0,0.0,36.5,3.16,Staging,Engineering
ACC-1009,Object Storage,eu-central-1,N/A,2026-03-04,0.0,126.0,0.0,2.91,Staging,Engineering
ACC-1009,Block Storage,eu-central-1,st1,2026-03-04,0.0,280.6,0.0,13.35,Staging,Engineering
ACC-1004,Object Storage,ap-southeast-1,N/A,2026-03-04,0.0,119.2,0.0,2.79,Development,Sales
ACC-1004,Serverless Functions,ap-southeast-1,N/A,2026-03-04,23.26,0.0,0.0,1.12,Development,Sales
ACC-1014,Content Delivery (CDN),us-west-2,N/A,2026-03-04,0.0,0.0,63.7,6.18,Production,Engineering
ACC-1008,Load Balancer,us-east-1,N/A,2026-03-04,0.0,0.0,26.4,2.58,Production,Engineering
ACC-1008,Content Delivery (CDN),us-east-1,N/A,2026-03-04,0.0,0.0,39.8,3.67,Production,Engineering
ACC-1010,Load Balancer,ap-southeast-1,N/A,2026-03-04,0.0,0.0,8.4,4.34,Production,Data Science
ACC-1013,Compute Instances,us-east-1,r5.large,2026-03-05,27.11,0.0,0.0,3.29,Staging,Data Science
ACC-1003,Object Storage,ap-south-1,N/A,2026-03-05,0.0,231.1,0.0,5.06,Production,Data Science
ACC-1003,Compute Instances,ap-south-1,t3.micro,2026-03-05,13.65,0.0,0.0,0.12,Production,Data Science
ACC-1010,Data Transfer / Egress,ap-southeast-1,N/A,2026-03-05,0.0,0.0,11.8,0.99,Production,Data Science
ACC-1011,Compute Instances,us-east-1,r5.large,2026-03-05,7.55,0.0,0.0,0.97,Staging,Sales
ACC-1001,Content Delivery (CDN),eu-central-1,N/A,2026-03-05,0.0,0.0,39.2,3.76,Staging,Engineering
ACC-1001,Object Storage,eu-central-1,N/A,2026-03-05,0.0,157.9,0.0,3.85,Staging,Engineering
ACC-1002,Managed Database,ap-south-1,db.m5.large,2026-03-05,17.68,52.1,0.0,7.36,Development,Sales
ACC-1002,Object Storage,ap-south-1,N/A,2026-03-05,0.0,218.9,0.0,4.52,Development,Sales
ACC-1002,Block Storage,ap-south-1,st1,2026-03-05,0.0,209.4,0.0,8.57,Development,Sales
ACC-1012,Compute Instances,eu-west-1,m5.large,2026-03-05,8.49,0.0,0.0,0.75,Production,Finance
ACC-1012,Load Balancer,eu-west-1,N/A,2026-03-05,0.0,0.0,85.1,8.25,Production,Finance
ACC-1012,Managed Kubernetes,eu-west-1,c5.2xlarge,2026-03-05,7.76,0.0,0.0,2.52,Production,Finance
ACC-1015,Data Warehouse,ap-south-1,dw.xlarge,2026-03-05,24.3,49.6,0.0,31.36,Production,Engineering
ACC-1001,Compute Instances,eu-central-1,c5.large,2026-03-05,7.79,0.0,0.0,0.68,Staging,Engineering
ACC-1015,Serverless Functions,ap-south-1,N/A,2026-03-05,16.52,0.0,0.0,0.75,Production,Engineering
ACC-1014,Block Storage,us-west-2,gp3,2026-03-05,0.0,170.8,0.0,13.02,Production,Engineering
ACC-1009,Block Storage,eu-central-1,io2,2026-03-05,0.0,218.0,0.0,30.16,Production,Engineering
ACC-1008,Data Transfer / Egress,us-east-1,N/A,2026-03-05,0.0,0.0,27.8,2.51,Production,Engineering
ACC-1015,Load Balancer,ap-south-1,N/A,2026-03-05,0.0,0.0,12.1,1.08,Production,Engineering
ACC-1008,Object Storage,us-east-1,N/A,2026-03-05,0.0,118.0,0.0,3.01,Production,Engineering
ACC-1014,Compute Instances,us-west-2,r5.large,2026-03-05,10.27,0.0,0.0,1.25,Production,Engineering
ACC-1004,Managed Database,ap-southeast-1,db.t3.medium,2026-03-05,29.19,68.9,0.0,8.25,Production,Sales
ACC-1004,Object Storage,ap-southeast-1,N/A,2026-03-05,0.0,269.4,0.0,6.82,Production,Sales
ACC-1008,Managed Database,us-east-1,db.m5.large,2026-03-05,15.21,60.7,0.0,9.2,Production,Engineering
ACC-1006,Content Delivery (CDN),us-west-2,N/A,2026-03-05,0.0,0.0,39.9,3.9,Production,Marketing
ACC-1006,Block Storage,us-west-2,st1,2026-03-05,0.0,263.2,0.0,12.1,Production,Marketing
ACC-1006,Data Warehouse,us-west-2,dw.xlarge,2026-03-05,24.87,101.8,0.0,29.9,Production,Marketing
ACC-1007,Data Transfer / Egress,ap-southeast-1,N/A,2026-03-05,0.0,0.0,6.1,0.53,Development,Marketing
ACC-1009,Data Warehouse,eu-central-1,dw.xlarge,2026-03-05,43.46,92.2,0.0,49.19,Production,Engineering
ACC-1009,Managed Database,eu-central-1,db.m5.large,2026-03-05,40.9,75.8,0.0,15.69,Production,Engineering
ACC-1004,Compute Instances,ap-southeast-1,m5.xlarge,2026-03-05,10.22,0.0,0.0,2.19,Production,Sales
ACC-1007,Data Transfer / Egress,eu-central-1,N/A,2026-03-06,0.0,0.0,10.8,0.98,Production,Marketing
ACC-1007,Managed Database,eu-central-1,db.r5.large,2026-03-06,10.6,129.2,0.0,15.52,Production,Marketing
ACC-1007,Compute Instances,eu-central-1,t3.micro,2026-03-06,11.39,0.0,0.0,0.12,Production,Marketing
ACC-1006,Data Warehouse,us-east-1,dw.large,2026-03-06,14.62,47.9,0.0,11.61,Production,Marketing
ACC-1006,Content Delivery (CDN),us-east-1,N/A,2026-03-06,0.0,0.0,26.3,2.14,Production,Marketing
ACC-1008,Managed Kubernetes,us-east-1,m5.xlarge,2026-03-06,10.23,0.0,0.0,2.01,Production,Engineering
ACC-1015,Managed Database,eu-central-1,db.r5.large,2026-03-06,14.64,88.3,0.0,12.58,Staging,Engineering
ACC-1009,Managed Database,eu-central-1,db.r5.large,2026-03-06,23.57,63.1,0.0,12.42,Staging,Engineering
ACC-1008,Serverless Functions,us-east-1,N/A,2026-03-06,12.54,0.0,0.0,0.62,Production,Engineering
ACC-1012,Block Storage,ap-southeast-1,io2,2026-03-06,0.0,53.0,0.0,6.66,Development,Finance
ACC-1012,Data Transfer / Egress,ap-southeast-1,N/A,2026-03-06,0.0,0.0,36.8,3.3,Development,Finance
ACC-1006,Compute Instances,us-east-1,r5.large,2026-03-06,22.6,0.0,0.0,3.0,Production,Marketing
ACC-1014,Serverless Functions,us-west-2,N/A,2026-03-06,11.42,0.0,0.0,0.61,Production,Engineering
ACC-1002,Load Balancer,ap-south-1,N/A,2026-03-06,0.0,0.0,27.9,2.66,Production,Sales
ACC-1002,Object Storage,ap-south-1,N/A,2026-03-06,0.0,304.3,0.0,7.24,Production,Sales
ACC-1014,Managed Kubernetes,us-west-2,m5.xlarge,2026-03-06,10.79,0.0,0.0,2.16,Production,Engineering
ACC-1001,Load Balancer,eu-central-1,N/A,2026-03-06,0.0,0.0,6.3,0.64,Staging,Engineering
ACC-1001,Serverless Functions,eu-central-1,N/A,2026-03-06,14.61,0.0,0.0,0.69,Staging,Engineering
ACC-1010,Content Delivery (CDN),ap-southeast-1,N/A,2026-03-06,0.0,0.0,38.3,3.79,Production,Data Science
ACC-1010,Block Storage,ap-southeast-1,st1,2026-03-06,0.0,163.2,0.0,8.49,Production,Data Science
ACC-1010,Data Transfer / Egress,ap-southeast-1,N/A,2026-03-06,0.0,0.0,15.3,1.5,Production,Data Science
ACC-1011,Managed Database,us-east-1,db.t3.medium,2026-03-06,35.63,66.6,0.0,9.42,Staging,Sales
ACC-1003,Data Transfer / Egress,ap-south-1,N/A,2026-03-06,0.0,0.0,31.7,2.89,Staging,Data Science
ACC-1003,Content Delivery (CDN),ap-south-1,N/A,2026-03-06,0.0,0.0,20.2,1.75,Staging,Data Science
ACC-1003,Serverless Functions,ap-south-1,N/A,2026-03-06,21.91,0.0,0.0,1.13,Staging,Data Science
ACC-1011,Managed Kubernetes,us-east-1,m5.xlarge,2026-03-06,9.69,0.0,0.0,1.96,Staging,Sales
ACC-1012,Content Delivery (CDN),eu-west-1,N/A,2026-03-07,0.0,0.0,17.8,1.52,Staging,Finance
ACC-1010,Content Delivery (CDN),ap-southeast-1,N/A,2026-03-07,0.0,0.0,41.1,3.33,Staging,Data Science
ACC-1010,Managed Database,ap-southeast-1,db.r5.large,2026-03-07,11.43,60.5,0.0,8.56,Staging,Data Science
ACC-1012,Managed Kubernetes,eu-west-1,c5.2xlarge,2026-03-07,11.99,0.0,0.0,3.9,Staging,Finance
ACC-1012,Data Warehouse,eu-west-1,dw.large,2026-03-07,14.1,78.0,0.0,14.76,Staging,Finance
ACC-1004,Serverless Functions,ap-southeast-1,N/A,2026-03-07,5.73,0.0,0.0,0.29,Production,Sales
ACC-1009,Data Transfer / Egress,eu-central-1,N/A,2026-03-07,0.0,0.0,43.6,4.22,Staging,Engineering
ACC-1009,Block Storage,eu-central-1,io2,2026-03-07,0.0,179.5,0.0,24.26,Staging,Engineering
ACC-1004,Block Storage,ap-southeast-1,st1,2026-03-07,0.0,135.7,0.0,5.85,Production,Sales
ACC-1004,Load Balancer,ap-southeast-1,N/A,2026-03-07,0.0,0.0,34.4,2.98,Production,Sales
ACC-1010,Managed Kubernetes,ap-southeast-1,m5.large,2026-03-07,10.91,0.0,0.0,1.03,Staging,Data Science
ACC-1015,Content Delivery (CDN),ap-south-1,N/A,2026-03-07,0.0,0.0,19.3,1.91,Production,Engineering
ACC-1011,Data Warehouse,us-east-1,dw.large,2026-03-07,7.98,71.2,0.0,10.84,Staging,Sales
ACC-1005,Compute Instances,us-east-1,c5.large,2026-03-07,8.12,0.0,0.0,0.73,Production,IT Operations
ACC-1011,Data Transfer / Egress,us-east-1,N/A,2026-03-07,0.0,0.0,29.2,2.71,Staging,Sales
ACC-1001,Load Balancer,eu-central-1,N/A,2026-03-07,0.0,0.0,20.7,1.8,Staging,Engineering
ACC-1001,Data Warehouse,eu-central-1,dw.large,2026-03-07,16.78,72.8,0.0,17.3,Staging,Engineering
ACC-1014,Serverless Functions,us-west-2,N/A,2026-03-07,23.79,0.0,0.0,1.19,Production,Engineering
ACC-1007,Data Warehouse,ap-southeast-1,dw.xlarge,2026-03-07,9.94,84.7,0.0,19.26,Production,Marketing
ACC-1007,Compute Instances,ap-southeast-1,m5.xlarge,2026-03-07,6.97,0.0,0.0,1.32,Production,Marketing
ACC-1007,Managed Database,ap-southeast-1,db.r5.large,2026-03-07,13.48,76.5,0.0,10.77,Production,Marketing
ACC-1013,Block Storage,us-east-1,st1,2026-03-07,0.0,157.1,0.0,6.64,Development,Data Science
ACC-1013,Data Warehouse,us-east-1,dw.xlarge,2026-03-07,5.11,81.8,0.0,13.13,Development,Data Science
ACC-1011,Managed Database,us-east-1,db.t3.medium,2026-03-07,13.23,125.3,0.0,13.13,Staging,Sales
ACC-1005,Block Storage,us-east-1,gp3,2026-03-07,0.0,151.3,0.0,10.53,Production,IT Operations
ACC-1005,Content Delivery (CDN),us-east-1,N/A,2026-03-07,0.0,0.0,30.7,2.18,Production,IT Operations
ACC-1003,Content Delivery (CDN),ap-south-1,N/A,2026-03-07,0.0,0.0,21.4,2.07,Production,Data Science
ACC-1005,Data Transfer / Egress,eu-central-1,N/A,2026-03-08,0.0,0.0,48.7,4.58,Production,IT Operations
ACC-1008,Managed Kubernetes,us-east-1,m5.xlarge,2026-03-08,8.49,0.0,0.0,1.55,Development,Engineering
ACC-1009,Managed Database,eu-central-1,db.r5.large,2026-03-08,5.63,77.1,0.0,8.86,Development,Engineering
ACC-1012,Managed Kubernetes,eu-west-1,c5.2xlarge,2026-03-08,4.46,0.0,0.0,1.25,Development,Finance
ACC-1012,Serverless Functions,eu-west-1,N/A,2026-03-08,4.45,0.0,0.0,0.24,Development,Finance
ACC-1005,Block Storage,eu-central-1,st1,2026-03-08,0.0,350.7,0.0,16.87,Production,IT Operations
ACC-1004,Content Delivery (CDN),ap-southeast-1,N/A,2026-03-08,0.0,0.0,19.2,1.92,Staging,Sales
ACC-1011,Serverless Functions,us-east-1,N/A,2026-03-08,9.62,0.0,0.0,0.48,Production,Sales
ACC-1011,Compute Instances,us-east-1,r5.large,2026-03-08,9.52,0.0,0.0,1.18,Production,Sales
ACC-1006,Block Storage,us-east-1,io2,2026-03-08,0.0,222.7,0.0,27.22,Staging,Marketing
ACC-1004,Block Storage,ap-southeast-1,gp3,2026-03-08,0.0,176.9,0.0,15.36,Staging,Sales
ACC-1008,Load Balancer,us-east-1,N/A,2026-03-08,0.0,0.0,52.6,4.55,Development,Engineering
ACC-1005,Data Warehouse,eu-central-1,dw.large,2026-03-08,7.9,26.9,0.0,7.5,Production,IT Operations
ACC-1008,Serverless Functions,us-east-1,N/A,2026-03-08,10.42,0.0,0.0,0.43,Development,Engineering
ACC-1015,Object Storage,ap-south-1,N/A,2026-03-08,0.0,101.0,0.0,2.01,Production,Engineering
ACC-1014,Compute Instances,us-west-2,t3.micro,2026-03-08,9.84,0.0,0.0,0.11,Production,Engineering
ACC-1014,Load Balancer,us-west-2,N/A,2026-03-08,0.0,0.0,43.8,4.22,Production,Engineering
ACC-1015,Load Balancer,ap-south-1,N/A,2026-03-08,0.0,0.0,23.5,2.21,Production,Engineering
ACC-1003,Data Transfer / Egress,ap-south-1,N/A,2026-03-08,0.0,0.0,21.5,1.9,Production,Data Science
ACC-1003,Object Storage,ap-south-1,N/A,2026-03-08,0.0,139.2,0.0,3.09,Production,Data Science
ACC-1002,Load Balancer,ap-south-1,N/A,2026-03-08,0.0,0.0,51.4,4.02,Staging,Sales
ACC-1002,Managed Database,ap-south-1,db.m5.large,2026-03-08,7.08,27.1,0.0,3.79,Staging,Sales
ACC-1001,Managed Kubernetes,eu-central-1,c5.2xlarge,2026-03-08,7.3,0.0,0.0,2.42,Production,Engineering
ACC-1001,Load Balancer,eu-central-1,N/A,2026-03-08,0.0,0.0,28.4,2.57,Production,Engineering
ACC-1007,Content Delivery (CDN),ap-southeast-1,N/A,2026-03-08,0.0,0.0,10.0,0.74,Development,Marketing
ACC-1007,Data Transfer / Egress,ap-southeast-1,N/A,2026-03-08,0.0,0.0,43.3,4.35,Development,Marketing
ACC-1007,Block Storage,ap-southeast-1,gp3,2026-03-08,0.0,122.0,0.0,8.63,Development,Marketing
ACC-1002,Block Storage,ap-south-1,io2,2026-03-08,0.0,187.4,0.0,21.63,Staging,Sales
ACC-1015,Block Storage,eu-west-1,io2,2026-03-09,0.0,168.6,0.0,21.88,Development,Engineering
ACC-1014,Block Storage,us-west-2,st1,2026-03-09,0.0,94.7,0.0,4.57,Production,Engineering
ACC-1015,Data Warehouse,eu-west-1,dw.large,2026-03-09,42.29,107.9,0.0,30.41,Development,Engineering
ACC-1005,Data Warehouse,us-east-1,dw.large,2026-03-09,31.18,59.3,0.0,21.94,Production,IT Operations
ACC-1014,Object Storage,us-west-2,N/A,2026-03-09,0.0,128.8,0.0,2.86,Production,Engineering
ACC-1005,Load Balancer,us-east-1,N/A,2026-03-09,0.0,0.0,88.3,7.9,Production,IT Operations
ACC-1001,Serverless Functions,eu-central-1,N/A,2026-03-09,10.22,0.0,0.0,0.56,Production,Engineering
ACC-1001,Block Storage,eu-central-1,gp3,2026-03-09,0.0,116.5,0.0,10.18,Production,Engineering
ACC-1005,Compute Instances,us-east-1,r5.large,2026-03-09,24.11,0.0,0.0,18.66,Production,IT Operations
ACC-1014,Serverless Functions,us-west-2,N/A,2026-03-09,10.57,0.0,0.0,0.58,Production,Engineering
ACC-1001,Managed Kubernetes,eu-central-1,c5.2xlarge,2026-03-09,16.79,0.0,0.0,5.72,Production,Engineering
ACC-1013,Load Balancer,us-east-1,N/A,2026-03-09,0.0,0.0,12.7,1.16,Production,Data Science
ACC-1008,Data Transfer / Egress,us-east-1,N/A,2026-03-09,0.0,0.0,36.0,2.95,Production,Engineering
ACC-1006,Managed Database,ap-southeast-1,db.m5.large,2026-03-09,11.59,56.3,0.0,7.6,Development,Marketing
ACC-1006,Serverless Functions,ap-southeast-1,N/A,2026-03-09,16.01,0.0,0.0,0.75,Development,Marketing
ACC-1007,Load Balancer,ap-southeast-1,N/A,2026-03-09,0.0,0.0,30.5,2.64,Production,Marketing
ACC-1006,Content Delivery (CDN),ap-southeast-1,N/A,2026-03-09,0.0,0.0,70.8,5.78,Development,Marketing
ACC-1010,Managed Kubernetes,ap-southeast-1,m5.xlarge,2026-03-09,24.67,0.0,0.0,4.53,Development,Data Science
ACC-1010,Serverless Functions,ap-southeast-1,N/A,2026-03-09,6.86,0.0,0.0,0.38,Development,Data Science
ACC-1010,Block Storage,ap-southeast-1,io2,2026-03-09,0.0,189.8,0.0,22.71,Development,Data Science
ACC-1013,Serverless Functions,us-east-1,N/A,2026-03-09,13.21,0.0,0.0,0.75,Production,Data Science
ACC-1009,Load Balancer,eu-central-1,N/A,2026-03-09,0.0,0.0,19.5,1.71,Development,Engineering
ACC-1010,Managed Database,ap-southeast-1,db.r5.large,2026-03-10,23.07,49.3,0.0,10.46,Production,Data Science
ACC-1004,Serverless Functions,ap-south-1,N/A,2026-03-10,8.47,0.0,0.0,1.83,Production,Sales
ACC-1001,Load Balancer,eu-central-1,N/A,2026-03-10,0.0,0.0,42.6,4.01,Staging,Engineering
ACC-1001,Block Storage,eu-central-1,st1,2026-03-10,0.0,151.6,0.0,6.8,Staging,Engineering
ACC-1001,Object Storage,eu-central-1,N/A,2026-03-10,0.0,376.8,0.0,9.2,Staging,Engineering
ACC-1011,Data Warehouse,us-east-1,dw.large,2026-03-10,27.68,29.5,0.0,18.07,Development,Sales
ACC-1011,Content Delivery (CDN),us-east-1,N/A,2026-03-10,0.0,0.0,41.0,3.69,Development,Sales
ACC-1011,Compute Instances,us-east-1,t3.medium,2026-03-10,6.86,0.0,0.0,0.28,Development,Sales
ACC-1003,Load Balancer,ap-south-1,N/A,2026-03-10,0.0,0.0,35.8,3.06,Production,Data Science
ACC-1012,Serverless Functions,eu-west-1,N/A,2026-03-10,10.66,0.0,0.0,0.61,Development,Finance
ACC-1013,Block Storage,us-east-1,io2,2026-03-10,0.0,293.2,0.0,38.71,Staging,Data Science
ACC-1013,Managed Kubernetes,us-east-1,m5.xlarge,2026-03-10,16.67,0.0,0.0,3.51,Staging,Data Science
ACC-1006,Block Storage,us-east-1,io2,2026-03-10,0.0,300.7,0.0,34.29,Staging,Marketing
ACC-1006,Content Delivery (CDN),us-east-1,N/A,2026-03-10,0.0,0.0,59.5,4.77,Staging,Marketing
ACC-1007,Data Transfer / Egress,eu-central-1,N/A,2026-03-10,0.0,0.0,20.5,1.87,Production,Marketing
ACC-1008,Managed Database,us-east-1,db.r5.large,2026-03-10,39.56,45.1,0.0,13.56,Production,Engineering
ACC-1008,Data Transfer / Egress,us-east-1,N/A,2026-03-10,0.0,0.0,12.1,1.09,Production,Engineering
ACC-1003,Compute Instances,ap-south-1,t3.micro,2026-03-10,8.92,0.0,0.0,0.09,Production,Data Science
ACC-1015,Compute Instances,ap-south-1,t3.medium,2026-03-11,17.57,0.0,0.0,0.65,Staging,Engineering
ACC-1015,Managed Kubernetes,ap-south-1,c5.2xlarge,2026-03-11,6.53,0.0,0.0,2.21,Staging,Engineering
ACC-1008,Compute Instances,us-west-2,t3.medium,2026-03-11,5.3,0.0,0.0,0.23,Development,Engineering
ACC-1014,Serverless Functions,ap-southeast-1,N/A,2026-03-11,20.44,0.0,0.0,1.03,Production,Engineering
ACC-1014,Object Storage,ap-southeast-1,N/A,2026-03-11,0.0,271.4,0.0,6.41,Production,Engineering
ACC-1014,Managed Kubernetes,ap-southeast-1,m5.xlarge,2026-03-11,7.8,0.0,0.0,1.43,Production,Engineering
ACC-1002,Serverless Functions,ap-south-1,N/A,2026-03-11,6.94,0.0,0.0,0.35,Production,Sales
ACC-1008,Managed Database,us-west-2,db.m5.large,2026-03-11,27.08,65.2,0.0,11.6,Development,Engineering
ACC-1015,Content Delivery (CDN),ap-south-1,N/A,2026-03-11,0.0,0.0,110.6,9.91,Staging,Engineering
ACC-1001,Data Transfer / Egress,eu-central-1,N/A,2026-03-11,0.0,0.0,72.3,6.19,Development,Engineering
ACC-1006,Load Balancer,us-east-1,N/A,2026-03-11,0.0,0.0,15.2,1.39,Production,Marketing
ACC-1006,Data Warehouse,us-east-1,dw.large,2026-03-11,10.78,54.2,0.0,10.62,Production,Marketing
ACC-1006,Block Storage,us-east-1,gp3,2026-03-11,0.0,215.7,0.0,17.19,Production,Marketing
ACC-1013,Data Warehouse,us-east-1,dw.xlarge,2026-03-11,32.61,25.4,0.0,42.61,Production,Data Science
ACC-1009,Compute Instances,eu-central-1,r5.large,2026-03-11,11.2,0.0,0.0,1.39,Production,Engineering
ACC-1009,Managed Kubernetes,eu-central-1,c5.2xlarge,2026-03-11,14.23,0.0,0.0,4.46,Production,Engineering
ACC-1009,Object Storage,eu-central-1,N/A,2026-03-11,0.0,143.9,0.0,3.43,Production,Engineering
ACC-1005,Content Delivery (CDN),us-east-1,N/A,2026-03-11,0.0,0.0,51.1,4.82,Production,IT Operations
ACC-1005,Managed Database,us-east-1,db.m5.large,2026-03-12,35.29,67.8,0.0,11.76,Development,IT Operations
ACC-1005,Managed Kubernetes,us-east-1,m5.xlarge,2026-03-12,4.23,0.0,0.0,0.75,Development,IT Operations
ACC-1005,Data Warehouse,us-east-1,dw.xlarge,2026-03-12,21.55,30.0,0.0,24.18,Development,IT Operations
ACC-1015,Serverless Functions,ap-south-1,N/A,2026-03-12,11.26,0.0,0.0,0.55,Production,Engineering
ACC-1015,Compute Instances,ap-south-1,t3.medium,2026-03-12,13.67,0.0,0.0,0.6,Production,Engineering
ACC-1013,Compute Instances,us-east-1,t3.micro,2026-03-12,3.93,0.0,0.0,0.04,Development,Data Science
ACC-1013,Serverless Functions,us-east-1,N/A,2026-03-12,28.29,0.0,0.0,1.61,Development,Data Science
ACC-1007,Object Storage,eu-west-1,N/A,2026-03-12,0.0,234.4,0.0,4.5,Production,Marketing
ACC-1003,Load Balancer,ap-south-1,N/A,2026-03-12,0.0,0.0,48.3,4.43,Production,Data Science
ACC-1008,Managed Kubernetes,us-east-1,c5.2xlarge,2026-03-12,35.59,0.0,0.0,11.82,Production,Engineering
ACC-1008,Load Balancer,us-east-1,N/A,2026-03-12,0.0,0.0,52.8,5.14,Production,Engineering
ACC-1008,Block Storage,us-east-1,st1,2026-03-12,0.0,280.7,0.0,12.39,Production,Engineering
ACC-1014,Managed Database,us-west-2,db.r5.large,2026-03-12,24.41,19.4,0.0,8.21,Production,Engineering
ACC-1014,Load Balancer,us-west-2,N/A,2026-03-12,0.0,0.0,61.4,5.78,Production,Engineering
ACC-1012,Managed Database,eu-west-1,db.m5.large,2026-03-12,60.99,127.5,0.0,22.31,Production,Finance
ACC-1007,Compute Instances,eu-west-1,t3.micro,2026-03-12,17.46,0.0,0.0,0.17,Production,Marketing
ACC-1004,Managed Database,ap-southeast-1,db.r5.large,2026-03-13,39.27,70.7,0.0,14.36,Staging,Sales
ACC-1006,Managed Kubernetes,us-east-1,m5.xlarge,2026-03-13,8.27,0.0,0.0,1.67,Development,Marketing
ACC-1006,Content Delivery (CDN),us-east-1,N/A,2026-03-13,0.0,0.0,28.5,2.85,Development,Marketing
ACC-1009,Object Storage,eu-central-1,N/A,2026-03-13,0.0,413.3,0.0,9.29,Production,Engineering
ACC-1004,Data Warehouse,ap-southeast-1,dw.large,2026-03-13,27.12,56.1,0.0,20.0,Staging,Sales
ACC-1007,Load Balancer,ap-southeast-1,N/A,2026-03-13,0.0,0.0,43.0,3.78,Development,Marketing
ACC-1004,Compute Instances,ap-southeast-1,m5.xlarge,2026-03-13,16.01,0.0,0.0,3.5,Staging,Sales
ACC-1015,Data Warehouse,ap-southeast-1,dw.large,2026-03-13,17.7,38.3,0.0,14.9,Staging,Engineering
ACC-1013,Managed Kubernetes,us-east-1,m5.large,2026-03-13,15.42,0.0,0.0,1.57,Production,Data Science
ACC-1015,Managed Database,ap-southeast-1,db.r5.large,2026-03-13,41.07,23.6,0.0,12.12,Staging,Engineering
ACC-1006,Block Storage,us-east-1,io2,2026-03-13,0.0,149.6,0.0,20.2,Development,Marketing
ACC-1003,Object Storage,ap-south-1,N/A,2026-03-13,0.0,199.3,0.0,4.1,Production,Data Science
ACC-1003,Managed Kubernetes,ap-south-1,m5.large,2026-03-13,15.13,0.0,0.0,1.51,Production,Data Science
ACC-1003,Managed Database,ap-south-1,db.r5.large,2026-03-13,16.99,61.5,0.0,9.6,Production,Data Science
ACC-1008,Data Warehouse,us-east-1,dw.xlarge,2026-03-13,43.96,103.0,0.0,50.57,Development,Engineering
ACC-1008,Managed Kubernetes,us-east-1,m5.xlarge,2026-03-13,19.4,0.0,0.0,3.92,Development,Engineering
ACC-1008,Load Balancer,us-east-1,N/A,2026-03-13,0.0,0.0,42.3,3.82,Development,Engineering
ACC-1014,Load Balancer,us-west-2,N/A,2026-03-13,0.0,0.0,30.1,2.72,Development,Engineering
ACC-1014,Content Delivery (CDN),us-west-2,N/A,2026-03-13,0.0,0.0,15.2,1.38,Development,Engineering
ACC-1012,Content Delivery (CDN),eu-west-1,N/A,2026-03-13,0.0,0.0,41.3,3.65,Production,Finance
ACC-1015,Compute Instances,ap-southeast-1,t3.micro,2026-03-13,14.83,0.0,0.0,0.15,Staging,Engineering
ACC-1004,Data Transfer / Egress,ap-southeast-1,N/A,2026-03-14,0.0,0.0,26.7,2.18,Staging,Sales
ACC-1004,Data Warehouse,ap-southeast-1,dw.large,2026-03-14,12.95,30.7,0.0,8.5,Staging,Sales
ACC-1005,Object Storage,us-east-1,N/A,2026-03-14,0.0,109.0,0.0,2.73,Staging,IT Operations
ACC-1005,Compute Instances,us-east-1,t3.medium,2026-03-14,7.0,0.0,0.0,0.32,Staging,IT Operations
ACC-1008,Managed Database,us-east-1,db.t3.medium,2026-03-14,11.31,95.2,0.0,10.14,Production,Engineering
ACC-1003,Data Warehouse,ap-south-1,dw.large,2026-03-14,13.51,46.4,0.0,11.31,Production,Data Science
ACC-1013,Data Transfer / Egress,us-east-1,N/A,2026-03-14,0.0,0.0,47.6,4.14,Production,Data Science
ACC-1009,Object Storage,eu-central-1,N/A,2026-03-14,0.0,129.3,0.0,3.34,Staging,Engineering
ACC-1015,Compute Instances,ap-south-1,m5.xlarge,2026-03-14,3.55,0.0,0.0,0.67,Production,Engineering
ACC-1002,Data Warehouse,ap-south-1,dw.xlarge,2026-03-14,9.91,43.6,0.0,15.43,Development,Sales
ACC-1008,Object Storage,us-east-1,N/A,2026-03-14,0.0,220.3,0.0,5.27,Production,Engineering
ACC-1002,Data Transfer / Egress,ap-south-1,N/A,2026-03-14,0.0,0.0,21.5,1.99,Development,Sales
ACC-1009,Compute Instances,eu-central-1,m5.xlarge,2026-03-14,5.46,0.0,0.0,0.98,Staging,Engineering
ACC-1001,Object Storage,eu-central-1,N/A,2026-03-14,0.0,237.8,0.0,6.17,Production,Engineering
ACC-1002,Managed Database,ap-south-1,db.m5.large,2026-03-14,17.94,31.1,0.0,5.48,Development,Sales
ACC-1011,Object Storage,us-east-1,N/A,2026-03-14,0.0,226.9,0.0,5.32,Production,Sales
ACC-1006,Compute Instances,us-east-1,t3.medium,2026-03-14,6.45,0.0,0.0,0.27,Production,Marketing
ACC-1006,Data Transfer / Egress,us-east-1,N/A,2026-03-14,0.0,0.0,41.3,3.58,Production,Marketing
ACC-1010,Content Delivery (CDN),ap-southeast-1,N/A,2026-03-14,0.0,0.0,13.7,1.18,Production,Data Science
ACC-1006,Serverless Functions,us-east-1,N/A,2026-03-14,10.67,0.0,0.0,0.54,Production,Marketing
ACC-1014,Load Balancer,us-west-2,N/A,2026-03-14,0.0,0.0,40.5,3.94,Staging,Engineering
ACC-1012,Object Storage,eu-west-1,N/A,2026-03-14,0.0,196.2,0.0,4.73,Production,Finance
ACC-1012,Managed Database,eu-west-1,db.t3.medium,2026-03-14,8.13,66.7,0.0,6.61,Production,Finance
ACC-1001,Block Storage,eu-central-1,gp3,2026-03-14,0.0,226.0,0.0,17.08,Production,Engineering
ACC-1012,Load Balancer,eu-west-1,N/A,2026-03-14,0.0,0.0,47.7,4.25,Production,Finance
ACC-1010,Block Storage,ap-southeast-1,st1,2026-03-14,0.0,298.5,0.0,65.23,Production,Data Science
ACC-1013,Data Warehouse,us-east-1,dw.xlarge,2026-03-15,12.0,31.0,0.0,13.05,Production,Data Science
ACC-1013,Managed Kubernetes,us-east-1,c5.2xlarge,2026-03-15,6.34,0.0,0.0,2.15,Production,Data Science
ACC-1013,Load Balancer,us-east-1,N/A,2026-03-15,0.0,0.0,14.2,1.29,Production,Data Science
ACC-1012,Managed Kubernetes,eu-west-1,c5.2xlarge,2026-03-15,3.49,0.0,0.0,1.2,Development,Finance
ACC-1007,Load Balancer,ap-southeast-1,N/A,2026-03-15,0.0,0.0,17.4,1.63,Production,Marketing
ACC-1007,Block Storage,ap-southeast-1,st1,2026-03-15,0.0,153.5,0.0,7.79,Production,Marketing
ACC-1015,Block Storage,ap-south-1,gp3,2026-03-15,0.0,150.0,0.0,11.5,Development,Engineering
ACC-1010,Data Transfer / Egress,ap-southeast-1,N/A,2026-03-15,0.0,0.0,59.4,5.54,Staging,Data Science
ACC-1015,Object Storage,ap-south-1,N/A,2026-03-15,0.0,193.7,0.0,4.8,Development,Engineering
ACC-1007,Data Transfer / Egress,ap-southeast-1,N/A,2026-03-15,0.0,0.0,18.6,1.52,Production,Marketing
ACC-1010,Content Delivery (CDN),ap-southeast-1,N/A,2026-03-15,0.0,0.0,29.6,2.49,Staging,Data Science
ACC-1009,Object Storage,us-west-2,N/A,2026-03-15,0.0,177.4,0.0,4.13,Production,Engineering
ACC-1002,Compute Instances,ap-south-1,c5.large,2026-03-15,6.41,0.0,0.0,0.51,Production,Sales
ACC-1006,Managed Kubernetes,us-east-1,m5.large,2026-03-15,10.2,0.0,0.0,0.94,Staging,Marketing
ACC-1014,Data Transfer / Egress,ap-southeast-1,N/A,2026-03-15,0.0,0.0,67.2,5.61,Production,Engineering
ACC-1014,Compute Instances,ap-southeast-1,c5.large,2026-03-15,5.98,0.0,0.0,0.46,Production,Engineering
ACC-1008,Data Transfer / Egress,us-east-1,N/A,2026-03-15,0.0,0.0,40.0,4.21,Staging,Engineering
ACC-1014,Managed Database,ap-southeast-1,db.t3.medium,2026-03-15,12.63,99.4,0.0,11.75,Production,Engineering
ACC-1009,Load Balancer,us-west-2,N/A,2026-03-15,0.0,0.0,44.3,4.09,Production,Engineering
ACC-1009,Managed Database,us-west-2,db.r5.large,2026-03-15,14.94,36.2,0.0,6.36,Production,Engineering
ACC-1002,Data Warehouse,ap-south-1,dw.large,2026-03-15,7.61,28.3,0.0,6.27,Production,Sales
ACC-1008,Content Delivery (CDN),us-east-1,N/A,2026-03-15,0.0,0.0,13.0,1.03,Staging,Engineering
ACC-1005,Data Warehouse,us-east-1,dw.large,2026-03-16,19.38,59.6,0.0,15.13,Production,IT Operations
ACC-1003,Managed Database,ap-south-1,db.m5.large,2026-03-16,46.78,38.5,0.0,11.73,Production,Data Science
ACC-1006,Compute Instances,us-east-1,m5.large,2026-03-16,14.81,0.0,0.0,1.38,Production,Marketing
ACC-1011,Load Balancer,us-east-1,N/A,2026-03-16,0.0,0.0,15.9,1.46,Staging,Sales
ACC-1013,Managed Kubernetes,eu-central-1,c5.2xlarge,2026-03-16,28.48,0.0,0.0,10.09,Development,Data Science
ACC-1005,Compute Instances,us-east-1,m5.xlarge,2026-03-16,18.33,0.0,0.0,3.56,Production,IT Operations
ACC-1012,Object Storage,eu-west-1,N/A,2026-03-16,0.0,340.3,0.0,8.43,Development,Finance
ACC-1013,Data Transfer / Egress,eu-central-1,N/A,2026-03-16,0.0,0.0,24.9,2.42,Development,Data Science
ACC-1015,Compute Instances,ap-south-1,m5.large,2026-03-16,9.71,0.0,0.0,0.92,Development,Engineering
ACC-1001,Content Delivery (CDN),eu-central-1,N/A,2026-03-16,0.0,0.0,9.9,0.86,Production,Engineering
ACC-1015,Managed Kubernetes,ap-south-1,m5.large,2026-03-16,9.7,0.0,0.0,0.89,Development,Engineering
ACC-1009,Managed Kubernetes,us-west-2,m5.xlarge,2026-03-16,13.49,0.0,0.0,2.83,Staging,Engineering
ACC-1004,Load Balancer,ap-southeast-1,N/A,2026-03-16,0.0,0.0,12.0,1.1,Staging,Sales
ACC-1004,Data Warehouse,ap-southeast-1,dw.xlarge,2026-03-16,14.55,54.4,0.0,19.29,Staging,Sales
ACC-1004,Managed Database,ap-southeast-1,db.t3.medium,2026-03-16,29.9,63.4,0.0,8.88,Staging,Sales
ACC-1011,Object Storage,us-east-1,N/A,2026-03-17,0.0,227.4,0.0,4.36,Production,Sales
ACC-1012,Data Transfer / Egress,eu-west-1,N/A,2026-03-17,0.0,0.0,15.5,1.4,Production,Finance
ACC-1012,Content Delivery (CDN),eu-west-1,N/A,2026-03-17,0.0,0.0,20.6,1.79,Production,Finance
ACC-1010,Serverless Functions,ap-southeast-1,N/A,2026-03-17,11.41,0.0,0.0,0.65,Development,Data Science
ACC-1005,Data Warehouse,us-east-1,dw.xlarge,2026-03-17,13.62,37.6,0.0,16.84,Development,IT Operations
ACC-1005,Data Transfer / Egress,us-east-1,N/A,2026-03-17,0.0,0.0,34.7,2.85,Development,IT Operations
ACC-1014,Data Warehouse,us-west-2,dw.large,2026-03-17,27.57,28.8,0.0,15.89,Production,Engineering
ACC-1014,Compute Instances,us-west-2,t3.medium,2026-03-17,13.68,0.0,0.0,0.56,Production,Engineering
ACC-1006,Block Storage,us-east-1,st1,2026-03-17,0.0,192.0,0.0,8.93,Production,Marketing
ACC-1005,Content Delivery (CDN),us-east-1,N/A,2026-03-17,0.0,0.0,55.7,5.3,Development,IT Operations
ACC-1006,Object Storage,us-east-1,N/A,2026-03-17,0.0,224.4,0.0,4.9,Production,Marketing
ACC-1015,Content Delivery (CDN),ap-south-1,N/A,2026-03-17,0.0,0.0,12.8,1.13,Production,Engineering
ACC-1008,Block Storage,us-east-1,io2,2026-03-17,0.0,309.0,0.0,36.53,Production,Engineering
ACC-1008,Compute Instances,us-east-1,t3.medium,2026-03-17,18.33,0.0,0.0,0.81,Production,Engineering
ACC-1008,Serverless Functions,us-east-1,N/A,2026-03-17,17.28,0.0,0.0,0.84,Production,Engineering
ACC-1013,Managed Kubernetes,us-east-1,c5.2xlarge,2026-03-17,9.56,0.0,0.0,3.25,Production,Data Science
ACC-1001,Serverless Functions,eu-central-1,N/A,2026-03-17,9.63,0.0,0.0,0.52,Production,Engineering
ACC-1001,Managed Kubernetes,eu-central-1,m5.large,2026-03-17,12.82,0.0,0.0,1.25,Production,Engineering
ACC-1006,Content Delivery (CDN),us-east-1,N/A,2026-03-17,0.0,0.0,20.6,1.83,Production,Marketing
ACC-1014,Object Storage,us-west-2,N/A,2026-03-18,0.0,200.5,0.0,4.59,Production,Engineering
ACC-1014,Load Balancer,us-west-2,N/A,2026-03-18,0.0,0.0,57.6,4.88,Production,Engineering
ACC-1006,Content Delivery (CDN),us-east-1,N/A,2026-03-18,0.0,0.0,25.1,2.15,Production,Marketing
ACC-1006,Block Storage,us-east-1,gp3,2026-03-18,0.0,200.0,0.0,15.84,Production,Marketing
ACC-1006,Object Storage,us-east-1,N/A,2026-03-18,0.0,232.9,0.0,5.26,Production,Marketing
ACC-1015,Managed Database,ap-south-1,db.r5.large,2026-03-18,24.24,85.7,0.0,13.94,Production,Engineering
ACC-1007,Block Storage,ap-southeast-1,io2,2026-03-18,0.0,247.0,0.0,34.39,Production,Marketing
ACC-1005,Object Storage,us-east-1,N/A,2026-03-18,0.0,155.5,0.0,3.23,Production,IT Operations
ACC-1004,Data Warehouse,ap-southeast-1,dw.xlarge,2026-03-18,21.67,107.0,0.0,32.81,Staging,Sales
ACC-1004,Compute Instances,ap-southeast-1,m5.large,2026-03-18,22.31,0.0,0.0,2.1,Staging,Sales
ACC-1004,Block Storage,ap-southeast-1,gp3,2026-03-18,0.0,274.9,0.0,22.18,Staging,Sales
ACC-1005,Managed Kubernetes,us-east-1,c5.2xlarge,2026-03-18,9.56,0.0,0.0,3.1,Production,IT Operations
ACC-1005,Data Warehouse,us-east-1,dw.xlarge,2026-03-18,23.25,103.0,0.0,34.84,Production,IT Operations
ACC-1015,Load Balancer,ap-south-1,N/A,2026-03-18,0.0,0.0,20.9,2.01,Production,Engineering
ACC-1008,Data Transfer / Egress,ap-south-1,N/A,2026-03-18,0.0,0.0,41.6,3.49,Staging,Engineering
ACC-1007,Compute Instances,ap-southeast-1,t3.micro,2026-03-18,14.61,0.0,0.0,0.16,Production,Marketing
ACC-1011,Content Delivery (CDN),us-east-1,N/A,2026-03-18,0.0,0.0,22.5,1.81,Production,Sales
ACC-1002,Managed Kubernetes,ap-south-1,m5.large,2026-03-18,19.09,0.0,0.0,1.76,Production,Sales
ACC-1012,Load Balancer,eu-west-1,N/A,2026-03-18,0.0,0.0,80.8,6.47,Staging,Finance
ACC-1013,Managed Database,us-east-1,db.m5.large,2026-03-18,21.36,79.2,0.0,10.76,Staging,Data Science
ACC-1013,Managed Kubernetes,us-east-1,m5.xlarge,2026-03-18,18.14,0.0,0.0,3.32,Staging,Data Science
ACC-1011,Serverless Functions,us-east-1,N/A,2026-03-18,5.96,0.0,0.0,0.29,Production,Sales
ACC-1001,Managed Database,eu-central-1,db.m5.large,2026-03-18,12.57,34.0,0.0,5.42,Production,Engineering
ACC-1010,Data Transfer / Egress,ap-southeast-1,N/A,2026-03-18,0.0,0.0,20.3,1.88,Production,Data Science
ACC-1010,Compute Instances,ap-southeast-1,m5.xlarge,2026-03-18,9.37,0.0,0.0,1.81,Production,Data Science
ACC-1010,Data Warehouse,ap-southeast-1,dw.xlarge,2026-03-18,23.05,107.1,0.0,32.79,Production,Data Science
ACC-1001,Data Transfer / Egress,eu-central-1,N/A,2026-03-18,0.0,0.0,17.3,1.57,Production,Engineering
ACC-1002,Compute Instances,ap-south-1,m5.large,2026-03-18,20.35,0.0,0.0,2.25,Production,Sales
ACC-1009,Content Delivery (CDN),eu-central-1,N/A,2026-03-18,0.0,0.0,40.2,3.85,Staging,Engineering
ACC-1009,Object Storage,eu-central-1,N/A,2026-03-18,0.0,216.8,0.0,4.93,Staging,Engineering
ACC-1009,Compute Instances,eu-central-1,m5.large,2026-03-18,16.05,0.0,0.0,1.56,Staging,Engineering
ACC-1003,Block Storage,ap-south-1,io2,2026-03-18,0.0,298.2,0.0,36.74,Production,Data Science
ACC-1003,Content Delivery (CDN),ap-south-1,N/A,2026-03-18,0.0,0.0,56.0,24.43,Production,Data Science
ACC-1012,Object Storage,eu-west-1,N/A,2026-03-18,0.0,192.5,0.0,4.56,Staging,Finance
ACC-1002,Load Balancer,ap-south-1,N/A,2026-03-18,0.0,0.0,15.3,1.36,Production,Sales
ACC-1002,Data Warehouse,ap-south-1,dw.xlarge,2026-03-19,22.16,34.3,0.0,23.76,Staging,Sales
ACC-1015,Serverless Functions,ap-south-1,N/A,2026-03-19,9.22,0.0,0.0,0.41,Production,Engineering
ACC-1005,Content Delivery (CDN),us-east-1,N/A,2026-03-19,0.0,0.0,37.8,3.32,Production,IT Operations
ACC-1006,Object Storage,us-east-1,N/A,2026-03-19,0.0,143.4,0.0,3.44,Staging,Marketing
ACC-1009,Managed Kubernetes,eu-central-1,c5.2xlarge,2026-03-19,11.35,0.0,0.0,3.77,Production,Engineering
ACC-1010,Managed Database,ap-southeast-1,db.r5.large,2026-03-19,21.39,81.7,0.0,12.6,Production,Data Science
ACC-1009,Block Storage,eu-central-1,io2,2026-03-19,0.0,169.8,0.0,22.67,Production,Engineering
ACC-1009,Managed Database,eu-central-1,db.r5.large,2026-03-19,17.4,80.4,0.0,11.97,Production,Engineering
ACC-1002,Managed Database,ap-south-1,db.t3.medium,2026-03-19,20.17,66.0,0.0,8.3,Staging,Sales
ACC-1013,Managed Database,us-east-1,db.t3.medium,2026-03-19,25.96,122.5,0.0,12.83,Development,Data Science
ACC-1002,Compute Instances,ap-south-1,t3.micro,2026-03-19,15.66,0.0,0.0,0.18,Staging,Sales
ACC-1014,Serverless Functions,us-west-2,N/A,2026-03-19,6.23,0.0,0.0,0.32,Production,Engineering
ACC-1012,Data Warehouse,eu-west-1,dw.large,2026-03-19,24.11,51.0,0.0,18.15,Production,Finance
ACC-1012,Data Transfer / Egress,eu-west-1,N/A,2026-03-19,0.0,0.0,6.8,0.66,Production,Finance
ACC-1007,Managed Database,ap-southeast-1,db.r5.large,2026-03-19,37.03,57.4,0.0,13.95,Production,Marketing
ACC-1014,Object Storage,us-west-2,N/A,2026-03-19,0.0,206.7,0.0,4.6,Production,Engineering
ACC-1014,Data Transfer / Egress,us-west-2,N/A,2026-03-19,0.0,0.0,20.3,1.73,Production,Engineering
ACC-1004,Compute Instances,us-west-2,t3.micro,2026-03-19,12.1,0.0,0.0,0.12,Development,Sales
ACC-1001,Object Storage,eu-central-1,N/A,2026-03-19,0.0,289.3,0.0,6.74,Production,Engineering
ACC-1003,Data Transfer / Egress,ap-south-1,N/A,2026-03-19,0.0,0.0,16.9,1.55,Production,Data Science
ACC-1008,Block Storage,us-east-1,io2,2026-03-19,0.0,142.1,0.0,15.4,Development,Engineering
ACC-1011,Block Storage,us-west-2,gp3,2026-03-19,0.0,297.9,0.0,19.8,Staging,Sales
ACC-1001,Load Balancer,eu-central-1,N/A,2026-03-19,0.0,0.0,27.0,2.59,Production,Engineering
ACC-1012,Managed Database,eu-central-1,db.m5.large,2026-03-20,18.91,121.1,0.0,17.33,Staging,Finance
ACC-1006,Load Balancer,eu-west-1,N/A,2026-03-20,0.0,0.0,9.9,0.88,Production,Marketing
ACC-1006,Serverless Functions,eu-west-1,N/A,2026-03-20,6.7,0.0,0.0,0.34,Production,Marketing
ACC-1014,Data Transfer / Egress,eu-central-1,N/A,2026-03-20,0.0,0.0,26.1,2.15,Staging,Engineering
ACC-1007,Data Transfer / Egress,ap-southeast-1,N/A,2026-03-20,0.0,0.0,43.0,4.18,Production,Marketing
ACC-1007,Object Storage,ap-southeast-1,N/A,2026-03-20,0.0,207.0,0.0,4.73,Production,Marketing
ACC-1007,Managed Database,ap-southeast-1,db.r5.large,2026-03-20,28.86,89.5,0.0,16.9,Production,Marketing
ACC-1004,Managed Kubernetes,ap-southeast-1,m5.xlarge,2026-03-20,16.37,0.0,0.0,3.1,Production,Sales
ACC-1014,Object Storage,eu-central-1,N/A,2026-03-20,0.0,148.8,0.0,3.73,Staging,Engineering
ACC-1008,Compute Instances,us-east-1,t3.micro,2026-03-20,18.76,0.0,0.0,0.2,Production,Engineering
ACC-1011,Block Storage,us-east-1,st1,2026-03-20,0.0,259.3,0.0,10.51,Production,Sales
ACC-1011,Managed Database,us-east-1,db.m5.large,2026-03-20,24.2,29.1,0.0,6.96,Production,Sales
ACC-1011,Object Storage,us-east-1,N/A,2026-03-20,0.0,200.7,0.0,5.12,Production,Sales
ACC-1013,Data Warehouse,ap-south-1,dw.large,2026-03-20,25.85,70.5,0.0,17.06,Development,Data Science
ACC-1002,Block Storage,ap-south-1,gp3,2026-03-20,0.0,117.2,0.0,9.5,Staging,Sales
ACC-1010,Block Storage,ap-southeast-1,gp3,2026-03-20,0.0,212.5,0.0,15.98,Development,Data Science
ACC-1002,Object Storage,ap-south-1,N/A,2026-03-20,0.0,143.0,0.0,3.37,Staging,Sales
ACC-1008,Managed Database,us-east-1,db.r5.large,2026-03-20,19.75,42.9,0.0,8.71,Production,Engineering
ACC-1015,Content Delivery (CDN),eu-west-1,N/A,2026-03-21,0.0,0.0,16.2,1.5,Production,Engineering
ACC-1002,Content Delivery (CDN),ap-south-1,N/A,2026-03-21,0.0,0.0,62.9,5.61,Production,Sales
ACC-1005,Data Transfer / Egress,us-east-1,N/A,2026-03-21,0.0,0.0,8.8,0.78,Production,IT Operations
ACC-1001,Serverless Functions,eu-central-1,N/A,2026-03-21,13.81,0.0,0.0,0.71,Development,Engineering
ACC-1001,Data Transfer / Egress,eu-central-1,N/A,2026-03-21,0.0,0.0,32.5,2.94,Development,Engineering
ACC-1001,Content Delivery (CDN),eu-central-1,N/A,2026-03-21,0.0,0.0,8.1,0.8,Development,Engineering
ACC-1002,Serverless Functions,ap-south-1,N/A,2026-03-21,9.47,0.0,0.0,0.47,Production,Sales
ACC-1002,Block Storage,ap-south-1,st1,2026-03-21,0.0,308.2,0.0,12.93,Production,Sales
ACC-1013,Object Storage,us-east-1,N/A,2026-03-21,0.0,85.6,0.0,1.93,Staging,Data Science
ACC-1010,Managed Database,ap-southeast-1,db.r5.large,2026-03-21,13.93,52.9,0.0,8.77,Staging,Data Science
ACC-1010,Block Storage,ap-southeast-1,gp3,2026-03-21,0.0,189.4,0.0,13.71,Staging,Data Science
ACC-1009,Data Transfer / Egress,eu-central-1,N/A,2026-03-21,0.0,0.0,23.4,2.15,Production,Engineering
ACC-1009,Managed Database,eu-central-1,db.t3.medium,2026-03-21,8.81,18.5,0.0,2.54,Production,Engineering
ACC-1012,Managed Database,eu-west-1,db.r5.large,2026-03-21,9.98,17.0,0.0,4.25,Production,Finance
ACC-1012,Object Storage,eu-west-1,N/A,2026-03-21,0.0,162.7,0.0,3.87,Production,Finance
ACC-1013,Managed Database,us-east-1,db.t3.medium,2026-03-21,9.43,61.2,0.0,7.38,Staging,Data Science
ACC-1011,Data Transfer / Egress,us-east-1,N/A,2026-03-22,0.0,0.0,63.2,5.54,Development,Sales
ACC-1001,Load Balancer,eu-central-1,N/A,2026-03-22,0.0,0.0,29.6,2.51,Production,Engineering
ACC-1001,Data Warehouse,eu-central-1,dw.large,2026-03-22,8.43,24.2,0.0,7.1,Production,Engineering
ACC-1002,Data Transfer / Egress,ap-south-1,N/A,2026-03-22,0.0,0.0,11.2,0.93,Production,Sales
ACC-1002,Compute Instances,ap-south-1,c5.large,2026-03-22,5.09,0.0,0.0,0.47,Production,Sales
ACC-1007,Managed Kubernetes,ap-southeast-1,c5.2xlarge,2026-03-22,5.25,0.0,0.0,2.1,Production,Marketing
ACC-1007,Content Delivery (CDN),ap-southeast-1,N/A,2026-03-22,0.0,0.0,42.9,3.46,Production,Marketing
ACC-1011,Load Balancer,us-east-1,N/A,2026-03-22,0.0,0.0,22.1,1.88,Development,Sales
ACC-1006,Managed Database,us-east-1,db.m5.large,2026-03-22,16.79,37.6,0.0,6.73,Production,Marketing
ACC-1002,Data Warehouse,ap-south-1,dw.xlarge,2026-03-22,4.37,34.1,0.0,8.16,Production,Sales
ACC-1004,Data Warehouse,ap-southeast-1,dw.xlarge,2026-03-22,14.17,30.8,0.0,17.38,Production,Sales
ACC-1013,Compute Instances,us-east-1,r5.large,2026-03-22,7.49,0.0,0.0,0.96,Production,Data Science
ACC-1013,Serverless Functions,us-east-1,N/A,2026-03-22,10.2,0.0,0.0,0.54,Production,Data Science
ACC-1013,Managed Kubernetes,us-east-1,m5.xlarge,2026-03-22,4.68,0.0,0.0,0.82,Production,Data Science
ACC-1006,Serverless Functions,us-east-1,N/A,2026-03-22,6.06,0.0,0.0,0.34,Production,Marketing
ACC-1008,Serverless Functions,us-east-1,N/A,2026-03-22,5.98,0.0,0.0,0.32,Production,Engineering
ACC-1004,Data Transfer / Egress,ap-southeast-1,N/A,2026-03-22,0.0,0.0,8.4,0.77,Production,Sales
ACC-1004,Load Balancer,ap-southeast-1,N/A,2026-03-22,0.0,0.0,49.7,4.5,Production,Sales
ACC-1008,Load Balancer,us-east-1,N/A,2026-03-22,0.0,0.0,41.7,3.45,Production,Engineering
ACC-1004,Object Storage,ap-southeast-1,N/A,2026-03-23,0.0,75.3,0.0,1.92,Development,Sales
ACC-1002,Compute Instances,ap-southeast-1,m5.large,2026-03-23,17.91,0.0,0.0,1.87,Production,Sales
ACC-1014,Load Balancer,us-west-2,N/A,2026-03-23,0.0,0.0,12.7,1.04,Development,Engineering
ACC-1006,Managed Kubernetes,us-east-1,m5.large,2026-03-23,14.84,0.0,0.0,1.46,Production,Marketing
ACC-1006,Data Warehouse,us-east-1,dw.xlarge,2026-03-23,40.6,36.8,0.0,43.58,Production,Marketing
ACC-1005,Compute Instances,ap-south-1,m5.xlarge,2026-03-23,13.32,0.0,0.0,2.6,Staging,IT Operations
ACC-1005,Block Storage,ap-south-1,gp3,2026-03-23,0.0,203.6,0.0,16.37,Staging,IT Operations
ACC-1008,Managed Kubernetes,us-east-1,m5.large,2026-03-23,9.93,0.0,0.0,0.96,Development,Engineering
ACC-1008,Serverless Functions,us-east-1,N/A,2026-03-23,3.65,0.0,0.0,0.19,Development,Engineering
ACC-1008,Load Balancer,us-east-1,N/A,2026-03-23,0.0,0.0,34.3,3.3,Development,Engineering
ACC-1007,Managed Database,ap-southeast-1,db.t3.medium,2026-03-23,43.14,40.3,0.0,7.0,Development,Marketing
ACC-1003,Data Transfer / Egress,ap-south-1,N/A,2026-03-23,0.0,0.0,19.3,1.77,Production,Data Science
ACC-1003,Block Storage,ap-south-1,st1,2026-03-23,0.0,177.4,0.0,8.56,Production,Data Science
ACC-1003,Object Storage,ap-south-1,N/A,2026-03-23,0.0,223.2,0.0,5.19,Production,Data Science
ACC-1013,Load Balancer,us-east-1,N/A,2026-03-23,0.0,0.0,19.7,10.89,Production,Data Science
ACC-1009,Content Delivery (CDN),us-east-1,N/A,2026-03-23,0.0,0.0,7.5,0.73,Production,Engineering
ACC-1009,Managed Database,us-east-1,db.r5.large,2026-03-23,38.66,71.5,0.0,16.72,Production,Engineering
ACC-1009,Data Warehouse,us-east-1,dw.large,2026-03-23,22.2,33.4,0.0,13.71,Production,Engineering
ACC-1007,Content Delivery (CDN),ap-southeast-1,N/A,2026-03-23,0.0,0.0,14.4,1.32,Development,Marketing
ACC-1013,Content Delivery (CDN),ap-south-1,N/A,2026-03-24,0.0,0.0,7.9,0.76,Staging,Data Science
ACC-1001,Managed Kubernetes,eu-central-1,c5.2xlarge,2026-03-24,20.96,0.0,0.0,6.49,Production,Engineering
ACC-1001,Load Balancer,eu-central-1,N/A,2026-03-24,0.0,0.0,49.3,4.28,Production,Engineering
ACC-1001,Compute Instances,eu-central-1,m5.xlarge,2026-03-24,3.34,0.0,0.0,0.62,Production,Engineering
ACC-1014,Compute Instances,us-west-2,r5.large,2026-03-24,8.75,0.0,0.0,1.0,Development,Engineering
ACC-1010,Data Warehouse,ap-southeast-1,dw.large,2026-03-24,29.44,52.4,0.0,19.7,Production,Data Science
ACC-1010,Object Storage,ap-southeast-1,N/A,2026-03-24,0.0,396.3,0.0,9.32,Production,Data Science
ACC-1010,Compute Instances,ap-southeast-1,c5.large,2026-03-24,6.87,0.0,0.0,0.59,Production,Data Science
ACC-1012,Managed Kubernetes,eu-west-1,c5.2xlarge,2026-03-24,13.6,0.0,0.0,4.81,Staging,Finance
ACC-1012,Content Delivery (CDN),eu-west-1,N/A,2026-03-24,0.0,0.0,15.8,1.25,Staging,Finance
ACC-1012,Managed Database,eu-west-1,db.m5.large,2026-03-24,28.95,35.1,0.0,8.24,Staging,Finance
ACC-1002,Content Delivery (CDN),ap-south-1,N/A,2026-03-24,0.0,0.0,11.5,0.96,Development,Sales
ACC-1015,Serverless Functions,ap-south-1,N/A,2026-03-24,5.65,0.0,0.0,0.29,Staging,Engineering
ACC-1011,Managed Kubernetes,ap-south-1,c5.2xlarge,2026-03-24,13.11,0.0,0.0,4.42,Production,Sales
ACC-1007,Load Balancer,ap-southeast-1,N/A,2026-03-25,0.0,0.0,12.3,1.14,Development,Marketing
ACC-1005,Managed Kubernetes,us-east-1,m5.large,2026-03-25,21.28,0.0,0.0,1.9,Production,IT Operations
ACC-1005,Data Warehouse,us-east-1,dw.xlarge,2026-03-25,25.41,26.9,0.0,27.43,Production,IT Operations
ACC-1001,Content Delivery (CDN),eu-central-1,N/A,2026-03-25,0.0,0.0,20.9,1.89,Development,Engineering
ACC-1001,Managed Database,eu-central-1,db.m5.large,2026-03-25,32.08,68.3,0.0,11.11,Development,Engineering
ACC-1014,Data Warehouse,us-west-2,dw.xlarge,2026-03-25,9.55,32.2,0.0,10.88,Production,Engineering
ACC-1014,Compute Instances,us-west-2,c5.large,2026-03-25,19.02,0.0,0.0,1.63,Production,Engineering
ACC-1002,Compute Instances,ap-south-1,t3.micro,2026-03-25,14.37,0.0,0.0,0.14,Production,Sales
ACC-1008,Serverless Functions,us-east-1,N/A,2026-03-25,17.21,0.0,0.0,0.95,Staging,Engineering
ACC-1008,Load Balancer,us-east-1,N/A,2026-03-25,0.0,0.0,41.8,4.05,Staging,Engineering
ACC-1012,Managed Database,us-west-2,db.t3.medium,2026-03-25,17.82,74.0,0.0,8.64,Production,Finance
ACC-1012,Object Storage,us-west-2,N/A,2026-03-25,0.0,266.7,0.0,6.18,Production,Finance
ACC-1009,Block Storage,eu-central-1,io2,2026-03-25,0.0,103.3,0.0,11.86,Development,Engineering
ACC-1009,Managed Kubernetes,eu-central-1,m5.xlarge,2026-03-25,13.92,0.0,0.0,2.31,Development,Engineering
ACC-1004,Managed Database,ap-southeast-1,db.r5.large,2026-03-25,28.79,64.9,0.0,12.49,Production,Sales
ACC-1004,Block Storage,ap-southeast-1,gp3,2026-03-25,0.0,278.6,0.0,21.96,Production,Sales
ACC-1006,Compute Instances,us-east-1,m5.xlarge,2026-03-25,25.18,0.0,0.0,4.63,Staging,Marketing
ACC-1006,Content Delivery (CDN),us-east-1,N/A,2026-03-25,0.0,0.0,52.0,4.54,Staging,Marketing
ACC-1008,Compute Instances,us-east-1,c5.large,2026-03-25,15.52,0.0,0.0,1.44,Staging,Engineering
ACC-1013,Serverless Functions,us-east-1,N/A,2026-03-26,6.42,0.0,0.0,0.3,Production,Data Science
ACC-1007,Load Balancer,ap-southeast-1,N/A,2026-03-26,0.0,0.0,21.5,1.91,Production,Marketing
ACC-1007,Compute Instances,ap-southeast-1,t3.medium,2026-03-26,7.41,0.0,0.0,0.31,Production,Marketing
ACC-1015,Object Storage,ap-south-1,N/A,2026-03-26,0.0,237.0,0.0,6.05,Production,Engineering
ACC-1010,Object Storage,us-east-1,N/A,2026-03-26,0.0,191.0,0.0,4.21,Staging,Data Science
ACC-1010,Managed Kubernetes,us-east-1,m5.xlarge,2026-03-26,6.69,0.0,0.0,1.23,Staging,Data Science
ACC-1007,Block Storage,ap-southeast-1,gp3,2026-03-26,0.0,162.0,0.0,13.12,Production,Marketing
ACC-1015,Load Balancer,ap-south-1,N/A,2026-03-26,0.0,0.0,30.5,2.94,Production,Engineering
ACC-1001,Load Balancer,eu-central-1,N/A,2026-03-26,0.0,0.0,35.2,3.27,Production,Engineering
ACC-1008,Managed Database,us-east-1,db.r5.large,2026-03-26,11.61,43.0,0.0,6.91,Production,Engineering
ACC-1001,Managed Kubernetes,eu-central-1,m5.large,2026-03-26,25.46,0.0,0.0,2.77,Production,Engineering
ACC-1015,Serverless Functions,ap-south-1,N/A,2026-03-26,13.48,0.0,0.0,0.71,Production,Engineering
ACC-1001,Data Transfer / Egress,eu-central-1,N/A,2026-03-26,0.0,0.0,27.5,2.35,Production,Engineering
ACC-1012,Data Transfer / Egress,eu-west-1,N/A,2026-03-26,0.0,0.0,31.5,2.76,Production,Finance
ACC-1012,Compute Instances,eu-west-1,t3.micro,2026-03-26,11.15,0.0,0.0,0.12,Production,Finance
ACC-1012,Data Warehouse,eu-west-1,dw.xlarge,2026-03-26,10.63,68.7,0.0,18.51,Production,Finance
ACC-1006,Managed Kubernetes,us-east-1,m5.large,2026-03-26,22.86,0.0,0.0,2.31,Production,Marketing
ACC-1014,Object Storage,us-west-2,N/A,2026-03-27,0.0,102.4,0.0,2.16,Development,Engineering
ACC-1014,Content Delivery (CDN),us-west-2,N/A,2026-03-27,0.0,0.0,40.0,3.74,Development,Engineering
ACC-1014,Data Transfer / Egress,us-west-2,N/A,2026-03-27,0.0,0.0,23.5,2.2,Development,Engineering
ACC-1007,Object Storage,eu-west-1,N/A,2026-03-27,0.0,235.9,0.0,5.48,Production,Marketing
ACC-1003,Content Delivery (CDN),ap-south-1,N/A,2026-03-27,0.0,0.0,30.5,2.87,Development,Data Science
ACC-1015,Compute Instances,ap-south-1,m5.large,2026-03-27,21.54,0.0,0.0,2.06,Staging,Engineering
ACC-1015,Content Delivery (CDN),ap-south-1,N/A,2026-03-27,0.0,0.0,16.0,1.25,Staging,Engineering
ACC-1006,Load Balancer,ap-south-1,N/A,2026-03-27,0.0,0.0,22.2,2.18,Production,Marketing
ACC-1002,Serverless Functions,ap-south-1,N/A,2026-03-27,31.02,0.0,0.0,1.64,Production,Sales
ACC-1010,Managed Kubernetes,us-east-1,c5.2xlarge,2026-03-27,13.12,0.0,0.0,4.48,Production,Data Science
ACC-1013,Compute Instances,us-east-1,t3.micro,2026-03-27,15.96,0.0,0.0,0.17,Development,Data Science
ACC-1013,Object Storage,us-east-1,N/A,2026-03-27,0.0,74.2,0.0,1.68,Development,Data Science
ACC-1013,Data Warehouse,us-east-1,dw.xlarge,2026-03-27,26.27,48.4,0.0,32.1,Development,Data Science
ACC-1015,Serverless Functions,ap-south-1,N/A,2026-03-27,11.3,0.0,0.0,0.53,Staging,Engineering
ACC-1005,Managed Kubernetes,us-east-1,m5.large,2026-03-28,8.77,0.0,0.0,0.8,Production,IT Operations
ACC-1005,Object Storage,us-east-1,N/A,2026-03-28,0.0,229.7,0.0,5.36,Production,IT Operations
ACC-1003,Managed Database,ap-south-1,db.r5.large,2026-03-28,8.77,38.3,0.0,5.2,Production,Data Science
ACC-1002,Content Delivery (CDN),ap-south-1,N/A,2026-03-28,0.0,0.0,48.4,4.17,Development,Sales
ACC-1014,Data Transfer / Egress,us-west-2,N/A,2026-03-28,0.0,0.0,40.9,3.77,Staging,Engineering
ACC-1011,Data Warehouse,us-east-1,dw.large,2026-03-28,5.4,104.1,0.0,13.31,Staging,Sales
ACC-1015,Content Delivery (CDN),ap-south-1,N/A,2026-03-28,0.0,0.0,41.9,4.06,Production,Engineering
ACC-1011,Serverless Functions,us-east-1,N/A,2026-03-28,9.86,0.0,0.0,0.5,Staging,Sales
ACC-1006,Serverless Functions,us-east-1,N/A,2026-03-28,8.88,0.0,0.0,0.45,Production,Marketing
ACC-1010,Managed Database,eu-west-1,db.t3.medium,2026-03-28,16.99,32.3,0.0,4.69,Staging,Data Science
ACC-1014,Managed Kubernetes,us-west-2,c5.2xlarge,2026-03-28,8.88,0.0,0.0,2.7,Staging,Engineering
ACC-1010,Serverless Functions,eu-west-1,N/A,2026-03-28,9.68,0.0,0.0,0.51,Staging,Data Science
ACC-1005,Content Delivery (CDN),us-east-1,N/A,2026-03-28,0.0,0.0,15.4,1.52,Production,IT Operations
ACC-1009,Serverless Functions,eu-central-1,N/A,2026-03-28,3.63,0.0,0.0,0.15,Production,Engineering
ACC-1001,Content Delivery (CDN),eu-central-1,N/A,2026-03-28,0.0,0.0,18.0,1.61,Production,Engineering
ACC-1001,Serverless Functions,eu-central-1,N/A,2026-03-28,11.44,0.0,0.0,0.49,Production,Engineering
ACC-1012,Load Balancer,eu-west-1,N/A,2026-03-28,0.0,0.0,27.6,2.64,Production,Finance
ACC-1009,Content Delivery (CDN),eu-central-1,N/A,2026-03-28,0.0,0.0,31.3,11.06,Production,Engineering
ACC-1013,Managed Database,us-east-1,db.r5.large,2026-03-28,16.46,76.6,0.0,13.04,Development,Data Science
ACC-1012,Managed Database,eu-west-1,db.m5.large,2026-03-28,7.64,53.1,0.0,7.95,Production,Finance
ACC-1004,Data Transfer / Egress,ap-southeast-1,N/A,2026-03-28,0.0,0.0,14.7,1.23,Staging,Sales
ACC-1007,Object Storage,ap-southeast-1,N/A,2026-03-28,0.0,292.2,0.0,7.23,Production,Marketing
ACC-1007,Data Transfer / Egress,ap-southeast-1,N/A,2026-03-28,0.0,0.0,12.8,1.03,Production,Marketing
ACC-1007,Compute Instances,ap-southeast-1,t3.medium,2026-03-28,7.31,0.0,0.0,0.26,Production,Marketing
ACC-1013,Compute Instances,us-east-1,c5.large,2026-03-28,10.86,0.0,0.0,0.85,Development,Data Science
ACC-1010,Data Warehouse,ap-southeast-1,dw.xlarge,2026-03-29,12.6,31.7,0.0,15.85,Production,Data Science
ACC-1010,Data Transfer / Egress,ap-southeast-1,N/A,2026-03-29,0.0,0.0,13.0,1.15,Production,Data Science
ACC-1010,Block Storage,ap-southeast-1,st1,2026-03-29,0.0,243.6,0.0,9.6,Production,Data Science
ACC-1007,Managed Database,us-east-1,db.r5.large,2026-03-29,13.4,32.0,0.0,6.73,Staging,Marketing
ACC-1007,Serverless Functions,us-east-1,N/A,2026-03-29,11.03,0.0,0.0,0.58,Staging,Marketing
ACC-1003,Managed Database,ap-south-1,db.m5.large,2026-03-29,15.41,101.2,0.0,11.89,Production,Data Science
ACC-1007,Object Storage,us-east-1,N/A,2026-03-29,0.0,175.5,0.0,4.1,Staging,Marketing
ACC-1015,Block Storage,ap-south-1,io2,2026-03-29,0.0,84.1,0.0,10.16,Staging,Engineering
ACC-1009,Serverless Functions,eu-central-1,N/A,2026-03-29,11.65,0.0,0.0,0.64,Production,Engineering
ACC-1002,Data Warehouse,ap-south-1,dw.large,2026-03-29,15.55,78.5,0.0,76.85,Development,Sales
ACC-1013,Block Storage,eu-west-1,st1,2026-03-29,0.0,278.5,0.0,13.54,Development,Data Science
ACC-1008,Object Storage,us-east-1,N/A,2026-03-29,0.0,217.0,0.0,4.93,Production,Engineering
ACC-1015,Compute Instances,ap-south-1,c5.large,2026-03-29,8.98,0.0,0.0,0.83,Staging,Engineering
ACC-1002,Object Storage,ap-south-1,N/A,2026-03-30,0.0,211.2,0.0,4.6,Development,Sales
ACC-1010,Load Balancer,ap-southeast-1,N/A,2026-03-30,0.0,0.0,15.7,1.53,Staging,Data Science
ACC-1010,Managed Kubernetes,ap-southeast-1,m5.large,2026-03-30,5.42,0.0,0.0,0.55,Staging,Data Science
ACC-1010,Data Warehouse,ap-southeast-1,dw.xlarge,2026-03-30,13.64,57.1,0.0,19.69,Staging,Data Science
ACC-1007,Data Warehouse,ap-south-1,dw.xlarge,2026-03-30,18.61,127.1,0.0,31.43,Production,Marketing
ACC-1007,Serverless Functions,ap-south-1,N/A,2026-03-30,9.02,0.0,0.0,0.46,Production,Marketing
ACC-1009,Compute Instances,eu-central-1,t3.medium,2026-03-30,27.38,0.0,0.0,1.07,Development,Engineering
ACC-1009,Managed Database,eu-central-1,db.m5.large,2026-03-30,49.83,26.3,0.0,11.82,Development,Engineering
ACC-1009,Data Transfer / Egress,eu-central-1,N/A,2026-03-30,0.0,0.0,21.7,1.82,Development,Engineering
ACC-1006,Compute Instances,eu-west-1,c5.large,2026-03-30,11.02,0.0,0.0,0.82,Staging,Marketing
ACC-1006,Data Transfer / Egress,eu-west-1,N/A,2026-03-30,0.0,0.0,6.3,0.52,Staging,Marketing
ACC-1014,Data Transfer / Egress,us-west-2,N/A,2026-03-30,0.0,0.0,50.2,4.78,Staging,Engineering
ACC-1007,Compute Instances,ap-south-1,t3.micro,2026-03-30,14.44,0.0,0.0,0.16,Production,Marketing
ACC-1014,Content Delivery (CDN),us-west-2,N/A,2026-03-30,0.0,0.0,34.8,2.95,Staging,Engineering
ACC-1011,Object Storage,us-east-1,N/A,2026-03-30,0.0,321.8,0.0,7.29,Staging,Sales
ACC-1012,Managed Kubernetes,eu-west-1,m5.large,2026-03-30,5.14,0.0,0.0,0.46,Production,Finance
ACC-1004,Managed Database,ap-southeast-1,db.t3.medium,2026-03-30,30.94,28.8,0.0,4.74,Staging,Sales
ACC-1014,Compute Instances,us-west-2,m5.xlarge,2026-03-30,16.33,0.0,0.0,3.46,Staging,Engineering
ACC-1008,Data Warehouse,us-east-1,dw.xlarge,2026-03-30,26.83,61.0,0.0,33.69,Staging,Engineering
ACC-1008,Block Storage,us-east-1,gp3,2026-03-30,0.0,274.3,0.0,21.1,Staging,Engineering
ACC-1005,Data Warehouse,us-east-1,dw.large,2026-03-30,25.67,48.8,0.0,17.57,Development,IT Operations
ACC-1015,Content Delivery (CDN),ap-south-1,N/A,2026-03-30,0.0,0.0,21.0,1.85,Production,Engineering
ACC-1008,Object Storage,us-east-1,N/A,2026-03-30,0.0,142.1,0.0,3.4,Staging,Engineering
ACC-1003,Data Warehouse,ap-south-1,dw.large,2026-03-30,37.14,20.5,0.0,19.11,Staging,Data Science
ACC-1003,Block Storage,ap-south-1,io2,2026-03-30,0.0,159.9,0.0,19.54,Staging,Data Science
ACC-1013,Data Warehouse,us-east-1,dw.xlarge,2026-03-30,42.11,39.1,0.0,41.82,Staging,Data Science
ACC-1012,Load Balancer,eu-west-1,N/A,2026-03-30,0.0,0.0,31.0,2.62,Production,Finance
ACC-1012,Compute Instances,eu-west-1,m5.large,2026-03-30,19.18,0.0,0.0,1.94,Production,Finance
ACC-1015,Data Transfer / Egress,ap-south-1,N/A,2026-03-30,0.0,0.0,58.8,5.16,Production,Engineering
ACC-1008,Serverless Functions,us-east-1,N/A,2026-03-31,18.84,0.0,0.0,0.85,Development,Engineering
ACC-1003,Block Storage,ap-south-1,gp3,2026-03-31,0.0,142.4,0.0,11.89,Development,Data Science
ACC-1013,Load Balancer,us-east-1,N/A,2026-03-31,0.0,0.0,3.9,0.34,Production,Data Science
ACC-1013,Data Transfer / Egress,us-east-1,N/A,2026-03-31,0.0,0.0,14.9,1.22,Production,Data Science
ACC-1008,Object Storage,us-east-1,N/A,2026-03-31,0.0,270.5,0.0,5.86,Development,Engineering
ACC-1004,Object Storage,ap-southeast-1,N/A,2026-03-31,0.0,312.1,0.0,6.89,Production,Sales
ACC-1015,Compute Instances,ap-south-1,c5.large,2026-03-31,5.11,0.0,0.0,0.5,Production,Engineering
ACC-1007,Block Storage,ap-southeast-1,io2,2026-03-31,0.0,166.6,0.0,19.2,Production,Marketing
ACC-1014,Serverless Functions,us-west-2,N/A,2026-03-31,13.59,0.0,0.0,0.66,Development,Engineering
ACC-1004,Data Warehouse,ap-southeast-1,dw.large,2026-03-31,23.78,97.9,0.0,22.75,Production,Sales
ACC-1015,Managed Kubernetes,ap-south-1,m5.xlarge,2026-03-31,16.65,0.0,0.0,3.22,Production,Engineering
ACC-1002,Content Delivery (CDN),ap-south-1,N/A,2026-03-31,0.0,0.0,12.7,4.45,Production,Sales
ACC-1009,Serverless Functions,ap-south-1,N/A,2026-03-31,13.51,0.0,0.0,0.69,Production,Engineering
ACC-1006,Object Storage,us-east-1,N/A,2026-03-31,0.0,119.2,0.0,2.84,Production,Marketing
ACC-1006,Content Delivery (CDN),us-east-1,N/A,2026-03-31,0.0,0.0,26.3,2.37,Production,Marketing
ACC-1006,Load Balancer,us-east-1,N/A,2026-03-31,0.0,0.0,21.2,1.98,Production,Marketing
ACC-1001,Object Storage,eu-central-1,N/A,2026-03-31,0.0,76.8,0.0,1.69,Production,Engineering
ACC-1001,Managed Database,eu-central-1,db.r5.large,2026-03-31,13.56,52.1,0.0,9.18,Production,Engineering
ACC-1001,Compute Instances,eu-central-1,t3.medium,2026-03-31,13.27,0.0,0.0,0.54,Production,Engineering
ACC-1010,Data Transfer / Egress,ap-south-1,N/A,2026-03-31,0.0,0.0,35.6,2.95,Staging,Data Science
ACC-1010,Managed Database,ap-south-1,db.r5.large,2026-03-31,36.32,65.4,0.0,15.99,Staging,Data Science
ACC-1010,Load Balancer,ap-south-1,N/A,2026-03-31,0.0,0.0,31.1,2.84,Staging,Data Science
ACC-1011,Object Storage,us-east-1,N/A,2026-03-31,0.0,84.3,0.0,1.91,Production,Sales
ACC-1005,Serverless Functions,us-east-1,N/A,2026-03-31,6.69,0.0,0.0,0.33,Production,IT Operations
ACC-1008,Managed Database,us-east-1,db.m5.large,2026-04-01,30.65,49.9,0.0,9.53,Staging,Engineering
ACC-1007,Compute Instances,eu-west-1,m5.large,2026-04-01,18.75,0.0,0.0,1.73,Production,Marketing
ACC-1007,Block Storage,eu-west-1,gp3,2026-04-01,0.0,267.7,0.0,19.38,Production,Marketing
ACC-1009,Block Storage,eu-central-1,io2,2026-04-01,0.0,295.1,0.0,36.61,Development,Engineering
ACC-1008,Block Storage,us-east-1,io2,2026-04-01,0.0,263.6,0.0,30.72,Staging,Engineering
ACC-1015,Managed Database,ap-south-1,db.r5.large,2026-04-01,42.81,38.4,0.0,14.25,Staging,Engineering
ACC-1011,Data Transfer / Egress,us-east-1,N/A,2026-04-01,0.0,0.0,24.4,2.17,Production,Sales
ACC-1011,Managed Kubernetes,us-east-1,m5.xlarge,2026-04-01,21.31,0.0,0.0,4.19,Production,Sales
ACC-1011,Object Storage,us-east-1,N/A,2026-04-01,0.0,367.8,0.0,8.44,Production,Sales
ACC-1009,Managed Database,eu-central-1,db.r5.large,2026-04-01,47.96,59.4,0.0,15.79,Development,Engineering
ACC-1002,Object Storage,ap-south-1,N/A,2026-04-01,0.0,162.6,0.0,3.88,Production,Sales
ACC-1009,Compute Instances,eu-central-1,t3.medium,2026-04-01,7.22,0.0,0.0,0.28,Development,Engineering
ACC-1005,Block Storage,us-east-1,gp3,2026-04-01,0.0,291.6,0.0,20.52,Staging,IT Operations
ACC-1012,Block Storage,eu-west-1,io2,2026-04-01,0.0,103.1,0.0,14.24,Staging,Finance
ACC-1012,Managed Database,eu-west-1,db.r5.large,2026-04-01,17.29,75.8,0.0,13.61,Staging,Finance
ACC-1003,Object Storage,ap-south-1,N/A,2026-04-01,0.0,350.1,0.0,7.56,Production,Data Science
ACC-1006,Block Storage,us-east-1,gp3,2026-04-01,0.0,104.9,0.0,8.4,Production,Marketing
ACC-1001,Content Delivery (CDN),eu-central-1,N/A,2026-04-01,0.0,0.0,27.3,2.61,Staging,Engineering
ACC-1012,Managed Kubernetes,eu-west-1,m5.large,2026-04-01,12.07,0.0,0.0,1.07,Staging,Finance
ACC-1006,Managed Database,us-east-1,db.m5.large,2026-04-01,41.27,74.0,0.0,15.95,Production,Marketing
ACC-1010,Data Warehouse,ap-southeast-1,dw.xlarge,2026-04-01,51.55,54.5,0.0,58.3,Production,Data Science
ACC-1005,Compute Instances,us-east-1,t3.micro,2026-04-01,18.86,0.0,0.0,0.19,Staging,IT Operations
ACC-1005,Object Storage,us-east-1,N/A,2026-04-01,0.0,191.3,0.0,4.33,Staging,IT Operations
ACC-1006,Serverless Functions,us-east-1,N/A,2026-04-01,10.57,0.0,0.0,0.57,Production,Marketing
ACC-1005,Block Storage,us-east-1,io2,2026-04-02,0.0,195.8,0.0,25.11,Production,IT Operations
ACC-1007,Serverless Functions,ap-southeast-1,N/A,2026-04-02,12.23,0.0,0.0,0.66,Staging,Marketing
ACC-1010,Block Storage,us-west-2,gp3,2026-04-02,0.0,116.2,0.0,9.51,Production,Data Science
ACC-1010,Compute Instances,us-west-2,t3.micro,2026-04-02,20.48,0.0,0.0,0.21,Production,Data Science
ACC-1001,Content Delivery (CDN),eu-central-1,N/A,2026-04-02,0.0,0.0,19.6,1.7,Development,Engineering
ACC-1001,Object Storage,eu-central-1,N/A,2026-04-02,0.0,179.2,0.0,4.62,Development,Engineering
ACC-1015,Managed Kubernetes,ap-south-1,c5.2xlarge,2026-04-02,6.59,0.0,0.0,2.11,Production,Engineering
ACC-1014,Block Storage,us-east-1,st1,2026-04-02,0.0,123.0,0.0,4.86,Development,Engineering
ACC-1012,Compute Instances,eu-west-1,m5.xlarge,2026-04-02,9.96,0.0,0.0,2.09,Production,Finance
ACC-1012,Object Storage,eu-west-1,N/A,2026-04-02,0.0,191.4,0.0,4.9,Production,Finance
ACC-1005,Compute Instances,us-east-1,t3.medium,2026-04-02,14.43,0.0,0.0,0.68,Production,IT Operations
ACC-1005,Load Balancer,us-east-1,N/A,2026-04-02,0.0,0.0,13.5,1.18,Production,IT Operations
ACC-1006,Data Warehouse,us-east-1,dw.large,2026-04-02,15.39,29.1,0.0,9.7,Development,Marketing
ACC-1002,Load Balancer,ap-south-1,N/A,2026-04-02,0.0,0.0,30.6,2.54,Staging,Sales
ACC-1002,Data Warehouse,ap-south-1,dw.xlarge,2026-04-02,16.9,140.7,0.0,29.44,Staging,Sales
ACC-1002,Serverless Functions,ap-south-1,N/A,2026-04-02,10.6,0.0,0.0,0.57,Staging,Sales
ACC-1008,Block Storage,us-east-1,io2,2026-04-02,0.0,164.3,0.0,20.31,Production,Engineering
ACC-1008,Managed Kubernetes,us-east-1,c5.2xlarge,2026-04-02,14.85,0.0,0.0,5.16,Production,Engineering
ACC-1011,Data Transfer / Egress,eu-west-1,N/A,2026-04-02,0.0,0.0,49.4,4.02,Production,Sales
ACC-1011,Managed Kubernetes,eu-west-1,c5.2xlarge,2026-04-02,17.46,0.0,0.0,6.11,Production,Sales
ACC-1004,Block Storage,ap-southeast-1,gp3,2026-04-02,0.0,153.4,0.0,11.71,Production,Sales
ACC-1004,Serverless Functions,ap-southeast-1,N/A,2026-04-02,17.05,0.0,0.0,0.96,Production,Sales
ACC-1004,Load Balancer,ap-southeast-1,N/A,2026-04-02,0.0,0.0,75.0,5.93,Production,Sales
ACC-1002,Compute Instances,ap-south-1,t3.micro,2026-04-03,19.35,0.0,0.0,0.23,Development,Sales
ACC-1012,Load Balancer,eu-west-1,N/A,2026-04-03,0.0,0.0,26.4,2.48,Staging,Finance
ACC-1012,Compute Instances,eu-west-1,r5.large,2026-04-03,18.4,0.0,0.0,2.49,Staging,Finance
ACC-1012,Managed Kubernetes,eu-west-1,c5.2xlarge,2026-04-03,12.61,0.0,0.0,4.85,Staging,Finance
ACC-1008,Object Storage,us-east-1,N/A,2026-04-03,0.0,189.2,0.0,4.59,Staging,Engineering
ACC-1007,Load Balancer,ap-south-1,N/A,2026-04-03,0.0,0.0,36.2,3.05,Production,Marketing
ACC-1006,Managed Database,us-east-1,db.r5.large,2026-04-03,27.7,36.1,0.0,9.41,Production,Marketing
ACC-1001,Managed Database,eu-central-1,db.t3.medium,2026-04-03,37.18,63.1,0.0,8.93,Production,Engineering
ACC-1001,Object Storage,eu-central-1,N/A,2026-04-03,0.0,196.3,0.0,4.73,Production,Engineering
ACC-1001,Serverless Functions,eu-central-1,N/A,2026-04-03,8.87,0.0,0.0,0.42,Production,Engineering
ACC-1002,Block Storage,ap-south-1,io2,2026-04-03,0.0,245.4,0.0,31.97,Development,Sales
ACC-1014,Managed Kubernetes,us-west-2,c5.2xlarge,2026-04-03,21.37,0.0,0.0,6.0,Production,Engineering
ACC-1002,Data Transfer / Egress,ap-south-1,N/A,2026-04-03,0.0,0.0,43.5,3.96,Development,Sales
ACC-1010,Managed Database,ap-southeast-1,db.t3.medium,2026-04-03,34.22,60.7,0.0,7.96,Development,Data Science
ACC-1015,Data Transfer / Egress,ap-south-1,N/A,2026-04-03,0.0,0.0,40.3,3.38,Production,Engineering
ACC-1004,Data Transfer / Egress,ap-southeast-1,N/A,2026-04-03,0.0,0.0,20.5,1.84,Production,Sales
ACC-1013,Data Warehouse,us-east-1,dw.xlarge,2026-04-03,45.0,32.9,0.0,44.49,Staging,Data Science
ACC-1003,Data Warehouse,ap-south-1,dw.xlarge,2026-04-03,30.1,45.4,0.0,33.67,Production,Data Science
ACC-1003,Object Storage,ap-south-1,N/A,2026-04-03,0.0,169.0,0.0,4.28,Production,Data Science
ACC-1005,Managed Database,us-east-1,db.m5.large,2026-04-03,21.19,73.3,0.0,10.3,Development,IT Operations
ACC-1010,Block Storage,ap-southeast-1,st1,2026-04-03,0.0,245.0,0.0,13.17,Development,Data Science
ACC-1005,Serverless Functions,us-east-1,N/A,2026-04-03,12.2,0.0,0.0,0.61,Development,IT Operations
ACC-1009,Load Balancer,eu-central-1,N/A,2026-04-03,0.0,0.0,50.0,5.38,Staging,Engineering
ACC-1009,Compute Instances,eu-central-1,m5.xlarge,2026-04-03,7.76,0.0,0.0,1.51,Staging,Engineering
ACC-1009,Block Storage,eu-central-1,gp3,2026-04-03,0.0,159.9,0.0,13.19,Staging,Engineering
ACC-1015,Serverless Functions,ap-south-1,N/A,2026-04-03,14.8,0.0,0.0,0.74,Production,Engineering
ACC-1005,Managed Kubernetes,us-east-1,m5.xlarge,2026-04-03,11.23,0.0,0.0,2.08,Development,IT Operations
ACC-1008,Content Delivery (CDN),us-east-1,N/A,2026-04-04,0.0,0.0,10.9,0.92,Production,Engineering
ACC-1008,Load Balancer,us-east-1,N/A,2026-04-04,0.0,0.0,6.1,0.59,Production,Engineering
ACC-1001,Load Balancer,eu-central-1,N/A,2026-04-04,0.0,0.0,15.3,1.35,Production,Engineering
ACC-1011,Serverless Functions,us-east-1,N/A,2026-04-04,7.38,0.0,0.0,0.38,Staging,Sales
ACC-1006,Content Delivery (CDN),us-east-1,N/A,2026-04-04,0.0,0.0,5.2,0.46,Development,Marketing
ACC-1003,Serverless Functions,ap-south-1,N/A,2026-04-04,8.32,0.0,0.0,0.46,Production,Data Science
ACC-1003,Object Storage,ap-south-1,N/A,2026-04-04,0.0,194.9,0.0,4.39,Production,Data Science
ACC-1011,Managed Database,us-east-1,db.r5.large,2026-04-04,15.68,26.4,0.0,6.92,Staging,Sales
ACC-1011,Managed Kubernetes,us-east-1,m5.xlarge,2026-04-04,4.36,0.0,0.0,0.93,Staging,Sales
ACC-1015,Serverless Functions,ap-south-1,N/A,2026-04-04,14.6,0.0,0.0,0.73,Staging,Engineering
ACC-1006,Load Balancer,us-east-1,N/A,2026-04-04,0.0,0.0,33.4,2.83,Development,Marketing
ACC-1010,Managed Kubernetes,ap-southeast-1,c5.2xlarge,2026-04-04,12.49,0.0,0.0,3.89,Production,Data Science
ACC-1004,Load Balancer,ap-southeast-1,N/A,2026-04-04,0.0,0.0,58.4,5.35,Production,Sales
ACC-1005,Data Transfer / Egress,us-east-1,N/A,2026-04-04,0.0,0.0,30.5,2.92,Staging,IT Operations
ACC-1005,Load Balancer,us-east-1,N/A,2026-04-04,0.0,0.0,44.5,3.79,Staging,IT Operations
ACC-1005,Object Storage,us-east-1,N/A,2026-04-04,0.0,202.9,0.0,4.93,Staging,IT Operations
ACC-1004,Object Storage,ap-southeast-1,N/A,2026-04-04,0.0,206.4,0.0,4.76,Production,Sales
ACC-1013,Load Balancer,ap-southeast-1,N/A,2026-04-04,0.0,0.0,25.0,2.41,Development,Data Science
ACC-1013,Compute Instances,ap-southeast-1,t3.micro,2026-04-04,13.68,0.0,0.0,0.15,Development,Data Science
ACC-1014,Data Transfer / Egress,us-west-2,N/A,2026-04-04,0.0,0.0,71.1,7.28,Production,Engineering
ACC-1014,Managed Kubernetes,us-west-2,m5.large,2026-04-04,12.98,0.0,0.0,1.38,Production,Engineering
ACC-1014,Data Warehouse,us-west-2,dw.large,2026-04-04,16.09,30.9,0.0,10.79,Production,Engineering
ACC-1007,Data Warehouse,ap-southeast-1,dw.large,2026-04-04,12.22,93.0,0.0,15.09,Production,Marketing
ACC-1010,Data Warehouse,ap-southeast-1,dw.large,2026-04-04,6.1,28.0,0.0,6.72,Production,Data Science
ACC-1011,Managed Database,us-east-1,db.t3.medium,2026-04-05,12.8,45.2,0.0,19.16,Development,Sales
ACC-1011,Compute Instances,us-east-1,m5.xlarge,2026-04-05,7.36,0.0,0.0,1.37,Development,Sales
ACC-1006,Managed Kubernetes,us-east-1,m5.large,2026-04-05,11.62,0.0,0.0,1.21,Production,Marketing
ACC-1006,Data Warehouse,us-east-1,dw.xlarge,2026-04-05,7.27,100.6,0.0,15.66,Production,Marketing
ACC-1014,Data Warehouse,us-west-2,dw.large,2026-04-05,10.4,77.8,0.0,12.97,Development,Engineering
ACC-1012,Data Warehouse,eu-west-1,dw.large,2026-04-05,15.88,83.9,0.0,18.93,Production,Finance
ACC-1012,Serverless Functions,eu-west-1,N/A,2026-04-05,5.63,0.0,0.0,0.28,Production,Finance
ACC-1002,Managed Kubernetes,ap-south-1,m5.xlarge,2026-04-05,3.2,0.0,0.0,0.66,Staging,Sales
ACC-1006,Serverless Functions,us-east-1,N/A,2026-04-05,4.76,0.0,0.0,0.26,Production,Marketing
ACC-1002,Data Warehouse,ap-south-1,dw.large,2026-04-05,11.1,76.2,0.0,12.71,Staging,Sales
ACC-1014,Compute Instances,us-west-2,m5.large,2026-04-05,10.66,0.0,0.0,0.87,Development,Engineering
ACC-1003,Managed Database,ap-south-1,db.r5.large,2026-04-05,11.56,40.0,0.0,6.87,Production,Data Science
ACC-1002,Managed Database,ap-south-1,db.m5.large,2026-04-05,9.66,51.8,0.0,7.21,Staging,Sales
ACC-1007,Object Storage,ap-southeast-1,N/A,2026-04-05,0.0,270.0,0.0,6.48,Production,Marketing
ACC-1005,Block Storage,us-east-1,io2,2026-04-05,0.0,230.0,0.0,27.21,Production,IT Operations
ACC-1005,Content Delivery (CDN),us-east-1,N/A,2026-04-05,0.0,0.0,16.3,1.63,Production,IT Operations
ACC-1005,Compute Instances,us-east-1,t3.micro,2026-04-05,5.6,0.0,0.0,0.06,Production,IT Operations
ACC-1015,Compute Instances,ap-south-1,t3.micro,2026-04-05,6.68,0.0,0.0,0.07,Production,Engineering
ACC-1015,Managed Database,ap-south-1,db.m5.large,2026-04-05,10.68,103.4,0.0,11.29,Production,Engineering
ACC-1015,Data Transfer / Egress,ap-south-1,N/A,2026-04-05,0.0,0.0,30.2,3.14,Production,Engineering
ACC-1001,Content Delivery (CDN),ap-south-1,N/A,2026-04-05,0.0,0.0,14.2,1.24,Staging,Engineering
ACC-1010,Block Storage,ap-southeast-1,gp3,2026-04-05,0.0,126.9,0.0,8.41,Production,Data Science
ACC-1004,Managed Database,ap-southeast-1,db.m5.large,2026-04-06,39.29,47.8,0.0,12.05,Development,Sales
ACC-1003,Compute Instances,ap-south-1,m5.large,2026-04-06,27.73,0.0,0.0,2.67,Production,Data Science
ACC-1003,Serverless Functions,ap-south-1,N/A,2026-04-06,6.32,0.0,0.0,0.36,Production,Data Science
ACC-1008,Serverless Functions,us-east-1,N/A,2026-04-06,21.06,0.0,0.0,1.04,Production,Engineering
ACC-1008,Managed Kubernetes,us-east-1,m5.xlarge,2026-04-06,18.99,0.0,0.0,3.77,Production,Engineering
ACC-1006,Block Storage,eu-central-1,io2,2026-04-06,0.0,176.6,0.0,24.59,Production,Marketing
ACC-1004,Content Delivery (CDN),ap-southeast-1,N/A,2026-04-06,0.0,0.0,69.2,5.83,Development,Sales
ACC-1006,Data Transfer / Egress,eu-central-1,N/A,2026-04-06,0.0,0.0,32.1,3.11,Production,Marketing
ACC-1014,Block Storage,us-west-2,gp3,2026-04-06,0.0,163.7,0.0,12.02,Staging,Engineering
ACC-1009,Data Transfer / Egress,eu-central-1,N/A,2026-04-06,0.0,0.0,30.2,2.65,Production,Engineering
ACC-1009,Serverless Functions,eu-central-1,N/A,2026-04-06,17.43,0.0,0.0,0.72,Production,Engineering
ACC-1012,Content Delivery (CDN),eu-west-1,N/A,2026-04-06,0.0,0.0,42.4,4.08,Production,Finance
ACC-1010,Block Storage,ap-southeast-1,io2,2026-04-06,0.0,218.2,0.0,25.57,Development,Data Science
ACC-1010,Content Delivery (CDN),ap-southeast-1,N/A,2026-04-06,0.0,0.0,22.4,1.72,Development,Data Science
ACC-1014,Load Balancer,us-west-2,N/A,2026-04-06,0.0,0.0,31.3,3.0,Staging,Engineering
ACC-1015,Load Balancer,ap-south-1,N/A,2026-04-07,0.0,0.0,39.1,3.51,Production,Engineering
ACC-1015,Serverless Functions,ap-south-1,N/A,2026-04-07,13.84,0.0,0.0,0.64,Production,Engineering
ACC-1015,Object Storage,ap-south-1,N/A,2026-04-07,0.0,96.7,0.0,2.36,Production,Engineering
ACC-1012,Data Warehouse,eu-west-1,dw.large,2026-04-07,14.54,75.4,0.0,14.48,Production,Finance
ACC-1012,Object Storage,eu-west-1,N/A,2026-04-07,0.0,202.8,0.0,4.75,Production,Finance
ACC-1011,Content Delivery (CDN),us-east-1,N/A,2026-04-07,0.0,0.0,38.0,3.56,Development,Sales
ACC-1006,Data Warehouse,us-east-1,dw.xlarge,2026-04-07,19.52,17.4,0.0,22.1,Production,Marketing
ACC-1009,Content Delivery (CDN),eu-central-1,N/A,2026-04-07,0.0,0.0,29.0,2.57,Development,Engineering
ACC-1009,Object Storage,eu-central-1,N/A,2026-04-07,0.0,128.0,0.0,2.92,Development,Engineering
ACC-1005,Load Balancer,us-east-1,N/A,2026-04-07,0.0,0.0,21.9,1.9,Production,IT Operations
ACC-1005,Managed Kubernetes,us-east-1,m5.xlarge,2026-04-07,20.4,0.0,0.0,3.86,Production,IT Operations
ACC-1005,Managed Database,us-east-1,db.t3.medium,2026-04-07,21.03,59.5,0.0,7.29,Production,IT Operations
ACC-1001,Data Transfer / Egress,eu-central-1,N/A,2026-04-07,0.0,0.0,27.5,2.6,Staging,Engineering
ACC-1009,Managed Kubernetes,eu-central-1,m5.large,2026-04-07,9.91,0.0,0.0,1.06,Development,Engineering
ACC-1010,Data Transfer / Egress,ap-southeast-1,N/A,2026-04-07,0.0,0.0,21.1,1.56,Development,Data Science
ACC-1007,Managed Database,ap-southeast-1,db.t3.medium,2026-04-07,7.87,46.4,0.0,5.1,Production,Marketing
ACC-1014,Compute Instances,us-west-2,t3.micro,2026-04-07,12.48,0.0,0.0,0.13,Staging,Engineering
ACC-1007,Content Delivery (CDN),ap-southeast-1,N/A,2026-04-07,0.0,0.0,22.6,2.23,Production,Marketing
ACC-1007,Data Transfer / Egress,ap-southeast-1,N/A,2026-04-07,0.0,0.0,16.0,1.42,Production,Marketing
ACC-1002,Managed Database,ap-south-1,db.r5.large,2026-04-07,27.22,59.3,0.0,12.0,Production,Sales
ACC-1002,Data Warehouse,ap-south-1,dw.xlarge,2026-04-07,6.63,48.5,0.0,11.26,Production,Sales
ACC-1002,Object Storage,ap-south-1,N/A,2026-04-07,0.0,302.0,0.0,7.03,Production,Sales
ACC-1003,Load Balancer,us-east-1,N/A,2026-04-07,0.0,0.0,24.9,2.34,Production,Data Science
ACC-1008,Load Balancer,us-east-1,N/A,2026-04-07,0.0,0.0,45.0,4.03,Production,Engineering
ACC-1008,Content Delivery (CDN),us-east-1,N/A,2026-04-07,0.0,0.0,15.0,1.39,Production,Engineering
ACC-1014,Serverless Functions,us-west-2,N/A,2026-04-07,10.6,0.0,0.0,0.58,Staging,Engineering
ACC-1004,Managed Kubernetes,ap-southeast-1,m5.xlarge,2026-04-07,8.26,0.0,0.0,1.61,Development,Sales
ACC-1004,Data Warehouse,ap-southeast-1,dw.large,2026-04-07,29.0,102.3,0.0,24.23,Development,Sales
ACC-1013,Data Transfer / Egress,us-east-1,N/A,2026-04-07,0.0,0.0,44.1,4.34,Development,Data Science
ACC-1010,Content Delivery (CDN),ap-southeast-1,N/A,2026-04-07,0.0,0.0,32.2,2.97,Development,Data Science
ACC-1011,Compute Instances,eu-central-1,m5.xlarge,2026-04-08,7.2,0.0,0.0,1.38,Production,Sales
ACC-1014,Content Delivery (CDN),us-west-2,N/A,2026-04-08,0.0,0.0,35.3,3.32,Development,Engineering
ACC-1012,Managed Database,eu-west-1,db.m5.large,2026-04-08,21.38,76.2,0.0,11.69,Production,Finance
ACC-1008,Data Warehouse,us-east-1,dw.large,2026-04-08,19.6,36.0,0.0,12.43,Staging,Engineering
ACC-1011,Managed Kubernetes,eu-central-1,m5.large,2026-04-08,13.28,0.0,0.0,1.32,Production,Sales
ACC-1008,Managed Database,us-east-1,db.m5.large,2026-04-08,11.5,26.5,0.0,4.45,Staging,Engineering
ACC-1009,Data Transfer / Egress,eu-central-1,N/A,2026-04-08,0.0,0.0,31.1,2.63,Production,Engineering
ACC-1001,Serverless Functions,eu-central-1,N/A,2026-04-08,8.7,0.0,0.0,0.43,Production,Engineering
ACC-1001,Data Warehouse,eu-central-1,dw.xlarge,2026-04-08,30.85,98.2,0.0,42.25,Production,Engineering
ACC-1001,Compute Instances,eu-central-1,m5.xlarge,2026-04-08,12.29,0.0,0.0,2.17,Production,Engineering
ACC-1013,Managed Database,us-east-1,db.t3.medium,2026-04-08,30.3,58.5,0.0,8.65,Development,Data Science
ACC-1013,Managed Kubernetes,us-east-1,m5.xlarge,2026-04-08,15.16,0.0,0.0,3.43,Development,Data Science
ACC-1012,Compute Instances,eu-west-1,r5.large,2026-04-08,5.93,0.0,0.0,0.8,Production,Finance
ACC-1008,Object Storage,us-east-1,N/A,2026-04-08,0.0,77.7,0.0,1.8,Staging,Engineering
ACC-1010,Compute Instances,ap-southeast-1,c5.large,2026-04-08,20.89,0.0,0.0,1.9,Production,Data Science
ACC-1006,Serverless Functions,us-east-1,N/A,2026-04-08,16.75,0.0,0.0,0.8,Production,Marketing
ACC-1014,Serverless Functions,us-west-2,N/A,2026-04-08,13.31,0.0,0.0,0.64,Development,Engineering
ACC-1005,Managed Kubernetes,us-east-1,m5.xlarge,2026-04-08,20.96,0.0,0.0,4.33,Staging,IT Operations
ACC-1007,Compute Instances,ap-southeast-1,m5.xlarge,2026-04-08,14.99,0.0,0.0,2.94,Staging,Marketing
ACC-1015,Content Delivery (CDN),ap-south-1,N/A,2026-04-08,0.0,0.0,8.3,0.78,Staging,Engineering
ACC-1015,Managed Database,ap-south-1,db.m5.large,2026-04-08,10.47,47.1,0.0,6.98,Staging,Engineering
ACC-1014,Compute Instances,us-west-2,t3.medium,2026-04-08,6.49,0.0,0.0,0.28,Development,Engineering
ACC-1002,Managed Database,ap-south-1,db.m5.large,2026-04-08,18.93,15.9,0.0,5.23,Production,Sales
ACC-1015,Compute Instances,ap-south-1,m5.large,2026-04-08,9.57,0.0,0.0,0.96,Staging,Engineering
ACC-1002,Object Storage,ap-south-1,N/A,2026-04-08,0.0,161.4,0.0,3.59,Production,Sales
ACC-1003,Managed Database,ap-south-1,db.r5.large,2026-04-08,17.17,46.9,0.0,9.04,Production,Data Science
ACC-1006,Load Balancer,us-east-1,N/A,2026-04-08,0.0,0.0,33.7,3.2,Production,Marketing
ACC-1006,Data Transfer / Egress,us-east-1,N/A,2026-04-08,0.0,0.0,23.5,2.28,Production,Marketing
ACC-1004,Data Warehouse,ap-southeast-1,dw.large,2026-04-08,39.61,26.8,0.0,22.79,Staging,Sales
ACC-1002,Content Delivery (CDN),ap-south-1,N/A,2026-04-08,0.0,0.0,61.1,5.59,Production,Sales
ACC-1008,Serverless Functions,ap-south-1,N/A,2026-04-09,25.96,0.0,0.0,1.29,Production,Engineering
ACC-1008,Block Storage,ap-south-1,io2,2026-04-09,0.0,172.6,0.0,20.7,Production,Engineering
ACC-1009,Managed Kubernetes,eu-central-1,m5.xlarge,2026-04-09,18.93,0.0,0.0,3.69,Production,Engineering
ACC-1009,Content Delivery (CDN),eu-central-1,N/A,2026-04-09,0.0,0.0,19.4,1.77,Production,Engineering
ACC-1012,Data Warehouse,eu-west-1,dw.large,2026-04-09,9.76,18.5,0.0,7.75,Staging,Finance
ACC-1015,Data Transfer / Egress,ap-south-1,N/A,2026-04-09,0.0,0.0,6.6,0.56,Staging,Engineering
ACC-1013,Content Delivery (CDN),ap-southeast-1,N/A,2026-04-09,0.0,0.0,31.5,2.79,Staging,Data Science
ACC-1013,Managed Kubernetes,ap-southeast-1,m5.large,2026-04-09,7.66,0.0,0.0,0.73,Staging,Data Science
ACC-1013,Object Storage,ap-southeast-1,N/A,2026-04-09,0.0,171.3,0.0,3.7,Staging,Data Science
ACC-1001,Compute Instances,eu-central-1,r5.large,2026-04-09,14.36,0.0,0.0,1.58,Staging,Engineering
ACC-1012,Data Transfer / Egress,eu-west-1,N/A,2026-04-09,0.0,0.0,22.1,1.84,Staging,Finance
ACC-1001,Managed Kubernetes,eu-central-1,m5.xlarge,2026-04-09,12.37,0.0,0.0,2.17,Staging,Engineering
ACC-1012,Block Storage,eu-west-1,gp3,2026-04-09,0.0,233.6,0.0,20.16,Staging,Finance
ACC-1002,Data Warehouse,eu-central-1,dw.xlarge,2026-04-09,24.43,24.2,0.0,27.52,Production,Sales
ACC-1011,Block Storage,us-east-1,io2,2026-04-09,0.0,129.3,0.0,14.6,Production,Sales
ACC-1011,Compute Instances,us-east-1,c5.large,2026-04-09,9.8,0.0,0.0,0.81,Production,Sales
ACC-1004,Compute Instances,ap-southeast-1,m5.xlarge,2026-04-09,16.9,0.0,0.0,3.5,Production,Sales
ACC-1006,Data Transfer / Egress,us-east-1,N/A,2026-04-09,0.0,0.0,28.5,2.88,Staging,Marketing
ACC-1006,Compute Instances,us-east-1,m5.large,2026-04-09,17.09,0.0,0.0,1.6,Staging,Marketing
ACC-1004,Data Transfer / Egress,ap-southeast-1,N/A,2026-04-09,0.0,0.0,20.2,1.81,Production,Sales
ACC-1005,Content Delivery (CDN),us-east-1,N/A,2026-04-09,0.0,0.0,63.1,5.73,Production,IT Operations
ACC-1005,Data Transfer / Egress,us-east-1,N/A,2026-04-09,0.0,0.0,17.1,1.54,Production,IT Operations
ACC-1005,Block Storage,us-east-1,st1,2026-04-09,0.0,174.4,0.0,8.39,Production,IT Operations
ACC-1002,Data Transfer / Egress,eu-central-1,N/A,2026-04-09,0.0,0.0,39.9,3.23,Production,Sales
ACC-1001,Data Transfer / Egress,eu-central-1,N/A,2026-04-09,0.0,0.0,23.4,2.15,Staging,Engineering
ACC-1007,Block Storage,ap-southeast-1,gp3,2026-04-10,0.0,194.3,0.0,16.44,Development,Marketing
ACC-1005,Block Storage,us-east-1,gp3,2026-04-10,0.0,96.5,0.0,7.75,Staging,IT Operations
ACC-1005,Content Delivery (CDN),us-east-1,N/A,2026-04-10,0.0,0.0,28.8,3.12,Staging,IT Operations
ACC-1003,Managed Database,ap-south-1,db.r5.large,2026-04-10,21.43,59.7,0.0,11.62,Staging,Data Science
ACC-1015,Serverless Functions,ap-south-1,N/A,2026-04-10,36.96,0.0,0.0,1.87,Development,Engineering
ACC-1015,Data Transfer / Egress,ap-south-1,N/A,2026-04-10,0.0,0.0,41.8,3.65,Development,Engineering
ACC-1014,Compute Instances,ap-south-1,r5.large,2026-04-10,13.28,0.0,0.0,1.6,Production,Engineering
ACC-1007,Managed Database,ap-southeast-1,db.r5.large,2026-04-10,9.29,132.4,0.0,15.23,Development,Marketing
ACC-1011,Managed Kubernetes,us-east-1,m5.large,2026-04-10,12.55,0.0,0.0,1.19,Production,Sales
ACC-1011,Compute Instances,us-east-1,m5.large,2026-04-10,6.16,0.0,0.0,3.47,Production,Sales
ACC-1011,Data Transfer / Egress,us-east-1,N/A,2026-04-10,0.0,0.0,10.8,0.95,Production,Sales
ACC-1009,Content Delivery (CDN),eu-central-1,N/A,2026-04-10,0.0,0.0,44.2,4.1,Staging,Engineering
ACC-1009,Serverless Functions,eu-central-1,N/A,2026-04-10,15.63,0.0,0.0,0.89,Staging,Engineering
ACC-1004,Content Delivery (CDN),ap-southeast-1,N/A,2026-04-10,0.0,0.0,45.6,14.5,Staging,Sales
ACC-1004,Serverless Functions,ap-southeast-1,N/A,2026-04-10,19.57,0.0,0.0,0.98,Staging,Sales
ACC-1004,Block Storage,ap-southeast-1,io2,2026-04-10,0.0,85.3,0.0,10.7,Staging,Sales
ACC-1001,Serverless Functions,eu-central-1,N/A,2026-04-11,16.75,0.0,0.0,0.78,Production,Engineering
ACC-1010,Managed Kubernetes,ap-southeast-1,m5.xlarge,2026-04-11,2.68,0.0,0.0,0.48,Staging,Data Science
ACC-1010,Content Delivery (CDN),ap-southeast-1,N/A,2026-04-11,0.0,0.0,80.7,6.92,Staging,Data Science
ACC-1010,Data Warehouse,ap-southeast-1,dw.large,2026-04-11,25.99,52.3,0.0,16.27,Staging,Data Science
ACC-1005,Data Transfer / Egress,us-east-1,N/A,2026-04-11,0.0,0.0,22.5,1.92,Production,IT Operations
ACC-1007,Serverless Functions,ap-south-1,N/A,2026-04-11,14.23,0.0,0.0,0.77,Production,Marketing
ACC-1009,Block Storage,eu-central-1,io2,2026-04-11,0.0,131.7,0.0,16.15,Production,Engineering
ACC-1008,Serverless Functions,us-east-1,N/A,2026-04-11,9.3,0.0,0.0,0.41,Staging,Engineering
ACC-1007,Managed Kubernetes,ap-south-1,m5.xlarge,2026-04-11,6.85,0.0,0.0,1.27,Production,Marketing
ACC-1007,Content Delivery (CDN),ap-south-1,N/A,2026-04-11,0.0,0.0,2.7,0.23,Production,Marketing
ACC-1009,Object Storage,eu-central-1,N/A,2026-04-11,0.0,317.6,0.0,7.25,Production,Engineering
ACC-1002,Load Balancer,ap-south-1,N/A,2026-04-11,0.0,0.0,52.1,4.36,Production,Sales
ACC-1006,Serverless Functions,us-east-1,N/A,2026-04-11,5.72,0.0,0.0,0.28,Development,Marketing
ACC-1002,Object Storage,ap-south-1,N/A,2026-04-11,0.0,324.7,0.0,8.1,Production,Sales
ACC-1002,Managed Kubernetes,ap-south-1,m5.xlarge,2026-04-11,6.64,0.0,0.0,1.22,Production,Sales
ACC-1013,Content Delivery (CDN),us-east-1,N/A,2026-04-11,0.0,0.0,35.9,3.03,Production,Data Science
ACC-1013,Serverless Functions,us-east-1,N/A,2026-04-11,5.86,0.0,0.0,0.27,Production,Data Science
ACC-1006,Load Balancer,us-east-1,N/A,2026-04-11,0.0,0.0,5.2,0.49,Development,Marketing
ACC-1006,Data Transfer / Egress,us-east-1,N/A,2026-04-11,0.0,0.0,36.5,3.21,Development,Marketing
ACC-1013,Compute Instances,us-east-1,r5.large,2026-04-11,9.85,0.0,0.0,1.34,Production,Data Science
ACC-1015,Managed Database,ap-south-1,db.m5.large,2026-04-11,7.79,57.5,0.0,7.53,Production,Engineering
ACC-1015,Content Delivery (CDN),ap-south-1,N/A,2026-04-11,0.0,0.0,73.5,6.41,Production,Engineering
ACC-1014,Compute Instances,us-west-2,r5.large,2026-04-11,2.19,0.0,0.0,0.28,Production,Engineering
ACC-1012,Content Delivery (CDN),ap-south-1,N/A,2026-04-11,0.0,0.0,34.4,3.12,Production,Finance
ACC-1015,Compute Instances,ap-south-1,c5.large,2026-04-11,11.61,0.0,0.0,1.06,Production,Engineering
ACC-1015,Block Storage,ap-south-1,gp3,2026-04-12,0.0,331.2,0.0,26.37,Production,Engineering
ACC-1004,Data Transfer / Egress,ap-southeast-1,N/A,2026-04-12,0.0,0.0,28.9,2.65,Staging,Sales
ACC-1002,Data Transfer / Egress,ap-south-1,N/A,2026-04-12,0.0,0.0,57.9,4.76,Production,Sales
ACC-1001,Data Transfer / Egress,eu-central-1,N/A,2026-04-12,0.0,0.0,28.4,2.45,Staging,Engineering
ACC-1009,Compute Instances,eu-central-1,m5.xlarge,2026-04-12,8.05,0.0,0.0,1.63,Production,Engineering
ACC-1015,Content Delivery (CDN),ap-south-1,N/A,2026-04-12,0.0,0.0,34.0,3.19,Production,Engineering
ACC-1011,Data Transfer / Egress,us-east-1,N/A,2026-04-12,0.0,0.0,20.9,2.02,Staging,Sales
ACC-1010,Block Storage,eu-central-1,st1,2026-04-12,0.0,161.6,0.0,7.95,Development,Data Science
ACC-1003,Compute Instances,ap-south-1,r5.large,2026-04-12,5.98,0.0,0.0,0.71,Staging,Data Science
ACC-1011,Load Balancer,us-east-1,N/A,2026-04-12,0.0,0.0,57.5,5.54,Staging,Sales
ACC-1011,Object Storage,us-east-1,N/A,2026-04-12,0.0,296.1,0.0,6.69,Staging,Sales
ACC-1010,Serverless Functions,eu-central-1,N/A,2026-04-12,16.18,0.0,0.0,0.84,Development,Data Science
ACC-1009,Data Transfer / Egress,eu-central-1,N/A,2026-04-13,0.0,0.0,15.2,1.59,Development,Engineering
ACC-1008,Data Transfer / Egress,ap-south-1,N/A,2026-04-13,0.0,0.0,24.5,2.02,Staging,Engineering
ACC-1014,Object Storage,ap-south-1,N/A,2026-04-13,0.0,158.8,0.0,3.49,Development,Engineering
ACC-1011,Block Storage,us-east-1,io2,2026-04-13,0.0,146.2,0.0,18.76,Production,Sales
ACC-1015,Compute Instances,ap-south-1,m5.large,2026-04-13,22.9,0.0,0.0,2.39,Staging,Engineering
ACC-1004,Serverless Functions,ap-southeast-1,N/A,2026-04-13,6.75,0.0,0.0,0.32,Staging,Sales
ACC-1004,Managed Database,ap-southeast-1,db.t3.medium,2026-04-13,35.22,27.7,0.0,4.96,Staging,Sales
ACC-1014,Serverless Functions,ap-south-1,N/A,2026-04-13,17.56,0.0,0.0,0.84,Development,Engineering
ACC-1008,Compute Instances,ap-south-1,t3.medium,2026-04-13,2.74,0.0,0.0,0.12,Staging,Engineering
ACC-1001,Data Transfer / Egress,us-east-1,N/A,2026-04-13,0.0,0.0,42.1,3.85,Development,Engineering
ACC-1011,Content Delivery (CDN),us-east-1,N/A,2026-04-13,0.0,0.0,12.8,1.27,Production,Sales
ACC-1001,Load Balancer,us-east-1,N/A,2026-04-13,0.0,0.0,47.9,4.7,Development,Engineering
ACC-1011,Compute Instances,us-east-1,m5.xlarge,2026-04-13,18.66,0.0,0.0,3.51,Production,Sales
ACC-1010,Managed Kubernetes,ap-southeast-1,c5.2xlarge,2026-04-13,6.37,0.0,0.0,2.17,Staging,Data Science
ACC-1010,Block Storage,ap-southeast-1,st1,2026-04-13,0.0,300.5,0.0,14.5,Staging,Data Science
ACC-1002,Block Storage,ap-south-1,st1,2026-04-13,0.0,281.4,0.0,13.45,Production,Sales
ACC-1002,Data Transfer / Egress,ap-south-1,N/A,2026-04-13,0.0,0.0,11.2,1.01,Production,Sales
ACC-1002,Managed Database,ap-south-1,db.m5.large,2026-04-13,15.58,49.3,0.0,8.64,Production,Sales
ACC-1003,Content Delivery (CDN),ap-south-1,N/A,2026-04-14,0.0,0.0,11.6,1.02,Production,Data Science
ACC-1010,Load Balancer,ap-southeast-1,N/A,2026-04-14,0.0,0.0,20.6,1.5,Development,Data Science
ACC-1001,Data Transfer / Egress,eu-central-1,N/A,2026-04-14,0.0,0.0,39.1,3.4,Staging,Engineering
ACC-1002,Managed Kubernetes,ap-southeast-1,c5.2xlarge,2026-04-14,14.62,0.0,0.0,5.27,Staging,Sales
ACC-1004,Load Balancer,ap-southeast-1,N/A,2026-04-14,0.0,0.0,66.4,5.95,Staging,Sales
ACC-1011,Compute Instances,us-east-1,m5.large,2026-04-14,17.84,0.0,0.0,1.74,Production,Sales
ACC-1005,Managed Database,us-east-1,db.r5.large,2026-04-14,28.41,68.7,0.0,13.1,Production,IT Operations
ACC-1005,Load Balancer,us-east-1,N/A,2026-04-14,0.0,0.0,18.4,1.82,Production,IT Operations
ACC-1012,Managed Kubernetes,eu-west-1,m5.large,2026-04-14,20.19,0.0,0.0,2.21,Production,Finance
ACC-1008,Managed Kubernetes,us-east-1,m5.xlarge,2026-04-14,23.72,0.0,0.0,4.72,Production,Engineering
ACC-1011,Load Balancer,us-east-1,N/A,2026-04-15,0.0,0.0,50.6,4.21,Staging,Sales
ACC-1006,Compute Instances,us-east-1,t3.medium,2026-04-15,17.4,0.0,0.0,0.7,Development,Marketing
ACC-1012,Block Storage,eu-west-1,gp3,2026-04-15,0.0,206.8,0.0,16.18,Production,Finance
ACC-1012,Content Delivery (CDN),eu-west-1,N/A,2026-04-15,0.0,0.0,29.0,2.54,Production,Finance
ACC-1002,Serverless Functions,ap-south-1,N/A,2026-04-15,12.71,0.0,0.0,0.61,Production,Sales
ACC-1015,Managed Database,ap-south-1,db.t3.medium,2026-04-15,32.84,23.7,0.0,4.3,Staging,Engineering
ACC-1002,Data Transfer / Egress,ap-south-1,N/A,2026-04-15,0.0,0.0,31.8,3.07,Production,Sales
ACC-1004,Managed Database,ap-southeast-1,db.t3.medium,2026-04-15,26.42,23.3,0.0,4.4,Production,Sales
ACC-1004,Data Warehouse,ap-southeast-1,dw.xlarge,2026-04-15,26.8,17.7,0.0,28.54,Production,Sales
ACC-1004,Compute Instances,ap-southeast-1,m5.xlarge,2026-04-15,5.22,0.0,0.0,0.97,Production,Sales
ACC-1011,Object Storage,us-east-1,N/A,2026-04-15,0.0,234.5,0.0,6.16,Staging,Sales
ACC-1002,Block Storage,ap-south-1,io2,2026-04-15,0.0,106.3,0.0,13.74,Production,Sales
ACC-1011,Data Warehouse,us-east-1,dw.xlarge,2026-04-15,13.84,54.8,0.0,17.4,Staging,Sales
ACC-1009,Data Warehouse,ap-south-1,dw.xlarge,2026-04-15,24.33,34.1,0.0,25.1,Production,Engineering
ACC-1013,Serverless Functions,us-east-1,N/A,2026-04-15,15.46,0.0,0.0,0.74,Staging,Data Science
ACC-1003,Data Transfer / Egress,ap-south-1,N/A,2026-04-15,0.0,0.0,35.8,3.26,Staging,Data Science
ACC-1014,Compute Instances,us-west-2,r5.large,2026-04-15,21.77,0.0,0.0,2.76,Production,Engineering
ACC-1014,Managed Kubernetes,us-west-2,c5.2xlarge,2026-04-15,14.17,0.0,0.0,4.86,Production,Engineering
ACC-1008,Managed Database,us-east-1,db.t3.medium,2026-04-15,24.24,35.6,0.0,5.65,Development,Engineering
ACC-1007,Managed Database,ap-southeast-1,db.m5.large,2026-04-15,37.69,76.1,0.0,10.94,Production,Marketing
ACC-1007,Content Delivery (CDN),ap-southeast-1,N/A,2026-04-15,0.0,0.0,29.7,2.56,Production,Marketing
ACC-1005,Object Storage,ap-southeast-1,N/A,2026-04-15,0.0,182.2,0.0,3.9,Production,IT Operations
ACC-1001,Compute Instances,eu-central-1,c5.large,2026-04-15,12.97,0.0,0.0,1.21,Staging,Engineering
ACC-1001,Content Delivery (CDN),eu-central-1,N/A,2026-04-15,0.0,0.0,26.9,2.61,Staging,Engineering
ACC-1009,Managed Database,ap-south-1,db.t3.medium,2026-04-15,43.14,52.6,0.0,38.87,Production,Engineering
ACC-1009,Serverless Functions,ap-south-1,N/A,2026-04-15,12.72,0.0,0.0,0.63,Production,Engineering
ACC-1001,Load Balancer,eu-central-1,N/A,2026-04-15,0.0,0.0,16.7,1.52,Staging,Engineering
ACC-1005,Compute Instances,us-east-1,m5.xlarge,2026-04-16,26.19,0.0,0.0,5.07,Production,IT Operations
ACC-1009,Block Storage,ap-southeast-1,gp3,2026-04-16,0.0,249.3,0.0,17.71,Staging,Engineering
ACC-1010,Compute Instances,ap-southeast-1,m5.xlarge,2026-04-16,13.73,0.0,0.0,2.75,Production,Data Science
ACC-1005,Data Transfer / Egress,us-east-1,N/A,2026-04-16,0.0,0.0,46.1,3.61,Production,IT Operations
ACC-1005,Managed Kubernetes,us-east-1,m5.xlarge,2026-04-16,9.65,0.0,0.0,1.75,Production,IT Operations
ACC-1004,Managed Kubernetes,ap-southeast-1,m5.xlarge,2026-04-16,13.35,0.0,0.0,2.59,Staging,Sales
ACC-1009,Data Warehouse,ap-southeast-1,dw.xlarge,2026-04-16,14.07,120.1,0.0,27.47,Staging,Engineering
ACC-1012,Block Storage,eu-west-1,gp3,2026-04-16,0.0,207.0,0.0,16.47,Production,Finance
ACC-1012,Load Balancer,eu-west-1,N/A,2026-04-16,0.0,0.0,22.8,2.12,Production,Finance
ACC-1012,Compute Instances,eu-west-1,m5.large,2026-04-16,6.32,0.0,0.0,0.7,Production,Finance
ACC-1003,Block Storage,eu-central-1,st1,2026-04-16,0.0,177.9,0.0,9.25,Development,Data Science
ACC-1013,Object Storage,us-east-1,N/A,2026-04-16,0.0,281.3,0.0,6.4,Development,Data Science
ACC-1004,Load Balancer,ap-southeast-1,N/A,2026-04-16,0.0,0.0,33.3,2.81,Staging,Sales
ACC-1013,Block Storage,us-east-1,io2,2026-04-16,0.0,441.7,0.0,55.98,Development,Data Science
ACC-1013,Managed Kubernetes,us-east-1,m5.xlarge,2026-04-16,20.47,0.0,0.0,4.17,Development,Data Science
ACC-1001,Managed Kubernetes,eu-central-1,c5.2xlarge,2026-04-16,8.79,0.0,0.0,3.08,Production,Engineering
ACC-1001,Data Warehouse,eu-central-1,dw.large,2026-04-16,26.48,50.1,0.0,17.66,Production,Engineering
ACC-1014,Load Balancer,us-west-2,N/A,2026-04-16,0.0,0.0,18.3,1.6,Production,Engineering
ACC-1014,Data Warehouse,us-west-2,dw.large,2026-04-16,21.3,173.2,0.0,26.7,Production,Engineering
ACC-1002,Content Delivery (CDN),ap-south-1,N/A,2026-04-16,0.0,0.0,14.2,1.09,Development,Sales
ACC-1008,Compute Instances,us-east-1,m5.large,2026-04-16,15.8,0.0,0.0,1.63,Production,Engineering
ACC-1008,Content Delivery (CDN),us-east-1,N/A,2026-04-16,0.0,0.0,33.5,3.22,Production,Engineering
ACC-1014,Data Transfer / Egress,us-west-2,N/A,2026-04-16,0.0,0.0,23.1,1.98,Production,Engineering
ACC-1006,Block Storage,us-east-1,io2,2026-04-16,0.0,280.0,0.0,38.9,Production,Marketing
ACC-1007,Managed Database,ap-southeast-1,db.m5.large,2026-04-16,18.99,75.2,0.0,9.92,Production,Marketing
ACC-1007,Compute Instances,ap-southeast-1,r5.large,2026-04-16,10.52,0.0,0.0,1.12,Production,Marketing
ACC-1007,Load Balancer,ap-southeast-1,N/A,2026-04-16,0.0,0.0,15.9,1.64,Production,Marketing
ACC-1011,Content Delivery (CDN),us-east-1,N/A,2026-04-16,0.0,0.0,29.7,2.76,Production,Sales
ACC-1006,Load Balancer,us-east-1,N/A,2026-04-16,0.0,0.0,20.7,1.78,Production,Marketing
ACC-1012,Load Balancer,ap-south-1,N/A,2026-04-17,0.0,0.0,33.6,3.0,Staging,Finance
ACC-1012,Data Transfer / Egress,ap-south-1,N/A,2026-04-17,0.0,0.0,8.3,0.75,Staging,Finance
ACC-1005,Managed Kubernetes,us-east-1,c5.2xlarge,2026-04-17,8.94,0.0,0.0,3.2,Production,IT Operations
ACC-1005,Object Storage,us-east-1,N/A,2026-04-17,0.0,230.6,0.0,5.67,Production,IT Operations
ACC-1002,Data Transfer / Egress,ap-south-1,N/A,2026-04-17,0.0,0.0,22.3,2.11,Production,Sales
ACC-1002,Load Balancer,ap-south-1,N/A,2026-04-17,0.0,0.0,29.3,2.81,Production,Sales
ACC-1013,Block Storage,us-east-1,st1,2026-04-17,0.0,290.4,0.0,13.35,Development,Data Science
ACC-1013,Object Storage,us-east-1,N/A,2026-04-17,0.0,145.2,0.0,3.84,Development,Data Science
ACC-1013,Managed Database,us-east-1,db.m5.large,2026-04-17,39.59,88.1,0.0,15.51,Development,Data Science
ACC-1012,Block Storage,ap-south-1,st1,2026-04-17,0.0,221.0,0.0,9.05,Staging,Finance
ACC-1003,Object Storage,ap-south-1,N/A,2026-04-17,0.0,182.0,0.0,3.89,Staging,Data Science
ACC-1010,Content Delivery (CDN),ap-southeast-1,N/A,2026-04-17,0.0,0.0,6.8,0.58,Production,Data Science
ACC-1006,Managed Database,us-east-1,db.r5.large,2026-04-17,23.46,74.8,0.0,13.08,Production,Marketing
ACC-1010,Data Transfer / Egress,ap-southeast-1,N/A,2026-04-17,0.0,0.0,23.4,2.12,Production,Data Science
ACC-1010,Compute Instances,ap-southeast-1,c5.large,2026-04-17,35.59,0.0,0.0,2.52,Production,Data Science
ACC-1007,Serverless Functions,ap-south-1,N/A,2026-04-17,18.87,0.0,0.0,0.94,Staging,Marketing
ACC-1007,Load Balancer,ap-south-1,N/A,2026-04-17,0.0,0.0,55.0,4.85,Staging,Marketing
ACC-1011,Compute Instances,us-east-1,r5.large,2026-04-17,8.46,0.0,0.0,1.0,Staging,Sales
ACC-1011,Object Storage,us-east-1,N/A,2026-04-17,0.0,207.1,0.0,5.02,Staging,Sales
ACC-1007,Managed Database,ap-south-1,db.m5.large,2026-04-17,31.75,23.6,0.0,7.61,Staging,Marketing
ACC-1015,Object Storage,ap-south-1,N/A,2026-04-17,0.0,157.0,0.0,3.56,Production,Engineering
ACC-1004,Load Balancer,ap-southeast-1,N/A,2026-04-17,0.0,0.0,12.9,1.22,Development,Sales
ACC-1004,Data Transfer / Egress,ap-southeast-1,N/A,2026-04-17,0.0,0.0,7.7,0.72,Development,Sales
ACC-1001,Managed Database,eu-central-1,db.m5.large,2026-04-17,20.51,86.7,0.0,11.61,Production,Engineering
ACC-1008,Data Warehouse,us-east-1,dw.xlarge,2026-04-17,26.34,30.8,0.0,30.68,Development,Engineering
ACC-1011,Managed Database,us-east-1,db.r5.large,2026-04-17,25.07,74.6,0.0,12.07,Staging,Sales
ACC-1011,Content Delivery (CDN),us-east-1,N/A,2026-04-18,0.0,0.0,36.1,3.43,Production,Sales
ACC-1007,Load Balancer,ap-south-1,N/A,2026-04-18,0.0,0.0,18.9,1.76,Production,Marketing
ACC-1007,Compute Instances,ap-south-1,r5.large,2026-04-18,7.16,0.0,0.0,0.85,Production,Marketing
ACC-1012,Block Storage,eu-west-1,gp3,2026-04-18,0.0,263.6,0.0,19.36,Production,Finance
ACC-1012,Data Transfer / Egress,eu-west-1,N/A,2026-04-18,0.0,0.0,19.3,1.89,Production,Finance
ACC-1015,Managed Kubernetes,ap-south-1,m5.large,2026-04-18,9.26,0.0,0.0,0.95,Development,Engineering
ACC-1002,Managed Kubernetes,ap-south-1,c5.2xlarge,2026-04-18,4.73,0.0,0.0,1.65,Production,Sales
ACC-1002,Object Storage,ap-south-1,N/A,2026-04-18,0.0,162.2,0.0,3.68,Production,Sales
ACC-1011,Managed Kubernetes,us-east-1,m5.large,2026-04-18,12.74,0.0,0.0,1.26,Production,Sales
ACC-1009,Managed Database,eu-central-1,db.r5.large,2026-04-18,12.09,23.5,0.0,5.6,Production,Engineering
ACC-1006,Content Delivery (CDN),us-east-1,N/A,2026-04-18,0.0,0.0,74.1,6.07,Development,Marketing
ACC-1009,Serverless Functions,eu-central-1,N/A,2026-04-18,5.6,0.0,0.0,0.28,Production,Engineering
ACC-1008,Content Delivery (CDN),us-east-1,N/A,2026-04-18,0.0,0.0,24.2,2.19,Development,Engineering
ACC-1008,Object Storage,us-east-1,N/A,2026-04-18,0.0,234.0,0.0,4.8,Development,Engineering
ACC-1006,Object Storage,us-east-1,N/A,2026-04-18,0.0,200.8,0.0,4.64,Development,Marketing
ACC-1006,Data Warehouse,us-east-1,dw.xlarge,2026-04-18,10.61,16.8,0.0,11.45,Development,Marketing
ACC-1001,Managed Kubernetes,eu-central-1,m5.xlarge,2026-04-18,8.59,0.0,0.0,1.67,Production,Engineering
ACC-1001,Load Balancer,eu-central-1,N/A,2026-04-18,0.0,0.0,35.7,3.39,Production,Engineering
ACC-1001,Serverless Functions,eu-central-1,N/A,2026-04-18,6.82,0.0,0.0,0.32,Production,Engineering
ACC-1009,Content Delivery (CDN),eu-central-1,N/A,2026-04-18,0.0,0.0,4.3,0.36,Production,Engineering
ACC-1015,Content Delivery (CDN),ap-south-1,N/A,2026-04-19,0.0,0.0,19.1,1.66,Production,Engineering
ACC-1011,Managed Kubernetes,us-east-1,c5.2xlarge,2026-04-19,8.1,0.0,0.0,2.71,Production,Sales
ACC-1001,Compute Instances,eu-central-1,r5.large,2026-04-19,6.66,0.0,0.0,0.8,Production,Engineering
ACC-1011,Serverless Functions,us-east-1,N/A,2026-04-19,8.11,0.0,0.0,0.39,Production,Sales
ACC-1001,Object Storage,eu-central-1,N/A,2026-04-19,0.0,115.9,0.0,2.58,Production,Engineering
ACC-1008,Object Storage,us-east-1,N/A,2026-04-19,0.0,234.9,0.0,6.13,Production,Engineering
ACC-1001,Load Balancer,eu-central-1,N/A,2026-04-19,0.0,0.0,9.7,0.86,Production,Engineering
ACC-1011,Data Transfer / Egress,us-east-1,N/A,2026-04-19,0.0,0.0,13.4,1.18,Production,Sales
ACC-1002,Managed Kubernetes,ap-south-1,m5.large,2026-04-19,5.39,0.0,0.0,0.55,Staging,Sales
ACC-1013,Load Balancer,us-east-1,N/A,2026-04-19,0.0,0.0,24.6,2.15,Development,Data Science
ACC-1004,Managed Kubernetes,ap-southeast-1,m5.xlarge,2026-04-19,5.62,0.0,0.0,1.09,Staging,Sales
ACC-1004,Block Storage,ap-southeast-1,io2,2026-04-19,0.0,186.6,0.0,23.52,Staging,Sales
ACC-1002,Data Transfer / Egress,ap-south-1,N/A,2026-04-19,0.0,0.0,35.4,3.24,Staging,Sales
ACC-1013,Serverless Functions,us-east-1,N/A,2026-04-19,7.26,0.0,0.0,0.37,Development,Data Science
ACC-1003,Load Balancer,eu-west-1,N/A,2026-04-19,0.0,0.0,39.1,3.73,Production,Data Science
ACC-1013,Data Warehouse,us-east-1,dw.xlarge,2026-04-19,13.18,35.5,0.0,18.4,Development,Data Science
ACC-1002,Compute Instances,ap-south-1,m5.large,2026-04-19,5.65,0.0,0.0,0.52,Staging,Sales
ACC-1007,Serverless Functions,ap-southeast-1,N/A,2026-04-20,19.32,0.0,0.0,0.93,Staging,Marketing
ACC-1007,Object Storage,ap-southeast-1,N/A,2026-04-20,0.0,220.4,0.0,4.7,Staging,Marketing
ACC-1007,Content Delivery (CDN),ap-southeast-1,N/A,2026-04-20,0.0,0.0,23.4,1.84,Staging,Marketing
ACC-1006,Managed Database,us-east-1,db.r5.large,2026-04-20,13.61,28.2,0.0,6.1,Development,Marketing
ACC-1010,Content Delivery (CDN),ap-southeast-1,N/A,2026-04-20,0.0,0.0,36.5,3.4,Production,Data Science
ACC-1010,Data Warehouse,ap-southeast-1,dw.large,2026-04-20,12.67,63.3,0.0,11.59,Production,Data Science
ACC-1009,Content Delivery (CDN),eu-central-1,N/A,2026-04-20,0.0,0.0,44.0,4.16,Development,Engineering
ACC-1009,Compute Instances,eu-central-1,c5.large,2026-04-20,12.05,0.0,0.0,1.01,Development,Engineering
ACC-1011,Serverless Functions,us-east-1,N/A,2026-04-20,15.95,0.0,0.0,0.76,Production,Sales
ACC-1002,Content Delivery (CDN),eu-central-1,N/A,2026-04-20,0.0,0.0,15.6,1.31,Production,Sales
ACC-1002,Compute Instances,eu-central-1,t3.medium,2026-04-20,17.12,0.0,0.0,0.6,Production,Sales
ACC-1009,Data Transfer / Egress,eu-central-1,N/A,2026-04-20,0.0,0.0,21.3,2.02,Development,Engineering
ACC-1005,Object Storage,us-east-1,N/A,2026-04-20,0.0,236.8,0.0,5.84,Production,IT Operations
ACC-1003,Serverless Functions,ap-south-1,N/A,2026-04-20,6.33,0.0,0.0,0.28,Staging,Data Science
ACC-1002,Load Balancer,eu-central-1,N/A,2026-04-20,0.0,0.0,47.4,4.89,Production,Sales
ACC-1003,Managed Database,ap-south-1,db.r5.large,2026-04-20,36.03,21.4,0.0,11.41,Staging,Data Science
ACC-1014,Managed Kubernetes,us-west-2,c5.2xlarge,2026-04-20,6.72,0.0,0.0,8.63,Production,Engineering
ACC-1014,Data Transfer / Egress,us-west-2,N/A,2026-04-20,0.0,0.0,46.4,4.08,Production,Engineering
ACC-1003,Data Warehouse,ap-south-1,dw.xlarge,2026-04-20,22.63,41.3,0.0,30.0,Staging,Data Science
ACC-1015,Load Balancer,ap-south-1,N/A,2026-04-20,0.0,0.0,26.9,2.38,Development,Engineering
ACC-1015,Data Warehouse,ap-south-1,dw.large,2026-04-20,15.4,20.4,0.0,9.68,Development,Engineering
ACC-1005,Compute Instances,us-east-1,m5.large,2026-04-20,14.38,0.0,0.0,1.25,Production,IT Operations
ACC-1005,Content Delivery (CDN),us-east-1,N/A,2026-04-20,0.0,0.0,30.6,2.72,Production,IT Operations
ACC-1015,Content Delivery (CDN),ap-south-1,N/A,2026-04-20,0.0,0.0,16.5,1.63,Development,Engineering
ACC-1003,Data Transfer / Egress,ap-south-1,N/A,2026-04-21,0.0,0.0,12.3,1.17,Staging,Data Science
ACC-1010,Compute Instances,ap-southeast-1,c5.large,2026-04-21,20.63,0.0,0.0,1.62,Production,Data Science
ACC-1010,Data Warehouse,ap-southeast-1,dw.xlarge,2026-04-21,22.87,58.9,0.0,29.55,Production,Data Science
ACC-1010,Block Storage,ap-southeast-1,gp3,2026-04-21,0.0,260.2,0.0,21.75,Production,Data Science
ACC-1012,Load Balancer,eu-west-1,N/A,2026-04-21,0.0,0.0,11.5,1.19,Production,Finance
ACC-1012,Managed Kubernetes,eu-west-1,m5.xlarge,2026-04-21,25.87,0.0,0.0,5.02,Production,Finance
ACC-1004,Block Storage,ap-southeast-1,st1,2026-04-21,0.0,150.2,0.0,7.05,Production,Sales
ACC-1013,Compute Instances,us-east-1,m5.xlarge,2026-04-21,14.85,0.0,0.0,2.71,Production,Data Science
ACC-1013,Object Storage,us-east-1,N/A,2026-04-21,0.0,196.1,0.0,4.5,Production,Data Science
ACC-1003,Load Balancer,ap-south-1,N/A,2026-04-21,0.0,0.0,13.7,7.95,Staging,Data Science
ACC-1001,Content Delivery (CDN),us-east-1,N/A,2026-04-21,0.0,0.0,29.1,2.4,Production,Engineering
ACC-1002,Block Storage,ap-south-1,st1,2026-04-21,0.0,136.9,0.0,6.56,Production,Sales
ACC-1002,Serverless Functions,ap-south-1,N/A,2026-04-21,14.3,0.0,0.0,0.69,Production,Sales
ACC-1011,Serverless Functions,us-east-1,N/A,2026-04-21,26.9,0.0,0.0,1.47,Production,Sales
ACC-1011,Compute Instances,us-east-1,t3.medium,2026-04-21,20.83,0.0,0.0,0.79,Production,Sales
ACC-1001,Load Balancer,us-east-1,N/A,2026-04-21,0.0,0.0,20.5,1.97,Production,Engineering
ACC-1006,Data Warehouse,us-east-1,dw.large,2026-04-21,10.73,27.4,0.0,8.51,Production,Marketing
ACC-1006,Object Storage,us-east-1,N/A,2026-04-21,0.0,219.4,0.0,5.19,Production,Marketing
ACC-1015,Object Storage,ap-south-1,N/A,2026-04-21,0.0,218.9,0.0,4.7,Production,Engineering
ACC-1002,Content Delivery (CDN),ap-south-1,N/A,2026-04-21,0.0,0.0,30.5,2.95,Production,Sales
ACC-1004,Serverless Functions,ap-southeast-1,N/A,2026-04-22,15.79,0.0,0.0,0.91,Production,Sales
ACC-1006,Managed Kubernetes,us-east-1,c5.2xlarge,2026-04-22,4.27,0.0,0.0,1.25,Development,Marketing
ACC-1010,Serverless Functions,ap-southeast-1,N/A,2026-04-22,15.94,0.0,0.0,0.82,Production,Data Science
ACC-1003,Serverless Functions,ap-south-1,N/A,2026-04-22,4.26,0.0,0.0,0.24,Development,Data Science
ACC-1003,Data Warehouse,ap-south-1,dw.xlarge,2026-04-22,33.43,64.7,0.0,33.06,Development,Data Science
ACC-1003,Object Storage,ap-south-1,N/A,2026-04-22,0.0,313.2,0.0,7.06,Development,Data Science
ACC-1006,Compute Instances,us-east-1,m5.xlarge,2026-04-22,8.13,0.0,0.0,1.47,Development,Marketing
ACC-1011,Block Storage,us-east-1,gp3,2026-04-22,0.0,234.7,0.0,16.46,Production,Sales
ACC-1008,Object Storage,us-east-1,N/A,2026-04-22,0.0,262.4,0.0,5.46,Production,Engineering
ACC-1008,Content Delivery (CDN),us-east-1,N/A,2026-04-22,0.0,0.0,13.6,1.14,Production,Engineering
ACC-1008,Load Balancer,us-east-1,N/A,2026-04-22,0.0,0.0,23.9,2.22,Production,Engineering
ACC-1014,Object Storage,us-west-2,N/A,2026-04-22,0.0,247.4,0.0,5.72,Development,Engineering
ACC-1014,Data Transfer / Egress,us-west-2,N/A,2026-04-22,0.0,0.0,7.1,0.66,Development,Engineering
ACC-1014,Serverless Functions,us-west-2,N/A,2026-04-22,11.48,0.0,0.0,0.66,Development,Engineering
ACC-1004,Block Storage,ap-southeast-1,io2,2026-04-22,0.0,188.1,0.0,22.66,Production,Sales
ACC-1006,Serverless Functions,us-east-1,N/A,2026-04-22,14.52,0.0,0.0,0.72,Development,Marketing
ACC-1015,Compute Instances,eu-central-1,m5.large,2026-04-22,15.33,0.0,0.0,1.37,Staging,Engineering
ACC-1009,Block Storage,eu-central-1,gp3,2026-04-22,0.0,223.7,0.0,17.5,Production,Engineering
ACC-1015,Content Delivery (CDN),eu-central-1,N/A,2026-04-22,0.0,0.0,5.4,0.5,Staging,Engineering
ACC-1015,Managed Database,eu-central-1,db.r5.large,2026-04-22,9.43,29.7,0.0,5.22,Staging,Engineering
ACC-1001,Data Transfer / Egress,eu-central-1,N/A,2026-04-22,0.0,0.0,23.7,1.85,Production,Engineering
ACC-1007,Managed Kubernetes,ap-southeast-1,m5.large,2026-04-22,4.57,0.0,0.0,0.42,Staging,Marketing
ACC-1005,Object Storage,us-east-1,N/A,2026-04-22,0.0,113.0,0.0,2.55,Production,IT Operations
ACC-1005,Serverless Functions,us-east-1,N/A,2026-04-22,16.71,0.0,0.0,0.77,Production,IT Operations
ACC-1005,Block Storage,us-east-1,io2,2026-04-22,0.0,194.6,0.0,23.03,Production,IT Operations
ACC-1009,Managed Database,eu-central-1,db.t3.medium,2026-04-22,26.16,44.6,0.0,6.64,Production,Engineering
ACC-1007,Object Storage,ap-southeast-1,N/A,2026-04-22,0.0,222.6,0.0,4.62,Staging,Marketing
ACC-1013,Data Transfer / Egress,us-east-1,N/A,2026-04-22,0.0,0.0,15.9,1.4,Production,Data Science
ACC-1013,Object Storage,us-east-1,N/A,2026-04-22,0.0,182.8,0.0,3.89,Production,Data Science
ACC-1013,Compute Instances,us-east-1,m5.xlarge,2026-04-22,14.41,0.0,0.0,2.62,Production,Data Science
ACC-1001,Data Warehouse,eu-central-1,dw.xlarge,2026-04-22,10.54,63.2,0.0,17.4,Production,Engineering
ACC-1012,Block Storage,eu-west-1,gp3,2026-04-22,0.0,293.0,0.0,23.42,Production,Finance
ACC-1009,Serverless Functions,eu-central-1,N/A,2026-04-22,25.33,0.0,0.0,1.43,Production,Engineering
ACC-1012,Object Storage,eu-west-1,N/A,2026-04-22,0.0,146.6,0.0,3.29,Production,Finance
ACC-1015,Serverless Functions,ap-south-1,N/A,2026-04-23,12.44,0.0,0.0,0.66,Production,Engineering
ACC-1012,Managed Database,eu-west-1,db.t3.medium,2026-04-23,34.05,51.1,0.0,7.48,Production,Finance
ACC-1009,Content Delivery (CDN),eu-central-1,N/A,2026-04-23,0.0,0.0,58.3,4.98,Development,Engineering
ACC-1009,Object Storage,eu-central-1,N/A,2026-04-23,0.0,218.2,0.0,5.42,Development,Engineering
ACC-1004,Serverless Functions,ap-south-1,N/A,2026-04-23,16.09,0.0,0.0,0.94,Staging,Sales
ACC-1004,Data Warehouse,ap-south-1,dw.large,2026-04-23,6.47,72.6,0.0,11.18,Staging,Sales
ACC-1014,Block Storage,us-west-2,gp3,2026-04-23,0.0,163.1,0.0,14.04,Production,Engineering
ACC-1014,Managed Kubernetes,us-west-2,m5.large,2026-04-23,12.62,0.0,0.0,1.13,Production,Engineering
ACC-1014,Object Storage,us-west-2,N/A,2026-04-23,0.0,216.7,0.0,5.68,Production,Engineering
ACC-1006,Object Storage,us-east-1,N/A,2026-04-23,0.0,123.3,0.0,2.76,Development,Marketing
ACC-1006,Compute Instances,us-east-1,m5.large,2026-04-23,18.4,0.0,0.0,1.72,Development,Marketing
ACC-1012,Load Balancer,eu-west-1,N/A,2026-04-23,0.0,0.0,12.7,1.09,Production,Finance
ACC-1004,Compute Instances,ap-south-1,t3.micro,2026-04-23,14.35,0.0,0.0,0.14,Staging,Sales
ACC-1002,Compute Instances,ap-south-1,c5.large,2026-04-23,15.31,0.0,0.0,1.23,Production,Sales
ACC-1005,Data Transfer / Egress,us-east-1,N/A,2026-04-23,0.0,0.0,20.0,1.82,Production,IT Operations
ACC-1002,Managed Database,ap-south-1,db.t3.medium,2026-04-23,30.14,24.4,0.0,4.13,Production,Sales
ACC-1008,Managed Kubernetes,us-east-1,m5.large,2026-04-23,14.76,0.0,0.0,1.35,Development,Engineering
ACC-1008,Data Warehouse,us-east-1,dw.large,2026-04-23,25.81,55.8,0.0,19.06,Development,Engineering
ACC-1007,Compute Instances,ap-southeast-1,r5.large,2026-04-23,4.22,0.0,0.0,0.53,Production,Marketing
ACC-1002,Data Warehouse,ap-south-1,dw.large,2026-04-23,24.1,33.7,0.0,15.15,Production,Sales
ACC-1003,Data Transfer / Egress,ap-south-1,N/A,2026-04-23,0.0,0.0,18.3,1.52,Staging,Data Science
ACC-1003,Load Balancer,ap-south-1,N/A,2026-04-23,0.0,0.0,32.7,2.88,Staging,Data Science
ACC-1005,Content Delivery (CDN),us-east-1,N/A,2026-04-23,0.0,0.0,20.3,1.97,Production,IT Operations
ACC-1005,Data Warehouse,us-east-1,dw.large,2026-04-23,17.6,21.0,0.0,10.35,Production,IT Operations
ACC-1001,Data Transfer / Egress,eu-central-1,N/A,2026-04-23,0.0,0.0,25.4,2.35,Staging,Engineering
ACC-1001,Data Warehouse,eu-central-1,dw.large,2026-04-23,21.9,49.6,0.0,17.4,Staging,Engineering
ACC-1010,Compute Instances,ap-southeast-1,m5.large,2026-04-23,16.29,0.0,0.0,1.79,Production,Data Science
ACC-1003,Content Delivery (CDN),ap-south-1,N/A,2026-04-23,0.0,0.0,35.7,3.01,Staging,Data Science
ACC-1003,Load Balancer,ap-south-1,N/A,2026-04-24,0.0,0.0,35.1,3.31,Staging,Data Science
ACC-1001,Load Balancer,eu-central-1,N/A,2026-04-24,0.0,0.0,29.7,2.91,Staging,Engineering
ACC-1013,Serverless Functions,us-east-1,N/A,2026-04-24,21.93,0.0,0.0,1.15,Production,Data Science
ACC-1009,Content Delivery (CDN),eu-central-1,N/A,2026-04-24,0.0,0.0,12.2,1.0,Staging,Engineering
ACC-1001,Block Storage,eu-central-1,io2,2026-04-24,0.0,177.5,0.0,21.83,Staging,Engineering
ACC-1005,Serverless Functions,us-east-1,N/A,2026-04-24,12.12,0.0,0.0,0.62,Production,IT Operations
ACC-1006,Serverless Functions,ap-south-1,N/A,2026-04-24,12.82,0.0,0.0,0.63,Production,Marketing
ACC-1006,Content Delivery (CDN),ap-south-1,N/A,2026-04-24,0.0,0.0,97.6,7.68,Production,Marketing
ACC-1006,Managed Kubernetes,ap-south-1,m5.large,2026-04-24,18.63,0.0,0.0,1.69,Production,Marketing
ACC-1001,Object Storage,eu-central-1,N/A,2026-04-24,0.0,179.2,0.0,4.08,Staging,Engineering
ACC-1010,Managed Database,us-west-2,db.t3.medium,2026-04-24,16.71,34.4,0.0,4.76,Production,Data Science
ACC-1002,Managed Kubernetes,ap-south-1,c5.2xlarge,2026-04-24,26.9,0.0,0.0,8.78,Staging,Sales
ACC-1002,Managed Database,ap-south-1,db.r5.large,2026-04-24,23.84,70.4,0.0,11.9,Staging,Sales
ACC-1002,Object Storage,ap-south-1,N/A,2026-04-24,0.0,189.6,0.0,4.67,Staging,Sales
ACC-1008,Load Balancer,us-east-1,N/A,2026-04-24,0.0,0.0,41.5,3.19,Production,Engineering
ACC-1008,Object Storage,us-east-1,N/A,2026-04-24,0.0,145.9,0.0,3.16,Production,Engineering
ACC-1012,Compute Instances,eu-west-1,t3.micro,2026-04-24,21.17,0.0,0.0,0.21,Staging,Finance
ACC-1014,Load Balancer,us-west-2,N/A,2026-04-24,0.0,0.0,12.4,1.06,Production,Engineering
ACC-1007,Data Transfer / Egress,ap-southeast-1,N/A,2026-04-24,0.0,0.0,19.0,1.74,Staging,Marketing
ACC-1015,Block Storage,ap-south-1,gp3,2026-04-24,0.0,350.6,0.0,30.08,Production,Engineering
ACC-1007,Managed Database,ap-southeast-1,db.t3.medium,2026-04-24,20.66,39.6,0.0,5.46,Staging,Marketing
ACC-1004,Content Delivery (CDN),eu-west-1,N/A,2026-04-24,0.0,0.0,16.3,1.53,Production,Sales
ACC-1004,Block Storage,eu-west-1,io2,2026-04-24,0.0,100.4,0.0,13.45,Production,Sales
ACC-1004,Data Transfer / Egress,eu-west-1,N/A,2026-04-24,0.0,0.0,10.8,0.9,Production,Sales
ACC-1007,Block Storage,ap-southeast-1,io2,2026-04-24,0.0,397.1,0.0,49.98,Staging,Marketing
ACC-1003,Managed Database,ap-south-1,db.m5.large,2026-04-25,10.95,43.6,0.0,5.38,Staging,Data Science
ACC-1008,Managed Database,us-east-1,db.t3.medium,2026-04-25,9.81,67.6,0.0,7.31,Development,Engineering
ACC-1013,Content Delivery (CDN),us-east-1,N/A,2026-04-25,0.0,0.0,64.4,6.02,Staging,Data Science
ACC-1009,Content Delivery (CDN),eu-central-1,N/A,2026-04-25,0.0,0.0,9.0,0.83,Production,Engineering
ACC-1009,Data Warehouse,eu-central-1,dw.xlarge,2026-04-25,17.69,86.7,0.0,30.24,Production,Engineering
ACC-1003,Block Storage,ap-south-1,io2,2026-04-25,0.0,140.9,0.0,20.19,Staging,Data Science
ACC-1003,Content Delivery (CDN),ap-south-1,N/A,2026-04-25,0.0,0.0,43.0,3.31,Staging,Data Science
ACC-1004,Serverless Functions,ap-southeast-1,N/A,2026-04-25,6.06,0.0,0.0,0.29,Production,Sales
ACC-1001,Object Storage,eu-central-1,N/A,2026-04-25,0.0,152.3,0.0,3.36,Development,Engineering
ACC-1001,Compute Instances,eu-central-1,t3.medium,2026-04-25,12.66,0.0,0.0,0.57,Development,Engineering
ACC-1004,Managed Database,ap-southeast-1,db.r5.large,2026-04-25,10.24,147.5,0.0,19.35,Production,Sales
ACC-1004,Block Storage,ap-southeast-1,io2,2026-04-25,0.0,141.4,0.0,17.02,Production,Sales
ACC-1008,Serverless Functions,us-east-1,N/A,2026-04-25,12.75,0.0,0.0,0.58,Development,Engineering
ACC-1010,Object Storage,ap-southeast-1,N/A,2026-04-25,0.0,216.3,0.0,4.94,Production,Data Science
ACC-1010,Data Transfer / Egress,ap-southeast-1,N/A,2026-04-25,0.0,0.0,11.1,1.0,Production,Data Science
ACC-1001,Content Delivery (CDN),eu-central-1,N/A,2026-04-25,0.0,0.0,22.7,2.0,Development,Engineering
ACC-1008,Compute Instances,us-east-1,m5.xlarge,2026-04-25,7.91,0.0,0.0,1.57,Development,Engineering
ACC-1015,Managed Kubernetes,ap-south-1,m5.large,2026-04-25,2.47,0.0,0.0,0.2,Production,Engineering
ACC-1011,Managed Kubernetes,us-east-1,m5.xlarge,2026-04-25,9.12,0.0,0.0,1.97,Production,Sales
ACC-1007,Data Warehouse,ap-southeast-1,dw.large,2026-04-25,10.14,69.6,0.0,11.66,Development,Marketing
ACC-1007,Content Delivery (CDN),ap-southeast-1,N/A,2026-04-25,0.0,0.0,33.4,2.93,Development,Marketing
ACC-1012,Block Storage,eu-west-1,io2,2026-04-25,0.0,114.5,0.0,13.77,Production,Finance
ACC-1012,Data Warehouse,eu-west-1,dw.xlarge,2026-04-25,12.16,74.0,0.0,18.36,Production,Finance
ACC-1012,Serverless Functions,eu-west-1,N/A,2026-04-25,5.97,0.0,0.0,0.3,Production,Finance
ACC-1011,Object Storage,us-east-1,N/A,2026-04-25,0.0,217.5,0.0,4.51,Production,Sales
ACC-1011,Load Balancer,us-east-1,N/A,2026-04-25,0.0,0.0,3.8,0.34,Production,Sales
ACC-1015,Data Warehouse,ap-south-1,dw.xlarge,2026-04-25,17.5,62.1,0.0,25.36,Production,Engineering
ACC-1005,Content Delivery (CDN),us-east-1,N/A,2026-04-25,0.0,0.0,29.5,2.6,Production,IT Operations
ACC-1006,Load Balancer,us-east-1,N/A,2026-04-25,0.0,0.0,16.0,1.52,Staging,Marketing
ACC-1006,Block Storage,us-east-1,gp3,2026-04-25,0.0,229.1,0.0,18.17,Staging,Marketing
ACC-1005,Block Storage,us-east-1,st1,2026-04-25,0.0,116.3,0.0,5.32,Production,IT Operations
ACC-1014,Compute Instances,us-west-2,t3.micro,2026-04-25,8.33,0.0,0.0,0.09,Staging,Engineering
ACC-1014,Content Delivery (CDN),us-west-2,N/A,2026-04-25,0.0,0.0,50.1,4.86,Staging,Engineering
ACC-1015,Compute Instances,ap-south-1,m5.large,2026-04-25,7.31,0.0,0.0,0.68,Production,Engineering
ACC-1006,Managed Database,us-east-1,db.m5.large,2026-04-25,16.08,35.4,0.0,6.24,Staging,Marketing
ACC-1007,Data Transfer / Egress,ap-southeast-1,N/A,2026-04-26,0.0,0.0,16.6,1.44,Staging,Marketing
ACC-1001,Load Balancer,eu-central-1,N/A,2026-04-26,0.0,0.0,22.4,2.13,Production,Engineering
ACC-1001,Compute Instances,eu-central-1,r5.large,2026-04-26,9.68,0.0,0.0,1.4,Production,Engineering
ACC-1007,Block Storage,ap-southeast-1,io2,2026-04-26,0.0,207.3,0.0,24.47,Staging,Marketing
ACC-1005,Managed Kubernetes,us-east-1,m5.xlarge,2026-04-26,9.12,0.0,0.0,1.86,Production,IT Operations
ACC-1004,Object Storage,us-west-2,N/A,2026-04-26,0.0,204.6,0.0,4.99,Staging,Sales
ACC-1004,Load Balancer,us-west-2,N/A,2026-04-26,0.0,0.0,13.3,1.26,Staging,Sales
ACC-1015,Data Warehouse,ap-south-1,dw.large,2026-04-26,10.25,76.1,0.0,14.72,Development,Engineering
ACC-1007,Managed Database,ap-southeast-1,db.t3.medium,2026-04-26,13.93,86.9,0.0,9.52,Staging,Marketing
ACC-1014,Content Delivery (CDN),us-west-2,N/A,2026-04-26,0.0,0.0,64.8,6.23,Production,Engineering
ACC-1003,Serverless Functions,ap-south-1,N/A,2026-04-26,14.63,0.0,0.0,0.76,Development,Data Science
ACC-1012,Managed Database,eu-west-1,db.t3.medium,2026-04-26,6.09,74.1,0.0,7.64,Staging,Finance
ACC-1012,Managed Kubernetes,eu-west-1,m5.xlarge,2026-04-26,6.68,0.0,0.0,1.3,Staging,Finance
ACC-1012,Object Storage,eu-west-1,N/A,2026-04-26,0.0,310.7,0.0,7.03,Staging,Finance
ACC-1006,Data Warehouse,ap-south-1,dw.large,2026-04-26,24.37,52.7,0.0,18.89,Staging,Marketing
ACC-1013,Load Balancer,us-east-1,N/A,2026-04-26,0.0,0.0,74.0,6.18,Development,Data Science
ACC-1013,Object Storage,us-east-1,N/A,2026-04-26,0.0,136.1,0.0,3.24,Development,Data Science
ACC-1002,Managed Database,ap-south-1,db.t3.medium,2026-04-26,12.37,32.8,0.0,4.13,Production,Sales
ACC-1002,Data Transfer / Egress,ap-south-1,N/A,2026-04-26,0.0,0.0,29.7,8.33,Production,Sales
ACC-1002,Serverless Functions,ap-south-1,N/A,2026-04-26,16.15,0.0,0.0,0.67,Production,Sales
ACC-1008,Compute Instances,us-east-1,m5.large,2026-04-26,7.76,0.0,0.0,0.77,Production,Engineering
ACC-1014,Data Transfer / Egress,us-west-2,N/A,2026-04-26,0.0,0.0,18.9,1.63,Production,Engineering
ACC-1010,Serverless Functions,ap-southeast-1,N/A,2026-04-27,19.39,0.0,0.0,1.07,Development,Data Science
ACC-1007,Managed Kubernetes,ap-southeast-1,m5.large,2026-04-27,8.86,0.0,0.0,0.88,Production,Marketing
ACC-1007,Data Warehouse,ap-southeast-1,dw.large,2026-04-27,34.91,51.4,0.0,24.05,Production,Marketing
ACC-1007,Managed Database,ap-southeast-1,db.r5.large,2026-04-27,14.93,56.9,0.0,9.12,Production,Marketing
ACC-1008,Object Storage,us-east-1,N/A,2026-04-27,0.0,221.6,0.0,5.26,Production,Engineering
ACC-1015,Data Warehouse,ap-south-1,dw.large,2026-04-27,17.0,101.5,0.0,20.22,Production,Engineering
ACC-1004,Serverless Functions,ap-southeast-1,N/A,2026-04-27,18.24,0.0,0.0,0.84,Development,Sales
ACC-1004,Object Storage,ap-southeast-1,N/A,2026-04-27,0.0,133.0,0.0,3.17,Development,Sales
ACC-1010,Managed Kubernetes,ap-southeast-1,m5.xlarge,2026-04-27,9.6,0.0,0.0,1.79,Development,Data Science
ACC-1009,Compute Instances,eu-central-1,t3.medium,2026-04-27,32.18,0.0,0.0,1.32,Development,Engineering
ACC-1008,Content Delivery (CDN),us-east-1,N/A,2026-04-27,0.0,0.0,49.5,4.89,Production,Engineering
ACC-1002,Serverless Functions,ap-south-1,N/A,2026-04-27,13.24,0.0,0.0,0.62,Production,Sales
ACC-1008,Load Balancer,us-east-1,N/A,2026-04-27,0.0,0.0,36.4,3.23,Production,Engineering
ACC-1006,Compute Instances,us-east-1,c5.large,2026-04-27,12.11,0.0,0.0,0.96,Staging,Marketing
ACC-1006,Managed Database,us-east-1,db.m5.large,2026-04-27,21.29,47.5,0.0,9.0,Staging,Marketing
ACC-1005,Serverless Functions,ap-southeast-1,N/A,2026-04-27,14.27,0.0,0.0,0.66,Production,IT Operations
ACC-1005,Load Balancer,ap-southeast-1,N/A,2026-04-27,0.0,0.0,6.5,0.64,Production,IT Operations
ACC-1005,Object Storage,ap-southeast-1,N/A,2026-04-27,0.0,310.1,0.0,6.92,Production,IT Operations
ACC-1001,Data Warehouse,eu-central-1,dw.xlarge,2026-04-27,26.08,25.4,0.0,26.36,Production,Engineering
ACC-1011,Object Storage,us-east-1,N/A,2026-04-27,0.0,300.8,0.0,7.64,Production,Sales
ACC-1001,Block Storage,eu-central-1,st1,2026-04-27,0.0,275.1,0.0,12.37,Production,Engineering
ACC-1014,Content Delivery (CDN),us-west-2,N/A,2026-04-27,0.0,0.0,23.0,1.89,Production,Engineering
ACC-1003,Managed Kubernetes,ap-south-1,m5.xlarge,2026-04-27,10.25,0.0,0.0,2.02,Production,Data Science
ACC-1003,Managed Database,ap-south-1,db.m5.large,2026-04-27,17.63,86.3,0.0,11.88,Production,Data Science
ACC-1013,Data Warehouse,us-east-1,dw.xlarge,2026-04-27,34.41,116.8,0.0,45.42,Production,Data Science
ACC-1001,Data Transfer / Egress,eu-central-1,N/A,2026-04-27,0.0,0.0,30.3,2.81,Production,Engineering
ACC-1001,Object Storage,eu-west-1,N/A,2026-04-28,0.0,199.2,0.0,4.46,Development,Engineering
ACC-1008,Managed Kubernetes,us-east-1,c5.2xlarge,2026-04-28,9.22,0.0,0.0,3.09,Staging,Engineering
ACC-1008,Content Delivery (CDN),us-east-1,N/A,2026-04-28,0.0,0.0,37.1,2.9,Staging,Engineering
ACC-1008,Managed Database,us-east-1,db.m5.large,2026-04-28,19.95,22.8,0.0,5.61,Staging,Engineering
ACC-1002,Content Delivery (CDN),ap-south-1,N/A,2026-04-28,0.0,0.0,69.9,6.53,Production,Sales
ACC-1011,Load Balancer,us-east-1,N/A,2026-04-28,0.0,0.0,21.7,2.2,Development,Sales
ACC-1011,Data Warehouse,us-east-1,dw.xlarge,2026-04-28,19.34,107.2,0.0,30.31,Development,Sales
ACC-1011,Managed Database,us-east-1,db.t3.medium,2026-04-28,28.83,29.0,0.0,5.3,Development,Sales
ACC-1001,Load Balancer,eu-west-1,N/A,2026-04-28,0.0,0.0,18.2,1.61,Development,Engineering
ACC-1004,Compute Instances,eu-west-1,m5.xlarge,2026-04-28,7.4,0.0,0.0,1.48,Staging,Sales
ACC-1001,Managed Database,eu-west-1,db.r5.large,2026-04-28,16.46,66.0,0.0,45.14,Development,Engineering
ACC-1010,Content Delivery (CDN),ap-southeast-1,N/A,2026-04-28,0.0,0.0,28.2,2.38,Production,Data Science
ACC-1003,Managed Database,ap-south-1,db.t3.medium,2026-04-28,31.83,20.6,0.0,4.65,Staging,Data Science
ACC-1003,Compute Instances,ap-south-1,c5.large,2026-04-28,16.38,0.0,0.0,1.38,Staging,Data Science
ACC-1012,Managed Kubernetes,eu-west-1,m5.large,2026-04-28,11.56,0.0,0.0,1.17,Production,Finance
ACC-1010,Load Balancer,ap-southeast-1,N/A,2026-04-28,0.0,0.0,30.5,2.94,Production,Data Science
ACC-1010,Object Storage,ap-southeast-1,N/A,2026-04-28,0.0,169.9,0.0,3.49,Production,Data Science
ACC-1009,Compute Instances,eu-west-1,c5.large,2026-04-28,24.53,0.0,0.0,2.0,Production,Engineering
ACC-1005,Data Warehouse,us-east-1,dw.xlarge,2026-04-28,20.11,64.4,0.0,24.4,Production,IT Operations
ACC-1015,Serverless Functions,ap-south-1,N/A,2026-04-28,19.99,0.0,0.0,1.02,Production,Engineering
ACC-1015,Managed Database,ap-south-1,db.r5.large,2026-04-28,30.98,80.4,0.0,16.91,Production,Engineering
ACC-1003,Data Warehouse,ap-south-1,dw.large,2026-04-28,18.9,18.0,0.0,11.4,Staging,Data Science
ACC-1009,Compute Instances,eu-central-1,r5.large,2026-04-29,10.98,0.0,0.0,1.38,Production,Engineering
ACC-1002,Data Warehouse,ap-south-1,dw.large,2026-04-29,38.5,70.2,0.0,25.19,Staging,Sales
ACC-1012,Content Delivery (CDN),ap-south-1,N/A,2026-04-29,0.0,0.0,41.9,3.83,Production,Finance
ACC-1009,Managed Kubernetes,eu-central-1,m5.xlarge,2026-04-29,14.74,0.0,0.0,2.9,Production,Engineering
ACC-1006,Data Transfer / Egress,us-east-1,N/A,2026-04-29,0.0,0.0,13.6,1.2,Development,Marketing
ACC-1014,Data Warehouse,us-west-2,dw.xlarge,2026-04-29,10.62,63.9,0.0,17.95,Development,Engineering
ACC-1004,Content Delivery (CDN),ap-southeast-1,N/A,2026-04-29,0.0,0.0,34.3,3.28,Development,Sales
ACC-1005,Data Warehouse,us-east-1,dw.large,2026-04-29,19.62,103.2,0.0,18.86,Production,IT Operations
ACC-1005,Object Storage,us-east-1,N/A,2026-04-29,0.0,135.6,0.0,3.06,Production,IT Operations
ACC-1005,Content Delivery (CDN),us-east-1,N/A,2026-04-29,0.0,0.0,25.6,2.5,Production,IT Operations
ACC-1010,Load Balancer,ap-southeast-1,N/A,2026-04-29,0.0,0.0,35.8,3.4,Production,Data Science
ACC-1008,Object Storage,us-east-1,N/A,2026-04-29,0.0,136.3,0.0,3.16,Production,Engineering
ACC-1014,Managed Kubernetes,us-west-2,c5.2xlarge,2026-04-29,15.38,0.0,0.0,5.43,Development,Engineering
ACC-1015,Content Delivery (CDN),ap-south-1,N/A,2026-04-29,0.0,0.0,22.4,2.01,Development,Engineering
ACC-1015,Data Transfer / Egress,ap-south-1,N/A,2026-04-29,0.0,0.0,19.7,1.8,Development,Engineering
ACC-1015,Block Storage,ap-south-1,gp3,2026-04-29,0.0,113.3,0.0,8.65,Development,Engineering
ACC-1013,Load Balancer,us-east-1,N/A,2026-04-29,0.0,0.0,33.2,2.85,Staging,Data Science
ACC-1013,Data Warehouse,us-east-1,dw.xlarge,2026-04-29,26.09,69.3,0.0,34.29,Staging,Data Science
ACC-1001,Managed Kubernetes,eu-central-1,c5.2xlarge,2026-04-29,8.53,0.0,0.0,3.0,Staging,Engineering
ACC-1001,Data Warehouse,eu-central-1,dw.large,2026-04-29,21.55,130.5,0.0,23.25,Staging,Engineering
ACC-1001,Object Storage,eu-central-1,N/A,2026-04-29,0.0,200.3,0.0,4.37,Staging,Engineering
ACC-1007,Load Balancer,ap-southeast-1,N/A,2026-04-29,0.0,0.0,38.2,3.11,Production,Marketing
ACC-1003,Compute Instances,ap-south-1,m5.xlarge,2026-04-29,10.54,0.0,0.0,2.06,Production,Data Science
ACC-1014,Load Balancer,us-west-2,N/A,2026-04-29,0.0,0.0,30.9,2.51,Development,Engineering
ACC-1006,Load Balancer,us-east-1,N/A,2026-04-30,0.0,0.0,14.5,1.32,Production,Marketing
ACC-1006,Object Storage,us-east-1,N/A,2026-04-30,0.0,199.5,0.0,18.43,Production,Marketing
ACC-1006,Data Warehouse,us-east-1,dw.xlarge,2026-04-30,15.49,95.4,0.0,25.13,Production,Marketing
ACC-1015,Managed Kubernetes,ap-south-1,m5.xlarge,2026-04-30,11.22,0.0,0.0,1.95,Staging,Engineering
ACC-1001,Content Delivery (CDN),eu-central-1,N/A,2026-04-30,0.0,0.0,26.9,2.48,Staging,Engineering
ACC-1005,Compute Instances,us-east-1,t3.micro,2026-04-30,16.69,0.0,0.0,0.78,Production,IT Operations
ACC-1002,Data Transfer / Egress,ap-south-1,N/A,2026-04-30,0.0,0.0,9.6,0.93,Staging,Sales
ACC-1002,Block Storage,ap-south-1,io2,2026-04-30,0.0,176.5,0.0,20.97,Staging,Sales
ACC-1011,Managed Database,us-east-1,db.r5.large,2026-04-30,16.16,42.4,0.0,7.3,Production,Sales
ACC-1008,Managed Kubernetes,us-east-1,m5.large,2026-04-30,12.54,0.0,0.0,1.04,Production,Engineering
ACC-1001,Data Warehouse,eu-central-1,dw.large,2026-04-30,9.99,36.9,0.0,8.28,Staging,Engineering
ACC-1008,Block Storage,us-east-1,gp3,2026-04-30,0.0,315.2,0.0,25.83,Production,Engineering
ACC-1009,Data Warehouse,eu-central-1,dw.large,2026-04-30,18.18,44.9,0.0,13.51,Staging,Engineering
ACC-1010,Object Storage,ap-southeast-1,N/A,2026-04-30,0.0,259.0,0.0,6.77,Staging,Data Science
ACC-1004,Managed Kubernetes,ap-southeast-1,m5.xlarge,2026-04-30,16.78,0.0,0.0,3.59,Development,Sales
ACC-1004,Block Storage,ap-southeast-1,io2,2026-04-30,0.0,129.6,0.0,15.75,Development,Sales
ACC-1004,Managed Database,ap-southeast-1,db.t3.medium,2026-04-30,32.06,113.5,0.0,14.78,Development,Sales
ACC-1013,Managed Database,us-east-1,db.m5.large,2026-04-30,31.83,63.5,0.0,10.99,Development,Data Science
ACC-1013,Object Storage,us-east-1,N/A,2026-04-30,0.0,315.8,0.0,7.52,Development,Data Science
ACC-1008,Managed Database,us-east-1,db.m5.large,2026-04-30,29.22,58.1,0.0,11.72,Production,Engineering
ACC-1003,Block Storage,ap-south-1,io2,2026-04-30,0.0,416.0,0.0,42.29,Production,Data Science
ACC-1003,Data Transfer / Egress,ap-south-1,N/A,2026-04-30,0.0,0.0,22.7,2.45,Production,Data Science
ACC-1003,Compute Instances,ap-south-1,t3.medium,2026-04-30,17.38,0.0,0.0,0.68,Production,Data Science
ACC-1012,Content Delivery (CDN),eu-west-1,N/A,2026-04-30,0.0,0.0,49.4,4.63,Production,Finance
ACC-1010,Data Transfer / Egress,ap-southeast-1,N/A,2026-04-30,0.0,0.0,47.9,4.12,Staging,Data Science
ACC-1013,Compute Instances,us-east-1,r5.large,2026-04-30,19.19,0.0,0.0,2.16,Development,Data Science
ACC-1013,Object Storage,us-east-1,N/A,2026-05-01,0.0,177.3,0.0,3.58,Production,Data Science
ACC-1011,Content Delivery (CDN),us-east-1,N/A,2026-05-01,0.0,0.0,30.4,2.67,Production,Sales
ACC-1015,Load Balancer,ap-south-1,N/A,2026-05-01,0.0,0.0,28.9,2.69,Production,Engineering
ACC-1005,Serverless Functions,ap-south-1,N/A,2026-05-01,14.57,0.0,0.0,0.67,Production,IT Operations
ACC-1005,Object Storage,ap-south-1,N/A,2026-05-01,0.0,138.6,0.0,3.25,Production,IT Operations
ACC-1013,Compute Instances,us-east-1,t3.micro,2026-05-01,15.92,0.0,0.0,0.19,Production,Data Science
ACC-1013,Managed Kubernetes,us-east-1,m5.large,2026-05-01,15.44,0.0,0.0,1.54,Production,Data Science
ACC-1011,Compute Instances,us-east-1,t3.micro,2026-05-01,25.18,0.0,0.0,0.26,Production,Sales
ACC-1001,Compute Instances,eu-central-1,t3.medium,2026-05-01,8.59,0.0,0.0,0.36,Development,Engineering
ACC-1014,Data Warehouse,us-west-2,dw.xlarge,2026-05-01,51.05,78.8,0.0,61.19,Production,Engineering
ACC-1004,Managed Kubernetes,ap-southeast-1,c5.2xlarge,2026-05-01,21.73,0.0,0.0,6.45,Production,Sales
ACC-1004,Object Storage,ap-southeast-1,N/A,2026-05-01,0.0,104.7,0.0,2.31,Production,Sales
ACC-1012,Managed Database,eu-west-1,db.m5.large,2026-05-01,35.24,50.4,0.0,10.26,Staging,Finance
ACC-1012,Compute Instances,eu-west-1,m5.xlarge,2026-05-01,19.34,0.0,0.0,3.8,Staging,Finance
ACC-1012,Object Storage,eu-west-1,N/A,2026-05-01,0.0,192.5,0.0,4.31,Staging,Finance
ACC-1008,Data Warehouse,us-east-1,dw.large,2026-05-01,51.8,106.9,0.0,41.8,Production,Engineering
ACC-1008,Data Transfer / Egress,us-east-1,N/A,2026-05-01,0.0,0.0,17.8,1.61,Production,Engineering
ACC-1014,Load Balancer,us-west-2,N/A,2026-05-01,0.0,0.0,19.7,2.05,Production,Engineering
ACC-1003,Load Balancer,us-west-2,N/A,2026-05-02,0.0,0.0,10.1,0.87,Development,Data Science
ACC-1003,Serverless Functions,us-west-2,N/A,2026-05-02,3.75,0.0,0.0,0.2,Development,Data Science
ACC-1011,Managed Database,us-east-1,db.t3.medium,2026-05-02,27.68,112.2,0.0,12.14,Staging,Sales
ACC-1011,Object Storage,us-east-1,N/A,2026-05-02,0.0,155.7,0.0,3.7,Staging,Sales
ACC-1004,Compute Instances,ap-southeast-1,m5.xlarge,2026-05-02,15.32,0.0,0.0,3.33,Staging,Sales
ACC-1014,Object Storage,us-west-2,N/A,2026-05-02,0.0,263.6,0.0,5.71,Staging,Engineering
ACC-1009,Managed Database,eu-central-1,db.t3.medium,2026-05-02,9.14,33.4,0.0,4.13,Production,Engineering
ACC-1013,Compute Instances,us-east-1,m5.xlarge,2026-05-02,10.44,0.0,0.0,1.9,Production,Data Science
ACC-1007,Load Balancer,ap-southeast-1,N/A,2026-05-02,0.0,0.0,17.0,1.51,Production,Marketing
ACC-1007,Data Warehouse,ap-southeast-1,dw.large,2026-05-02,18.24,33.7,0.0,13.0,Production,Marketing
ACC-1009,Load Balancer,eu-central-1,N/A,2026-05-02,0.0,0.0,12.8,0.93,Production,Engineering
ACC-1009,Content Delivery (CDN),eu-central-1,N/A,2026-05-02,0.0,0.0,21.4,2.04,Production,Engineering
ACC-1010,Content Delivery (CDN),ap-southeast-1,N/A,2026-05-02,0.0,0.0,17.5,1.54,Staging,Data Science
ACC-1013,Managed Database,us-east-1,db.m5.large,2026-05-02,8.15,47.0,0.0,5.94,Production,Data Science
ACC-1010,Managed Database,ap-southeast-1,db.m5.large,2026-05-02,14.8,41.2,0.0,6.71,Staging,Data Science
ACC-1015,Data Transfer / Egress,ap-south-1,N/A,2026-05-02,0.0,0.0,12.6,6.31,Production,Engineering
ACC-1006,Object Storage,us-east-1,N/A,2026-05-02,0.0,113.5,0.0,2.4,Staging,Marketing
ACC-1010,Serverless Functions,ap-southeast-1,N/A,2026-05-02,11.9,0.0,0.0,0.53,Staging,Data Science
ACC-1001,Data Transfer / Egress,eu-central-1,N/A,2026-05-02,0.0,0.0,41.4,3.89,Production,Engineering
ACC-1001,Object Storage,eu-central-1,N/A,2026-05-02,0.0,258.4,0.0,5.89,Production,Engineering
ACC-1002,Serverless Functions,ap-south-1,N/A,2026-05-02,11.09,0.0,0.0,0.64,Staging,Sales
ACC-1005,Block Storage,us-east-1,io2,2026-05-02,0.0,190.2,0.0,22.61,Staging,IT Operations
ACC-1005,Content Delivery (CDN),us-east-1,N/A,2026-05-02,0.0,0.0,34.4,2.78,Staging,IT Operations
ACC-1012,Data Warehouse,eu-west-1,dw.large,2026-05-02,12.21,66.1,0.0,11.96,Development,Finance
ACC-1002,Block Storage,ap-south-1,io2,2026-05-02,0.0,193.4,0.0,24.23,Staging,Sales
ACC-1012,Content Delivery (CDN),eu-west-1,N/A,2026-05-02,0.0,0.0,34.7,3.18,Development,Finance
ACC-1015,Content Delivery (CDN),ap-south-1,N/A,2026-05-02,0.0,0.0,15.8,1.37,Production,Engineering
ACC-1015,Compute Instances,ap-south-1,r5.large,2026-05-02,8.17,0.0,0.0,1.19,Production,Engineering
ACC-1006,Serverless Functions,us-east-1,N/A,2026-05-02,8.94,0.0,0.0,0.46,Staging,Marketing
ACC-1006,Data Warehouse,us-east-1,dw.large,2026-05-02,9.5,50.9,0.0,9.97,Staging,Marketing
ACC-1012,Managed Database,eu-west-1,db.t3.medium,2026-05-02,10.51,34.0,0.0,4.23,Development,Finance
ACC-1014,Data Transfer / Egress,us-west-2,N/A,2026-05-03,0.0,0.0,50.4,4.61,Staging,Engineering
ACC-1013,Serverless Functions,us-east-1,N/A,2026-05-03,8.7,0.0,0.0,0.41,Production,Data Science
ACC-1013,Data Transfer / Egress,us-east-1,N/A,2026-05-03,0.0,0.0,15.9,1.38,Production,Data Science
ACC-1009,Compute Instances,eu-central-1,c5.large,2026-05-03,11.48,0.0,0.0,0.93,Development,Engineering
ACC-1009,Serverless Functions,eu-central-1,N/A,2026-05-03,5.82,0.0,0.0,0.28,Development,Engineering
ACC-1001,Object Storage,eu-central-1,N/A,2026-05-03,0.0,143.5,0.0,3.38,Staging,Engineering
ACC-1001,Managed Database,eu-central-1,db.r5.large,2026-05-03,11.05,86.1,0.0,10.53,Staging,Engineering
ACC-1014,Load Balancer,us-west-2,N/A,2026-05-03,0.0,0.0,19.3,1.78,Staging,Engineering
ACC-1009,Managed Kubernetes,eu-central-1,m5.large,2026-05-03,12.85,0.0,0.0,1.28,Development,Engineering
ACC-1012,Data Warehouse,eu-west-1,dw.xlarge,2026-05-03,11.3,78.0,0.0,17.6,Production,Finance
ACC-1008,Load Balancer,us-east-1,N/A,2026-05-03,0.0,0.0,12.4,0.97,Staging,Engineering
ACC-1008,Managed Database,us-east-1,db.m5.large,2026-05-03,15.22,97.4,0.0,9.57,Staging,Engineering
ACC-1008,Object Storage,us-east-1,N/A,2026-05-03,0.0,267.6,0.0,6.85,Staging,Engineering
ACC-1012,Block Storage,eu-west-1,st1,2026-05-03,0.0,284.9,0.0,14.32,Production,Finance
ACC-1015,Data Warehouse,ap-south-1,dw.xlarge,2026-05-03,11.5,109.4,0.0,21.18,Staging,Engineering
ACC-1012,Object Storage,eu-west-1,N/A,2026-05-03,0.0,60.0,0.0,1.42,Production,Finance
ACC-1005,Content Delivery (CDN),us-east-1,N/A,2026-05-03,0.0,0.0,25.3,2.16,Production,IT Operations
ACC-1004,Data Transfer / Egress,ap-southeast-1,N/A,2026-05-04,0.0,0.0,22.1,2.1,Production,Sales
ACC-1005,Load Balancer,us-east-1,N/A,2026-05-04,0.0,0.0,46.1,3.79,Staging,IT Operations
ACC-1009,Compute Instances,eu-central-1,t3.micro,2026-05-04,16.17,0.0,0.0,0.17,Development,Engineering
ACC-1009,Data Transfer / Egress,eu-central-1,N/A,2026-05-04,0.0,0.0,33.8,3.38,Development,Engineering
ACC-1009,Object Storage,eu-central-1,N/A,2026-05-04,0.0,151.3,0.0,3.85,Development,Engineering
ACC-1014,Compute Instances,us-west-2,t3.medium,2026-05-04,7.26,0.0,0.0,0.29,Production,Engineering
ACC-1014,Managed Kubernetes,us-west-2,m5.xlarge,2026-05-04,13.07,0.0,0.0,2.79,Production,Engineering
ACC-1014,Managed Database,us-west-2,db.t3.medium,2026-05-04,18.52,53.5,0.0,7.33,Production,Engineering
ACC-1007,Data Transfer / Egress,ap-southeast-1,N/A,2026-05-04,0.0,0.0,22.5,1.7,Production,Marketing
ACC-1005,Managed Kubernetes,us-east-1,m5.large,2026-05-04,5.66,0.0,0.0,0.51,Staging,IT Operations
ACC-1002,Block Storage,ap-south-1,io2,2026-05-04,0.0,123.9,0.0,13.85,Production,Sales
ACC-1002,Load Balancer,ap-south-1,N/A,2026-05-04,0.0,0.0,70.7,6.31,Production,Sales
ACC-1001,Serverless Functions,eu-central-1,N/A,2026-05-04,12.93,0.0,0.0,0.7,Staging,Engineering
ACC-1001,Data Warehouse,eu-central-1,dw.xlarge,2026-05-04,13.68,33.3,0.0,17.25,Staging,Engineering
ACC-1001,Block Storage,eu-central-1,gp3,2026-05-04,0.0,196.7,0.0,14.12,Staging,Engineering
ACC-1008,Object Storage,eu-west-1,N/A,2026-05-04,0.0,149.0,0.0,3.54,Development,Engineering
ACC-1008,Managed Database,eu-west-1,db.r5.large,2026-05-04,25.85,54.1,0.0,11.5,Development,Engineering
ACC-1008,Compute Instances,eu-west-1,c5.large,2026-05-04,14.97,0.0,0.0,1.23,Development,Engineering
ACC-1002,Managed Kubernetes,ap-south-1,m5.xlarge,2026-05-04,9.99,0.0,0.0,1.98,Production,Sales
ACC-1009,Block Storage,eu-central-1,st1,2026-05-05,0.0,221.2,0.0,10.47,Production,Engineering
ACC-1005,Content Delivery (CDN),eu-central-1,N/A,2026-05-05,0.0,0.0,30.2,2.84,Staging,IT Operations
ACC-1009,Serverless Functions,eu-central-1,N/A,2026-05-05,4.98,0.0,0.0,0.26,Production,Engineering
ACC-1013,Object Storage,us-east-1,N/A,2026-05-05,0.0,190.7,0.0,4.44,Development,Data Science
ACC-1001,Managed Database,eu-central-1,db.r5.large,2026-05-05,20.29,90.0,0.0,13.65,Staging,Engineering
ACC-1001,Content Delivery (CDN),eu-central-1,N/A,2026-05-05,0.0,0.0,21.1,1.94,Staging,Engineering
ACC-1001,Data Transfer / Egress,eu-central-1,N/A,2026-05-05,0.0,0.0,9.6,0.85,Staging,Engineering
ACC-1009,Load Balancer,eu-central-1,N/A,2026-05-05,0.0,0.0,30.6,2.91,Production,Engineering
ACC-1013,Load Balancer,us-east-1,N/A,2026-05-05,0.0,0.0,50.9,4.07,Development,Data Science
ACC-1004,Data Warehouse,ap-southeast-1,dw.xlarge,2026-05-05,23.65,63.8,0.0,29.41,Staging,Sales
ACC-1008,Load Balancer,us-east-1,N/A,2026-05-05,0.0,0.0,10.8,1.0,Production,Engineering
ACC-1004,Content Delivery (CDN),ap-southeast-1,N/A,2026-05-05,0.0,0.0,26.8,2.31,Staging,Sales
ACC-1012,Content Delivery (CDN),eu-west-1,N/A,2026-05-05,0.0,0.0,49.0,4.77,Production,Finance
ACC-1012,Block Storage,eu-west-1,io2,2026-05-05,0.0,121.3,0.0,16.03,Production,Finance
ACC-1012,Serverless Functions,eu-west-1,N/A,2026-05-05,11.26,0.0,0.0,0.59,Production,Finance
ACC-1010,Content Delivery (CDN),ap-southeast-1,N/A,2026-05-05,0.0,0.0,47.0,4.23,Production,Data Science
ACC-1002,Managed Kubernetes,ap-south-1,m5.large,2026-05-05,13.99,0.0,0.0,1.42,Production,Sales
ACC-1008,Data Transfer / Egress,us-east-1,N/A,2026-05-05,0.0,0.0,14.3,1.15,Production,Engineering
ACC-1014,Compute Instances,us-west-2,c5.large,2026-05-06,23.48,0.0,0.0,2.22,Staging,Engineering
ACC-1014,Object Storage,us-west-2,N/A,2026-05-06,0.0,78.6,0.0,1.67,Staging,Engineering
ACC-1004,Compute Instances,ap-southeast-1,t3.micro,2026-05-06,16.31,0.0,0.0,0.15,Development,Sales
ACC-1003,Data Warehouse,ap-south-1,dw.large,2026-05-06,16.76,60.8,0.0,13.31,Development,Data Science
ACC-1003,Serverless Functions,ap-south-1,N/A,2026-05-06,17.91,0.0,0.0,0.87,Development,Data Science
ACC-1003,Load Balancer,ap-south-1,N/A,2026-05-06,0.0,0.0,26.1,2.22,Development,Data Science
ACC-1011,Load Balancer,us-east-1,N/A,2026-05-06,0.0,0.0,97.0,7.97,Production,Sales
ACC-1005,Block Storage,us-east-1,st1,2026-05-06,0.0,203.5,0.0,8.98,Staging,IT Operations
ACC-1011,Data Warehouse,us-east-1,dw.xlarge,2026-05-06,30.25,69.7,0.0,38.95,Production,Sales
ACC-1005,Load Balancer,us-east-1,N/A,2026-05-06,0.0,0.0,26.0,2.23,Staging,IT Operations
ACC-1010,Block Storage,ap-southeast-1,io2,2026-05-06,0.0,273.3,0.0,35.03,Production,Data Science
ACC-1015,Data Warehouse,ap-south-1,dw.xlarge,2026-05-06,33.29,68.5,0.0,34.07,Production,Engineering
ACC-1015,Block Storage,ap-south-1,st1,2026-05-06,0.0,176.5,0.0,8.48,Production,Engineering
ACC-1015,Load Balancer,ap-south-1,N/A,2026-05-06,0.0,0.0,67.3,6.6,Production,Engineering
ACC-1011,Serverless Functions,us-east-1,N/A,2026-05-06,10.41,0.0,0.0,0.57,Production,Sales
ACC-1010,Managed Kubernetes,ap-southeast-1,m5.xlarge,2026-05-06,7.73,0.0,0.0,1.49,Production,Data Science
ACC-1014,Data Warehouse,us-west-2,dw.large,2026-05-06,21.09,14.0,0.0,12.29,Staging,Engineering
ACC-1002,Load Balancer,ap-south-1,N/A,2026-05-06,0.0,0.0,8.8,0.85,Development,Sales
ACC-1006,Object Storage,us-east-1,N/A,2026-05-06,0.0,179.3,0.0,3.88,Production,Marketing
ACC-1002,Block Storage,ap-south-1,gp3,2026-05-06,0.0,79.9,0.0,6.37,Development,Sales
ACC-1007,Data Warehouse,ap-southeast-1,dw.xlarge,2026-05-06,23.01,7.7,0.0,23.4,Staging,Marketing
ACC-1007,Serverless Functions,ap-southeast-1,N/A,2026-05-06,9.13,0.0,0.0,1.96,Staging,Marketing
ACC-1001,Compute Instances,eu-central-1,r5.large,2026-05-06,17.69,0.0,0.0,2.23,Production,Engineering
ACC-1001,Serverless Functions,eu-central-1,N/A,2026-05-06,8.64,0.0,0.0,0.42,Production,Engineering
ACC-1001,Content Delivery (CDN),eu-central-1,N/A,2026-05-06,0.0,0.0,29.8,2.72,Production,Engineering
ACC-1009,Load Balancer,eu-west-1,N/A,2026-05-06,0.0,0.0,17.8,1.52,Staging,Engineering
ACC-1006,Managed Kubernetes,us-east-1,c5.2xlarge,2026-05-06,17.9,0.0,0.0,5.74,Production,Marketing
ACC-1008,Data Warehouse,us-east-1,dw.xlarge,2026-05-06,9.34,58.1,0.0,14.54,Development,Engineering
ACC-1008,Compute Instances,us-east-1,r5.large,2026-05-06,20.73,0.0,0.0,2.46,Development,Engineering
ACC-1008,Data Transfer / Egress,us-east-1,N/A,2026-05-06,0.0,0.0,19.4,1.79,Development,Engineering
ACC-1012,Load Balancer,ap-south-1,N/A,2026-05-06,0.0,0.0,25.8,2.21,Production,Finance
ACC-1012,Content Delivery (CDN),ap-south-1,N/A,2026-05-06,0.0,0.0,21.3,1.81,Production,Finance
ACC-1002,Managed Database,ap-south-1,db.m5.large,2026-05-06,36.35,75.6,0.0,13.59,Development,Sales
ACC-1009,Compute Instances,eu-west-1,r5.large,2026-05-06,11.82,0.0,0.0,1.51,Staging,Engineering
ACC-1008,Content Delivery (CDN),us-east-1,N/A,2026-05-07,0.0,0.0,50.4,4.67,Production,Engineering
ACC-1002,Content Delivery (CDN),ap-south-1,N/A,2026-05-07,0.0,0.0,31.1,3.01,Production,Sales
ACC-1002,Managed Kubernetes,ap-south-1,m5.large,2026-05-07,10.38,0.0,0.0,1.11,Production,Sales
ACC-1009,Serverless Functions,eu-central-1,N/A,2026-05-07,27.07,0.0,0.0,1.31,Production,Engineering
ACC-1013,Content Delivery (CDN),us-east-1,N/A,2026-05-07,0.0,0.0,18.8,1.59,Development,Data Science
ACC-1013,Object Storage,us-east-1,N/A,2026-05-07,0.0,186.7,0.0,5.02,Development,Data Science
ACC-1015,Managed Database,ap-south-1,db.r5.large,2026-05-07,13.86,93.4,0.0,12.96,Staging,Engineering
ACC-1015,Compute Instances,ap-south-1,m5.large,2026-05-07,22.04,0.0,0.0,2.24,Staging,Engineering
ACC-1015,Serverless Functions,ap-south-1,N/A,2026-05-07,13.55,0.0,0.0,0.68,Staging,Engineering
ACC-1009,Block Storage,eu-central-1,io2,2026-05-07,0.0,70.9,0.0,9.02,Production,Engineering
ACC-1009,Managed Kubernetes,eu-central-1,c5.2xlarge,2026-05-07,21.8,0.0,0.0,7.22,Production,Engineering
ACC-1008,Serverless Functions,us-east-1,N/A,2026-05-07,18.8,0.0,0.0,0.86,Production,Engineering
ACC-1006,Load Balancer,us-east-1,N/A,2026-05-07,0.0,0.0,52.8,4.81,Development,Marketing
ACC-1008,Managed Database,us-east-1,db.r5.large,2026-05-07,18.49,20.2,0.0,6.7,Production,Engineering
ACC-1013,Data Transfer / Egress,us-east-1,N/A,2026-05-07,0.0,0.0,31.6,2.6,Development,Data Science
ACC-1004,Object Storage,ap-southeast-1,N/A,2026-05-07,0.0,208.4,0.0,5.21,Production,Sales
ACC-1004,Serverless Functions,ap-southeast-1,N/A,2026-05-07,20.55,0.0,0.0,1.07,Production,Sales
ACC-1012,Serverless Functions,eu-west-1,N/A,2026-05-07,7.84,0.0,0.0,0.41,Production,Finance
ACC-1003,Managed Kubernetes,ap-south-1,m5.large,2026-05-07,10.91,0.0,0.0,1.03,Production,Data Science
ACC-1003,Data Transfer / Egress,ap-south-1,N/A,2026-05-07,0.0,0.0,59.1,5.42,Production,Data Science
ACC-1003,Serverless Functions,ap-south-1,N/A,2026-05-07,17.61,0.0,0.0,0.79,Production,Data Science
ACC-1014,Managed Database,us-west-2,db.m5.large,2026-05-07,19.12,64.6,0.0,9.41,Production,Engineering
ACC-1012,Load Balancer,eu-west-1,N/A,2026-05-07,0.0,0.0,5.3,0.5,Production,Finance
ACC-1005,Managed Kubernetes,us-east-1,m5.large,2026-05-07,19.05,0.0,0.0,1.68,Production,IT Operations
ACC-1007,Serverless Functions,ap-southeast-1,N/A,2026-05-07,6.2,0.0,0.0,0.32,Production,Marketing
ACC-1007,Data Transfer / Egress,ap-southeast-1,N/A,2026-05-07,0.0,0.0,27.7,2.56,Production,Marketing
ACC-1001,Load Balancer,eu-central-1,N/A,2026-05-07,0.0,0.0,27.1,2.28,Development,Engineering
ACC-1004,Compute Instances,ap-southeast-1,c5.large,2026-05-07,16.74,0.0,0.0,1.46,Production,Sales
ACC-1014,Compute Instances,us-west-2,t3.micro,2026-05-07,11.45,0.0,0.0,0.14,Production,Engineering
ACC-1015,Managed Database,ap-south-1,db.r5.large,2026-05-08,19.48,59.5,0.0,10.66,Production,Engineering
ACC-1004,Content Delivery (CDN),ap-southeast-1,N/A,2026-05-08,0.0,0.0,30.0,2.54,Development,Sales
ACC-1004,Data Warehouse,ap-southeast-1,dw.xlarge,2026-05-08,13.76,26.2,0.0,16.25,Development,Sales
ACC-1011,Data Transfer / Egress,us-east-1,N/A,2026-05-08,0.0,0.0,44.0,3.72,Production,Sales
ACC-1011,Compute Instances,us-east-1,m5.xlarge,2026-05-08,30.92,0.0,0.0,6.1,Production,Sales
ACC-1011,Serverless Functions,us-east-1,N/A,2026-05-08,16.56,0.0,0.0,0.85,Production,Sales
ACC-1009,Managed Kubernetes,eu-central-1,c5.2xlarge,2026-05-08,12.46,0.0,0.0,4.59,Development,Engineering
ACC-1009,Block Storage,eu-central-1,st1,2026-05-08,0.0,313.1,0.0,14.96,Development,Engineering
ACC-1009,Load Balancer,eu-central-1,N/A,2026-05-08,0.0,0.0,40.9,4.17,Development,Engineering
ACC-1015,Compute Instances,ap-south-1,m5.large,2026-05-08,6.54,0.0,0.0,0.64,Production,Engineering
ACC-1004,Load Balancer,ap-southeast-1,N/A,2026-05-08,0.0,0.0,65.2,5.76,Development,Sales
ACC-1010,Content Delivery (CDN),ap-southeast-1,N/A,2026-05-08,0.0,0.0,18.2,9.0,Production,Data Science
ACC-1001,Managed Database,eu-central-1,db.r5.large,2026-05-08,25.28,35.8,0.0,10.38,Development,Engineering
ACC-1005,Serverless Functions,eu-central-1,N/A,2026-05-08,16.62,0.0,0.0,0.77,Development,IT Operations
ACC-1014,Managed Database,us-west-2,db.m5.large,2026-05-08,16.37,41.1,0.0,7.61,Production,Engineering
ACC-1014,Block Storage,us-west-2,gp3,2026-05-08,0.0,237.5,0.0,17.01,Production,Engineering
ACC-1015,Object Storage,ap-south-1,N/A,2026-05-08,0.0,376.8,0.0,8.83,Production,Engineering
ACC-1002,Managed Kubernetes,ap-south-1,m5.xlarge,2026-05-08,24.02,0.0,0.0,4.3,Production,Sales
ACC-1002,Data Transfer / Egress,ap-south-1,N/A,2026-05-08,0.0,0.0,29.9,2.45,Production,Sales
ACC-1010,Data Warehouse,ap-southeast-1,dw.large,2026-05-08,21.52,42.3,0.0,15.72,Production,Data Science
ACC-1002,Object Storage,ap-south-1,N/A,2026-05-08,0.0,159.4,0.0,3.33,Production,Sales
ACC-1010,Object Storage,ap-southeast-1,N/A,2026-05-09,0.0,126.6,0.0,2.92,Development,Data Science
ACC-1002,Data Transfer / Egress,ap-south-1,N/A,2026-05-09,0.0,0.0,29.8,2.72,Production,Sales
ACC-1009,Content Delivery (CDN),eu-central-1,N/A,2026-05-09,0.0,0.0,16.4,1.52,Staging,Engineering
ACC-1009,Data Warehouse,eu-central-1,dw.large,2026-05-09,5.8,76.1,0.0,10.07,Staging,Engineering
ACC-1009,Data Transfer / Egress,eu-central-1,N/A,2026-05-09,0.0,0.0,8.1,0.66,Staging,Engineering
ACC-1015,Content Delivery (CDN),ap-south-1,N/A,2026-05-09,0.0,0.0,34.2,3.4,Production,Engineering
ACC-1015,Serverless Functions,ap-south-1,N/A,2026-05-09,2.69,0.0,0.0,0.12,Production,Engineering
ACC-1006,Data Transfer / Egress,us-east-1,N/A,2026-05-09,0.0,0.0,13.2,1.06,Production,Marketing
ACC-1002,Managed Kubernetes,ap-south-1,c5.2xlarge,2026-05-09,10.53,0.0,0.0,3.53,Production,Sales
ACC-1002,Compute Instances,ap-south-1,r5.large,2026-05-09,9.75,0.0,0.0,1.22,Production,Sales
ACC-1010,Data Transfer / Egress,ap-southeast-1,N/A,2026-05-09,0.0,0.0,15.8,1.25,Development,Data Science
ACC-1014,Object Storage,us-west-2,N/A,2026-05-09,0.0,152.9,0.0,3.58,Staging,Engineering
ACC-1014,Load Balancer,us-west-2,N/A,2026-05-09,0.0,0.0,49.4,4.29,Staging,Engineering
ACC-1014,Serverless Functions,us-west-2,N/A,2026-05-09,11.0,0.0,0.0,0.53,Staging,Engineering
ACC-1005,Block Storage,us-east-1,gp3,2026-05-09,0.0,184.2,0.0,14.19,Production,IT Operations
ACC-1005,Managed Kubernetes,us-east-1,m5.xlarge,2026-05-09,8.2,0.0,0.0,1.47,Production,IT Operations
ACC-1004,Content Delivery (CDN),ap-southeast-1,N/A,2026-05-09,0.0,0.0,23.7,2.05,Production,Sales
ACC-1001,Data Transfer / Egress,eu-central-1,N/A,2026-05-09,0.0,0.0,68.9,6.4,Staging,Engineering
ACC-1003,Managed Database,ap-south-1,db.r5.large,2026-05-09,17.42,115.4,0.0,16.31,Production,Data Science
ACC-1008,Serverless Functions,us-east-1,N/A,2026-05-09,19.23,0.0,0.0,1.1,Production,Engineering
ACC-1008,Content Delivery (CDN),us-east-1,N/A,2026-05-09,0.0,0.0,52.6,4.89,Production,Engineering
ACC-1008,Block Storage,us-east-1,gp3,2026-05-09,0.0,125.7,0.0,10.05,Production,Engineering
ACC-1011,Data Transfer / Egress,us-east-1,N/A,2026-05-09,0.0,0.0,16.0,1.27,Development,Sales
ACC-1010,Block Storage,ap-southeast-1,io2,2026-05-10,0.0,331.1,0.0,44.25,Production,Data Science
ACC-1003,Object Storage,ap-south-1,N/A,2026-05-10,0.0,95.3,0.0,2.14,Staging,Data Science
ACC-1003,Data Warehouse,ap-south-1,dw.xlarge,2026-05-10,16.81,102.8,0.0,25.95,Staging,Data Science
ACC-1014,Data Transfer / Egress,us-west-2,N/A,2026-05-10,0.0,0.0,21.4,1.77,Production,Engineering
ACC-1014,Block Storage,us-west-2,gp3,2026-05-10,0.0,164.1,0.0,14.11,Production,Engineering
ACC-1010,Object Storage,ap-southeast-1,N/A,2026-05-10,0.0,169.7,0.0,3.92,Production,Data Science
ACC-1010,Managed Database,ap-southeast-1,db.m5.large,2026-05-10,10.8,38.2,0.0,5.79,Production,Data Science
ACC-1001,Serverless Functions,eu-central-1,N/A,2026-05-10,7.24,0.0,0.0,0.4,Production,Engineering
ACC-1003,Compute Instances,ap-south-1,r5.large,2026-05-10,4.55,0.0,0.0,0.58,Staging,Data Science
ACC-1008,Block Storage,ap-south-1,st1,2026-05-10,0.0,65.1,0.0,2.72,Production,Engineering
ACC-1008,Managed Database,ap-south-1,db.m5.large,2026-05-10,11.43,55.3,0.0,7.84,Production,Engineering
ACC-1009,Object Storage,eu-central-1,N/A,2026-05-10,0.0,151.7,0.0,3.06,Production,Engineering
ACC-1005,Content Delivery (CDN),ap-southeast-1,N/A,2026-05-10,0.0,0.0,13.4,1.13,Production,IT Operations
ACC-1006,Load Balancer,us-east-1,N/A,2026-05-10,0.0,0.0,27.6,2.39,Staging,Marketing
ACC-1006,Block Storage,us-east-1,st1,2026-05-10,0.0,232.8,0.0,11.53,Staging,Marketing
ACC-1013,Data Warehouse,us-east-1,dw.xlarge,2026-05-10,25.01,24.9,0.0,24.52,Development,Data Science
ACC-1013,Object Storage,us-east-1,N/A,2026-05-10,0.0,135.0,0.0,2.98,Development,Data Science
ACC-1008,Content Delivery (CDN),ap-south-1,N/A,2026-05-10,0.0,0.0,46.6,4.57,Production,Engineering
ACC-1008,Data Warehouse,us-east-1,dw.xlarge,2026-05-11,43.05,65.3,0.0,45.34,Development,Engineering
ACC-1008,Load Balancer,us-east-1,N/A,2026-05-11,0.0,0.0,12.9,1.14,Development,Engineering
ACC-1015,Compute Instances,ap-south-1,m5.xlarge,2026-05-11,10.49,0.0,0.0,1.95,Staging,Engineering
ACC-1015,Managed Database,ap-south-1,db.t3.medium,2026-05-11,17.8,69.4,0.0,7.54,Staging,Engineering
ACC-1015,Data Transfer / Egress,ap-south-1,N/A,2026-05-11,0.0,0.0,20.2,1.92,Staging,Engineering
ACC-1012,Object Storage,us-east-1,N/A,2026-05-11,0.0,126.3,0.0,2.84,Staging,Finance
ACC-1007,Data Warehouse,ap-southeast-1,dw.large,2026-05-11,22.28,39.4,0.0,14.85,Development,Marketing
ACC-1006,Block Storage,us-east-1,gp3,2026-05-11,0.0,220.4,0.0,19.58,Production,Marketing
ACC-1006,Data Warehouse,us-east-1,dw.xlarge,2026-05-11,18.53,39.4,0.0,21.5,Production,Marketing
ACC-1013,Serverless Functions,us-east-1,N/A,2026-05-11,5.96,0.0,0.0,0.29,Staging,Data Science
ACC-1012,Managed Kubernetes,us-east-1,m5.xlarge,2026-05-11,5.59,0.0,0.0,1.09,Staging,Finance
ACC-1007,Load Balancer,ap-southeast-1,N/A,2026-05-11,0.0,0.0,25.2,2.12,Development,Marketing
ACC-1013,Block Storage,us-east-1,gp3,2026-05-11,0.0,163.2,0.0,11.81,Staging,Data Science
ACC-1013,Managed Database,us-east-1,db.t3.medium,2026-05-11,27.32,71.4,0.0,9.42,Staging,Data Science
ACC-1001,Data Transfer / Egress,eu-central-1,N/A,2026-05-11,0.0,0.0,29.4,2.89,Production,Engineering
ACC-1014,Block Storage,us-west-2,gp3,2026-05-11,0.0,207.1,0.0,18.9,Development,Engineering
ACC-1001,Managed Database,eu-central-1,db.t3.medium,2026-05-11,30.46,20.6,0.0,4.43,Production,Engineering
ACC-1001,Load Balancer,eu-central-1,N/A,2026-05-11,0.0,0.0,17.4,1.59,Production,Engineering
ACC-1011,Load Balancer,us-east-1,N/A,2026-05-11,0.0,0.0,24.2,2.09,Production,Sales
ACC-1002,Managed Database,ap-south-1,db.r5.large,2026-05-11,17.44,21.9,0.0,6.82,Production,Sales
ACC-1011,Compute Instances,us-east-1,m5.xlarge,2026-05-11,18.69,0.0,0.0,3.33,Production,Sales
ACC-1002,Compute Instances,ap-south-1,m5.large,2026-05-11,19.59,0.0,0.0,2.04,Production,Sales
ACC-1010,Data Warehouse,ap-southeast-1,dw.large,2026-05-11,12.34,41.7,0.0,10.21,Staging,Data Science
ACC-1005,Data Transfer / Egress,us-east-1,N/A,2026-05-11,0.0,0.0,49.8,4.36,Production,IT Operations
ACC-1003,Data Warehouse,ap-south-1,dw.xlarge,2026-05-11,13.98,44.4,0.0,16.93,Production,Data Science
ACC-1009,Compute Instances,eu-central-1,m5.large,2026-05-11,14.45,0.0,0.0,1.3,Staging,Engineering
ACC-1002,Managed Kubernetes,ap-south-1,c5.2xlarge,2026-05-11,27.29,0.0,0.0,9.08,Production,Sales
ACC-1014,Content Delivery (CDN),us-west-2,N/A,2026-05-12,0.0,0.0,30.8,2.77,Production,Engineering
ACC-1006,Content Delivery (CDN),us-east-1,N/A,2026-05-12,0.0,0.0,119.8,11.52,Development,Marketing
ACC-1006,Compute Instances,us-east-1,m5.large,2026-05-12,27.25,0.0,0.0,2.6,Development,Marketing
ACC-1006,Data Transfer / Egress,us-east-1,N/A,2026-05-12,0.0,0.0,23.6,1.94,Development,Marketing
ACC-1015,Content Delivery (CDN),ap-south-1,N/A,2026-05-12,0.0,0.0,33.9,3.32,Production,Engineering
ACC-1004,Data Transfer / Egress,ap-southeast-1,N/A,2026-05-12,0.0,0.0,9.8,1.0,Staging,Sales
ACC-1003,Data Transfer / Egress,ap-south-1,N/A,2026-05-12,0.0,0.0,17.7,1.76,Production,Data Science
ACC-1013,Managed Database,us-east-1,db.t3.medium,2026-05-12,23.89,75.6,0.0,8.53,Production,Data Science
ACC-1013,Serverless Functions,us-east-1,N/A,2026-05-12,13.96,0.0,0.0,0.76,Production,Data Science
ACC-1011,Object Storage,us-east-1,N/A,2026-05-12,0.0,169.1,0.0,3.54,Production,Sales
ACC-1015,Load Balancer,ap-south-1,N/A,2026-05-12,0.0,0.0,30.5,3.1,Production,Engineering
ACC-1007,Data Transfer / Egress,ap-southeast-1,N/A,2026-05-12,0.0,0.0,29.9,2.75,Production,Marketing
ACC-1013,Data Transfer / Egress,us-east-1,N/A,2026-05-12,0.0,0.0,19.2,1.84,Production,Data Science
ACC-1012,Content Delivery (CDN),eu-west-1,N/A,2026-05-12,0.0,0.0,43.7,3.81,Development,Finance
ACC-1012,Compute Instances,eu-west-1,t3.micro,2026-05-12,7.8,0.0,0.0,0.08,Development,Finance
ACC-1010,Block Storage,eu-west-1,gp3,2026-05-12,0.0,218.6,0.0,18.51,Production,Data Science
ACC-1010,Managed Database,eu-west-1,db.m5.large,2026-05-12,20.38,13.3,0.0,4.09,Production,Data Science
ACC-1005,Block Storage,us-east-1,st1,2026-05-12,0.0,286.6,0.0,13.57,Staging,IT Operations
ACC-1005,Compute Instances,us-east-1,m5.large,2026-05-12,7.78,0.0,0.0,0.71,Staging,IT Operations
ACC-1002,Data Transfer / Egress,ap-south-1,N/A,2026-05-12,0.0,0.0,34.7,3.28,Production,Sales
ACC-1002,Managed Database,ap-south-1,db.m5.large,2026-05-12,11.41,59.9,0.0,8.57,Production,Sales
ACC-1007,Object Storage,ap-southeast-1,N/A,2026-05-12,0.0,219.5,0.0,4.82,Production,Marketing
ACC-1008,Serverless Functions,us-east-1,N/A,2026-05-12,18.91,0.0,0.0,1.0,Production,Engineering
ACC-1001,Data Warehouse,eu-central-1,dw.xlarge,2026-05-12,36.31,42.9,0.0,40.65,Production,Engineering
ACC-1001,Load Balancer,eu-central-1,N/A,2026-05-12,0.0,0.0,34.7,3.1,Production,Engineering
ACC-1008,Compute Instances,us-east-1,t3.medium,2026-05-13,11.99,0.0,0.0,0.48,Production,Engineering
ACC-1001,Object Storage,eu-central-1,N/A,2026-05-13,0.0,271.2,0.0,5.67,Production,Engineering
ACC-1011,Compute Instances,eu-west-1,t3.medium,2026-05-13,10.14,0.0,0.0,0.45,Production,Sales
ACC-1011,Managed Database,eu-west-1,db.t3.medium,2026-05-13,38.71,57.7,0.0,7.91,Production,Sales
ACC-1010,Managed Kubernetes,ap-southeast-1,m5.xlarge,2026-05-13,10.38,0.0,0.0,2.03,Production,Data Science
ACC-1005,Managed Database,us-east-1,db.r5.large,2026-05-13,26.59,110.7,0.0,16.75,Production,IT Operations
ACC-1010,Compute Instances,ap-southeast-1,c5.large,2026-05-13,11.85,0.0,0.0,1.03,Production,Data Science
ACC-1014,Managed Database,us-west-2,db.m5.large,2026-05-13,31.28,47.4,0.0,8.58,Staging,Engineering
ACC-1013,Object Storage,us-east-1,N/A,2026-05-13,0.0,280.3,0.0,6.09,Staging,Data Science
ACC-1003,Object Storage,ap-south-1,N/A,2026-05-13,0.0,267.9,0.0,6.49,Staging,Data Science
ACC-1005,Content Delivery (CDN),us-east-1,N/A,2026-05-13,0.0,0.0,20.1,1.9,Production,IT Operations
ACC-1010,Block Storage,ap-southeast-1,io2,2026-05-13,0.0,281.7,0.0,39.28,Production,Data Science
ACC-1003,Load Balancer,ap-south-1,N/A,2026-05-13,0.0,0.0,19.7,1.76,Staging,Data Science
ACC-1008,Data Transfer / Egress,us-east-1,N/A,2026-05-13,0.0,0.0,35.4,3.06,Production,Engineering
ACC-1007,Managed Kubernetes,ap-southeast-1,m5.large,2026-05-13,10.0,0.0,0.0,0.91,Production,Marketing
ACC-1015,Object Storage,ap-south-1,N/A,2026-05-13,0.0,125.4,0.0,2.96,Production,Engineering
ACC-1015,Data Warehouse,ap-south-1,dw.large,2026-05-13,12.24,25.8,0.0,7.93,Production,Engineering
ACC-1015,Serverless Functions,ap-south-1,N/A,2026-05-13,14.34,0.0,0.0,0.76,Production,Engineering
ACC-1012,Object Storage,eu-west-1,N/A,2026-05-13,0.0,140.5,0.0,3.59,Development,Finance
ACC-1012,Content Delivery (CDN),eu-west-1,N/A,2026-05-13,0.0,0.0,19.0,1.51,Development,Finance
ACC-1012,Managed Kubernetes,eu-west-1,m5.xlarge,2026-05-13,15.31,0.0,0.0,2.75,Development,Finance
ACC-1002,Load Balancer,ap-south-1,N/A,2026-05-13,0.0,0.0,24.0,2.1,Production,Sales
ACC-1002,Object Storage,ap-south-1,N/A,2026-05-13,0.0,209.3,0.0,5.06,Production,Sales
ACC-1004,Load Balancer,eu-central-1,N/A,2026-05-13,0.0,0.0,18.5,1.52,Development,Sales
ACC-1004,Object Storage,eu-central-1,N/A,2026-05-13,0.0,144.7,0.0,3.6,Development,Sales
ACC-1007,Data Warehouse,ap-southeast-1,dw.xlarge,2026-05-13,16.23,76.2,0.0,26.41,Production,Marketing
ACC-1002,Block Storage,ap-south-1,st1,2026-05-13,0.0,164.7,0.0,7.07,Production,Sales
ACC-1007,Object Storage,ap-southeast-1,N/A,2026-05-13,0.0,191.3,0.0,4.38,Production,Marketing
ACC-1009,Managed Database,eu-central-1,db.m5.large,2026-05-14,25.3,25.2,0.0,6.53,Production,Engineering
ACC-1002,Object Storage,ap-south-1,N/A,2026-05-14,0.0,53.7,0.0,1.14,Production,Sales
ACC-1002,Content Delivery (CDN),ap-south-1,N/A,2026-05-14,0.0,0.0,57.9,4.91,Production,Sales
ACC-1002,Data Transfer / Egress,ap-south-1,N/A,2026-05-14,0.0,0.0,29.0,2.12,Production,Sales
ACC-1015,Compute Instances,ap-south-1,r5.large,2026-05-14,3.44,0.0,0.0,0.45,Production,Engineering
ACC-1015,Load Balancer,ap-south-1,N/A,2026-05-14,0.0,0.0,66.6,6.46,Production,Engineering
ACC-1007,Data Transfer / Egress,ap-southeast-1,N/A,2026-05-14,0.0,0.0,26.6,2.3,Production,Marketing
ACC-1007,Compute Instances,ap-southeast-1,m5.xlarge,2026-05-14,10.19,0.0,0.0,1.51,Production,Marketing
ACC-1004,Data Warehouse,ap-southeast-1,dw.xlarge,2026-05-14,34.57,45.5,0.0,44.53,Staging,Sales
ACC-1010,Content Delivery (CDN),ap-southeast-1,N/A,2026-05-14,0.0,0.0,17.5,1.49,Production,Data Science
ACC-1011,Compute Instances,us-east-1,t3.micro,2026-05-14,9.16,0.0,0.0,0.1,Production,Sales
ACC-1008,Load Balancer,eu-west-1,N/A,2026-05-14,0.0,0.0,35.8,2.74,Staging,Engineering
ACC-1009,Load Balancer,eu-central-1,N/A,2026-05-14,0.0,0.0,85.1,7.05,Production,Engineering
ACC-1014,Data Warehouse,us-west-2,dw.large,2026-05-15,12.84,69.3,0.0,13.41,Staging,Engineering
ACC-1014,Compute Instances,us-west-2,c5.large,2026-05-15,12.84,0.0,0.0,1.04,Staging,Engineering
ACC-1014,Load Balancer,us-west-2,N/A,2026-05-15,0.0,0.0,36.5,3.21,Staging,Engineering
ACC-1008,Data Warehouse,us-east-1,dw.large,2026-05-15,34.85,68.6,0.0,23.74,Production,Engineering
ACC-1008,Managed Kubernetes,us-east-1,m5.large,2026-05-15,15.95,0.0,0.0,1.69,Production,Engineering
ACC-1013,Data Transfer / Egress,us-east-1,N/A,2026-05-15,0.0,0.0,24.3,2.23,Staging,Data Science
ACC-1013,Block Storage,us-east-1,io2,2026-05-15,0.0,189.8,0.0,21.52,Staging,Data Science
ACC-1015,Managed Database,ap-south-1,db.m5.large,2026-05-15,29.17,32.5,0.0,8.11,Production,Engineering
ACC-1015,Load Balancer,ap-south-1,N/A,2026-05-15,0.0,0.0,22.8,2.19,Production,Engineering
ACC-1015,Block Storage,ap-south-1,st1,2026-05-15,0.0,195.2,0.0,8.29,Production,Engineering
ACC-1002,Data Transfer / Egress,ap-south-1,N/A,2026-05-15,0.0,0.0,16.4,1.41,Staging,Sales
ACC-1008,Serverless Functions,us-east-1,N/A,2026-05-15,22.98,0.0,0.0,1.14,Production,Engineering
ACC-1001,Block Storage,eu-central-1,io2,2026-05-15,0.0,184.3,0.0,22.64,Production,Engineering
ACC-1013,Object Storage,us-east-1,N/A,2026-05-15,0.0,262.1,0.0,5.87,Staging,Data Science
ACC-1005,Data Transfer / Egress,us-west-2,N/A,2026-05-15,0.0,0.0,16.1,1.41,Development,IT Operations
ACC-1011,Content Delivery (CDN),us-east-1,N/A,2026-05-15,0.0,0.0,26.1,2.49,Development,Sales
ACC-1004,Managed Database,ap-southeast-1,db.t3.medium,2026-05-15,17.55,66.6,0.0,7.73,Production,Sales
ACC-1001,Managed Kubernetes,eu-central-1,c5.2xlarge,2026-05-15,14.27,0.0,0.0,4.97,Production,Engineering
ACC-1006,Compute Instances,us-east-1,m5.xlarge,2026-05-15,13.91,0.0,0.0,2.53,Staging,Marketing
ACC-1006,Content Delivery (CDN),us-east-1,N/A,2026-05-15,0.0,0.0,10.3,1.03,Staging,Marketing
ACC-1006,Object Storage,us-east-1,N/A,2026-05-15,0.0,243.3,0.0,5.06,Staging,Marketing
ACC-1003,Compute Instances,eu-west-1,c5.large,2026-05-15,7.63,0.0,0.0,0.62,Production,Data Science
ACC-1007,Data Transfer / Egress,ap-southeast-1,N/A,2026-05-15,0.0,0.0,34.0,2.81,Staging,Marketing
ACC-1007,Compute Instances,ap-southeast-1,m5.large,2026-05-15,14.56,0.0,0.0,1.34,Staging,Marketing
ACC-1007,Managed Kubernetes,ap-southeast-1,c5.2xlarge,2026-05-15,15.48,0.0,0.0,4.9,Staging,Marketing
ACC-1005,Managed Database,us-west-2,db.r5.large,2026-05-15,33.29,76.6,0.0,14.53,Development,IT Operations
ACC-1003,Object Storage,eu-west-1,N/A,2026-05-15,0.0,184.0,0.0,4.18,Production,Data Science
ACC-1005,Block Storage,us-east-1,gp3,2026-05-16,0.0,252.5,0.0,18.28,Production,IT Operations
ACC-1015,Serverless Functions,ap-south-1,N/A,2026-05-16,3.96,0.0,0.0,0.19,Production,Engineering
ACC-1015,Managed Database,ap-south-1,db.t3.medium,2026-05-16,11.45,87.9,0.0,8.31,Production,Engineering
ACC-1012,Managed Kubernetes,eu-west-1,m5.xlarge,2026-05-16,8.48,0.0,0.0,1.6,Staging,Finance
ACC-1010,Serverless Functions,ap-southeast-1,N/A,2026-05-16,10.68,0.0,0.0,0.61,Production,Data Science
ACC-1010,Object Storage,ap-southeast-1,N/A,2026-05-16,0.0,124.6,0.0,2.75,Production,Data Science
ACC-1010,Compute Instances,ap-southeast-1,t3.medium,2026-05-16,7.37,0.0,0.0,0.3,Production,Data Science
ACC-1009,Content Delivery (CDN),us-east-1,N/A,2026-05-16,0.0,0.0,9.2,0.8,Production,Engineering
ACC-1001,Object Storage,eu-central-1,N/A,2026-05-16,0.0,158.0,0.0,4.01,Production,Engineering
ACC-1009,Load Balancer,us-east-1,N/A,2026-05-16,0.0,0.0,69.4,6.07,Production,Engineering
ACC-1001,Managed Kubernetes,eu-central-1,c5.2xlarge,2026-05-16,7.0,0.0,0.0,2.58,Production,Engineering
ACC-1007,Data Warehouse,eu-west-1,dw.large,2026-05-16,2.93,46.3,0.0,6.63,Staging,Marketing
ACC-1011,Managed Kubernetes,us-east-1,m5.xlarge,2026-05-16,7.8,0.0,0.0,1.69,Staging,Sales
ACC-1014,Managed Database,us-west-2,db.m5.large,2026-05-16,10.96,37.9,0.0,4.87,Staging,Engineering
ACC-1014,Load Balancer,us-west-2,N/A,2026-05-16,0.0,0.0,25.8,2.5,Staging,Engineering
ACC-1003,Object Storage,ap-south-1,N/A,2026-05-16,0.0,285.2,0.0,7.29,Staging,Data Science
ACC-1009,Data Transfer / Egress,us-east-1,N/A,2026-05-16,0.0,0.0,8.8,0.75,Production,Engineering
ACC-1015,Block Storage,eu-central-1,gp3,2026-05-17,0.0,169.3,0.0,14.42,Staging,Engineering
ACC-1010,Object Storage,ap-southeast-1,N/A,2026-05-17,0.0,214.5,0.0,5.1,Production,Data Science
ACC-1010,Compute Instances,ap-southeast-1,t3.micro,2026-05-17,9.75,0.0,0.0,0.09,Production,Data Science
ACC-1005,Managed Database,us-east-1,db.m5.large,2026-05-17,15.01,28.3,0.0,5.28,Production,IT Operations
ACC-1009,Compute Instances,eu-central-1,m5.large,2026-05-17,7.87,0.0,0.0,0.71,Development,Engineering
ACC-1005,Block Storage,us-east-1,io2,2026-05-17,0.0,112.6,0.0,14.11,Production,IT Operations
ACC-1009,Managed Kubernetes,eu-central-1,c5.2xlarge,2026-05-17,5.54,0.0,0.0,1.72,Development,Engineering
ACC-1011,Managed Database,us-east-1,db.m5.large,2026-05-17,7.8,20.3,0.0,3.58,Development,Sales
ACC-1005,Managed Kubernetes,us-east-1,m5.xlarge,2026-05-17,13.84,0.0,0.0,2.49,Production,IT Operations
ACC-1011,Managed Kubernetes,us-east-1,m5.large,2026-05-17,13.88,0.0,0.0,1.37,Development,Sales
ACC-1003,Data Transfer / Egress,eu-west-1,N/A,2026-05-17,0.0,0.0,41.8,4.03,Production,Data Science
ACC-1012,Managed Kubernetes,eu-west-1,c5.2xlarge,2026-05-17,6.42,0.0,0.0,2.16,Staging,Finance
ACC-1012,Serverless Functions,eu-west-1,N/A,2026-05-17,3.66,0.0,0.0,0.19,Staging,Finance
ACC-1007,Managed Database,ap-southeast-1,db.m5.large,2026-05-17,9.02,54.3,0.0,7.4,Production,Marketing
ACC-1007,Block Storage,ap-southeast-1,gp3,2026-05-17,0.0,319.1,0.0,27.35,Production,Marketing
ACC-1008,Data Warehouse,ap-southeast-1,dw.xlarge,2026-05-17,15.63,34.0,0.0,18.82,Staging,Engineering
ACC-1014,Managed Kubernetes,us-west-2,m5.xlarge,2026-05-17,6.64,0.0,0.0,1.32,Production,Engineering
ACC-1014,Data Warehouse,us-west-2,dw.large,2026-05-17,16.23,47.3,0.0,13.59,Production,Engineering
ACC-1014,Content Delivery (CDN),us-west-2,N/A,2026-05-17,0.0,0.0,21.9,1.93,Production,Engineering
ACC-1011,Data Warehouse,us-east-1,dw.xlarge,2026-05-17,17.98,87.3,0.0,26.67,Development,Sales
ACC-1011,Serverless Functions,ap-southeast-1,N/A,2026-05-18,6.48,0.0,0.0,0.27,Development,Sales
ACC-1007,Object Storage,ap-southeast-1,N/A,2026-05-18,0.0,161.9,0.0,3.55,Production,Marketing
ACC-1001,Serverless Functions,eu-central-1,N/A,2026-05-18,10.99,0.0,0.0,0.56,Production,Engineering
ACC-1013,Serverless Functions,us-east-1,N/A,2026-05-18,9.91,0.0,0.0,0.42,Production,Data Science
ACC-1005,Content Delivery (CDN),ap-south-1,N/A,2026-05-18,0.0,0.0,32.9,2.82,Development,IT Operations
ACC-1003,Content Delivery (CDN),ap-south-1,N/A,2026-05-18,0.0,0.0,24.8,2.67,Staging,Data Science
ACC-1005,Load Balancer,ap-south-1,N/A,2026-05-18,0.0,0.0,14.0,1.18,Development,IT Operations
ACC-1003,Compute Instances,ap-south-1,m5.xlarge,2026-05-18,9.95,0.0,0.0,2.06,Staging,Data Science
ACC-1003,Block Storage,ap-south-1,st1,2026-05-18,0.0,107.5,0.0,4.38,Staging,Data Science
ACC-1011,Block Storage,ap-southeast-1,io2,2026-05-18,0.0,228.6,0.0,26.78,Development,Sales
ACC-1005,Data Warehouse,ap-south-1,dw.large,2026-05-18,34.29,14.4,0.0,17.81,Development,IT Operations
ACC-1002,Object Storage,ap-south-1,N/A,2026-05-18,0.0,279.3,0.0,7.18,Staging,Sales
ACC-1001,Object Storage,eu-central-1,N/A,2026-05-18,0.0,240.8,0.0,5.11,Production,Engineering
ACC-1004,Block Storage,ap-southeast-1,gp3,2026-05-18,0.0,180.1,0.0,12.7,Staging,Sales
ACC-1004,Data Warehouse,ap-southeast-1,dw.large,2026-05-18,24.7,41.4,0.0,16.3,Staging,Sales
ACC-1008,Data Transfer / Egress,us-east-1,N/A,2026-05-18,0.0,0.0,22.8,1.99,Production,Engineering
ACC-1008,Object Storage,us-east-1,N/A,2026-05-18,0.0,203.5,0.0,4.59,Production,Engineering
ACC-1014,Block Storage,us-west-2,io2,2026-05-18,0.0,316.3,0.0,38.72,Staging,Engineering
ACC-1014,Data Warehouse,us-west-2,dw.large,2026-05-18,37.71,40.3,0.0,21.49,Staging,Engineering
ACC-1008,Data Warehouse,us-east-1,dw.large,2026-05-18,11.48,29.6,0.0,7.4,Production,Engineering
ACC-1012,Managed Kubernetes,eu-west-1,m5.large,2026-05-18,19.33,0.0,0.0,1.6,Production,Finance
ACC-1009,Block Storage,eu-central-1,st1,2026-05-18,0.0,298.7,0.0,11.96,Production,Engineering
ACC-1009,Object Storage,eu-central-1,N/A,2026-05-18,0.0,272.1,0.0,6.94,Production,Engineering
ACC-1004,Managed Kubernetes,ap-southeast-1,c5.2xlarge,2026-05-18,25.74,0.0,0.0,8.86,Staging,Sales
ACC-1014,Compute Instances,us-west-2,c5.large,2026-05-18,14.23,0.0,0.0,1.19,Staging,Engineering
ACC-1015,Compute Instances,ap-south-1,t3.medium,2026-05-19,14.2,0.0,0.0,0.59,Development,Engineering
ACC-1004,Managed Database,ap-southeast-1,db.r5.large,2026-05-19,18.83,66.4,0.0,10.61,Production,Sales
ACC-1004,Managed Kubernetes,ap-southeast-1,c5.2xlarge,2026-05-19,7.52,0.0,0.0,2.66,Production,Sales
ACC-1004,Content Delivery (CDN),ap-southeast-1,N/A,2026-05-19,0.0,0.0,58.9,4.63,Production,Sales
ACC-1008,Compute Instances,us-east-1,m5.xlarge,2026-05-19,19.3,0.0,0.0,3.37,Staging,Engineering
ACC-1002,Object Storage,ap-south-1,N/A,2026-05-19,0.0,169.0,0.0,3.88,Staging,Sales
ACC-1015,Data Transfer / Egress,ap-south-1,N/A,2026-05-19,0.0,0.0,12.8,1.12,Development,Engineering
ACC-1015,Object Storage,ap-south-1,N/A,2026-05-19,0.0,244.3,0.0,6.22,Development,Engineering
ACC-1012,Data Transfer / Egress,eu-west-1,N/A,2026-05-19,0.0,0.0,21.3,2.18,Production,Finance
ACC-1012,Content Delivery (CDN),eu-west-1,N/A,2026-05-19,0.0,0.0,13.5,1.23,Production,Finance
ACC-1005,Data Warehouse,us-east-1,dw.xlarge,2026-05-19,15.94,119.3,0.0,33.29,Production,IT Operations
ACC-1003,Data Transfer / Egress,ap-south-1,N/A,2026-05-19,0.0,0.0,28.1,2.57,Production,Data Science
ACC-1003,Load Balancer,ap-south-1,N/A,2026-05-19,0.0,0.0,23.2,1.87,Production,Data Science
ACC-1010,Content Delivery (CDN),ap-southeast-1,N/A,2026-05-19,0.0,0.0,18.6,1.61,Production,Data Science
ACC-1010,Load Balancer,ap-southeast-1,N/A,2026-05-19,0.0,0.0,51.1,4.43,Production,Data Science
ACC-1010,Data Transfer / Egress,ap-southeast-1,N/A,2026-05-19,0.0,0.0,38.9,3.23,Production,Data Science
ACC-1009,Block Storage,us-east-1,gp3,2026-05-19,0.0,131.8,0.0,10.64,Development,Engineering
ACC-1009,Data Warehouse,us-east-1,dw.xlarge,2026-05-19,17.84,85.5,0.0,23.61,Development,Engineering
ACC-1001,Block Storage,eu-central-1,gp3,2026-05-19,0.0,254.7,0.0,20.29,Development,Engineering
ACC-1012,Block Storage,eu-west-1,st1,2026-05-19,0.0,250.7,0.0,11.06,Production,Finance
ACC-1014,Load Balancer,us-west-2,N/A,2026-05-20,0.0,0.0,26.1,2.39,Production,Engineering
ACC-1013,Load Balancer,us-east-1,N/A,2026-05-20,0.0,0.0,22.2,2.22,Staging,Data Science
ACC-1013,Object Storage,us-east-1,N/A,2026-05-20,0.0,147.7,0.0,3.1,Staging,Data Science
ACC-1002,Content Delivery (CDN),ap-south-1,N/A,2026-05-20,0.0,0.0,18.7,1.51,Staging,Sales
ACC-1009,Object Storage,eu-central-1,N/A,2026-05-20,0.0,223.9,0.0,5.13,Staging,Engineering
ACC-1009,Data Warehouse,eu-central-1,dw.xlarge,2026-05-20,35.12,157.4,0.0,49.76,Staging,Engineering
ACC-1006,Block Storage,ap-southeast-1,io2,2026-05-20,0.0,187.9,0.0,24.71,Production,Marketing
ACC-1011,Object Storage,us-east-1,N/A,2026-05-20,0.0,181.4,0.0,4.54,Production,Sales
ACC-1011,Data Transfer / Egress,us-east-1,N/A,2026-05-20,0.0,0.0,17.1,1.32,Production,Sales
ACC-1006,Managed Database,ap-southeast-1,db.t3.medium,2026-05-20,17.33,28.1,0.0,4.49,Production,Marketing
ACC-1010,Managed Kubernetes,ap-southeast-1,m5.xlarge,2026-05-20,24.57,0.0,0.0,4.95,Staging,Data Science
ACC-1006,Data Warehouse,ap-southeast-1,dw.xlarge,2026-05-20,32.41,33.6,0.0,37.27,Production,Marketing
ACC-1009,Managed Kubernetes,eu-central-1,m5.xlarge,2026-05-20,8.46,0.0,0.0,1.49,Staging,Engineering
ACC-1014,Object Storage,us-west-2,N/A,2026-05-20,0.0,99.1,0.0,2.42,Production,Engineering
ACC-1008,Block Storage,us-east-1,st1,2026-05-20,0.0,272.3,0.0,12.29,Development,Engineering
ACC-1004,Object Storage,ap-southeast-1,N/A,2026-05-20,0.0,127.3,0.0,2.67,Staging,Sales
ACC-1014,Serverless Functions,us-west-2,N/A,2026-05-20,12.43,0.0,0.0,0.6,Production,Engineering
ACC-1012,Compute Instances,eu-west-1,r5.large,2026-05-20,22.27,0.0,0.0,2.8,Development,Finance
ACC-1003,Data Transfer / Egress,ap-south-1,N/A,2026-05-20,0.0,0.0,5.6,0.59,Production,Data Science
ACC-1008,Data Transfer / Egress,us-east-1,N/A,2026-05-20,0.0,0.0,40.4,3.59,Development,Engineering
ACC-1005,Data Transfer / Egress,us-east-1,N/A,2026-05-20,0.0,0.0,48.9,4.81,Production,IT Operations
ACC-1005,Object Storage,us-east-1,N/A,2026-05-20,0.0,249.0,0.0,5.91,Production,IT Operations
ACC-1012,Load Balancer,eu-west-1,N/A,2026-05-20,0.0,0.0,6.2,0.56,Development,Finance
ACC-1015,Block Storage,ap-south-1,st1,2026-05-20,0.0,174.3,0.0,7.28,Staging,Engineering
ACC-1015,Content Delivery (CDN),ap-south-1,N/A,2026-05-20,0.0,0.0,12.8,1.13,Staging,Engineering
ACC-1001,Block Storage,eu-central-1,io2,2026-05-20,0.0,87.8,0.0,11.37,Development,Engineering
ACC-1001,Content Delivery (CDN),eu-central-1,N/A,2026-05-20,0.0,0.0,27.9,2.42,Development,Engineering
ACC-1001,Serverless Functions,eu-central-1,N/A,2026-05-20,9.53,0.0,0.0,0.47,Development,Engineering
ACC-1005,Data Warehouse,us-east-1,dw.large,2026-05-20,16.01,17.0,0.0,10.23,Production,IT Operations
ACC-1013,Content Delivery (CDN),us-east-1,N/A,2026-05-21,0.0,0.0,7.8,0.73,Staging,Data Science
ACC-1013,Compute Instances,us-east-1,m5.xlarge,2026-05-21,10.23,0.0,0.0,1.97,Staging,Data Science
ACC-1002,Data Transfer / Egress,ap-south-1,N/A,2026-05-21,0.0,0.0,36.9,3.23,Production,Sales
ACC-1002,Load Balancer,ap-south-1,N/A,2026-05-21,0.0,0.0,17.0,1.48,Production,Sales
ACC-1006,Managed Kubernetes,us-east-1,m5.xlarge,2026-05-21,12.7,0.0,0.0,2.79,Development,Marketing
ACC-1006,Data Transfer / Egress,us-east-1,N/A,2026-05-21,0.0,0.0,34.5,3.01,Development,Marketing
ACC-1010,Block Storage,ap-southeast-1,gp3,2026-05-21,0.0,220.1,0.0,16.36,Staging,Data Science
ACC-1010,Data Warehouse,ap-southeast-1,dw.large,2026-05-21,23.24,15.4,0.0,14.44,Staging,Data Science
ACC-1013,Block Storage,us-east-1,st1,2026-05-21,0.0,86.6,0.0,3.69,Staging,Data Science
ACC-1002,Serverless Functions,ap-south-1,N/A,2026-05-21,19.58,0.0,0.0,0.93,Production,Sales
ACC-1014,Serverless Functions,us-west-2,N/A,2026-05-21,12.99,0.0,0.0,0.66,Production,Engineering
ACC-1006,Managed Database,us-east-1,db.m5.large,2026-05-21,28.86,148.5,0.0,20.69,Development,Marketing
ACC-1001,Managed Database,eu-central-1,db.r5.large,2026-05-21,18.57,80.1,0.0,12.69,Production,Engineering
ACC-1001,Serverless Functions,eu-central-1,N/A,2026-05-21,22.65,0.0,0.0,1.26,Production,Engineering
ACC-1003,Managed Database,ap-south-1,db.t3.medium,2026-05-21,25.74,58.9,0.0,7.65,Production,Data Science
ACC-1009,Block Storage,eu-central-1,gp3,2026-05-21,0.0,288.4,0.0,24.23,Production,Engineering
ACC-1009,Content Delivery (CDN),eu-central-1,N/A,2026-05-21,0.0,0.0,20.4,1.9,Production,Engineering
ACC-1009,Load Balancer,eu-central-1,N/A,2026-05-21,0.0,0.0,6.7,0.55,Production,Engineering
ACC-1004,Object Storage,ap-southeast-1,N/A,2026-05-21,0.0,260.1,0.0,6.24,Production,Sales
ACC-1014,Load Balancer,us-west-2,N/A,2026-05-21,0.0,0.0,57.2,4.93,Production,Engineering
ACC-1008,Object Storage,us-east-1,N/A,2026-05-21,0.0,193.8,0.0,4.77,Production,Engineering
ACC-1008,Data Warehouse,us-east-1,dw.large,2026-05-21,20.24,50.2,0.0,14.85,Production,Engineering
ACC-1008,Load Balancer,us-east-1,N/A,2026-05-21,0.0,0.0,30.3,2.81,Production,Engineering
ACC-1004,Object Storage,ap-southeast-1,N/A,2026-05-22,0.0,193.9,0.0,4.77,Production,Sales
ACC-1015,Content Delivery (CDN),eu-west-1,N/A,2026-05-22,0.0,0.0,51.1,4.71,Staging,Engineering
ACC-1015,Managed Database,eu-west-1,db.t3.medium,2026-05-22,44.1,68.6,0.0,10.14,Staging,Engineering
ACC-1015,Serverless Functions,eu-west-1,N/A,2026-05-22,20.92,0.0,0.0,1.05,Staging,Engineering
ACC-1011,Compute Instances,us-east-1,t3.micro,2026-05-22,8.43,0.0,0.0,0.09,Production,Sales
ACC-1006,Managed Database,us-east-1,db.m5.large,2026-05-22,21.36,23.7,0.0,5.31,Production,Marketing
ACC-1012,Serverless Functions,eu-west-1,N/A,2026-05-22,10.02,0.0,0.0,0.55,Development,Finance
ACC-1008,Managed Database,us-east-1,db.r5.large,2026-05-22,26.68,62.8,0.0,12.03,Production,Engineering
ACC-1008,Serverless Functions,us-east-1,N/A,2026-05-22,24.46,0.0,0.0,1.35,Production,Engineering
ACC-1006,Compute Instances,us-east-1,m5.xlarge,2026-05-22,12.16,0.0,0.0,2.33,Production,Marketing
ACC-1004,Content Delivery (CDN),ap-southeast-1,N/A,2026-05-22,0.0,0.0,7.2,0.63,Production,Sales
ACC-1012,Data Warehouse,eu-west-1,dw.large,2026-05-22,16.86,44.2,0.0,12.84,Development,Finance
ACC-1001,Managed Database,eu-central-1,db.r5.large,2026-05-22,40.64,24.3,0.0,12.37,Staging,Engineering
ACC-1001,Content Delivery (CDN),eu-central-1,N/A,2026-05-22,0.0,0.0,19.7,1.85,Staging,Engineering
ACC-1002,Content Delivery (CDN),ap-south-1,N/A,2026-05-22,0.0,0.0,15.6,1.47,Development,Sales
ACC-1013,Managed Database,us-east-1,db.r5.large,2026-05-22,7.71,37.4,0.0,5.71,Production,Data Science
ACC-1002,Managed Kubernetes,ap-south-1,m5.large,2026-05-22,16.31,0.0,0.0,1.57,Development,Sales
ACC-1014,Object Storage,eu-central-1,N/A,2026-05-22,0.0,264.4,0.0,5.46,Production,Engineering
ACC-1014,Data Warehouse,eu-central-1,dw.xlarge,2026-05-22,24.77,45.4,0.0,27.97,Production,Engineering
ACC-1005,Load Balancer,us-east-1,N/A,2026-05-22,0.0,0.0,17.3,1.52,Staging,IT Operations
ACC-1005,Object Storage,us-east-1,N/A,2026-05-22,0.0,333.8,0.0,8.41,Staging,IT Operations
ACC-1014,Managed Database,eu-central-1,db.m5.large,2026-05-22,36.58,34.1,0.0,9.6,Production,Engineering
ACC-1003,Managed Database,ap-south-1,db.r5.large,2026-05-22,43.61,36.0,0.0,14.49,Production,Data Science
ACC-1003,Data Transfer / Egress,ap-south-1,N/A,2026-05-22,0.0,0.0,17.2,1.38,Production,Data Science
ACC-1003,Object Storage,ap-south-1,N/A,2026-05-22,0.0,268.7,0.0,6.49,Production,Data Science
ACC-1013,Data Warehouse,us-east-1,dw.xlarge,2026-05-22,19.17,51.6,0.0,24.05,Production,Data Science
ACC-1013,Content Delivery (CDN),us-east-1,N/A,2026-05-22,0.0,0.0,16.1,1.4,Production,Data Science
ACC-1005,Block Storage,us-east-1,st1,2026-05-22,0.0,250.9,0.0,11.73,Staging,IT Operations
ACC-1012,Compute Instances,eu-west-1,t3.micro,2026-05-23,5.06,0.0,0.0,0.06,Staging,Finance
ACC-1004,Serverless Functions,ap-southeast-1,N/A,2026-05-23,10.63,0.0,0.0,0.47,Production,Sales
ACC-1004,Content Delivery (CDN),ap-southeast-1,N/A,2026-05-23,0.0,0.0,22.4,2.0,Production,Sales
ACC-1012,Content Delivery (CDN),eu-west-1,N/A,2026-05-23,0.0,0.0,21.5,2.13,Staging,Finance
ACC-1001,Object Storage,eu-central-1,N/A,2026-05-23,0.0,235.7,0.0,5.7,Development,Engineering
ACC-1014,Object Storage,us-west-2,N/A,2026-05-23,0.0,178.1,0.0,3.53,Production,Engineering
ACC-1005,Managed Kubernetes,us-east-1,c5.2xlarge,2026-05-23,16.25,0.0,0.0,5.59,Staging,IT Operations
ACC-1008,Block Storage,eu-west-1,st1,2026-05-23,0.0,264.8,0.0,12.93,Production,Engineering
ACC-1008,Object Storage,eu-west-1,N/A,2026-05-23,0.0,180.0,0.0,4.25,Production,Engineering
ACC-1013,Managed Kubernetes,us-east-1,m5.xlarge,2026-05-23,7.68,0.0,0.0,1.64,Development,Data Science
ACC-1013,Object Storage,us-east-1,N/A,2026-05-23,0.0,361.3,0.0,9.0,Development,Data Science
ACC-1005,Load Balancer,us-east-1,N/A,2026-05-23,0.0,0.0,43.1,4.31,Staging,IT Operations
ACC-1014,Block Storage,us-west-2,st1,2026-05-23,0.0,202.7,0.0,8.25,Production,Engineering
ACC-1012,Block Storage,eu-west-1,gp3,2026-05-23,0.0,179.9,0.0,13.26,Staging,Finance
ACC-1003,Serverless Functions,ap-south-1,N/A,2026-05-23,11.09,0.0,0.0,0.56,Development,Data Science
ACC-1011,Object Storage,us-east-1,N/A,2026-05-23,0.0,139.9,0.0,3.02,Development,Sales
ACC-1011,Load Balancer,us-east-1,N/A,2026-05-23,0.0,0.0,30.4,2.58,Development,Sales
ACC-1002,Compute Instances,ap-south-1,c5.large,2026-05-23,8.13,0.0,0.0,0.69,Staging,Sales
ACC-1007,Content Delivery (CDN),ap-southeast-1,N/A,2026-05-23,0.0,0.0,31.7,2.93,Production,Marketing
ACC-1007,Managed Database,ap-southeast-1,db.t3.medium,2026-05-23,16.23,75.6,0.0,8.3,Production,Marketing
ACC-1015,Compute Instances,ap-south-1,t3.micro,2026-05-23,5.85,0.0,0.0,0.06,Development,Engineering
ACC-1002,Load Balancer,ap-south-1,N/A,2026-05-23,0.0,0.0,39.6,3.75,Staging,Sales
ACC-1009,Object Storage,eu-central-1,N/A,2026-05-23,0.0,205.5,0.0,4.44,Staging,Engineering
ACC-1010,Block Storage,ap-southeast-1,gp3,2026-05-23,0.0,165.6,0.0,11.84,Production,Data Science
ACC-1010,Data Warehouse,ap-southeast-1,dw.large,2026-05-23,21.43,73.2,0.0,20.57,Production,Data Science
ACC-1010,Compute Instances,ap-southeast-1,r5.large,2026-05-23,6.92,0.0,0.0,0.78,Production,Data Science
ACC-1003,Managed Kubernetes,ap-south-1,c5.2xlarge,2026-05-23,7.12,0.0,0.0,2.54,Development,Data Science
ACC-1003,Data Warehouse,ap-south-1,dw.large,2026-05-23,10.55,32.3,0.0,8.8,Development,Data Science
ACC-1003,Object Storage,ap-south-1,N/A,2026-05-24,0.0,336.2,0.0,8.34,Production,Data Science
ACC-1002,Object Storage,ap-south-1,N/A,2026-05-24,0.0,134.9,0.0,2.88,Production,Sales
ACC-1002,Block Storage,ap-south-1,st1,2026-05-24,0.0,289.5,0.0,14.12,Production,Sales
ACC-1012,Object Storage,eu-west-1,N/A,2026-05-24,0.0,256.7,0.0,5.39,Production,Finance
ACC-1012,Load Balancer,eu-west-1,N/A,2026-05-24,0.0,0.0,33.7,2.98,Production,Finance
ACC-1004,Data Warehouse,us-west-2,dw.large,2026-05-24,15.02,75.1,0.0,14.48,Production,Sales
ACC-1014,Load Balancer,us-west-2,N/A,2026-05-24,0.0,0.0,16.6,1.39,Development,Engineering
ACC-1013,Load Balancer,eu-central-1,N/A,2026-05-24,0.0,0.0,21.8,2.15,Production,Data Science
ACC-1011,Object Storage,us-east-1,N/A,2026-05-24,0.0,119.4,0.0,2.59,Production,Sales
ACC-1011,Data Transfer / Egress,us-east-1,N/A,2026-05-24,0.0,0.0,54.5,4.65,Production,Sales
ACC-1011,Data Warehouse,us-east-1,dw.xlarge,2026-05-24,10.01,39.9,0.0,13.7,Production,Sales
ACC-1009,Managed Database,eu-central-1,db.t3.medium,2026-05-24,14.7,59.2,0.0,7.65,Development,Engineering
ACC-1009,Block Storage,eu-central-1,gp3,2026-05-24,0.0,189.1,0.0,14.29,Development,Engineering
ACC-1013,Object Storage,eu-central-1,N/A,2026-05-24,0.0,256.0,0.0,6.01,Production,Data Science
ACC-1007,Compute Instances,ap-southeast-1,m5.large,2026-05-25,16.16,0.0,0.0,1.73,Production,Marketing
ACC-1009,Compute Instances,us-west-2,t3.micro,2026-05-25,27.51,0.0,0.0,0.3,Production,Engineering
ACC-1001,Load Balancer,eu-central-1,N/A,2026-05-25,0.0,0.0,45.5,4.28,Production,Engineering
ACC-1001,Serverless Functions,eu-central-1,N/A,2026-05-25,8.85,0.0,0.0,0.36,Production,Engineering
ACC-1012,Object Storage,eu-west-1,N/A,2026-05-25,0.0,206.0,0.0,4.85,Production,Finance
ACC-1015,Load Balancer,ap-south-1,N/A,2026-05-25,0.0,0.0,8.3,0.72,Production,Engineering
ACC-1014,Object Storage,us-west-2,N/A,2026-05-25,0.0,272.7,0.0,5.67,Production,Engineering
ACC-1012,Content Delivery (CDN),eu-west-1,N/A,2026-05-25,0.0,0.0,72.7,5.77,Production,Finance
ACC-1004,Serverless Functions,ap-southeast-1,N/A,2026-05-25,30.32,0.0,0.0,1.5,Staging,Sales
ACC-1004,Data Transfer / Egress,ap-southeast-1,N/A,2026-05-25,0.0,0.0,76.4,6.21,Staging,Sales
ACC-1012,Managed Database,eu-west-1,db.r5.large,2026-05-25,14.02,47.7,0.0,8.28,Production,Finance
ACC-1010,Content Delivery (CDN),ap-southeast-1,N/A,2026-05-25,0.0,0.0,46.8,4.34,Production,Data Science
ACC-1011,Managed Kubernetes,us-east-1,m5.large,2026-05-25,10.13,0.0,0.0,1.02,Production,Sales
ACC-1006,Managed Database,us-east-1,db.t3.medium,2026-05-25,23.77,109.2,0.0,12.87,Production,Marketing
ACC-1010,Serverless Functions,ap-southeast-1,N/A,2026-05-25,4.32,0.0,0.0,0.21,Production,Data Science
ACC-1003,Data Transfer / Egress,ap-south-1,N/A,2026-05-25,0.0,0.0,62.5,5.97,Production,Data Science
ACC-1011,Load Balancer,us-east-1,N/A,2026-05-25,0.0,0.0,74.8,7.31,Production,Sales
ACC-1011,Content Delivery (CDN),us-east-1,N/A,2026-05-25,0.0,0.0,55.0,4.7,Production,Sales
ACC-1003,Serverless Functions,ap-south-1,N/A,2026-05-25,9.44,0.0,0.0,0.42,Production,Data Science
ACC-1013,Block Storage,us-east-1,gp3,2026-05-25,0.0,161.0,0.0,13.09,Staging,Data Science
ACC-1008,Block Storage,us-east-1,st1,2026-05-25,0.0,202.7,0.0,7.94,Development,Engineering
ACC-1008,Data Warehouse,us-east-1,dw.xlarge,2026-05-25,12.6,51.5,0.0,16.48,Development,Engineering
ACC-1008,Data Transfer / Egress,us-east-1,N/A,2026-05-25,0.0,0.0,40.0,3.63,Development,Engineering
ACC-1013,Object Storage,us-east-1,N/A,2026-05-25,0.0,295.3,0.0,6.66,Staging,Data Science
ACC-1004,Managed Kubernetes,ap-southeast-1,m5.large,2026-05-26,12.57,0.0,0.0,1.16,Production,Sales
ACC-1009,Load Balancer,eu-central-1,N/A,2026-05-26,0.0,0.0,76.7,6.97,Production,Engineering
ACC-1010,Block Storage,ap-southeast-1,st1,2026-05-26,0.0,157.5,0.0,7.13,Staging,Data Science
ACC-1010,Object Storage,ap-southeast-1,N/A,2026-05-26,0.0,186.2,0.0,4.68,Staging,Data Science
ACC-1013,Object Storage,us-east-1,N/A,2026-05-26,0.0,163.9,0.0,3.87,Staging,Data Science
ACC-1004,Serverless Functions,ap-southeast-1,N/A,2026-05-26,1.07,0.0,0.0,0.05,Production,Sales
ACC-1006,Serverless Functions,us-east-1,N/A,2026-05-26,7.3,0.0,0.0,0.38,Production,Marketing
ACC-1008,Serverless Functions,us-east-1,N/A,2026-05-26,8.17,0.0,0.0,0.42,Staging,Engineering
ACC-1008,Block Storage,us-east-1,st1,2026-05-26,0.0,160.0,0.0,6.68,Staging,Engineering
ACC-1015,Object Storage,ap-south-1,N/A,2026-05-26,0.0,224.5,0.0,5.3,Production,Engineering
ACC-1005,Block Storage,us-east-1,st1,2026-05-26,0.0,138.1,0.0,5.83,Staging,IT Operations
ACC-1009,Content Delivery (CDN),eu-central-1,N/A,2026-05-26,0.0,0.0,14.9,1.43,Production,Engineering
ACC-1004,Data Warehouse,ap-southeast-1,dw.large,2026-05-26,21.63,71.3,0.0,16.35,Production,Sales
ACC-1009,Managed Kubernetes,eu-central-1,m5.xlarge,2026-05-26,20.85,0.0,0.0,3.89,Production,Engineering
ACC-1002,Compute Instances,ap-south-1,m5.xlarge,2026-05-26,8.92,0.0,0.0,1.76,Production,Sales
ACC-1001,Load Balancer,eu-central-1,N/A,2026-05-26,0.0,0.0,19.0,1.72,Development,Engineering
ACC-1003,Block Storage,ap-south-1,st1,2026-05-26,0.0,239.3,0.0,10.27,Production,Data Science
ACC-1003,Content Delivery (CDN),ap-south-1,N/A,2026-05-26,0.0,0.0,16.9,1.68,Production,Data Science
ACC-1012,Object Storage,eu-west-1,N/A,2026-05-26,0.0,174.4,0.0,4.35,Production,Finance
ACC-1012,Content Delivery (CDN),eu-west-1,N/A,2026-05-26,0.0,0.0,19.0,1.61,Production,Finance
ACC-1012,Managed Kubernetes,eu-west-1,c5.2xlarge,2026-05-26,12.31,0.0,0.0,4.11,Production,Finance
ACC-1014,Content Delivery (CDN),us-west-2,N/A,2026-05-26,0.0,0.0,44.1,25.52,Production,Engineering
ACC-1001,Block Storage,eu-central-1,gp3,2026-05-26,0.0,161.3,0.0,11.7,Development,Engineering
ACC-1007,Serverless Functions,ap-southeast-1,N/A,2026-05-26,23.63,0.0,0.0,1.05,Staging,Marketing
ACC-1007,Data Transfer / Egress,ap-southeast-1,N/A,2026-05-26,0.0,0.0,36.3,3.01,Staging,Marketing
ACC-1007,Block Storage,ap-southeast-1,io2,2026-05-26,0.0,163.6,0.0,21.07,Staging,Marketing
ACC-1011,Managed Kubernetes,eu-west-1,m5.xlarge,2026-05-26,28.34,0.0,0.0,5.33,Development,Sales
ACC-1011,Data Warehouse,eu-west-1,dw.xlarge,2026-05-26,19.59,12.9,0.0,19.09,Development,Sales
ACC-1014,Block Storage,us-west-2,gp3,2026-05-26,0.0,397.9,0.0,33.37,Production,Engineering
ACC-1002,Managed Kubernetes,ap-south-1,m5.large,2026-05-27,8.64,0.0,0.0,0.82,Development,Sales
ACC-1002,Data Transfer / Egress,ap-south-1,N/A,2026-05-27,0.0,0.0,36.8,3.18,Development,Sales
ACC-1005,Serverless Functions,us-east-1,N/A,2026-05-27,15.22,0.0,0.0,0.74,Staging,IT Operations
ACC-1007,Object Storage,eu-west-1,N/A,2026-05-27,0.0,191.9,0.0,4.36,Staging,Marketing
ACC-1010,Compute Instances,ap-southeast-1,t3.medium,2026-05-27,5.8,0.0,0.0,0.26,Production,Data Science
ACC-1010,Data Transfer / Egress,ap-southeast-1,N/A,2026-05-27,0.0,0.0,40.4,3.12,Production,Data Science
ACC-1015,Load Balancer,ap-south-1,N/A,2026-05-27,0.0,0.0,30.8,2.81,Production,Engineering
ACC-1015,Compute Instances,ap-south-1,m5.xlarge,2026-05-27,8.46,0.0,0.0,1.59,Production,Engineering
ACC-1015,Block Storage,ap-south-1,io2,2026-05-27,0.0,304.2,0.0,37.36,Production,Engineering
ACC-1012,Object Storage,eu-west-1,N/A,2026-05-27,0.0,145.3,0.0,3.28,Production,Finance
ACC-1012,Compute Instances,eu-west-1,m5.large,2026-05-27,10.52,0.0,0.0,0.91,Production,Finance
ACC-1002,Managed Database,ap-south-1,db.r5.large,2026-05-27,10.16,83.9,0.0,11.14,Development,Sales
ACC-1010,Content Delivery (CDN),ap-southeast-1,N/A,2026-05-27,0.0,0.0,24.6,2.14,Production,Data Science
ACC-1006,Serverless Functions,us-east-1,N/A,2026-05-27,11.84,0.0,0.0,0.53,Production,Marketing
ACC-1012,Content Delivery (CDN),eu-west-1,N/A,2026-05-27,0.0,0.0,49.4,4.47,Production,Finance
ACC-1008,Block Storage,us-east-1,io2,2026-05-27,0.0,166.7,0.0,22.3,Staging,Engineering
ACC-1003,Content Delivery (CDN),ap-south-1,N/A,2026-05-27,0.0,0.0,29.4,2.08,Staging,Data Science
ACC-1001,Serverless Functions,eu-central-1,N/A,2026-05-27,22.46,0.0,0.0,1.06,Development,Engineering
ACC-1001,Data Warehouse,eu-central-1,dw.xlarge,2026-05-27,24.91,75.9,0.0,37.2,Development,Engineering
ACC-1013,Managed Database,us-east-1,db.t3.medium,2026-05-27,16.04,42.0,0.0,4.48,Staging,Data Science
ACC-1013,Data Warehouse,us-east-1,dw.xlarge,2026-05-27,19.4,41.6,0.0,24.78,Staging,Data Science
ACC-1011,Load Balancer,us-east-1,N/A,2026-05-27,0.0,0.0,14.8,1.18,Production,Sales
ACC-1001,Content Delivery (CDN),eu-central-1,N/A,2026-05-27,0.0,0.0,34.8,3.15,Development,Engineering
ACC-1009,Compute Instances,eu-central-1,m5.xlarge,2026-05-27,14.24,0.0,0.0,2.43,Production,Engineering
ACC-1009,Managed Kubernetes,eu-central-1,c5.2xlarge,2026-05-27,20.9,0.0,0.0,7.43,Production,Engineering
ACC-1004,Serverless Functions,ap-southeast-1,N/A,2026-05-27,16.04,0.0,0.0,0.88,Production,Sales
ACC-1008,Managed Kubernetes,us-east-1,c5.2xlarge,2026-05-27,29.12,0.0,0.0,10.4,Staging,Engineering
ACC-1008,Load Balancer,us-east-1,N/A,2026-05-27,0.0,0.0,16.8,1.48,Staging,Engineering
ACC-1009,Serverless Functions,eu-central-1,N/A,2026-05-27,18.79,0.0,0.0,1.02,Production,Engineering
ACC-1015,Data Transfer / Egress,ap-south-1,N/A,2026-05-28,0.0,0.0,37.2,3.15,Production,Engineering
ACC-1002,Serverless Functions,ap-south-1,N/A,2026-05-28,8.94,0.0,0.0,0.43,Development,Sales
ACC-1002,Managed Database,ap-south-1,db.t3.medium,2026-05-28,15.43,33.0,0.0,4.75,Development,Sales
ACC-1002,Managed Kubernetes,ap-south-1,m5.xlarge,2026-05-28,15.71,0.0,0.0,3.18,Development,Sales
ACC-1005,Compute Instances,us-east-1,t3.medium,2026-05-28,13.14,0.0,0.0,0.55,Production,IT Operations
ACC-1005,Content Delivery (CDN),us-east-1,N/A,2026-05-28,0.0,0.0,48.7,4.34,Production,IT Operations
ACC-1004,Serverless Functions,ap-southeast-1,N/A,2026-05-28,7.76,0.0,0.0,0.38,Development,Sales
ACC-1004,Load Balancer,ap-southeast-1,N/A,2026-05-28,0.0,0.0,29.4,2.62,Development,Sales
ACC-1013,Block Storage,us-east-1,st1,2026-05-28,0.0,162.4,0.0,7.87,Staging,Data Science
ACC-1013,Managed Kubernetes,us-east-1,m5.large,2026-05-28,5.36,0.0,0.0,0.55,Staging,Data Science
ACC-1008,Compute Instances,us-east-1,c5.large,2026-05-28,7.72,0.0,0.0,0.58,Staging,Engineering
ACC-1008,Serverless Functions,us-east-1,N/A,2026-05-28,24.73,0.0,0.0,1.26,Staging,Engineering
ACC-1007,Compute Instances,ap-southeast-1,c5.large,2026-05-28,9.51,0.0,0.0,0.84,Staging,Marketing
ACC-1015,Managed Database,ap-south-1,db.t3.medium,2026-05-28,27.78,58.8,0.0,7.75,Production,Engineering
ACC-1001,Compute Instances,eu-central-1,m5.xlarge,2026-05-28,16.32,0.0,0.0,3.29,Staging,Engineering
ACC-1001,Object Storage,eu-central-1,N/A,2026-05-28,0.0,202.8,0.0,4.55,Staging,Engineering
ACC-1012,Compute Instances,eu-west-1,r5.large,2026-05-28,14.81,0.0,0.0,1.86,Staging,Finance
ACC-1003,Content Delivery (CDN),ap-south-1,N/A,2026-05-28,0.0,0.0,25.8,2.37,Staging,Data Science
ACC-1014,Compute Instances,us-west-2,m5.xlarge,2026-05-28,6.03,0.0,0.0,1.13,Production,Engineering
ACC-1009,Compute Instances,eu-central-1,m5.xlarge,2026-05-28,15.91,0.0,0.0,2.84,Production,Engineering
ACC-1011,Serverless Functions,us-east-1,N/A,2026-05-28,10.84,0.0,0.0,0.53,Staging,Sales
ACC-1011,Data Transfer / Egress,us-east-1,N/A,2026-05-28,0.0,0.0,19.0,1.74,Staging,Sales
ACC-1014,Content Delivery (CDN),us-west-2,N/A,2026-05-28,0.0,0.0,23.9,2.09,Production,Engineering
ACC-1010,Managed Database,ap-southeast-1,db.t3.medium,2026-05-28,19.78,68.1,0.0,8.3,Production,Data Science
ACC-1010,Managed Kubernetes,ap-southeast-1,c5.2xlarge,2026-05-28,16.98,0.0,0.0,5.92,Production,Data Science
ACC-1010,Data Transfer / Egress,ap-southeast-1,N/A,2026-05-28,0.0,0.0,44.2,4.39,Production,Data Science
ACC-1006,Serverless Functions,us-east-1,N/A,2026-05-28,9.19,0.0,0.0,0.43,Production,Marketing
ACC-1006,Block Storage,us-east-1,gp3,2026-05-28,0.0,394.0,0.0,32.3,Production,Marketing
ACC-1011,Content Delivery (CDN),us-east-1,N/A,2026-05-28,0.0,0.0,9.7,0.76,Staging,Sales
ACC-1007,Load Balancer,eu-west-1,N/A,2026-05-29,0.0,0.0,34.9,3.43,Development,Marketing
ACC-1001,Block Storage,eu-central-1,st1,2026-05-29,0.0,159.3,0.0,6.69,Production,Engineering
ACC-1009,Data Warehouse,eu-central-1,dw.xlarge,2026-05-29,25.15,67.7,0.0,30.0,Staging,Engineering
ACC-1001,Object Storage,eu-central-1,N/A,2026-05-29,0.0,198.2,0.0,4.66,Production,Engineering
ACC-1001,Managed Kubernetes,eu-central-1,c5.2xlarge,2026-05-29,21.37,0.0,0.0,7.68,Production,Engineering
ACC-1002,Managed Database,eu-central-1,db.r5.large,2026-05-29,29.17,49.5,0.0,12.02,Development,Sales
ACC-1002,Content Delivery (CDN),eu-central-1,N/A,2026-05-29,0.0,0.0,14.3,1.28,Development,Sales
ACC-1007,Serverless Functions,eu-west-1,N/A,2026-05-29,9.41,0.0,0.0,0.51,Development,Marketing
ACC-1007,Data Warehouse,eu-west-1,dw.large,2026-05-29,30.64,67.1,0.0,23.41,Development,Marketing
ACC-1015,Content Delivery (CDN),ap-south-1,N/A,2026-05-29,0.0,0.0,15.2,1.27,Staging,Engineering
ACC-1013,Object Storage,us-east-1,N/A,2026-05-29,0.0,202.7,0.0,5.22,Staging,Data Science
ACC-1003,Compute Instances,ap-south-1,m5.large,2026-05-29,16.54,0.0,0.0,1.56,Development,Data Science
ACC-1003,Object Storage,ap-south-1,N/A,2026-05-29,0.0,115.0,0.0,2.4,Development,Data Science
ACC-1003,Block Storage,ap-south-1,gp3,2026-05-29,0.0,177.8,0.0,15.61,Development,Data Science
ACC-1012,Managed Database,ap-southeast-1,db.m5.large,2026-05-29,25.31,44.4,0.0,8.72,Production,Finance
ACC-1012,Object Storage,ap-southeast-1,N/A,2026-05-29,0.0,272.8,0.0,25.2,Production,Finance
ACC-1004,Managed Kubernetes,ap-southeast-1,c5.2xlarge,2026-05-29,7.77,0.0,0.0,2.7,Production,Sales
ACC-1004,Data Warehouse,ap-southeast-1,dw.large,2026-05-29,24.62,12.7,0.0,13.64,Production,Sales
ACC-1013,Serverless Functions,us-east-1,N/A,2026-05-29,11.3,0.0,0.0,0.47,Staging,Data Science
ACC-1013,Managed Kubernetes,us-east-1,m5.large,2026-05-29,13.62,0.0,0.0,1.1,Staging,Data Science
ACC-1015,Data Transfer / Egress,ap-south-1,N/A,2026-05-29,0.0,0.0,16.3,1.39,Staging,Engineering
ACC-1001,Managed Database,eu-central-1,db.t3.medium,2026-05-30,13.81,17.7,0.0,2.78,Production,Engineering
ACC-1012,Load Balancer,eu-west-1,N/A,2026-05-30,0.0,0.0,27.3,2.45,Production,Finance
ACC-1011,Managed Database,eu-west-1,db.t3.medium,2026-05-30,8.72,63.6,0.0,6.17,Staging,Sales
ACC-1010,Data Transfer / Egress,ap-southeast-1,N/A,2026-05-30,0.0,0.0,40.2,3.46,Development,Data Science
ACC-1002,Load Balancer,ap-south-1,N/A,2026-05-30,0.0,0.0,34.1,2.92,Development,Sales
ACC-1007,Object Storage,ap-southeast-1,N/A,2026-05-30,0.0,78.2,0.0,1.85,Production,Marketing
ACC-1011,Serverless Functions,eu-west-1,N/A,2026-05-30,10.26,0.0,0.0,0.56,Staging,Sales
ACC-1006,Serverless Functions,us-east-1,N/A,2026-05-30,10.19,0.0,0.0,0.5,Production,Marketing
ACC-1006,Content Delivery (CDN),us-east-1,N/A,2026-05-30,0.0,0.0,62.4,6.3,Production,Marketing
ACC-1013,Object Storage,us-east-1,N/A,2026-05-30,0.0,95.8,0.0,2.42,Production,Data Science
ACC-1013,Block Storage,us-east-1,gp3,2026-05-30,0.0,129.2,0.0,10.39,Production,Data Science
ACC-1004,Managed Kubernetes,eu-central-1,m5.xlarge,2026-05-30,12.06,0.0,0.0,1.96,Staging,Sales
ACC-1006,Compute Instances,us-east-1,m5.xlarge,2026-05-30,6.91,0.0,0.0,1.32,Production,Marketing
ACC-1012,Compute Instances,eu-west-1,t3.micro,2026-05-31,6.61,0.0,0.0,0.07,Production,Finance
ACC-1001,Managed Database,eu-central-1,db.m5.large,2026-05-31,15.4,91.8,0.0,11.58,Development,Engineering
ACC-1001,Compute Instances,eu-central-1,c5.large,2026-05-31,11.11,0.0,0.0,0.98,Development,Engineering
ACC-1015,Serverless Functions,ap-south-1,N/A,2026-05-31,12.02,0.0,0.0,0.6,Production,Engineering
ACC-1015,Data Transfer / Egress,ap-south-1,N/A,2026-05-31,0.0,0.0,22.9,2.3,Production,Engineering
ACC-1013,Block Storage,us-east-1,gp3,2026-05-31,0.0,191.5,0.0,13.83,Staging,Data Science
ACC-1015,Managed Database,ap-south-1,db.r5.large,2026-05-31,7.39,103.6,0.0,12.3,Production,Engineering
ACC-1004,Data Warehouse,ap-southeast-1,dw.xlarge,2026-05-31,10.25,35.1,0.0,13.11,Production,Sales
ACC-1011,Content Delivery (CDN),us-east-1,N/A,2026-05-31,0.0,0.0,58.1,5.39,Staging,Sales
ACC-1010,Block Storage,ap-southeast-1,io2,2026-05-31,0.0,208.7,0.0,25.38,Development,Data Science
ACC-1003,Block Storage,ap-south-1,io2,2026-05-31,0.0,199.2,0.0,27.18,Staging,Data Science
ACC-1013,Compute Instances,us-east-1,r5.large,2026-05-31,9.93,0.0,0.0,1.2,Staging,Data Science
ACC-1013,Object Storage,us-east-1,N/A,2026-05-31,0.0,135.7,0.0,3.14,Staging,Data Science
ACC-1012,Object Storage,eu-west-1,N/A,2026-05-31,0.0,265.3,0.0,6.33,Production,Finance
ACC-1011,Managed Kubernetes,us-east-1,m5.large,2026-05-31,4.39,0.0,0.0,0.41,Staging,Sales
ACC-1012,Load Balancer,eu-west-1,N/A,2026-05-31,0.0,0.0,34.4,2.66,Production,Finance
ACC-1009,Data Transfer / Egress,eu-central-1,N/A,2026-05-31,0.0,0.0,25.9,2.38,Production,Engineering
ACC-1006,Object Storage,us-east-1,N/A,2026-05-31,0.0,150.5,0.0,3.46,Production,Marketing
ACC-1014,Load Balancer,ap-southeast-1,N/A,2026-05-31,0.0,0.0,12.1,1.05,Production,Engineering
ACC-1014,Object Storage,ap-southeast-1,N/A,2026-05-31,0.0,153.7,0.0,3.85,Production,Engineering
ACC-1002,Block Storage,ap-south-1,gp3,2026-05-31,0.0,149.2,0.0,11.47,Development,Sales
ACC-1006,Serverless Functions,us-east-1,N/A,2026-05-31,8.14,0.0,0.0,0.36,Production,Marketing
ACC-1007,Compute Instances,us-east-1,t3.micro,2026-05-31,7.68,0.0,0.0,0.07,Production,Marketing
ACC-1007,Load Balancer,us-east-1,N/A,2026-05-31,0.0,0.0,22.3,2.19,Production,Marketing
ACC-1007,Block Storage,us-east-1,gp3,2026-05-31,0.0,230.2,0.0,18.61,Production,Marketing
ACC-1002,Managed Database,ap-south-1,db.r5.large,2026-05-31,18.86,82.3,0.0,15.3,Development,Sales
ACC-1009,Serverless Functions,eu-central-1,N/A,2026-05-31,2.52,0.0,0.0,0.14,Production,Engineering
ACC-1009,Object Storage,eu-central-1,N/A,2026-05-31,0.0,203.8,0.0,4.41,Production,Engineering
ACC-1005,Compute Instances,us-east-1,t3.medium,2026-05-31,9.51,0.0,0.0,0.45,Staging,IT Operations
ACC-1005,Data Warehouse,us-east-1,dw.large,2026-05-31,11.49,12.8,0.0,6.74,Staging,IT Operations
ACC-1005,Object Storage,us-east-1,N/A,2026-05-31,0.0,109.8,0.0,2.56,Staging,IT Operations
ACC-1006,Compute Instances,us-east-1,m5.large,2026-05-31,5.23,0.0,0.0,0.44,Production,Marketing
ACC-1008,Data Transfer / Egress,us-east-1,N/A,2026-05-31,0.0,0.0,29.7,2.84,Production,Engineering
ACC-1011,Data Transfer / Egress,us-east-1,N/A,2026-06-01,0.0,0.0,13.5,1.17,Staging,Sales
ACC-1006,Serverless Functions,us-east-1,N/A,2026-06-01,7.25,0.0,0.0,0.33,Production,Marketing
ACC-1007,Serverless Functions,ap-southeast-1,N/A,2026-06-01,6.67,0.0,0.0,0.33,Development,Marketing
ACC-1014,Content Delivery (CDN),ap-southeast-1,N/A,2026-06-01,0.0,0.0,17.3,1.58,Production,Engineering
ACC-1014,Data Transfer / Egress,ap-southeast-1,N/A,2026-06-01,0.0,0.0,15.4,1.5,Production,Engineering
ACC-1009,Block Storage,eu-central-1,st1,2026-06-01,0.0,89.7,0.0,3.62,Staging,Engineering
ACC-1011,Serverless Functions,us-east-1,N/A,2026-06-01,4.73,0.0,0.0,0.25,Staging,Sales
ACC-1011,Managed Kubernetes,us-east-1,m5.xlarge,2026-06-01,18.37,0.0,0.0,3.48,Staging,Sales
ACC-1006,Content Delivery (CDN),us-east-1,N/A,2026-06-01,0.0,0.0,7.7,0.72,Production,Marketing
ACC-1002,Compute Instances,ap-south-1,t3.medium,2026-06-01,18.8,0.0,0.0,0.72,Production,Sales
ACC-1002,Managed Kubernetes,ap-south-1,c5.2xlarge,2026-06-01,12.19,0.0,0.0,4.48,Production,Sales
ACC-1001,Managed Kubernetes,eu-central-1,m5.large,2026-06-01,10.47,0.0,0.0,0.97,Production,Engineering
ACC-1001,Block Storage,eu-central-1,st1,2026-06-01,0.0,183.3,0.0,8.83,Production,Engineering
ACC-1003,Serverless Functions,ap-south-1,N/A,2026-06-01,18.7,0.0,0.0,0.9,Staging,Data Science
ACC-1003,Managed Database,ap-south-1,db.t3.medium,2026-06-01,30.19,42.8,0.0,6.08,Staging,Data Science
ACC-1003,Data Transfer / Egress,ap-south-1,N/A,2026-06-01,0.0,0.0,25.9,2.31,Staging,Data Science
ACC-1002,Object Storage,ap-south-1,N/A,2026-06-01,0.0,241.3,0.0,6.3,Production,Sales
ACC-1009,Data Warehouse,eu-central-1,dw.xlarge,2026-06-02,21.9,49.0,0.0,27.6,Production,Engineering
ACC-1009,Object Storage,eu-central-1,N/A,2026-06-02,0.0,289.6,0.0,6.81,Production,Engineering
ACC-1006,Managed Database,us-east-1,db.m5.large,2026-06-02,13.87,44.0,0.0,7.97,Production,Marketing
ACC-1006,Content Delivery (CDN),us-east-1,N/A,2026-06-02,0.0,0.0,36.0,3.21,Production,Marketing
ACC-1005,Compute Instances,us-east-1,m5.large,2026-06-02,12.3,0.0,0.0,1.29,Production,IT Operations
ACC-1005,Block Storage,us-east-1,gp3,2026-06-02,0.0,205.9,0.0,17.74,Production,IT Operations
ACC-1005,Object Storage,us-east-1,N/A,2026-06-02,0.0,237.9,0.0,5.49,Production,IT Operations
ACC-1008,Serverless Functions,us-east-1,N/A,2026-06-02,19.49,0.0,0.0,0.99,Staging,Engineering
ACC-1010,Managed Kubernetes,ap-southeast-1,c5.2xlarge,2026-06-02,24.77,0.0,0.0,8.34,Production,Data Science
ACC-1010,Managed Database,ap-southeast-1,db.r5.large,2026-06-02,37.79,80.9,0.0,14.74,Production,Data Science
ACC-1010,Load Balancer,ap-southeast-1,N/A,2026-06-02,0.0,0.0,25.2,2.26,Production,Data Science
ACC-1015,Block Storage,ap-south-1,gp3,2026-06-02,0.0,110.1,0.0,8.72,Development,Engineering
ACC-1015,Data Transfer / Egress,ap-south-1,N/A,2026-06-02,0.0,0.0,47.6,4.45,Development,Engineering
ACC-1011,Data Transfer / Egress,us-east-1,N/A,2026-06-02,0.0,0.0,47.9,4.94,Production,Sales
ACC-1002,Content Delivery (CDN),ap-south-1,N/A,2026-06-02,0.0,0.0,37.9,3.25,Production,Sales
ACC-1002,Compute Instances,ap-south-1,m5.large,2026-06-02,9.11,0.0,0.0,0.91,Production,Sales
ACC-1008,Managed Database,us-east-1,db.m5.large,2026-06-02,30.53,56.8,0.0,10.78,Staging,Engineering
ACC-1008,Serverless Functions,us-east-1,N/A,2026-06-03,18.38,0.0,0.0,0.95,Production,Engineering
ACC-1006,Managed Kubernetes,us-east-1,m5.xlarge,2026-06-03,13.29,0.0,0.0,2.51,Staging,Marketing
ACC-1013,Compute Instances,us-east-1,t3.micro,2026-06-03,13.57,0.0,0.0,0.16,Development,Data Science
ACC-1013,Managed Database,us-east-1,db.r5.large,2026-06-03,13.4,79.2,0.0,10.76,Development,Data Science
ACC-1011,Block Storage,us-east-1,gp3,2026-06-03,0.0,227.4,0.0,20.87,Production,Sales
ACC-1005,Data Transfer / Egress,us-east-1,N/A,2026-06-03,0.0,0.0,29.4,2.83,Staging,IT Operations
ACC-1002,Object Storage,ap-south-1,N/A,2026-06-03,0.0,198.9,0.0,4.44,Production,Sales
ACC-1014,Serverless Functions,us-west-2,N/A,2026-06-03,10.84,0.0,0.0,0.55,Production,Engineering
ACC-1002,Load Balancer,ap-south-1,N/A,2026-06-03,0.0,0.0,25.2,2.3,Production,Sales
ACC-1004,Serverless Functions,ap-southeast-1,N/A,2026-06-03,17.57,0.0,0.0,0.78,Staging,Sales
ACC-1004,Load Balancer,ap-southeast-1,N/A,2026-06-03,0.0,0.0,29.0,2.61,Staging,Sales
ACC-1014,Object Storage,us-west-2,N/A,2026-06-03,0.0,259.1,0.0,5.88,Production,Engineering
ACC-1009,Content Delivery (CDN),eu-central-1,N/A,2026-06-03,0.0,0.0,33.8,3.1,Staging,Engineering
ACC-1002,Serverless Functions,ap-south-1,N/A,2026-06-03,3.44,0.0,0.0,0.14,Production,Sales
ACC-1005,Data Transfer / Egress,us-east-1,N/A,2026-06-04,0.0,0.0,12.3,1.11,Staging,IT Operations
ACC-1011,Managed Kubernetes,us-east-1,c5.2xlarge,2026-06-04,17.52,0.0,0.0,6.18,Production,Sales
ACC-1011,Content Delivery (CDN),us-east-1,N/A,2026-06-04,0.0,0.0,27.5,2.56,Production,Sales
ACC-1014,Serverless Functions,us-west-2,N/A,2026-06-04,11.68,0.0,0.0,0.61,Staging,Engineering
ACC-1014,Load Balancer,us-west-2,N/A,2026-06-04,0.0,0.0,33.5,3.04,Staging,Engineering
ACC-1007,Object Storage,ap-southeast-1,N/A,2026-06-04,0.0,262.5,0.0,5.78,Staging,Marketing
ACC-1009,Load Balancer,eu-central-1,N/A,2026-06-04,0.0,0.0,29.8,2.54,Development,Engineering
ACC-1009,Content Delivery (CDN),eu-central-1,N/A,2026-06-04,0.0,0.0,57.3,5.33,Development,Engineering
ACC-1006,Compute Instances,us-east-1,t3.medium,2026-06-04,11.75,0.0,0.0,0.48,Production,Marketing
ACC-1010,Managed Database,ap-southeast-1,db.m5.large,2026-06-04,13.83,18.2,0.0,4.69,Development,Data Science
ACC-1010,Managed Kubernetes,ap-southeast-1,m5.large,2026-06-04,14.78,0.0,0.0,1.43,Development,Data Science
ACC-1001,Managed Kubernetes,eu-central-1,c5.2xlarge,2026-06-04,4.33,0.0,0.0,1.45,Production,Engineering
ACC-1002,Managed Kubernetes,ap-south-1,c5.2xlarge,2026-06-04,8.92,0.0,0.0,2.61,Production,Sales
ACC-1004,Managed Database,ap-southeast-1,db.t3.medium,2026-06-04,37.42,30.5,0.0,5.7,Production,Sales
ACC-1013,Serverless Functions,us-east-1,N/A,2026-06-04,12.58,0.0,0.0,0.65,Staging,Data Science
ACC-1003,Data Transfer / Egress,ap-south-1,N/A,2026-06-04,0.0,0.0,26.0,2.37,Development,Data Science
ACC-1004,Object Storage,ap-southeast-1,N/A,2026-06-04,0.0,178.2,0.0,4.09,Production,Sales
ACC-1013,Object Storage,us-east-1,N/A,2026-06-04,0.0,157.6,0.0,3.38,Staging,Data Science
ACC-1013,Compute Instances,us-east-1,m5.large,2026-06-04,10.75,0.0,0.0,1.03,Staging,Data Science
ACC-1012,Managed Kubernetes,eu-west-1,c5.2xlarge,2026-06-04,8.88,0.0,0.0,3.42,Staging,Finance
ACC-1012,Managed Database,eu-west-1,db.m5.large,2026-06-04,16.04,39.1,0.0,6.25,Staging,Finance
ACC-1012,Serverless Functions,eu-west-1,N/A,2026-06-04,24.96,0.0,0.0,1.04,Staging,Finance
ACC-1015,Content Delivery (CDN),eu-central-1,N/A,2026-06-04,0.0,0.0,30.9,2.65,Production,Engineering
ACC-1008,Data Transfer / Egress,us-east-1,N/A,2026-06-04,0.0,0.0,29.5,2.75,Development,Engineering
ACC-1008,Compute Instances,us-east-1,c5.large,2026-06-04,8.88,0.0,0.0,0.82,Development,Engineering
ACC-1003,Block Storage,ap-south-1,io2,2026-06-04,0.0,186.8,0.0,22.82,Development,Data Science
ACC-1003,Managed Kubernetes,ap-south-1,c5.2xlarge,2026-06-04,14.67,0.0,0.0,5.33,Development,Data Science
ACC-1015,Serverless Functions,eu-central-1,N/A,2026-06-04,18.7,0.0,0.0,0.95,Production,Engineering
ACC-1009,Data Warehouse,eu-central-1,dw.xlarge,2026-06-05,19.11,56.4,0.0,25.83,Staging,Engineering
ACC-1002,Serverless Functions,ap-south-1,N/A,2026-06-05,8.97,0.0,0.0,0.43,Development,Sales
ACC-1002,Data Warehouse,ap-south-1,dw.large,2026-06-05,22.33,31.3,0.0,13.2,Development,Sales
ACC-1013,Serverless Functions,us-east-1,N/A,2026-06-05,33.67,0.0,0.0,1.81,Production,Data Science
ACC-1009,Serverless Functions,eu-central-1,N/A,2026-06-05,16.37,0.0,0.0,0.79,Staging,Engineering
ACC-1009,Data Transfer / Egress,eu-central-1,N/A,2026-06-05,0.0,0.0,47.4,4.3,Staging,Engineering
ACC-1001,Serverless Functions,eu-central-1,N/A,2026-06-05,17.99,0.0,0.0,0.79,Production,Engineering
ACC-1004,Block Storage,ap-southeast-1,io2,2026-06-05,0.0,155.5,0.0,20.59,Production,Sales
ACC-1001,Managed Kubernetes,eu-central-1,c5.2xlarge,2026-06-05,26.91,0.0,0.0,10.31,Production,Engineering
ACC-1003,Managed Kubernetes,ap-south-1,m5.large,2026-06-05,13.08,0.0,0.0,1.29,Production,Data Science
ACC-1003,Object Storage,ap-south-1,N/A,2026-06-05,0.0,118.9,0.0,2.8,Production,Data Science
ACC-1003,Data Transfer / Egress,ap-south-1,N/A,2026-06-05,0.0,0.0,10.4,1.09,Production,Data Science
ACC-1004,Load Balancer,ap-southeast-1,N/A,2026-06-05,0.0,0.0,46.5,4.57,Production,Sales
ACC-1002,Load Balancer,ap-south-1,N/A,2026-06-05,0.0,0.0,15.0,1.27,Development,Sales
ACC-1001,Load Balancer,eu-central-1,N/A,2026-06-05,0.0,0.0,12.2,1.08,Production,Engineering
ACC-1011,Managed Kubernetes,us-east-1,m5.large,2026-06-05,23.8,0.0,0.0,2.37,Development,Sales
ACC-1005,Content Delivery (CDN),us-east-1,N/A,2026-06-05,0.0,0.0,52.0,4.26,Production,IT Operations
ACC-1007,Data Transfer / Egress,ap-southeast-1,N/A,2026-06-05,0.0,0.0,3.5,0.31,Production,Marketing
ACC-1015,Serverless Functions,ap-south-1,N/A,2026-06-05,10.2,0.0,0.0,0.49,Development,Engineering
ACC-1015,Managed Database,ap-south-1,db.m5.large,2026-06-05,22.31,54.9,0.0,8.33,Development,Engineering
ACC-1015,Block Storage,ap-south-1,st1,2026-06-05,0.0,277.5,0.0,12.07,Development,Engineering
ACC-1005,Load Balancer,us-east-1,N/A,2026-06-05,0.0,0.0,45.6,3.79,Production,IT Operations
ACC-1014,Load Balancer,us-west-2,N/A,2026-06-05,0.0,0.0,82.0,6.73,Staging,Engineering
ACC-1011,Load Balancer,us-east-1,N/A,2026-06-05,0.0,0.0,5.9,0.45,Development,Sales
ACC-1014,Managed Kubernetes,us-west-2,c5.2xlarge,2026-06-05,12.57,0.0,0.0,4.55,Staging,Engineering
ACC-1010,Managed Database,ap-southeast-1,db.r5.large,2026-06-05,28.87,86.6,0.0,14.76,Production,Data Science
ACC-1010,Object Storage,ap-southeast-1,N/A,2026-06-05,0.0,278.7,0.0,6.23,Production,Data Science
ACC-1010,Content Delivery (CDN),ap-southeast-1,N/A,2026-06-05,0.0,0.0,34.9,3.7,Production,Data Science
ACC-1006,Serverless Functions,us-east-1,N/A,2026-06-05,16.8,0.0,0.0,0.87,Production,Marketing
ACC-1006,Content Delivery (CDN),us-east-1,N/A,2026-06-05,0.0,0.0,17.0,1.67,Production,Marketing
ACC-1006,Block Storage,us-east-1,st1,2026-06-05,0.0,254.4,0.0,11.67,Production,Marketing
ACC-1014,Data Warehouse,us-west-2,dw.large,2026-06-05,28.31,47.8,0.0,18.05,Staging,Engineering
ACC-1002,Object Storage,ap-south-1,N/A,2026-06-06,0.0,199.3,0.0,4.43,Production,Sales
ACC-1014,Load Balancer,us-west-2,N/A,2026-06-06,0.0,0.0,29.6,2.91,Development,Engineering
ACC-1014,Block Storage,us-west-2,st1,2026-06-06,0.0,275.5,0.0,12.46,Development,Engineering
ACC-1015,Load Balancer,us-east-1,N/A,2026-06-06,0.0,0.0,56.8,5.02,Development,Engineering
ACC-1015,Content Delivery (CDN),us-east-1,N/A,2026-06-06,0.0,0.0,36.3,3.64,Development,Engineering
ACC-1015,Block Storage,us-east-1,gp3,2026-06-06,0.0,273.6,0.0,21.25,Development,Engineering
ACC-1002,Data Transfer / Egress,ap-south-1,N/A,2026-06-06,0.0,0.0,12.5,1.13,Production,Sales
ACC-1012,Block Storage,us-west-2,st1,2026-06-06,0.0,170.1,0.0,7.71,Production,Finance
ACC-1002,Managed Database,ap-south-1,db.t3.medium,2026-06-06,10.88,40.7,0.0,4.46,Production,Sales
ACC-1014,Content Delivery (CDN),us-west-2,N/A,2026-06-06,0.0,0.0,13.2,1.2,Development,Engineering
ACC-1004,Data Transfer / Egress,ap-southeast-1,N/A,2026-06-06,0.0,0.0,10.3,0.92,Production,Sales
ACC-1004,Data Warehouse,ap-southeast-1,dw.large,2026-06-06,11.93,49.5,0.0,11.86,Production,Sales
ACC-1004,Managed Database,ap-southeast-1,db.r5.large,2026-06-06,6.19,70.8,0.0,8.83,Production,Sales
ACC-1003,Serverless Functions,ap-south-1,N/A,2026-06-06,12.64,0.0,0.0,0.62,Staging,Data Science
ACC-1003,Data Transfer / Egress,ap-south-1,N/A,2026-06-06,0.0,0.0,46.6,3.87,Staging,Data Science
ACC-1009,Block Storage,eu-central-1,gp3,2026-06-06,0.0,180.7,0.0,14.52,Production,Engineering
ACC-1007,Block Storage,ap-southeast-1,io2,2026-06-06,0.0,106.0,0.0,13.87,Production,Marketing
ACC-1007,Data Warehouse,ap-southeast-1,dw.xlarge,2026-06-06,9.55,36.2,0.0,13.85,Production,Marketing
ACC-1010,Managed Kubernetes,ap-southeast-1,m5.xlarge,2026-06-06,6.84,0.0,0.0,1.28,Production,Data Science
ACC-1007,Object Storage,us-east-1,N/A,2026-06-07,0.0,278.1,0.0,6.26,Development,Marketing
ACC-1014,Load Balancer,us-west-2,N/A,2026-06-07,0.0,0.0,9.6,0.87,Production,Engineering
ACC-1014,Data Warehouse,us-west-2,dw.xlarge,2026-06-07,13.9,80.6,0.0,22.19,Production,Engineering
ACC-1008,Content Delivery (CDN),us-east-1,N/A,2026-06-07,0.0,0.0,52.4,4.49,Production,Engineering
ACC-1012,Content Delivery (CDN),ap-southeast-1,N/A,2026-06-07,0.0,0.0,32.2,3.06,Staging,Finance
ACC-1008,Load Balancer,us-east-1,N/A,2026-06-07,0.0,0.0,29.9,2.08,Production,Engineering
ACC-1006,Managed Database,us-east-1,db.t3.medium,2026-06-07,18.29,103.6,0.0,13.16,Production,Marketing
ACC-1007,Managed Database,us-east-1,db.r5.large,2026-06-07,5.36,63.5,0.0,7.79,Development,Marketing
ACC-1004,Compute Instances,ap-southeast-1,t3.micro,2026-06-07,15.38,0.0,0.0,0.14,Production,Sales
ACC-1004,Managed Database,ap-southeast-1,db.r5.large,2026-06-07,18.25,31.2,0.0,6.94,Production,Sales
ACC-1011,Load Balancer,us-east-1,N/A,2026-06-07,0.0,0.0,74.1,6.78,Staging,Sales
ACC-1010,Compute Instances,ap-southeast-1,r5.large,2026-06-07,4.21,0.0,0.0,0.59,Staging,Data Science
ACC-1010,Data Transfer / Egress,ap-southeast-1,N/A,2026-06-07,0.0,0.0,52.8,5.72,Staging,Data Science
ACC-1015,Load Balancer,ap-south-1,N/A,2026-06-07,0.0,0.0,22.4,2.06,Staging,Engineering
ACC-1015,Content Delivery (CDN),ap-south-1,N/A,2026-06-07,0.0,0.0,17.5,1.31,Staging,Engineering
ACC-1007,Managed Kubernetes,us-east-1,c5.2xlarge,2026-06-07,4.22,0.0,0.0,1.49,Development,Marketing
ACC-1001,Compute Instances,us-west-2,r5.large,2026-06-08,21.54,0.0,0.0,3.03,Production,Engineering
ACC-1004,Managed Kubernetes,ap-southeast-1,m5.large,2026-06-08,26.28,0.0,0.0,2.81,Production,Sales
ACC-1014,Content Delivery (CDN),us-west-2,N/A,2026-06-08,0.0,0.0,26.5,2.34,Production,Engineering
ACC-1014,Compute Instances,us-west-2,t3.medium,2026-06-08,27.61,0.0,0.0,1.15,Production,Engineering
ACC-1001,Object Storage,us-west-2,N/A,2026-06-08,0.0,134.1,0.0,2.91,Production,Engineering
ACC-1001,Block Storage,us-west-2,st1,2026-06-08,0.0,148.9,0.0,6.46,Production,Engineering
ACC-1003,Block Storage,eu-west-1,io2,2026-06-08,0.0,319.5,0.0,44.31,Production,Data Science
ACC-1005,Object Storage,us-east-1,N/A,2026-06-08,0.0,113.0,0.0,2.63,Production,IT Operations
ACC-1012,Managed Database,eu-west-1,db.t3.medium,2026-06-08,20.27,73.3,0.0,8.84,Staging,Finance
ACC-1012,Data Transfer / Egress,eu-west-1,N/A,2026-06-08,0.0,0.0,20.1,1.76,Staging,Finance
ACC-1005,Managed Database,us-east-1,db.m5.large,2026-06-08,33.11,17.1,0.0,7.9,Production,IT Operations
ACC-1010,Content Delivery (CDN),ap-southeast-1,N/A,2026-06-08,0.0,0.0,17.2,1.53,Production,Data Science
ACC-1013,Object Storage,us-east-1,N/A,2026-06-08,0.0,165.8,0.0,3.85,Staging,Data Science
ACC-1013,Compute Instances,us-east-1,t3.micro,2026-06-08,17.17,0.0,0.0,0.18,Staging,Data Science
ACC-1009,Load Balancer,eu-central-1,N/A,2026-06-09,0.0,0.0,55.9,4.79,Production,Engineering
ACC-1015,Managed Database,ap-south-1,db.r5.large,2026-06-09,24.36,64.4,0.0,11.91,Production,Engineering
ACC-1015,Content Delivery (CDN),ap-south-1,N/A,2026-06-09,0.0,0.0,13.1,1.24,Production,Engineering
ACC-1003,Managed Database,ap-south-1,db.m5.large,2026-06-09,36.45,41.5,0.0,10.8,Production,Data Science
ACC-1003,Compute Instances,ap-south-1,m5.xlarge,2026-06-09,7.08,0.0,0.0,1.47,Production,Data Science
ACC-1004,Block Storage,ap-southeast-1,io2,2026-06-09,0.0,275.2,0.0,37.68,Staging,Sales
ACC-1010,Content Delivery (CDN),ap-southeast-1,N/A,2026-06-09,0.0,0.0,25.0,2.27,Development,Data Science
ACC-1015,Block Storage,ap-south-1,io2,2026-06-09,0.0,145.5,0.0,15.45,Production,Engineering
ACC-1011,Managed Database,us-east-1,db.r5.large,2026-06-09,6.66,93.4,0.0,10.25,Production,Sales
ACC-1001,Object Storage,us-west-2,N/A,2026-06-09,0.0,100.9,0.0,2.24,Staging,Engineering
ACC-1012,Block Storage,eu-west-1,gp3,2026-06-09,0.0,194.2,0.0,14.95,Production,Finance
ACC-1012,Managed Database,eu-west-1,db.m5.large,2026-06-09,16.78,10.6,0.0,3.75,Production,Finance
ACC-1007,Managed Kubernetes,ap-southeast-1,c5.2xlarge,2026-06-09,14.02,0.0,0.0,4.59,Production,Marketing
ACC-1006,Block Storage,us-east-1,st1,2026-06-09,0.0,227.0,0.0,10.33,Production,Marketing
ACC-1011,Data Warehouse,us-east-1,dw.large,2026-06-09,34.02,58.3,0.0,23.47,Production,Sales
ACC-1004,Content Delivery (CDN),ap-southeast-1,N/A,2026-06-10,0.0,0.0,17.2,1.4,Development,Sales
ACC-1004,Block Storage,ap-southeast-1,io2,2026-06-10,0.0,165.0,0.0,21.44,Development,Sales
ACC-1006,Data Warehouse,us-east-1,dw.xlarge,2026-06-10,17.77,54.6,0.0,20.83,Production,Marketing
ACC-1014,Load Balancer,us-west-2,N/A,2026-06-10,0.0,0.0,22.9,1.86,Production,Engineering
ACC-1014,Compute Instances,us-west-2,t3.micro,2026-06-10,15.97,0.0,0.0,0.17,Production,Engineering
ACC-1015,Load Balancer,ap-south-1,N/A,2026-06-10,0.0,0.0,41.9,3.71,Staging,Engineering
ACC-1008,Object Storage,us-east-1,N/A,2026-06-10,0.0,117.1,0.0,2.93,Staging,Engineering
ACC-1015,Serverless Functions,ap-south-1,N/A,2026-06-10,2.49,0.0,0.0,0.13,Staging,Engineering
ACC-1008,Managed Database,us-east-1,db.r5.large,2026-06-10,29.89,78.1,0.0,13.97,Staging,Engineering
ACC-1008,Load Balancer,us-east-1,N/A,2026-06-10,0.0,0.0,64.7,6.13,Staging,Engineering
ACC-1009,Managed Kubernetes,eu-central-1,m5.large,2026-06-10,9.31,0.0,0.0,0.87,Production,Engineering
ACC-1009,Load Balancer,eu-central-1,N/A,2026-06-10,0.0,0.0,28.7,7.82,Production,Engineering
ACC-1011,Data Warehouse,us-east-1,dw.large,2026-06-10,25.04,33.9,0.0,17.02,Production,Sales
ACC-1015,Object Storage,ap-south-1,N/A,2026-06-10,0.0,212.8,0.0,4.83,Staging,Engineering
ACC-1011,Object Storage,us-east-1,N/A,2026-06-10,0.0,239.5,0.0,5.61,Production,Sales
ACC-1003,Managed Database,eu-west-1,db.t3.medium,2026-06-10,16.44,53.1,0.0,6.36,Production,Data Science
ACC-1005,Load Balancer,us-east-1,N/A,2026-06-10,0.0,0.0,24.6,2.24,Development,IT Operations
ACC-1001,Object Storage,eu-central-1,N/A,2026-06-10,0.0,314.8,0.0,7.38,Staging,Engineering
ACC-1001,Managed Kubernetes,eu-central-1,m5.large,2026-06-10,30.31,0.0,0.0,2.79,Staging,Engineering
ACC-1001,Content Delivery (CDN),eu-central-1,N/A,2026-06-10,0.0,0.0,15.2,1.33,Staging,Engineering
ACC-1011,Managed Database,us-east-1,db.m5.large,2026-06-10,12.09,27.7,0.0,5.03,Production,Sales
ACC-1002,Content Delivery (CDN),ap-south-1,N/A,2026-06-10,0.0,0.0,32.0,2.82,Staging,Sales
ACC-1002,Block Storage,ap-south-1,st1,2026-06-10,0.0,149.2,0.0,7.16,Staging,Sales
ACC-1012,Load Balancer,eu-west-1,N/A,2026-06-10,0.0,0.0,22.7,2.15,Staging,Finance
ACC-1003,Block Storage,eu-west-1,io2,2026-06-10,0.0,206.6,0.0,24.41,Production,Data Science
ACC-1013,Block Storage,us-east-1,io2,2026-06-10,0.0,139.6,0.0,16.1,Production,Data Science
ACC-1010,Managed Kubernetes,ap-southeast-1,m5.large,2026-06-10,17.96,0.0,0.0,1.68,Staging,Data Science
ACC-1010,Serverless Functions,ap-southeast-1,N/A,2026-06-10,7.59,0.0,0.0,0.37,Staging,Data Science
ACC-1010,Load Balancer,ap-southeast-1,N/A,2026-06-10,0.0,0.0,15.5,1.53,Staging,Data Science
ACC-1002,Object Storage,ap-south-1,N/A,2026-06-10,0.0,115.4,0.0,2.56,Staging,Sales
ACC-1010,Managed Kubernetes,ap-southeast-1,m5.xlarge,2026-06-11,12.13,0.0,0.0,2.29,Staging,Data Science
ACC-1008,Managed Database,eu-central-1,db.r5.large,2026-06-11,15.61,55.2,0.0,8.93,Production,Engineering
ACC-1008,Block Storage,eu-central-1,io2,2026-06-11,0.0,170.6,0.0,20.47,Production,Engineering
ACC-1011,Managed Kubernetes,us-east-1,m5.large,2026-06-11,19.98,0.0,0.0,2.1,Production,Sales
ACC-1011,Managed Database,us-east-1,db.m5.large,2026-06-11,9.84,59.6,0.0,7.3,Production,Sales
ACC-1004,Serverless Functions,ap-southeast-1,N/A,2026-06-11,10.83,0.0,0.0,0.59,Development,Sales
ACC-1004,Data Transfer / Egress,ap-southeast-1,N/A,2026-06-11,0.0,0.0,13.8,1.27,Development,Sales
ACC-1010,Data Transfer / Egress,ap-southeast-1,N/A,2026-06-11,0.0,0.0,34.2,2.93,Staging,Data Science
ACC-1011,Data Warehouse,us-east-1,dw.large,2026-06-11,18.73,37.9,0.0,13.28,Production,Sales
ACC-1003,Object Storage,ap-south-1,N/A,2026-06-11,0.0,227.0,0.0,5.87,Staging,Data Science
ACC-1003,Compute Instances,ap-south-1,m5.xlarge,2026-06-11,19.04,0.0,0.0,3.42,Staging,Data Science
ACC-1015,Serverless Functions,eu-central-1,N/A,2026-06-11,10.37,0.0,0.0,0.5,Production,Engineering
ACC-1009,Serverless Functions,eu-central-1,N/A,2026-06-11,5.56,0.0,0.0,0.28,Staging,Engineering
ACC-1009,Managed Kubernetes,eu-central-1,c5.2xlarge,2026-06-11,8.57,0.0,0.0,2.92,Staging,Engineering
ACC-1013,Managed Kubernetes,us-east-1,c5.2xlarge,2026-06-11,9.94,0.0,0.0,3.13,Production,Data Science
ACC-1013,Compute Instances,us-east-1,t3.medium,2026-06-11,22.59,0.0,0.0,0.9,Production,Data Science
ACC-1005,Block Storage,us-east-1,gp3,2026-06-11,0.0,196.9,0.0,16.96,Production,IT Operations
ACC-1009,Managed Database,eu-central-1,db.m5.large,2026-06-12,34.61,32.7,0.0,9.32,Production,Engineering
ACC-1008,Managed Kubernetes,ap-southeast-1,m5.large,2026-06-12,8.2,0.0,0.0,0.84,Production,Engineering
ACC-1004,Managed Database,ap-southeast-1,db.r5.large,2026-06-12,5.7,47.4,0.0,5.56,Staging,Sales
ACC-1014,Content Delivery (CDN),us-west-2,N/A,2026-06-12,0.0,0.0,28.0,2.54,Production,Engineering
ACC-1012,Object Storage,eu-west-1,N/A,2026-06-12,0.0,175.6,0.0,3.88,Production,Finance
ACC-1012,Managed Database,eu-west-1,db.r5.large,2026-06-12,38.31,134.7,0.0,24.64,Production,Finance
ACC-1012,Block Storage,eu-west-1,st1,2026-06-12,0.0,83.2,0.0,3.38,Production,Finance
ACC-1009,Content Delivery (CDN),eu-central-1,N/A,2026-06-12,0.0,0.0,25.4,2.2,Production,Engineering
ACC-1001,Managed Kubernetes,eu-central-1,m5.xlarge,2026-06-12,7.98,0.0,0.0,1.63,Production,Engineering
ACC-1014,Data Warehouse,us-west-2,dw.large,2026-06-12,47.13,102.0,0.0,32.98,Production,Engineering
ACC-1009,Load Balancer,eu-central-1,N/A,2026-06-12,0.0,0.0,20.8,1.93,Production,Engineering
ACC-1008,Serverless Functions,ap-southeast-1,N/A,2026-06-12,24.16,0.0,0.0,1.07,Production,Engineering
ACC-1005,Managed Database,us-east-1,db.t3.medium,2026-06-12,19.43,36.6,0.0,4.95,Development,IT Operations
ACC-1005,Content Delivery (CDN),us-east-1,N/A,2026-06-12,0.0,0.0,19.8,1.54,Development,IT Operations
ACC-1003,Data Transfer / Egress,ap-south-1,N/A,2026-06-12,0.0,0.0,45.6,3.9,Staging,Data Science
ACC-1003,Object Storage,ap-south-1,N/A,2026-06-12,0.0,289.6,0.0,6.3,Staging,Data Science
ACC-1002,Block Storage,ap-south-1,st1,2026-06-12,0.0,269.9,0.0,12.72,Staging,Sales
ACC-1007,Managed Database,ap-southeast-1,db.t3.medium,2026-06-12,14.81,35.5,0.0,4.6,Production,Marketing
ACC-1003,Managed Database,ap-south-1,db.m5.large,2026-06-12,41.02,99.5,0.0,18.55,Staging,Data Science
ACC-1007,Compute Instances,ap-southeast-1,m5.xlarge,2026-06-12,31.39,0.0,0.0,18.75,Production,Marketing
ACC-1015,Managed Kubernetes,ap-south-1,m5.large,2026-06-12,11.48,0.0,0.0,1.15,Production,Engineering
ACC-1013,Managed Database,us-west-2,db.r5.large,2026-06-12,25.86,104.9,0.0,16.05,Production,Data Science
ACC-1007,Block Storage,ap-southeast-1,st1,2026-06-12,0.0,89.9,0.0,3.92,Production,Marketing
ACC-1006,Data Warehouse,us-east-1,dw.large,2026-06-13,9.84,47.4,0.0,9.29,Production,Marketing
ACC-1015,Data Warehouse,ap-south-1,dw.xlarge,2026-06-13,12.16,60.6,0.0,17.02,Production,Engineering
ACC-1015,Data Transfer / Egress,ap-south-1,N/A,2026-06-13,0.0,0.0,19.7,1.92,Production,Engineering
ACC-1006,Compute Instances,us-east-1,r5.large,2026-06-13,9.43,0.0,0.0,1.31,Production,Marketing
ACC-1006,Managed Database,us-east-1,db.t3.medium,2026-06-13,15.45,68.5,0.0,8.84,Production,Marketing
ACC-1009,Object Storage,eu-central-1,N/A,2026-06-13,0.0,107.1,0.0,2.53,Production,Engineering
ACC-1003,Content Delivery (CDN),ap-south-1,N/A,2026-06-13,0.0,0.0,28.4,2.63,Staging,Data Science
ACC-1004,Load Balancer,ap-southeast-1,N/A,2026-06-13,0.0,0.0,31.3,2.91,Staging,Sales
ACC-1005,Compute Instances,eu-west-1,t3.medium,2026-06-13,10.86,0.0,0.0,0.44,Production,IT Operations
ACC-1004,Block Storage,ap-southeast-1,st1,2026-06-13,0.0,156.0,0.0,6.65,Staging,Sales
ACC-1003,Data Transfer / Egress,ap-south-1,N/A,2026-06-13,0.0,0.0,37.3,3.57,Staging,Data Science
ACC-1005,Managed Kubernetes,eu-west-1,m5.xlarge,2026-06-13,12.66,0.0,0.0,2.49,Production,IT Operations
ACC-1015,Managed Kubernetes,ap-south-1,m5.large,2026-06-13,8.82,0.0,0.0,0.88,Production,Engineering
ACC-1001,Data Warehouse,eu-central-1,dw.large,2026-06-13,11.22,103.9,0.0,17.3,Production,Engineering
ACC-1008,Load Balancer,us-east-1,N/A,2026-06-13,0.0,0.0,17.6,1.56,Production,Engineering
ACC-1012,Managed Kubernetes,eu-west-1,m5.large,2026-06-13,3.48,0.0,0.0,0.33,Production,Finance
ACC-1007,Object Storage,ap-southeast-1,N/A,2026-06-13,0.0,131.0,0.0,3.25,Production,Marketing
ACC-1013,Block Storage,us-east-1,gp3,2026-06-13,0.0,155.7,0.0,12.09,Production,Data Science
ACC-1007,Load Balancer,ap-southeast-1,N/A,2026-06-13,0.0,0.0,17.2,1.46,Production,Marketing
ACC-1010,Data Warehouse,ap-south-1,dw.xlarge,2026-06-13,16.53,37.4,0.0,21.14,Staging,Data Science
ACC-1010,Load Balancer,ap-south-1,N/A,2026-06-13,0.0,0.0,27.1,2.57,Staging,Data Science
ACC-1012,Managed Database,eu-west-1,db.r5.large,2026-06-13,7.67,68.7,0.0,8.86,Production,Finance
ACC-1012,Compute Instances,eu-west-1,r5.large,2026-06-13,10.38,0.0,0.0,1.35,Production,Finance
ACC-1010,Managed Database,ap-south-1,db.m5.large,2026-06-13,17.28,29.4,0.0,6.01,Staging,Data Science
ACC-1014,Managed Database,us-west-2,db.r5.large,2026-06-13,5.76,45.2,0.0,5.3,Production,Engineering
ACC-1011,Block Storage,us-east-1,io2,2026-06-13,0.0,153.1,0.0,18.44,Development,Sales
ACC-1011,Serverless Functions,us-east-1,N/A,2026-06-13,14.26,0.0,0.0,0.78,Development,Sales
ACC-1002,Managed Database,ap-south-1,db.t3.medium,2026-06-13,6.02,82.7,0.0,7.92,Production,Sales
ACC-1002,Compute Instances,ap-south-1,t3.micro,2026-06-13,6.31,0.0,0.0,0.06,Production,Sales
ACC-1007,Compute Instances,ap-southeast-1,m5.large,2026-06-13,10.17,0.0,0.0,1.01,Production,Marketing
ACC-1014,Load Balancer,us-west-2,N/A,2026-06-13,0.0,0.0,51.0,3.94,Production,Engineering
ACC-1011,Data Warehouse,us-east-1,dw.xlarge,2026-06-14,15.0,18.9,0.0,16.09,Development,Sales
ACC-1011,Compute Instances,us-east-1,t3.micro,2026-06-14,5.94,0.0,0.0,0.06,Development,Sales
ACC-1010,Data Transfer / Egress,ap-southeast-1,N/A,2026-06-14,0.0,0.0,25.1,2.07,Staging,Data Science
ACC-1010,Block Storage,ap-southeast-1,gp3,2026-06-14,0.0,204.6,0.0,17.92,Staging,Data Science
ACC-1013,Managed Database,us-east-1,db.r5.large,2026-06-14,9.55,27.6,0.0,5.01,Development,Data Science
ACC-1003,Block Storage,ap-south-1,st1,2026-06-14,0.0,287.9,0.0,13.9,Production,Data Science
ACC-1013,Managed Kubernetes,us-east-1,m5.xlarge,2026-06-14,8.96,0.0,0.0,1.16,Development,Data Science
ACC-1015,Serverless Functions,ap-south-1,N/A,2026-06-14,6.36,0.0,0.0,0.31,Production,Engineering
ACC-1013,Block Storage,us-east-1,io2,2026-06-14,0.0,173.1,0.0,22.92,Development,Data Science
ACC-1015,Data Warehouse,ap-south-1,dw.large,2026-06-14,9.77,32.0,0.0,8.12,Production,Engineering
ACC-1002,Serverless Functions,eu-central-1,N/A,2026-06-14,5.52,0.0,0.0,0.26,Staging,Sales
ACC-1007,Managed Database,ap-southeast-1,db.t3.medium,2026-06-14,17.36,42.2,0.0,5.43,Staging,Marketing
ACC-1014,Compute Instances,us-west-2,t3.medium,2026-06-14,4.39,0.0,0.0,0.19,Production,Engineering
ACC-1014,Managed Kubernetes,us-west-2,c5.2xlarge,2026-06-14,7.48,0.0,0.0,2.53,Production,Engineering
ACC-1001,Data Transfer / Egress,eu-central-1,N/A,2026-06-14,0.0,0.0,35.7,3.17,Production,Engineering
ACC-1001,Serverless Functions,eu-central-1,N/A,2026-06-14,8.54,0.0,0.0,0.44,Production,Engineering
ACC-1009,Managed Database,ap-south-1,db.r5.large,2026-06-14,7.19,54.1,0.0,7.81,Production,Engineering
ACC-1009,Compute Instances,ap-south-1,m5.xlarge,2026-06-14,4.7,0.0,0.0,0.86,Production,Engineering
ACC-1009,Block Storage,ap-south-1,io2,2026-06-14,0.0,214.4,0.0,26.28,Production,Engineering
ACC-1015,Managed Database,ap-south-1,db.m5.large,2026-06-14,16.59,21.9,0.0,5.46,Production,Engineering
ACC-1012,Load Balancer,eu-west-1,N/A,2026-06-15,0.0,0.0,72.2,6.61,Development,Finance
ACC-1012,Block Storage,eu-west-1,st1,2026-06-15,0.0,243.5,0.0,11.05,Development,Finance
ACC-1015,Managed Kubernetes,ap-south-1,m5.large,2026-06-15,15.85,0.0,0.0,1.57,Staging,Engineering
ACC-1015,Data Transfer / Egress,ap-south-1,N/A,2026-06-15,0.0,0.0,19.0,1.54,Staging,Engineering
ACC-1015,Serverless Functions,ap-south-1,N/A,2026-06-15,10.04,0.0,0.0,0.54,Staging,Engineering
ACC-1006,Serverless Functions,us-east-1,N/A,2026-06-15,18.32,0.0,0.0,1.05,Production,Marketing
ACC-1007,Compute Instances,ap-southeast-1,t3.micro,2026-06-15,10.5,0.0,0.0,0.1,Staging,Marketing
ACC-1009,Data Transfer / Egress,eu-central-1,N/A,2026-06-15,0.0,0.0,15.8,1.43,Production,Engineering
ACC-1009,Compute Instances,eu-central-1,m5.large,2026-06-15,19.76,0.0,0.0,1.74,Production,Engineering
ACC-1011,Serverless Functions,us-east-1,N/A,2026-06-15,8.77,0.0,0.0,0.41,Production,Sales
ACC-1007,Serverless Functions,ap-southeast-1,N/A,2026-06-15,24.18,0.0,0.0,1.19,Staging,Marketing
ACC-1003,Content Delivery (CDN),ap-south-1,N/A,2026-06-15,0.0,0.0,43.8,3.89,Production,Data Science
ACC-1009,Block Storage,eu-central-1,gp3,2026-06-15,0.0,234.8,0.0,21.12,Production,Engineering
ACC-1011,Block Storage,us-east-1,st1,2026-06-15,0.0,172.6,0.0,7.32,Production,Sales
ACC-1012,Serverless Functions,eu-west-1,N/A,2026-06-15,14.11,0.0,0.0,0.76,Development,Finance
ACC-1004,Managed Database,ap-southeast-1,db.m5.large,2026-06-15,6.49,53.7,0.0,5.61,Production,Sales
ACC-1004,Managed Kubernetes,ap-southeast-1,c5.2xlarge,2026-06-15,12.46,0.0,0.0,4.54,Production,Sales
ACC-1005,Block Storage,eu-west-1,io2,2026-06-15,0.0,149.8,0.0,18.31,Production,IT Operations
ACC-1005,Data Transfer / Egress,eu-west-1,N/A,2026-06-15,0.0,0.0,13.6,1.28,Production,IT Operations
ACC-1014,Compute Instances,us-east-1,c5.large,2026-06-15,13.48,0.0,0.0,1.19,Development,Engineering
ACC-1013,Content Delivery (CDN),us-west-2,N/A,2026-06-15,0.0,0.0,22.9,2.13,Production,Data Science
ACC-1013,Managed Database,us-west-2,db.m5.large,2026-06-15,12.28,43.1,0.0,5.94,Production,Data Science
ACC-1013,Object Storage,us-west-2,N/A,2026-06-15,0.0,161.0,0.0,3.76,Production,Data Science
ACC-1005,Content Delivery (CDN),eu-west-1,N/A,2026-06-15,0.0,0.0,38.2,3.23,Production,IT Operations
ACC-1001,Data Transfer / Egress,eu-central-1,N/A,2026-06-15,0.0,0.0,77.2,7.15,Production,Engineering
ACC-1008,Object Storage,us-east-1,N/A,2026-06-15,0.0,237.2,0.0,5.55,Production,Engineering
ACC-1008,Data Transfer / Egress,us-east-1,N/A,2026-06-15,0.0,0.0,53.9,5.01,Production,Engineering
ACC-1008,Managed Kubernetes,us-east-1,c5.2xlarge,2026-06-15,13.93,0.0,0.0,4.59,Production,Engineering
ACC-1004,Load Balancer,ap-southeast-1,N/A,2026-06-15,0.0,0.0,19.8,1.84,Production,Sales
ACC-1001,Load Balancer,eu-central-1,N/A,2026-06-15,0.0,0.0,27.0,2.62,Production,Engineering
ACC-1004,Load Balancer,ap-southeast-1,N/A,2026-06-16,0.0,0.0,15.0,1.25,Development,Sales
ACC-1001,Load Balancer,eu-central-1,N/A,2026-06-16,0.0,0.0,29.9,2.82,Production,Engineering
ACC-1001,Content Delivery (CDN),eu-central-1,N/A,2026-06-16,0.0,0.0,38.3,3.27,Production,Engineering
ACC-1014,Data Transfer / Egress,us-west-2,N/A,2026-06-16,0.0,0.0,40.2,3.6,Production,Engineering
ACC-1014,Load Balancer,us-west-2,N/A,2026-06-16,0.0,0.0,26.9,2.49,Production,Engineering
ACC-1014,Managed Kubernetes,us-west-2,c5.2xlarge,2026-06-16,19.15,0.0,0.0,5.89,Production,Engineering
ACC-1003,Data Transfer / Egress,ap-south-1,N/A,2026-06-16,0.0,0.0,18.4,1.85,Production,Data Science
ACC-1003,Load Balancer,ap-south-1,N/A,2026-06-16,0.0,0.0,48.1,4.11,Production,Data Science
ACC-1002,Managed Database,ap-south-1,db.t3.medium,2026-06-16,48.36,60.6,0.0,8.76,Staging,Sales
ACC-1002,Compute Instances,ap-south-1,m5.large,2026-06-16,16.57,0.0,0.0,1.58,Staging,Sales
ACC-1002,Object Storage,ap-south-1,N/A,2026-06-16,0.0,152.9,0.0,3.43,Staging,Sales
ACC-1007,Content Delivery (CDN),ap-southeast-1,N/A,2026-06-16,0.0,0.0,38.1,3.41,Production,Marketing
ACC-1004,Block Storage,ap-southeast-1,st1,2026-06-16,0.0,255.9,0.0,12.5,Development,Sales
ACC-1003,Serverless Functions,ap-south-1,N/A,2026-06-16,21.71,0.0,0.0,1.28,Production,Data Science
ACC-1010,Load Balancer,ap-southeast-1,N/A,2026-06-16,0.0,0.0,58.7,5.18,Staging,Data Science
ACC-1012,Managed Kubernetes,eu-west-1,m5.large,2026-06-16,16.69,0.0,0.0,1.49,Development,Finance
ACC-1010,Object Storage,ap-southeast-1,N/A,2026-06-16,0.0,301.1,0.0,7.72,Staging,Data Science
ACC-1010,Serverless Functions,ap-southeast-1,N/A,2026-06-16,13.37,0.0,0.0,0.67,Staging,Data Science
ACC-1013,Managed Database,us-east-1,db.t3.medium,2026-06-16,18.8,35.9,0.0,5.28,Production,Data Science
ACC-1012,Serverless Functions,eu-west-1,N/A,2026-06-16,17.54,0.0,0.0,0.89,Development,Finance
ACC-1008,Managed Kubernetes,us-east-1,c5.2xlarge,2026-06-16,31.58,0.0,0.0,10.68,Development,Engineering
ACC-1015,Managed Kubernetes,ap-south-1,c5.2xlarge,2026-06-16,20.43,0.0,0.0,6.53,Development,Engineering
ACC-1015,Serverless Functions,ap-south-1,N/A,2026-06-16,15.34,0.0,0.0,0.83,Development,Engineering
ACC-1009,Data Warehouse,eu-central-1,dw.large,2026-06-16,17.62,72.0,0.0,15.29,Production,Engineering
ACC-1006,Serverless Functions,us-east-1,N/A,2026-06-16,8.7,0.0,0.0,0.49,Development,Marketing
ACC-1011,Managed Database,us-east-1,db.t3.medium,2026-06-16,10.43,32.1,0.0,3.93,Development,Sales
ACC-1011,Managed Kubernetes,us-east-1,c5.2xlarge,2026-06-16,17.97,0.0,0.0,6.94,Development,Sales
ACC-1011,Data Warehouse,us-east-1,dw.large,2026-06-16,14.89,64.8,0.0,15.18,Development,Sales
ACC-1005,Data Warehouse,us-east-1,dw.large,2026-06-16,25.32,92.4,0.0,18.97,Development,IT Operations
ACC-1005,Compute Instances,us-east-1,t3.medium,2026-06-16,10.73,0.0,0.0,0.45,Development,IT Operations
ACC-1015,Data Warehouse,ap-south-1,dw.large,2026-06-16,26.27,50.0,0.0,20.44,Development,Engineering
ACC-1013,Content Delivery (CDN),eu-central-1,N/A,2026-06-17,0.0,0.0,25.5,2.1,Production,Data Science
ACC-1006,Data Warehouse,us-east-1,dw.large,2026-06-17,5.89,26.9,0.0,5.52,Staging,Marketing
ACC-1005,Data Transfer / Egress,us-east-1,N/A,2026-06-17,0.0,0.0,57.7,5.47,Production,IT Operations
ACC-1005,Managed Kubernetes,us-east-1,m5.xlarge,2026-06-17,19.62,0.0,0.0,3.81,Production,IT Operations
ACC-1004,Compute Instances,ap-southeast-1,m5.large,2026-06-17,8.85,0.0,0.0,0.89,Production,Sales
ACC-1004,Data Transfer / Egress,ap-southeast-1,N/A,2026-06-17,0.0,0.0,78.7,7.0,Production,Sales
ACC-1008,Data Transfer / Egress,us-east-1,N/A,2026-06-17,0.0,0.0,32.5,2.36,Production,Engineering
ACC-1008,Content Delivery (CDN),us-east-1,N/A,2026-06-17,0.0,0.0,48.8,4.25,Production,Engineering
ACC-1014,Serverless Functions,us-west-2,N/A,2026-06-17,12.85,0.0,0.0,0.61,Staging,Engineering
ACC-1014,Managed Kubernetes,us-west-2,m5.xlarge,2026-06-17,24.25,0.0,0.0,4.26,Staging,Engineering
ACC-1002,Content Delivery (CDN),ap-south-1,N/A,2026-06-17,0.0,0.0,16.8,1.67,Staging,Sales
ACC-1013,Serverless Functions,eu-central-1,N/A,2026-06-17,8.09,0.0,0.0,0.42,Production,Data Science
ACC-1008,Managed Database,us-east-1,db.m5.large,2026-06-17,18.74,54.0,0.0,8.67,Production,Engineering
ACC-1011,Managed Database,us-east-1,db.r5.large,2026-06-17,33.4,19.6,0.0,10.59,Development,Sales
ACC-1012,Content Delivery (CDN),eu-west-1,N/A,2026-06-17,0.0,0.0,28.2,2.51,Development,Finance
ACC-1011,Data Transfer / Egress,us-east-1,N/A,2026-06-17,0.0,0.0,45.9,3.95,Development,Sales
ACC-1011,Data Warehouse,us-east-1,dw.xlarge,2026-06-17,44.06,72.5,0.0,54.23,Development,Sales
ACC-1012,Compute Instances,eu-west-1,r5.large,2026-06-17,16.63,0.0,0.0,2.03,Development,Finance
ACC-1003,Content Delivery (CDN),ap-south-1,N/A,2026-06-17,0.0,0.0,26.4,2.41,Development,Data Science
ACC-1003,Data Warehouse,ap-south-1,dw.large,2026-06-17,26.74,28.2,0.0,15.25,Development,Data Science
ACC-1003,Object Storage,ap-south-1,N/A,2026-06-17,0.0,214.0,0.0,4.55,Development,Data Science
ACC-1010,Data Warehouse,ap-southeast-1,dw.large,2026-06-17,35.27,132.3,0.0,28.52,Development,Data Science
ACC-1012,Load Balancer,eu-west-1,N/A,2026-06-17,0.0,0.0,16.9,1.66,Development,Finance
ACC-1009,Data Transfer / Egress,us-east-1,N/A,2026-06-17,0.0,0.0,22.3,2.06,Production,Engineering
ACC-1015,Content Delivery (CDN),ap-south-1,N/A,2026-06-17,0.0,0.0,17.4,1.47,Staging,Engineering
ACC-1007,Content Delivery (CDN),us-west-2,N/A,2026-06-17,0.0,0.0,23.0,2.35,Development,Marketing
ACC-1007,Managed Kubernetes,us-west-2,m5.large,2026-06-17,8.89,0.0,0.0,0.79,Development,Marketing
ACC-1007,Serverless Functions,us-west-2,N/A,2026-06-17,46.63,0.0,0.0,2.4,Development,Marketing
ACC-1001,Load Balancer,eu-central-1,N/A,2026-06-17,0.0,0.0,16.3,1.46,Production,Engineering
ACC-1013,Content Delivery (CDN),us-east-1,N/A,2026-06-18,0.0,0.0,20.1,1.83,Production,Data Science
ACC-1013,Load Balancer,us-east-1,N/A,2026-06-18,0.0,0.0,47.9,4.29,Production,Data Science
ACC-1001,Serverless Functions,eu-central-1,N/A,2026-06-18,28.12,0.0,0.0,1.46,Staging,Engineering
ACC-1001,Load Balancer,eu-central-1,N/A,2026-06-18,0.0,0.0,42.4,4.07,Staging,Engineering
ACC-1001,Data Warehouse,eu-central-1,dw.xlarge,2026-06-18,17.55,16.5,0.0,18.31,Staging,Engineering
ACC-1012,Load Balancer,eu-west-1,N/A,2026-06-18,0.0,0.0,42.8,3.87,Production,Finance
ACC-1012,Block Storage,eu-west-1,io2,2026-06-18,0.0,136.6,0.0,17.25,Production,Finance
ACC-1002,Serverless Functions,ap-south-1,N/A,2026-06-18,30.76,0.0,0.0,8.63,Staging,Sales
ACC-1008,Block Storage,us-east-1,gp3,2026-06-18,0.0,185.4,0.0,13.97,Development,Engineering
ACC-1008,Data Transfer / Egress,us-east-1,N/A,2026-06-18,0.0,0.0,87.2,7.95,Development,Engineering
ACC-1012,Data Warehouse,eu-west-1,dw.large,2026-06-18,35.43,52.3,0.0,22.97,Production,Finance
ACC-1011,Data Warehouse,us-east-1,dw.large,2026-06-18,15.93,36.8,0.0,12.14,Production,Sales
ACC-1013,Compute Instances,us-east-1,c5.large,2026-06-18,11.36,0.0,0.0,0.94,Production,Data Science
ACC-1011,Serverless Functions,us-east-1,N/A,2026-06-18,7.38,0.0,0.0,0.38,Production,Sales
ACC-1011,Object Storage,us-east-1,N/A,2026-06-18,0.0,175.5,0.0,4.01,Production,Sales
ACC-1009,Block Storage,eu-central-1,gp3,2026-06-18,0.0,299.5,0.0,22.46,Development,Engineering
ACC-1006,Managed Kubernetes,us-east-1,m5.xlarge,2026-06-18,23.9,0.0,0.0,4.98,Production,Marketing
ACC-1006,Load Balancer,us-east-1,N/A,2026-06-18,0.0,0.0,29.3,2.56,Production,Marketing
ACC-1006,Serverless Functions,us-east-1,N/A,2026-06-18,9.6,0.0,0.0,0.5,Production,Marketing
ACC-1009,Data Transfer / Egress,eu-central-1,N/A,2026-06-18,0.0,0.0,34.4,3.46,Development,Engineering
ACC-1010,Compute Instances,ap-southeast-1,r5.large,2026-06-18,17.13,0.0,0.0,2.61,Production,Data Science
ACC-1010,Content Delivery (CDN),ap-southeast-1,N/A,2026-06-18,0.0,0.0,41.5,4.01,Production,Data Science
ACC-1004,Compute Instances,ap-southeast-1,c5.large,2026-06-18,8.85,0.0,0.0,0.79,Staging,Sales
ACC-1004,Serverless Functions,ap-southeast-1,N/A,2026-06-18,12.7,0.0,0.0,0.69,Staging,Sales
ACC-1010,Serverless Functions,ap-southeast-1,N/A,2026-06-18,13.29,0.0,0.0,0.66,Production,Data Science
ACC-1014,Data Transfer / Egress,us-west-2,N/A,2026-06-19,0.0,0.0,17.1,1.56,Production,Engineering
ACC-1006,Managed Kubernetes,us-east-1,m5.xlarge,2026-06-19,9.1,0.0,0.0,1.74,Production,Marketing
ACC-1006,Load Balancer,us-east-1,N/A,2026-06-19,0.0,0.0,36.2,3.67,Production,Marketing
ACC-1013,Serverless Functions,us-east-1,N/A,2026-06-19,16.19,0.0,0.0,0.95,Production,Data Science
ACC-1013,Compute Instances,us-east-1,c5.large,2026-06-19,19.39,0.0,0.0,1.61,Production,Data Science
ACC-1013,Content Delivery (CDN),us-east-1,N/A,2026-06-19,0.0,0.0,44.0,4.12,Production,Data Science
ACC-1014,Managed Database,us-west-2,db.t3.medium,2026-06-19,16.43,104.5,0.0,11.47,Production,Engineering
ACC-1015,Load Balancer,ap-south-1,N/A,2026-06-19,0.0,0.0,8.2,0.78,Staging,Engineering
ACC-1002,Managed Database,ap-south-1,db.t3.medium,2026-06-19,35.7,71.4,0.0,9.12,Production,Sales
ACC-1010,Serverless Functions,ap-southeast-1,N/A,2026-06-19,11.9,0.0,0.0,0.63,Development,Data Science
ACC-1015,Data Warehouse,ap-south-1,dw.large,2026-06-19,37.21,65.2,0.0,26.64,Staging,Engineering
ACC-1015,Block Storage,ap-south-1,gp3,2026-06-19,0.0,163.1,0.0,14.52,Staging,Engineering
ACC-1002,Serverless Functions,ap-south-1,N/A,2026-06-19,7.13,0.0,0.0,0.32,Production,Sales
ACC-1002,Managed Kubernetes,ap-south-1,c5.2xlarge,2026-06-19,15.26,0.0,0.0,4.88,Production,Sales
ACC-1006,Block Storage,us-east-1,gp3,2026-06-19,0.0,157.7,0.0,13.59,Production,Marketing
ACC-1014,Load Balancer,us-west-2,N/A,2026-06-19,0.0,0.0,11.2,0.99,Production,Engineering
ACC-1009,Object Storage,eu-central-1,N/A,2026-06-19,0.0,256.5,0.0,6.15,Staging,Engineering
ACC-1005,Load Balancer,ap-south-1,N/A,2026-06-19,0.0,0.0,17.8,1.56,Staging,IT Operations
ACC-1008,Data Transfer / Egress,us-east-1,N/A,2026-06-19,0.0,0.0,25.5,2.28,Development,Engineering
ACC-1009,Compute Instances,eu-central-1,c5.large,2026-06-19,8.03,0.0,0.0,0.7,Staging,Engineering
ACC-1003,Managed Database,ap-south-1,db.t3.medium,2026-06-19,19.47,49.6,0.0,5.8,Production,Data Science
ACC-1011,Block Storage,us-east-1,gp3,2026-06-19,0.0,187.9,0.0,16.87,Production,Sales
ACC-1011,Managed Database,us-east-1,db.m5.large,2026-06-19,39.36,53.9,0.0,12.72,Production,Sales
ACC-1001,Data Transfer / Egress,eu-central-1,N/A,2026-06-19,0.0,0.0,18.8,1.71,Production,Engineering
ACC-1001,Load Balancer,eu-central-1,N/A,2026-06-19,0.0,0.0,18.8,1.65,Production,Engineering
ACC-1005,Content Delivery (CDN),ap-south-1,N/A,2026-06-19,0.0,0.0,39.7,3.31,Staging,IT Operations
ACC-1011,Serverless Functions,us-east-1,N/A,2026-06-19,20.52,0.0,0.0,1.08,Production,Sales
ACC-1012,Data Warehouse,eu-west-1,dw.xlarge,2026-06-19,23.42,75.4,0.0,30.75,Production,Finance
ACC-1012,Data Transfer / Egress,eu-west-1,N/A,2026-06-19,0.0,0.0,39.3,3.7,Production,Finance
ACC-1012,Compute Instances,eu-west-1,t3.micro,2026-06-19,12.61,0.0,0.0,0.14,Production,Finance
ACC-1007,Load Balancer,ap-southeast-1,N/A,2026-06-19,0.0,0.0,30.0,2.62,Staging,Marketing
ACC-1008,Managed Kubernetes,us-east-1,m5.large,2026-06-19,13.21,0.0,0.0,1.1,Development,Engineering
ACC-1008,Load Balancer,us-east-1,N/A,2026-06-19,0.0,0.0,20.3,1.94,Development,Engineering
ACC-1005,Managed Database,ap-south-1,db.m5.large,2026-06-19,18.09,64.7,0.0,8.5,Staging,IT Operations
ACC-1009,Managed Database,eu-central-1,db.r5.large,2026-06-20,19.23,23.0,0.0,6.75,Production,Engineering
ACC-1001,Serverless Functions,eu-central-1,N/A,2026-06-20,9.85,0.0,0.0,0.52,Staging,Engineering
ACC-1001,Data Transfer / Egress,eu-central-1,N/A,2026-06-20,0.0,0.0,31.5,3.36,Staging,Engineering
ACC-1005,Compute Instances,us-east-1,t3.micro,2026-06-20,5.71,0.0,0.0,0.06,Staging,IT Operations
ACC-1013,Managed Database,us-east-1,db.r5.large,2026-06-20,11.06,75.3,0.0,9.86,Production,Data Science
ACC-1013,Compute Instances,us-east-1,r5.large,2026-06-20,5.93,0.0,0.0,0.65,Production,Data Science
ACC-1013,Object Storage,us-east-1,N/A,2026-06-20,0.0,382.9,0.0,8.63,Production,Data Science
ACC-1009,Load Balancer,eu-central-1,N/A,2026-06-20,0.0,0.0,64.2,5.82,Production,Engineering
ACC-1009,Content Delivery (CDN),eu-central-1,N/A,2026-06-20,0.0,0.0,21.1,1.8,Production,Engineering
ACC-1008,Object Storage,us-east-1,N/A,2026-06-20,0.0,109.1,0.0,2.32,Production,Engineering
ACC-1010,Object Storage,ap-southeast-1,N/A,2026-06-20,0.0,297.2,0.0,6.59,Production,Data Science
ACC-1004,Content Delivery (CDN),ap-southeast-1,N/A,2026-06-20,0.0,0.0,19.5,1.58,Production,Sales
ACC-1014,Managed Database,us-west-2,db.r5.large,2026-06-20,14.54,33.2,0.0,5.99,Development,Engineering
ACC-1014,Serverless Functions,us-west-2,N/A,2026-06-20,11.28,0.0,0.0,0.6,Development,Engineering
ACC-1014,Data Warehouse,us-west-2,dw.large,2026-06-20,21.18,33.7,0.0,16.01,Development,Engineering
ACC-1006,Block Storage,us-east-1,io2,2026-06-20,0.0,230.7,0.0,31.27,Production,Marketing
ACC-1015,Block Storage,ap-south-1,gp3,2026-06-20,0.0,106.7,0.0,9.72,Staging,Engineering
ACC-1010,Managed Database,ap-southeast-1,db.r5.large,2026-06-20,13.11,38.2,0.0,7.6,Production,Data Science
ACC-1006,Content Delivery (CDN),us-east-1,N/A,2026-06-20,0.0,0.0,65.7,5.7,Production,Marketing
ACC-1012,Data Transfer / Egress,eu-west-1,N/A,2026-06-20,0.0,0.0,49.3,3.7,Production,Finance
ACC-1001,Content Delivery (CDN),eu-central-1,N/A,2026-06-21,0.0,0.0,59.5,5.25,Production,Engineering
ACC-1007,Object Storage,ap-southeast-1,N/A,2026-06-21,0.0,86.5,0.0,2.12,Staging,Marketing
ACC-1001,Managed Kubernetes,eu-central-1,m5.large,2026-06-21,5.18,0.0,0.0,0.47,Production,Engineering
ACC-1001,Serverless Functions,eu-central-1,N/A,2026-06-21,5.96,0.0,0.0,0.31,Production,Engineering
ACC-1004,Object Storage,ap-southeast-1,N/A,2026-06-21,0.0,362.2,0.0,7.8,Staging,Sales
ACC-1011,Serverless Functions,us-east-1,N/A,2026-06-21,5.41,0.0,0.0,0.26,Development,Sales
ACC-1011,Data Warehouse,us-east-1,dw.large,2026-06-21,9.31,30.5,0.0,6.58,Development,Sales
ACC-1011,Data Transfer / Egress,us-east-1,N/A,2026-06-21,0.0,0.0,11.0,0.99,Development,Sales
ACC-1006,Compute Instances,us-east-1,m5.xlarge,2026-06-21,8.96,0.0,0.0,1.68,Production,Marketing
ACC-1008,Data Transfer / Egress,us-east-1,N/A,2026-06-21,0.0,0.0,27.2,2.22,Production,Engineering
ACC-1015,Load Balancer,ap-south-1,N/A,2026-06-21,0.0,0.0,5.0,0.44,Production,Engineering
ACC-1012,Block Storage,eu-west-1,st1,2026-06-21,0.0,221.5,0.0,9.27,Production,Finance
ACC-1012,Compute Instances,eu-west-1,r5.large,2026-06-21,6.95,0.0,0.0,0.9,Production,Finance
ACC-1012,Managed Database,eu-west-1,db.t3.medium,2026-06-21,11.43,43.7,0.0,4.61,Production,Finance
ACC-1002,Managed Kubernetes,ap-south-1,m5.large,2026-06-21,6.35,0.0,0.0,0.56,Production,Sales
ACC-1002,Data Warehouse,ap-south-1,dw.large,2026-06-21,17.31,32.6,0.0,11.98,Production,Sales
ACC-1009,Serverless Functions,eu-central-1,N/A,2026-06-21,8.19,0.0,0.0,0.35,Development,Engineering
ACC-1008,Content Delivery (CDN),us-east-1,N/A,2026-06-21,0.0,0.0,24.8,2.35,Production,Engineering
ACC-1007,Object Storage,ap-southeast-1,N/A,2026-06-22,0.0,98.6,0.0,2.23,Production,Marketing
ACC-1007,Load Balancer,ap-southeast-1,N/A,2026-06-22,0.0,0.0,11.5,0.99,Production,Marketing
ACC-1011,Compute Instances,us-east-1,t3.medium,2026-06-22,16.79,0.0,0.0,0.65,Production,Sales
ACC-1001,Compute Instances,eu-central-1,t3.micro,2026-06-22,5.1,0.0,0.0,0.05,Staging,Engineering
ACC-1001,Data Warehouse,eu-central-1,dw.large,2026-06-22,29.34,78.5,0.0,23.99,Staging,Engineering
ACC-1013,Load Balancer,us-east-1,N/A,2026-06-22,0.0,0.0,30.4,3.03,Staging,Data Science
ACC-1004,Data Warehouse,ap-southeast-1,dw.xlarge,2026-06-22,32.41,26.8,0.0,33.73,Staging,Sales
ACC-1004,Load Balancer,ap-southeast-1,N/A,2026-06-22,0.0,0.0,76.1,6.55,Staging,Sales
ACC-1007,Block Storage,ap-southeast-1,io2,2026-06-22,0.0,204.6,0.0,26.82,Production,Marketing
ACC-1013,Managed Kubernetes,us-east-1,c5.2xlarge,2026-06-22,17.84,0.0,0.0,6.15,Staging,Data Science
ACC-1015,Block Storage,ap-south-1,io2,2026-06-22,0.0,196.6,0.0,22.96,Production,Engineering
ACC-1014,Compute Instances,us-west-2,t3.medium,2026-06-22,10.65,0.0,0.0,0.42,Development,Engineering
ACC-1015,Data Warehouse,ap-south-1,dw.large,2026-06-22,40.99,57.2,0.0,28.1,Production,Engineering
ACC-1005,Managed Kubernetes,us-east-1,c5.2xlarge,2026-06-22,7.4,0.0,0.0,2.47,Production,IT Operations
ACC-1009,Managed Kubernetes,eu-central-1,m5.xlarge,2026-06-22,13.19,0.0,0.0,2.41,Production,Engineering
ACC-1014,Content Delivery (CDN),us-west-2,N/A,2026-06-22,0.0,0.0,44.0,4.27,Development,Engineering
ACC-1014,Managed Kubernetes,us-west-2,c5.2xlarge,2026-06-22,7.71,0.0,0.0,2.66,Development,Engineering
ACC-1003,Content Delivery (CDN),ap-south-1,N/A,2026-06-22,0.0,0.0,28.0,2.47,Production,Data Science
ACC-1008,Block Storage,us-east-1,io2,2026-06-22,0.0,151.4,0.0,19.05,Production,Engineering
ACC-1008,Data Warehouse,us-east-1,dw.xlarge,2026-06-22,19.82,68.1,0.0,27.8,Production,Engineering
ACC-1008,Object Storage,us-east-1,N/A,2026-06-22,0.0,287.1,0.0,6.29,Production,Engineering
ACC-1012,Data Transfer / Egress,eu-west-1,N/A,2026-06-22,0.0,0.0,56.5,4.75,Production,Finance
ACC-1015,Managed Kubernetes,ap-south-1,c5.2xlarge,2026-06-22,18.77,0.0,0.0,6.16,Production,Engineering
ACC-1002,Data Transfer / Egress,ap-south-1,N/A,2026-06-23,0.0,0.0,11.7,1.08,Staging,Sales
ACC-1002,Data Warehouse,ap-south-1,dw.large,2026-06-23,16.31,27.8,0.0,11.6,Staging,Sales
ACC-1004,Block Storage,ap-southeast-1,io2,2026-06-23,0.0,191.2,0.0,21.86,Development,Sales
ACC-1004,Object Storage,ap-southeast-1,N/A,2026-06-23,0.0,206.4,0.0,4.55,Development,Sales
ACC-1010,Managed Database,ap-southeast-1,db.m5.large,2026-06-23,13.96,61.1,0.0,8.17,Production,Data Science
ACC-1001,Object Storage,eu-central-1,N/A,2026-06-23,0.0,185.1,0.0,3.37,Production,Engineering
ACC-1011,Managed Database,us-east-1,db.t3.medium,2026-06-23,14.69,64.3,0.0,7.71,Production,Sales
ACC-1011,Data Warehouse,us-east-1,dw.xlarge,2026-06-23,18.56,90.8,0.0,28.51,Production,Sales
ACC-1001,Load Balancer,eu-central-1,N/A,2026-06-23,0.0,0.0,28.7,2.42,Production,Engineering
ACC-1013,Compute Instances,us-east-1,m5.xlarge,2026-06-23,8.96,0.0,0.0,1.69,Production,Data Science
ACC-1001,Compute Instances,eu-central-1,r5.large,2026-06-23,9.66,0.0,0.0,1.25,Production,Engineering
ACC-1011,Content Delivery (CDN),us-east-1,N/A,2026-06-23,0.0,0.0,30.8,2.74,Production,Sales
ACC-1003,Data Transfer / Egress,ap-south-1,N/A,2026-06-23,0.0,0.0,59.4,4.63,Production,Data Science
ACC-1002,Block Storage,ap-south-1,gp3,2026-06-23,0.0,164.9,0.0,12.96,Staging,Sales
ACC-1014,Data Transfer / Egress,us-west-2,N/A,2026-06-23,0.0,0.0,14.1,1.32,Staging,Engineering
ACC-1003,Serverless Functions,ap-south-1,N/A,2026-06-23,12.61,0.0,0.0,0.52,Production,Data Science
ACC-1015,Data Transfer / Egress,ap-south-1,N/A,2026-06-23,0.0,0.0,23.7,1.84,Production,Engineering
ACC-1012,Data Warehouse,ap-south-1,dw.xlarge,2026-06-23,17.19,52.1,0.0,25.1,Staging,Finance
ACC-1005,Managed Database,us-east-1,db.m5.large,2026-06-23,19.23,69.7,0.0,10.11,Staging,IT Operations
ACC-1005,Serverless Functions,us-east-1,N/A,2026-06-23,11.99,0.0,0.0,0.59,Staging,IT Operations
ACC-1012,Managed Kubernetes,ap-south-1,m5.large,2026-06-23,15.19,0.0,0.0,1.53,Staging,Finance
ACC-1009,Data Transfer / Egress,eu-central-1,N/A,2026-06-23,0.0,0.0,30.6,2.8,Production,Engineering
ACC-1009,Data Warehouse,eu-central-1,dw.large,2026-06-23,19.84,79.2,0.0,16.76,Production,Engineering
ACC-1008,Compute Instances,us-east-1,r5.large,2026-06-23,18.9,0.0,0.0,2.5,Development,Engineering
ACC-1008,Data Transfer / Egress,us-east-1,N/A,2026-06-23,0.0,0.0,28.8,2.76,Development,Engineering
ACC-1008,Serverless Functions,us-east-1,N/A,2026-06-23,15.51,0.0,0.0,0.79,Development,Engineering
ACC-1009,Object Storage,eu-central-1,N/A,2026-06-23,0.0,383.5,0.0,9.19,Production,Engineering
ACC-1014,Content Delivery (CDN),us-west-2,N/A,2026-06-24,0.0,0.0,11.7,1.01,Production,Engineering
ACC-1013,Load Balancer,us-east-1,N/A,2026-06-24,0.0,0.0,14.3,1.23,Production,Data Science
ACC-1003,Managed Database,ap-south-1,db.m5.large,2026-06-24,26.09,30.3,0.0,7.93,Production,Data Science
ACC-1003,Block Storage,ap-south-1,st1,2026-06-24,0.0,180.4,0.0,8.11,Production,Data Science
ACC-1003,Content Delivery (CDN),ap-south-1,N/A,2026-06-24,0.0,0.0,55.4,5.07,Production,Data Science
ACC-1014,Data Transfer / Egress,us-west-2,N/A,2026-06-24,0.0,0.0,33.9,3.15,Production,Engineering
ACC-1007,Serverless Functions,ap-southeast-1,N/A,2026-06-24,14.94,0.0,0.0,0.81,Staging,Marketing
ACC-1001,Serverless Functions,eu-central-1,N/A,2026-06-24,11.14,0.0,0.0,0.59,Production,Engineering
ACC-1012,Compute Instances,eu-west-1,m5.large,2026-06-24,11.8,0.0,0.0,1.13,Production,Finance
ACC-1012,Managed Kubernetes,eu-west-1,m5.xlarge,2026-06-24,14.42,0.0,0.0,2.94,Production,Finance
ACC-1012,Data Transfer / Egress,eu-west-1,N/A,2026-06-24,0.0,0.0,59.1,5.2,Production,Finance
ACC-1007,Object Storage,ap-southeast-1,N/A,2026-06-24,0.0,175.0,0.0,4.15,Staging,Marketing
ACC-1013,Data Warehouse,us-east-1,dw.large,2026-06-24,25.72,18.1,0.0,15.71,Production,Data Science
ACC-1001,Object Storage,eu-central-1,N/A,2026-06-24,0.0,181.9,0.0,4.11,Production,Engineering
ACC-1013,Data Transfer / Egress,us-east-1,N/A,2026-06-24,0.0,0.0,4.8,0.47,Production,Data Science
ACC-1007,Managed Kubernetes,ap-southeast-1,c5.2xlarge,2026-06-24,15.31,0.0,0.0,4.96,Staging,Marketing
ACC-1004,Data Transfer / Egress,ap-southeast-1,N/A,2026-06-24,0.0,0.0,30.4,2.62,Production,Sales
ACC-1008,Managed Kubernetes,us-east-1,c5.2xlarge,2026-06-24,6.65,0.0,0.0,2.18,Production,Engineering
ACC-1006,Managed Kubernetes,us-east-1,m5.large,2026-06-24,19.69,0.0,0.0,1.72,Staging,Marketing
ACC-1009,Data Transfer / Egress,eu-central-1,N/A,2026-06-24,0.0,0.0,19.4,1.66,Production,Engineering
ACC-1009,Load Balancer,eu-central-1,N/A,2026-06-24,0.0,0.0,20.0,1.73,Production,Engineering
ACC-1009,Block Storage,eu-central-1,gp3,2026-06-24,0.0,159.3,0.0,12.36,Production,Engineering
ACC-1015,Data Transfer / Egress,us-east-1,N/A,2026-06-24,0.0,0.0,54.5,19.84,Production,Engineering
ACC-1006,Serverless Functions,us-east-1,N/A,2026-06-24,12.98,0.0,0.0,0.63,Staging,Marketing
ACC-1011,Serverless Functions,us-east-1,N/A,2026-06-24,20.0,0.0,0.0,0.95,Production,Sales
ACC-1011,Object Storage,us-east-1,N/A,2026-06-24,0.0,169.7,0.0,4.42,Production,Sales
ACC-1002,Managed Kubernetes,ap-south-1,m5.large,2026-06-24,11.92,0.0,0.0,1.22,Production,Sales
ACC-1002,Object Storage,ap-south-1,N/A,2026-06-24,0.0,183.6,0.0,4.29,Production,Sales
ACC-1002,Compute Instances,ap-south-1,r5.large,2026-06-24,7.12,0.0,0.0,0.84,Production,Sales
ACC-1004,Load Balancer,ap-southeast-1,N/A,2026-06-24,0.0,0.0,12.9,1.14,Production,Sales
ACC-1015,Data Warehouse,us-east-1,dw.xlarge,2026-06-24,22.23,94.0,0.0,29.58,Production,Engineering
ACC-1011,Managed Kubernetes,us-east-1,m5.large,2026-06-25,7.53,0.0,0.0,0.75,Production,Sales
ACC-1001,Serverless Functions,eu-central-1,N/A,2026-06-25,16.06,0.0,0.0,0.77,Development,Engineering
ACC-1010,Object Storage,ap-southeast-1,N/A,2026-06-25,0.0,207.6,0.0,4.53,Staging,Data Science
ACC-1010,Data Transfer / Egress,ap-southeast-1,N/A,2026-06-25,0.0,0.0,39.7,3.88,Staging,Data Science
ACC-1006,Data Transfer / Egress,us-east-1,N/A,2026-06-25,0.0,0.0,23.8,2.16,Development,Marketing
ACC-1015,Data Warehouse,ap-south-1,dw.large,2026-06-25,12.05,63.7,0.0,12.44,Development,Engineering
ACC-1015,Block Storage,ap-south-1,gp3,2026-06-25,0.0,149.4,0.0,12.86,Development,Engineering
ACC-1006,Object Storage,us-east-1,N/A,2026-06-25,0.0,180.5,0.0,4.57,Development,Marketing
ACC-1011,Serverless Functions,us-east-1,N/A,2026-06-25,8.17,0.0,0.0,0.42,Production,Sales
ACC-1010,Load Balancer,ap-southeast-1,N/A,2026-06-25,0.0,0.0,13.2,1.29,Staging,Data Science
ACC-1011,Block Storage,us-east-1,io2,2026-06-25,0.0,169.5,0.0,19.77,Production,Sales
ACC-1015,Managed Kubernetes,ap-south-1,m5.large,2026-06-25,35.17,0.0,0.0,3.41,Development,Engineering
ACC-1005,Compute Instances,us-east-1,m5.xlarge,2026-06-25,8.51,0.0,0.0,1.66,Staging,IT Operations
ACC-1009,Managed Kubernetes,eu-central-1,m5.large,2026-06-25,19.49,0.0,0.0,1.78,Development,Engineering
ACC-1009,Load Balancer,eu-central-1,N/A,2026-06-25,0.0,0.0,17.8,1.61,Development,Engineering
ACC-1009,Serverless Functions,eu-central-1,N/A,2026-06-25,9.45,0.0,0.0,0.48,Development,Engineering
ACC-1004,Data Transfer / Egress,ap-southeast-1,N/A,2026-06-25,0.0,0.0,26.4,2.36,Staging,Sales
ACC-1004,Data Warehouse,ap-southeast-1,dw.xlarge,2026-06-25,56.06,83.1,0.0,61.34,Staging,Sales
ACC-1005,Content Delivery (CDN),us-east-1,N/A,2026-06-25,0.0,0.0,65.6,7.01,Staging,IT Operations
ACC-1013,Data Transfer / Egress,us-east-1,N/A,2026-06-25,0.0,0.0,31.8,2.83,Production,Data Science
ACC-1002,Data Transfer / Egress,ap-south-1,N/A,2026-06-25,0.0,0.0,30.2,2.35,Production,Sales
ACC-1002,Managed Database,ap-south-1,db.r5.large,2026-06-25,22.83,35.9,0.0,8.84,Production,Sales
ACC-1012,Managed Kubernetes,eu-west-1,m5.large,2026-06-25,15.36,0.0,0.0,5.46,Production,Finance
ACC-1013,Managed Kubernetes,us-east-1,c5.2xlarge,2026-06-25,12.24,0.0,0.0,4.51,Production,Data Science
ACC-1014,Block Storage,us-west-2,gp3,2026-06-26,0.0,267.9,0.0,24.86,Development,Engineering
ACC-1009,Block Storage,eu-central-1,st1,2026-06-26,0.0,138.8,0.0,6.11,Staging,Engineering
ACC-1009,Load Balancer,eu-central-1,N/A,2026-06-26,0.0,0.0,25.4,2.29,Staging,Engineering
ACC-1009,Managed Database,eu-central-1,db.r5.large,2026-06-26,22.63,70.5,0.0,12.98,Staging,Engineering
ACC-1014,Managed Database,us-west-2,db.m5.large,2026-06-26,16.64,49.0,0.0,7.18,Development,Engineering
ACC-1001,Compute Instances,eu-central-1,m5.xlarge,2026-06-26,17.22,0.0,0.0,3.54,Development,Engineering
ACC-1013,Block Storage,us-east-1,st1,2026-06-26,0.0,339.3,0.0,14.35,Production,Data Science
ACC-1013,Data Transfer / Egress,us-east-1,N/A,2026-06-26,0.0,0.0,36.8,3.41,Production,Data Science
ACC-1001,Serverless Functions,eu-central-1,N/A,2026-06-26,14.49,0.0,0.0,0.71,Development,Engineering
ACC-1002,Object Storage,ap-south-1,N/A,2026-06-26,0.0,274.3,0.0,6.87,Production,Sales
ACC-1001,Managed Kubernetes,eu-central-1,m5.large,2026-06-26,8.75,0.0,0.0,0.8,Development,Engineering
ACC-1014,Content Delivery (CDN),us-west-2,N/A,2026-06-26,0.0,0.0,34.3,3.43,Development,Engineering
ACC-1005,Managed Kubernetes,us-east-1,c5.2xlarge,2026-06-26,10.08,0.0,0.0,3.37,Production,IT Operations
ACC-1004,Content Delivery (CDN),ap-southeast-1,N/A,2026-06-26,0.0,0.0,27.6,2.6,Production,Sales
ACC-1006,Object Storage,us-east-1,N/A,2026-06-26,0.0,176.3,0.0,3.63,Production,Marketing
ACC-1012,Compute Instances,eu-west-1,t3.micro,2026-06-26,7.78,0.0,0.0,0.08,Production,Finance
ACC-1006,Managed Database,us-east-1,db.t3.medium,2026-06-26,8.05,136.2,0.0,14.39,Production,Marketing
ACC-1007,Data Transfer / Egress,eu-west-1,N/A,2026-06-26,0.0,0.0,15.1,1.4,Staging,Marketing
ACC-1007,Managed Kubernetes,eu-west-1,c5.2xlarge,2026-06-26,9.85,0.0,0.0,3.31,Staging,Marketing
ACC-1010,Managed Database,us-east-1,db.m5.large,2026-06-26,26.58,57.6,0.0,10.07,Development,Data Science
ACC-1012,Block Storage,eu-west-1,st1,2026-06-26,0.0,154.7,0.0,6.85,Production,Finance
ACC-1010,Data Warehouse,us-east-1,dw.large,2026-06-26,33.98,65.5,0.0,22.67,Development,Data Science
ACC-1003,Load Balancer,ap-south-1,N/A,2026-06-26,0.0,0.0,25.6,2.34,Production,Data Science
ACC-1003,Content Delivery (CDN),ap-south-1,N/A,2026-06-26,0.0,0.0,23.2,2.0,Production,Data Science
ACC-1008,Managed Kubernetes,us-east-1,c5.2xlarge,2026-06-26,11.56,0.0,0.0,3.13,Production,Engineering
ACC-1010,Load Balancer,us-east-1,N/A,2026-06-26,0.0,0.0,67.2,6.21,Development,Data Science
ACC-1009,Serverless Functions,eu-central-1,N/A,2026-06-27,11.69,0.0,0.0,0.54,Production,Engineering
ACC-1011,Data Warehouse,us-east-1,dw.large,2026-06-27,17.53,50.5,0.0,14.73,Production,Sales
ACC-1014,Block Storage,us-west-2,st1,2026-06-27,0.0,249.7,0.0,10.93,Production,Engineering
ACC-1008,Data Transfer / Egress,us-east-1,N/A,2026-06-27,0.0,0.0,26.8,2.38,Production,Engineering
ACC-1008,Object Storage,us-east-1,N/A,2026-06-27,0.0,142.5,0.0,3.2,Production,Engineering
ACC-1009,Content Delivery (CDN),eu-central-1,N/A,2026-06-27,0.0,0.0,21.7,1.8,Production,Engineering
ACC-1009,Block Storage,eu-central-1,st1,2026-06-27,0.0,196.4,0.0,7.64,Production,Engineering
ACC-1002,Object Storage,ap-south-1,N/A,2026-06-27,0.0,185.1,0.0,4.03,Development,Sales
ACC-1007,Compute Instances,ap-south-1,c5.large,2026-06-27,17.93,0.0,0.0,1.45,Production,Marketing
ACC-1002,Managed Database,ap-south-1,db.t3.medium,2026-06-27,13.32,64.2,0.0,6.9,Development,Sales
ACC-1015,Block Storage,ap-south-1,gp3,2026-06-27,0.0,270.3,0.0,22.59,Production,Engineering
ACC-1015,Data Transfer / Egress,ap-south-1,N/A,2026-06-27,0.0,0.0,11.9,1.11,Production,Engineering
ACC-1015,Serverless Functions,ap-south-1,N/A,2026-06-27,9.85,0.0,0.0,0.52,Production,Engineering
ACC-1006,Object Storage,us-east-1,N/A,2026-06-27,0.0,335.7,0.0,7.89,Development,Marketing
ACC-1012,Managed Database,eu-west-1,db.t3.medium,2026-06-28,21.89,97.7,0.0,12.87,Development,Finance
ACC-1012,Data Transfer / Egress,eu-west-1,N/A,2026-06-28,0.0,0.0,51.7,3.94,Development,Finance
ACC-1009,Content Delivery (CDN),eu-central-1,N/A,2026-06-28,0.0,0.0,24.6,2.36,Production,Engineering
ACC-1009,Managed Database,eu-central-1,db.r5.large,2026-06-28,11.44,32.4,0.0,6.43,Production,Engineering
ACC-1009,Serverless Functions,eu-central-1,N/A,2026-06-28,4.16,0.0,0.0,0.18,Production,Engineering
ACC-1007,Managed Database,ap-southeast-1,db.t3.medium,2026-06-28,6.55,34.9,0.0,3.79,Staging,Marketing
ACC-1007,Data Transfer / Egress,ap-southeast-1,N/A,2026-06-28,0.0,0.0,21.5,6.95,Staging,Marketing
ACC-1003,Compute Instances,us-east-1,c5.large,2026-06-28,8.35,0.0,0.0,0.71,Production,Data Science
ACC-1003,Data Transfer / Egress,us-east-1,N/A,2026-06-28,0.0,0.0,37.7,3.04,Production,Data Science
ACC-1013,Data Transfer / Egress,us-east-1,N/A,2026-06-28,0.0,0.0,13.4,1.25,Production,Data Science
ACC-1007,Compute Instances,ap-southeast-1,m5.xlarge,2026-06-28,2.61,0.0,0.0,0.43,Staging,Marketing
ACC-1013,Managed Database,us-east-1,db.m5.large,2026-06-28,3.12,32.5,0.0,3.38,Production,Data Science
ACC-1014,Object Storage,us-west-2,N/A,2026-06-28,0.0,167.6,0.0,3.79,Production,Engineering
ACC-1014,Block Storage,us-west-2,gp3,2026-06-28,0.0,259.1,0.0,23.32,Production,Engineering
ACC-1015,Managed Kubernetes,ap-south-1,m5.large,2026-06-28,9.63,0.0,0.0,0.96,Production,Engineering
ACC-1015,Load Balancer,ap-south-1,N/A,2026-06-28,0.0,0.0,48.3,4.59,Production,Engineering
ACC-1015,Data Transfer / Egress,ap-south-1,N/A,2026-06-28,0.0,0.0,37.5,3.21,Production,Engineering
ACC-1006,Data Transfer / Egress,us-east-1,N/A,2026-06-28,0.0,0.0,50.1,4.59,Production,Marketing
ACC-1006,Object Storage,us-east-1,N/A,2026-06-28,0.0,179.6,0.0,3.92,Production,Marketing
ACC-1006,Managed Database,us-east-1,db.r5.large,2026-06-28,11.22,28.1,0.0,5.77,Production,Marketing
ACC-1010,Data Warehouse,ap-southeast-1,dw.large,2026-06-28,9.9,77.5,0.0,11.67,Development,Data Science
ACC-1013,Content Delivery (CDN),us-east-1,N/A,2026-06-28,0.0,0.0,39.3,3.74,Production,Data Science
ACC-1015,Data Warehouse,ap-south-1,dw.large,2026-06-29,18.03,96.9,0.0,18.66,Development,Engineering
ACC-1005,Data Warehouse,us-east-1,dw.xlarge,2026-06-29,21.57,77.4,0.0,30.11,Production,IT Operations
ACC-1012,Content Delivery (CDN),eu-west-1,N/A,2026-06-29,0.0,0.0,17.2,1.65,Development,Finance
ACC-1003,Compute Instances,ap-south-1,r5.large,2026-06-29,6.83,0.0,0.0,0.84,Development,Data Science
ACC-1003,Data Transfer / Egress,ap-south-1,N/A,2026-06-29,0.0,0.0,87.6,7.55,Development,Data Science
ACC-1003,Managed Kubernetes,ap-south-1,m5.large,2026-06-29,13.04,0.0,0.0,1.26,Development,Data Science
ACC-1006,Data Transfer / Egress,us-east-1,N/A,2026-06-29,0.0,0.0,44.6,3.71,Development,Marketing
ACC-1001,Object Storage,eu-central-1,N/A,2026-06-29,0.0,177.0,0.0,3.77,Production,Engineering
ACC-1001,Compute Instances,eu-central-1,t3.medium,2026-06-29,18.0,0.0,0.0,0.68,Production,Engineering
ACC-1009,Compute Instances,eu-central-1,t3.medium,2026-06-29,20.19,0.0,0.0,0.82,Staging,Engineering
ACC-1009,Object Storage,eu-central-1,N/A,2026-06-29,0.0,212.3,0.0,4.84,Staging,Engineering
ACC-1009,Data Warehouse,eu-central-1,dw.large,2026-06-29,25.54,26.9,0.0,15.23,Staging,Engineering
ACC-1008,Serverless Functions,us-east-1,N/A,2026-06-29,15.39,0.0,0.0,0.71,Production,Engineering
ACC-1001,Managed Kubernetes,eu-central-1,m5.large,2026-06-29,10.25,0.0,0.0,0.88,Production,Engineering
ACC-1008,Managed Kubernetes,us-east-1,m5.large,2026-06-29,10.42,0.0,0.0,1.01,Production,Engineering
ACC-1004,Managed Kubernetes,eu-central-1,c5.2xlarge,2026-06-29,15.54,0.0,0.0,4.57,Staging,Sales
ACC-1007,Content Delivery (CDN),ap-southeast-1,N/A,2026-06-29,0.0,0.0,37.2,3.49,Production,Marketing
ACC-1004,Object Storage,eu-central-1,N/A,2026-06-29,0.0,114.3,0.0,2.58,Staging,Sales
ACC-1004,Data Warehouse,eu-central-1,dw.xlarge,2026-06-29,25.31,88.1,0.0,33.58,Staging,Sales
ACC-1006,Data Warehouse,us-east-1,dw.xlarge,2026-06-29,23.29,41.6,0.0,27.59,Development,Marketing
ACC-1002,Compute Instances,ap-south-1,t3.micro,2026-06-29,18.6,0.0,0.0,0.16,Production,Sales
ACC-1011,Data Transfer / Egress,us-east-1,N/A,2026-06-29,0.0,0.0,14.4,1.44,Production,Sales
ACC-1006,Serverless Functions,us-east-1,N/A,2026-06-29,12.32,0.0,0.0,0.66,Development,Marketing
ACC-1014,Compute Instances,eu-west-1,t3.medium,2026-06-29,9.16,0.0,0.0,0.37,Staging,Engineering
ACC-1010,Managed Database,ap-southeast-1,db.m5.large,2026-06-29,12.71,61.0,0.0,7.94,Production,Data Science
ACC-1010,Serverless Functions,ap-southeast-1,N/A,2026-06-29,5.98,0.0,0.0,0.3,Production,Data Science
ACC-1010,Data Transfer / Egress,ap-southeast-1,N/A,2026-06-29,0.0,0.0,15.8,1.46,Production,Data Science
ACC-1007,Managed Database,ap-southeast-1,db.r5.large,2026-06-29,9.84,73.6,0.0,9.77,Production,Marketing
ACC-1014,Block Storage,eu-west-1,st1,2026-06-29,0.0,227.1,0.0,9.16,Staging,Engineering
ACC-1012,Compute Instances,eu-west-1,r5.large,2026-06-30,3.88,0.0,0.0,0.49,Development,Finance
ACC-1012,Data Warehouse,eu-west-1,dw.xlarge,2026-06-30,10.24,77.0,0.0,17.83,Development,Finance
ACC-1012,Object Storage,eu-west-1,N/A,2026-06-30,0.0,256.8,0.0,6.12,Development,Finance
ACC-1003,Managed Database,ap-south-1,db.t3.medium,2026-06-30,43.64,60.4,0.0,9.49,Development,Data Science
ACC-1008,Compute Instances,us-east-1,c5.large,2026-06-30,10.8,0.0,0.0,1.05,Production,Engineering
ACC-1014,Managed Database,us-west-2,db.m5.large,2026-06-30,17.14,128.2,0.0,16.27,Development,Engineering
ACC-1014,Load Balancer,us-west-2,N/A,2026-06-30,0.0,0.0,35.0,3.49,Development,Engineering
ACC-1001,Compute Instances,ap-southeast-1,t3.micro,2026-06-30,14.52,0.0,0.0,0.16,Production,Engineering
ACC-1001,Content Delivery (CDN),ap-southeast-1,N/A,2026-06-30,0.0,0.0,66.6,5.98,Production,Engineering
ACC-1014,Object Storage,us-west-2,N/A,2026-06-30,0.0,61.6,0.0,1.4,Development,Engineering
ACC-1008,Data Transfer / Egress,us-east-1,N/A,2026-06-30,0.0,0.0,18.4,1.79,Production,Engineering
ACC-1013,Compute Instances,us-east-1,t3.medium,2026-06-30,20.64,0.0,0.0,0.86,Production,Data Science
ACC-1015,Managed Kubernetes,us-east-1,m5.large,2026-06-30,10.58,0.0,0.0,1.12,Development,Engineering
ACC-1010,Block Storage,ap-southeast-1,io2,2026-06-30,0.0,238.0,0.0,30.52,Production,Data Science
ACC-1009,Data Warehouse,eu-central-1,dw.large,2026-06-30,22.05,38.9,0.0,12.96,Production,Engineering
ACC-1009,Data Transfer / Egress,eu-central-1,N/A,2026-06-30,0.0,0.0,11.8,0.96,Production,Engineering
ACC-1007,Content Delivery (CDN),ap-southeast-1,N/A,2026-06-30,0.0,0.0,36.7,2.93,Production,Marketing
ACC-1009,Content Delivery (CDN),eu-central-1,N/A,2026-06-30,0.0,0.0,36.3,3.14,Production,Engineering
ACC-1007,Compute Instances,ap-southeast-1,t3.medium,2026-06-30,4.18,0.0,0.0,0.18,Production,Marketing
ACC-1015,Content Delivery (CDN),us-east-1,N/A,2026-06-30,0.0,0.0,20.2,1.89,Development,Engineering
ACC-1013,Content Delivery (CDN),us-east-1,N/A,2026-06-30,0.0,0.0,42.2,3.82,Production,Data Science
ACC-1015,Data Warehouse,us-east-1,dw.large,2026-06-30,36.35,48.9,0.0,22.48,Development,Engineering
ACC-1007,Data Warehouse,ap-southeast-1,dw.large,2026-06-30,16.47,41.5,0.0,12.91,Production,Marketing
ACC-1010,Managed Kubernetes,ap-southeast-1,m5.large,2026-07-01,11.81,0.0,0.0,1.08,Staging,Data Science
ACC-1007,Serverless Functions,ap-southeast-1,N/A,2026-07-01,17.79,0.0,0.0,0.84,Production,Marketing
ACC-1012,Block Storage,us-east-1,gp3,2026-07-01,0.0,105.5,0.0,8.63,Production,Finance
ACC-1012,Data Warehouse,us-east-1,dw.large,2026-07-01,11.14,5.7,0.0,6.68,Production,Finance
ACC-1012,Content Delivery (CDN),us-east-1,N/A,2026-07-01,0.0,0.0,30.6,2.92,Production,Finance
ACC-1015,Managed Database,ap-south-1,db.r5.large,2026-07-01,32.2,50.6,0.0,14.0,Production,Engineering
ACC-1010,Managed Database,ap-southeast-1,db.m5.large,2026-07-01,33.27,26.9,0.0,8.32,Staging,Data Science
ACC-1001,Managed Kubernetes,ap-south-1,m5.large,2026-07-01,13.07,0.0,0.0,1.1,Production,Engineering
ACC-1011,Serverless Functions,us-east-1,N/A,2026-07-01,7.24,0.0,0.0,0.38,Development,Sales
ACC-1009,Managed Kubernetes,eu-central-1,c5.2xlarge,2026-07-01,9.18,0.0,0.0,3.02,Staging,Engineering
ACC-1009,Compute Instances,eu-central-1,m5.large,2026-07-01,13.86,0.0,0.0,1.25,Staging,Engineering
ACC-1004,Managed Database,ap-southeast-1,db.m5.large,2026-07-01,16.29,12.0,0.0,4.24,Production,Sales
ACC-1001,Compute Instances,ap-south-1,m5.xlarge,2026-07-01,25.83,0.0,0.0,5.39,Production,Engineering
ACC-1004,Managed Kubernetes,ap-southeast-1,m5.large,2026-07-02,12.96,0.0,0.0,1.1,Production,Sales
ACC-1004,Load Balancer,ap-southeast-1,N/A,2026-07-02,0.0,0.0,27.3,2.5,Production,Sales
ACC-1008,Block Storage,us-east-1,st1,2026-07-02,0.0,152.9,0.0,6.57,Production,Engineering
ACC-1008,Data Warehouse,us-east-1,dw.large,2026-07-02,21.81,105.4,0.0,22.91,Production,Engineering
ACC-1008,Serverless Functions,us-east-1,N/A,2026-07-02,10.47,0.0,0.0,0.5,Production,Engineering
ACC-1006,Content Delivery (CDN),us-east-1,N/A,2026-07-02,0.0,0.0,45.4,4.56,Staging,Marketing
ACC-1001,Block Storage,eu-central-1,gp3,2026-07-02,0.0,402.2,0.0,32.84,Development,Engineering
ACC-1015,Managed Kubernetes,us-west-2,c5.2xlarge,2026-07-02,22.71,0.0,0.0,7.75,Staging,Engineering
ACC-1001,Managed Kubernetes,eu-central-1,c5.2xlarge,2026-07-02,2.76,0.0,0.0,0.83,Development,Engineering
ACC-1001,Load Balancer,eu-central-1,N/A,2026-07-02,0.0,0.0,22.0,1.95,Development,Engineering
ACC-1007,Data Warehouse,ap-southeast-1,dw.large,2026-07-02,36.82,68.0,0.0,24.11,Development,Marketing
ACC-1015,Load Balancer,us-west-2,N/A,2026-07-02,0.0,0.0,18.9,1.75,Staging,Engineering
ACC-1013,Content Delivery (CDN),us-east-1,N/A,2026-07-02,0.0,0.0,8.2,0.77,Development,Data Science
ACC-1002,Content Delivery (CDN),ap-south-1,N/A,2026-07-02,0.0,0.0,49.4,4.03,Production,Sales
ACC-1013,Block Storage,us-east-1,gp3,2026-07-02,0.0,152.2,0.0,11.8,Development,Data Science
ACC-1005,Object Storage,us-east-1,N/A,2026-07-02,0.0,147.1,0.0,3.47,Staging,IT Operations
ACC-1005,Block Storage,us-east-1,io2,2026-07-02,0.0,202.3,0.0,24.94,Staging,IT Operations
ACC-1013,Serverless Functions,us-east-1,N/A,2026-07-02,10.4,0.0,0.0,0.5,Development,Data Science
ACC-1002,Managed Kubernetes,ap-south-1,c5.2xlarge,2026-07-02,33.63,0.0,0.0,10.71,Production,Sales
ACC-1002,Block Storage,ap-south-1,io2,2026-07-02,0.0,244.5,0.0,177.95,Production,Sales
ACC-1005,Compute Instances,us-east-1,m5.large,2026-07-02,14.45,0.0,0.0,1.34,Staging,IT Operations
ACC-1014,Data Transfer / Egress,us-west-2,N/A,2026-07-02,0.0,0.0,22.9,1.73,Production,Engineering
ACC-1014,Content Delivery (CDN),us-west-2,N/A,2026-07-02,0.0,0.0,56.8,5.05,Production,Engineering
ACC-1012,Data Transfer / Egress,ap-south-1,N/A,2026-07-02,0.0,0.0,57.2,5.4,Development,Finance
ACC-1003,Data Warehouse,ap-south-1,dw.xlarge,2026-07-02,19.58,96.1,0.0,36.49,Production,Data Science
ACC-1003,Object Storage,ap-south-1,N/A,2026-07-02,0.0,311.6,0.0,7.79,Production,Data Science
ACC-1014,Load Balancer,us-west-2,N/A,2026-07-02,0.0,0.0,25.2,2.15,Production,Engineering
ACC-1015,Content Delivery (CDN),ap-south-1,N/A,2026-07-03,0.0,0.0,15.6,1.5,Production,Engineering
ACC-1012,Data Transfer / Egress,eu-west-1,N/A,2026-07-03,0.0,0.0,61.6,5.74,Production,Finance
ACC-1012,Serverless Functions,eu-west-1,N/A,2026-07-03,10.48,0.0,0.0,0.59,Production,Finance
ACC-1001,Content Delivery (CDN),eu-central-1,N/A,2026-07-03,0.0,0.0,26.2,2.72,Development,Engineering
ACC-1012,Object Storage,eu-west-1,N/A,2026-07-03,0.0,122.1,0.0,2.59,Production,Finance
ACC-1013,Data Warehouse,us-east-1,dw.large,2026-07-03,22.0,25.7,0.0,14.76,Staging,Data Science
ACC-1013,Block Storage,us-east-1,io2,2026-07-03,0.0,177.0,0.0,21.93,Staging,Data Science
ACC-1015,Load Balancer,ap-south-1,N/A,2026-07-03,0.0,0.0,18.3,1.7,Production,Engineering
ACC-1003,Data Transfer / Egress,ap-southeast-1,N/A,2026-07-03,0.0,0.0,33.4,3.06,Development,Data Science
ACC-1001,Object Storage,eu-central-1,N/A,2026-07-03,0.0,281.8,0.0,6.68,Development,Engineering
ACC-1002,Managed Database,ap-south-1,db.r5.large,2026-07-03,40.79,41.9,0.0,13.67,Staging,Sales
ACC-1009,Managed Database,eu-central-1,db.r5.large,2026-07-03,12.52,55.1,0.0,7.96,Production,Engineering
ACC-1009,Managed Kubernetes,eu-central-1,m5.large,2026-07-03,13.82,0.0,0.0,1.35,Production,Engineering
ACC-1005,Content Delivery (CDN),us-east-1,N/A,2026-07-03,0.0,0.0,10.2,0.93,Production,IT Operations
ACC-1008,Content Delivery (CDN),us-east-1,N/A,2026-07-03,0.0,0.0,22.4,2.25,Production,Engineering
ACC-1003,Load Balancer,ap-southeast-1,N/A,2026-07-03,0.0,0.0,18.2,1.83,Development,Data Science
ACC-1010,Compute Instances,ap-southeast-1,m5.large,2026-07-03,7.56,0.0,0.0,0.76,Development,Data Science
ACC-1002,Data Transfer / Egress,ap-south-1,N/A,2026-07-03,0.0,0.0,27.7,2.37,Staging,Sales
ACC-1002,Serverless Functions,ap-south-1,N/A,2026-07-03,26.21,0.0,0.0,1.13,Staging,Sales
ACC-1008,Managed Kubernetes,us-east-1,m5.large,2026-07-03,8.42,0.0,0.0,0.74,Production,Engineering
ACC-1004,Managed Database,ap-southeast-1,db.r5.large,2026-07-04,16.87,44.9,0.0,8.18,Production,Sales
ACC-1004,Object Storage,ap-southeast-1,N/A,2026-07-04,0.0,120.7,0.0,2.82,Production,Sales
ACC-1009,Load Balancer,eu-central-1,N/A,2026-07-04,0.0,0.0,19.8,1.89,Production,Engineering
ACC-1003,Managed Kubernetes,ap-south-1,m5.xlarge,2026-07-04,10.92,0.0,0.0,2.35,Production,Data Science
ACC-1003,Serverless Functions,ap-south-1,N/A,2026-07-04,4.41,0.0,0.0,0.22,Production,Data Science
ACC-1014,Load Balancer,us-west-2,N/A,2026-07-04,0.0,0.0,29.1,2.46,Production,Engineering
ACC-1005,Managed Database,us-east-1,db.m5.large,2026-07-04,14.82,98.9,0.0,10.65,Development,IT Operations
ACC-1005,Data Warehouse,us-east-1,dw.xlarge,2026-07-04,15.19,118.3,0.0,30.35,Development,IT Operations
ACC-1004,Block Storage,ap-southeast-1,gp3,2026-07-04,0.0,197.3,0.0,15.77,Production,Sales
ACC-1011,Managed Database,us-east-1,db.r5.large,2026-07-04,10.1,47.4,0.0,7.85,Production,Sales
ACC-1011,Managed Kubernetes,us-east-1,m5.xlarge,2026-07-04,2.91,0.0,0.0,0.57,Production,Sales
ACC-1003,Object Storage,ap-south-1,N/A,2026-07-04,0.0,238.0,0.0,5.45,Production,Data Science
ACC-1002,Block Storage,ap-south-1,st1,2026-07-04,0.0,101.9,0.0,4.93,Production,Sales
ACC-1011,Load Balancer,us-east-1,N/A,2026-07-04,0.0,0.0,29.6,2.6,Production,Sales
ACC-1015,Object Storage,us-west-2,N/A,2026-07-04,0.0,207.0,0.0,4.73,Production,Engineering
ACC-1001,Content Delivery (CDN),eu-central-1,N/A,2026-07-04,0.0,0.0,21.0,1.63,Production,Engineering
ACC-1001,Data Transfer / Egress,eu-central-1,N/A,2026-07-04,0.0,0.0,21.2,1.61,Production,Engineering
ACC-1013,Compute Instances,us-east-1,m5.large,2026-07-04,13.47,0.0,0.0,1.33,Production,Data Science
ACC-1013,Managed Kubernetes,us-east-1,c5.2xlarge,2026-07-04,9.11,0.0,0.0,3.14,Production,Data Science
ACC-1013,Data Warehouse,us-east-1,dw.large,2026-07-04,28.45,52.8,0.0,19.77,Production,Data Science
ACC-1001,Compute Instances,eu-central-1,c5.large,2026-07-04,6.38,0.0,0.0,0.51,Production,Engineering
ACC-1010,Content Delivery (CDN),ap-southeast-1,N/A,2026-07-04,0.0,0.0,28.8,2.58,Production,Data Science
ACC-1010,Data Transfer / Egress,ap-southeast-1,N/A,2026-07-04,0.0,0.0,39.8,3.38,Production,Data Science
ACC-1008,Managed Database,us-east-1,db.m5.large,2026-07-04,10.59,60.3,0.0,8.44,Production,Engineering
ACC-1008,Block Storage,us-east-1,st1,2026-07-04,0.0,177.7,0.0,8.61,Production,Engineering
ACC-1015,Serverless Functions,us-west-2,N/A,2026-07-04,3.32,0.0,0.0,0.17,Production,Engineering
ACC-1010,Serverless Functions,ap-southeast-1,N/A,2026-07-04,7.37,0.0,0.0,0.39,Production,Data Science
ACC-1015,Compute Instances,us-west-2,m5.large,2026-07-04,3.98,0.0,0.0,0.38,Production,Engineering
ACC-1008,Serverless Functions,us-east-1,N/A,2026-07-05,4.34,0.0,0.0,0.22,Staging,Engineering
ACC-1011,Object Storage,us-east-1,N/A,2026-07-05,0.0,83.7,0.0,1.8,Development,Sales
ACC-1006,Object Storage,us-east-1,N/A,2026-07-05,0.0,226.6,0.0,5.0,Production,Marketing
ACC-1006,Block Storage,us-east-1,gp3,2026-07-05,0.0,282.1,0.0,23.9,Production,Marketing
ACC-1003,Compute Instances,ap-south-1,m5.xlarge,2026-07-05,6.28,0.0,0.0,1.21,Production,Data Science
ACC-1003,Object Storage,ap-south-1,N/A,2026-07-05,0.0,118.2,0.0,2.82,Production,Data Science
ACC-1003,Block Storage,ap-south-1,gp3,2026-07-05,0.0,205.6,0.0,15.35,Production,Data Science
ACC-1001,Managed Database,eu-central-1,db.r5.large,2026-07-05,11.46,114.2,0.0,13.64,Staging,Engineering
ACC-1001,Load Balancer,eu-central-1,N/A,2026-07-05,0.0,0.0,22.1,1.98,Staging,Engineering
ACC-1008,Block Storage,us-east-1,st1,2026-07-05,0.0,137.2,0.0,7.1,Staging,Engineering
ACC-1007,Managed Kubernetes,ap-southeast-1,m5.xlarge,2026-07-05,11.55,0.0,0.0,2.01,Development,Marketing
ACC-1009,Data Transfer / Egress,eu-central-1,N/A,2026-07-05,0.0,0.0,17.7,1.61,Production,Engineering
ACC-1009,Content Delivery (CDN),eu-central-1,N/A,2026-07-05,0.0,0.0,22.0,1.81,Production,Engineering
ACC-1009,Managed Database,eu-central-1,db.t3.medium,2026-07-05,13.16,16.6,0.0,2.08,Production,Engineering
ACC-1014,Managed Kubernetes,us-west-2,m5.large,2026-07-05,9.69,0.0,0.0,0.92,Production,Engineering
ACC-1002,Content Delivery (CDN),ap-south-1,N/A,2026-07-05,0.0,0.0,21.2,1.84,Staging,Sales
ACC-1002,Load Balancer,ap-south-1,N/A,2026-07-05,0.0,0.0,51.7,21.17,Staging,Sales
ACC-1002,Serverless Functions,ap-south-1,N/A,2026-07-05,11.64,0.0,0.0,0.61,Staging,Sales
ACC-1015,Data Warehouse,ap-south-1,dw.xlarge,2026-07-05,5.13,60.0,0.0,12.33,Staging,Engineering
ACC-1010,Managed Database,ap-southeast-1,db.m5.large,2026-07-06,26.52,60.0,0.0,9.89,Development,Data Science
ACC-1010,Object Storage,ap-southeast-1,N/A,2026-07-06,0.0,338.8,0.0,8.57,Development,Data Science
ACC-1007,Data Warehouse,ap-southeast-1,dw.large,2026-07-06,25.58,67.4,0.0,18.59,Development,Marketing
ACC-1007,Content Delivery (CDN),ap-southeast-1,N/A,2026-07-06,0.0,0.0,20.7,2.1,Development,Marketing
ACC-1012,Content Delivery (CDN),eu-west-1,N/A,2026-07-06,0.0,0.0,37.1,3.62,Staging,Finance
ACC-1012,Serverless Functions,eu-west-1,N/A,2026-07-06,10.77,0.0,0.0,0.54,Staging,Finance
ACC-1015,Data Transfer / Egress,ap-south-1,N/A,2026-07-06,0.0,0.0,11.4,1.01,Production,Engineering
ACC-1003,Data Warehouse,ap-south-1,dw.xlarge,2026-07-06,21.1,27.5,0.0,26.49,Production,Data Science
ACC-1003,Serverless Functions,ap-south-1,N/A,2026-07-06,9.57,0.0,0.0,0.48,Production,Data Science
ACC-1003,Data Transfer / Egress,ap-south-1,N/A,2026-07-06,0.0,0.0,33.5,3.77,Production,Data Science
ACC-1015,Compute Instances,ap-south-1,m5.xlarge,2026-07-06,16.22,0.0,0.0,3.08,Production,Engineering
ACC-1015,Managed Database,ap-south-1,db.r5.large,2026-07-06,14.17,46.4,0.0,7.81,Production,Engineering
ACC-1010,Compute Instances,ap-southeast-1,r5.large,2026-07-06,7.38,0.0,0.0,0.88,Development,Data Science
ACC-1012,Object Storage,eu-west-1,N/A,2026-07-06,0.0,157.9,0.0,4.3,Staging,Finance
ACC-1004,Block Storage,ap-southeast-1,io2,2026-07-06,0.0,289.6,0.0,33.53,Production,Sales
ACC-1005,Serverless Functions,us-east-1,N/A,2026-07-06,14.78,0.0,0.0,0.61,Production,IT Operations
ACC-1001,Block Storage,eu-central-1,gp3,2026-07-06,0.0,185.9,0.0,13.18,Staging,Engineering
ACC-1002,Object Storage,ap-south-1,N/A,2026-07-06,0.0,307.8,0.0,6.09,Production,Sales
ACC-1013,Managed Database,us-east-1,db.t3.medium,2026-07-06,9.33,55.4,0.0,6.26,Development,Data Science
ACC-1013,Content Delivery (CDN),us-east-1,N/A,2026-07-06,0.0,0.0,22.3,1.93,Development,Data Science
ACC-1009,Data Warehouse,ap-southeast-1,dw.xlarge,2026-07-06,16.14,38.0,0.0,19.23,Staging,Engineering
ACC-1009,Object Storage,ap-southeast-1,N/A,2026-07-06,0.0,262.6,0.0,5.82,Staging,Engineering
ACC-1009,Managed Database,ap-southeast-1,db.r5.large,2026-07-06,11.21,107.7,0.0,13.18,Staging,Engineering
ACC-1004,Load Balancer,ap-southeast-1,N/A,2026-07-06,0.0,0.0,33.6,3.03,Production,Sales
ACC-1005,Object Storage,us-east-1,N/A,2026-07-06,0.0,205.5,0.0,4.49,Production,IT Operations
ACC-1005,Compute Instances,us-east-1,t3.micro,2026-07-06,11.18,0.0,0.0,0.12,Production,IT Operations
ACC-1008,Load Balancer,us-east-1,N/A,2026-07-06,0.0,0.0,41.7,4.07,Production,Engineering
ACC-1011,Data Transfer / Egress,us-east-1,N/A,2026-07-06,0.0,0.0,24.5,2.54,Staging,Sales
ACC-1011,Load Balancer,us-east-1,N/A,2026-07-06,0.0,0.0,27.7,2.81,Staging,Sales
ACC-1001,Data Transfer / Egress,eu-central-1,N/A,2026-07-06,0.0,0.0,27.4,2.6,Staging,Engineering
ACC-1004,Data Transfer / Egress,ap-southeast-1,N/A,2026-07-07,0.0,0.0,14.5,1.3,Production,Sales
ACC-1004,Block Storage,ap-southeast-1,gp3,2026-07-07,0.0,108.5,0.0,9.08,Production,Sales
ACC-1004,Object Storage,ap-southeast-1,N/A,2026-07-07,0.0,194.1,0.0,4.69,Production,Sales
ACC-1005,Managed Database,us-east-1,db.m5.large,2026-07-07,52.24,44.6,0.0,14.5,Production,IT Operations
ACC-1005,Data Warehouse,us-east-1,dw.xlarge,2026-07-07,8.94,54.6,0.0,14.25,Production,IT Operations
ACC-1005,Managed Kubernetes,us-east-1,c5.2xlarge,2026-07-07,16.67,0.0,0.0,6.16,Production,IT Operations
ACC-1009,Block Storage,eu-central-1,io2,2026-07-07,0.0,275.0,0.0,37.86,Staging,Engineering
ACC-1009,Object Storage,eu-central-1,N/A,2026-07-07,0.0,224.4,0.0,5.29,Staging,Engineering
ACC-1010,Object Storage,ap-southeast-1,N/A,2026-07-07,0.0,224.9,0.0,5.36,Production,Data Science
ACC-1009,Compute Instances,eu-central-1,m5.xlarge,2026-07-07,17.55,0.0,0.0,2.9,Staging,Engineering
ACC-1011,Data Transfer / Egress,us-east-1,N/A,2026-07-07,0.0,0.0,39.3,3.58,Production,Sales
ACC-1002,Compute Instances,ap-southeast-1,r5.large,2026-07-07,8.08,0.0,0.0,1.04,Production,Sales
ACC-1002,Managed Database,ap-southeast-1,db.r5.large,2026-07-07,23.01,23.2,0.0,7.79,Production,Sales
ACC-1002,Data Warehouse,ap-southeast-1,dw.large,2026-07-07,43.38,59.2,0.0,31.8,Production,Sales
ACC-1013,Managed Kubernetes,us-east-1,m5.large,2026-07-07,27.76,0.0,0.0,2.71,Production,Data Science
ACC-1003,Content Delivery (CDN),ap-south-1,N/A,2026-07-07,0.0,0.0,48.8,4.18,Development,Data Science
ACC-1003,Data Transfer / Egress,ap-south-1,N/A,2026-07-07,0.0,0.0,17.7,1.64,Development,Data Science
ACC-1015,Managed Kubernetes,ap-south-1,c5.2xlarge,2026-07-07,12.41,0.0,0.0,4.13,Production,Engineering
ACC-1011,Managed Database,us-east-1,db.t3.medium,2026-07-07,14.52,70.9,0.0,8.75,Production,Sales
ACC-1001,Managed Kubernetes,eu-central-1,m5.xlarge,2026-07-08,11.6,0.0,0.0,2.5,Production,Engineering
ACC-1001,Compute Instances,eu-central-1,t3.medium,2026-07-08,22.49,0.0,0.0,0.82,Production,Engineering
ACC-1015,Managed Kubernetes,ap-south-1,m5.large,2026-07-08,12.58,0.0,0.0,1.3,Staging,Engineering
ACC-1001,Managed Database,eu-central-1,db.t3.medium,2026-07-08,28.92,64.6,0.0,8.12,Production,Engineering
ACC-1005,Data Warehouse,us-east-1,dw.xlarge,2026-07-08,23.27,37.2,0.0,24.31,Staging,IT Operations
ACC-1005,Managed Database,us-east-1,db.t3.medium,2026-07-08,31.2,72.0,0.0,9.69,Staging,IT Operations
ACC-1005,Load Balancer,us-east-1,N/A,2026-07-08,0.0,0.0,18.4,1.49,Staging,IT Operations
ACC-1009,Compute Instances,eu-central-1,m5.large,2026-07-08,6.7,0.0,0.0,0.67,Production,Engineering
ACC-1008,Content Delivery (CDN),us-east-1,N/A,2026-07-08,0.0,0.0,48.9,4.34,Production,Engineering
ACC-1009,Data Transfer / Egress,eu-central-1,N/A,2026-07-08,0.0,0.0,55.2,5.53,Production,Engineering
ACC-1006,Managed Database,us-east-1,db.m5.large,2026-07-08,18.98,55.6,0.0,8.55,Production,Marketing
ACC-1014,Compute Instances,us-west-2,m5.xlarge,2026-07-08,15.53,0.0,0.0,2.77,Staging,Engineering
ACC-1009,Content Delivery (CDN),eu-central-1,N/A,2026-07-08,0.0,0.0,22.4,1.83,Production,Engineering
ACC-1012,Data Warehouse,eu-west-1,dw.large,2026-07-08,25.15,77.2,0.0,20.62,Production,Finance
ACC-1012,Data Transfer / Egress,eu-west-1,N/A,2026-07-08,0.0,0.0,19.9,1.93,Production,Finance
ACC-1010,Object Storage,ap-southeast-1,N/A,2026-07-08,0.0,204.2,0.0,4.33,Development,Data Science
ACC-1012,Load Balancer,eu-west-1,N/A,2026-07-08,0.0,0.0,13.5,1.28,Production,Finance
ACC-1006,Load Balancer,us-east-1,N/A,2026-07-08,0.0,0.0,5.2,0.45,Production,Marketing
ACC-1014,Serverless Functions,us-west-2,N/A,2026-07-08,12.56,0.0,0.0,3.29,Staging,Engineering
ACC-1014,Data Transfer / Egress,us-west-2,N/A,2026-07-08,0.0,0.0,13.6,1.21,Staging,Engineering
ACC-1006,Object Storage,us-east-1,N/A,2026-07-08,0.0,145.1,0.0,3.46,Production,Marketing
ACC-1013,Data Transfer / Egress,us-east-1,N/A,2026-07-09,0.0,0.0,48.5,4.33,Staging,Data Science
ACC-1010,Data Warehouse,ap-southeast-1,dw.large,2026-07-09,12.74,56.5,0.0,13.59,Staging,Data Science
ACC-1010,Load Balancer,ap-southeast-1,N/A,2026-07-09,0.0,0.0,12.7,1.07,Staging,Data Science
ACC-1012,Object Storage,eu-west-1,N/A,2026-07-09,0.0,212.3,0.0,4.95,Production,Finance
ACC-1012,Load Balancer,eu-west-1,N/A,2026-07-09,0.0,0.0,18.5,1.79,Production,Finance
ACC-1012,Block Storage,eu-west-1,st1,2026-07-09,0.0,107.5,0.0,4.84,Production,Finance
ACC-1013,Managed Database,us-east-1,db.t3.medium,2026-07-09,33.45,60.2,0.0,8.33,Staging,Data Science
ACC-1005,Content Delivery (CDN),us-east-1,N/A,2026-07-09,0.0,0.0,22.0,2.09,Staging,IT Operations
ACC-1001,Load Balancer,eu-central-1,N/A,2026-07-09,0.0,0.0,6.7,0.6,Production,Engineering
ACC-1001,Object Storage,eu-central-1,N/A,2026-07-09,0.0,205.1,0.0,5.02,Production,Engineering
ACC-1008,Managed Kubernetes,us-east-1,m5.large,2026-07-09,11.71,0.0,0.0,1.11,Staging,Engineering
ACC-1005,Load Balancer,us-east-1,N/A,2026-07-09,0.0,0.0,26.5,11.91,Staging,IT Operations
ACC-1005,Managed Database,us-east-1,db.r5.large,2026-07-09,28.28,69.4,0.0,14.6,Staging,IT Operations
ACC-1003,Managed Database,ap-south-1,db.r5.large,2026-07-09,19.33,104.6,0.0,13.42,Production,Data Science
ACC-1001,Managed Database,eu-central-1,db.t3.medium,2026-07-09,36.72,48.8,0.0,7.09,Production,Engineering
ACC-1010,Data Transfer / Egress,ap-southeast-1,N/A,2026-07-09,0.0,0.0,50.3,4.31,Staging,Data Science
ACC-1014,Content Delivery (CDN),us-west-2,N/A,2026-07-09,0.0,0.0,23.0,1.88,Production,Engineering
ACC-1014,Managed Database,us-west-2,db.m5.large,2026-07-09,16.06,75.9,0.0,9.62,Production,Engineering
ACC-1014,Block Storage,us-west-2,gp3,2026-07-09,0.0,135.4,0.0,56.26,Production,Engineering
ACC-1006,Data Transfer / Egress,us-east-1,N/A,2026-07-09,0.0,0.0,14.7,1.29,Staging,Marketing
ACC-1006,Block Storage,us-east-1,st1,2026-07-09,0.0,224.1,0.0,10.48,Staging,Marketing
ACC-1006,Content Delivery (CDN),us-east-1,N/A,2026-07-09,0.0,0.0,74.5,6.69,Staging,Marketing
ACC-1009,Managed Kubernetes,eu-central-1,m5.xlarge,2026-07-09,15.97,0.0,0.0,3.25,Staging,Engineering
ACC-1002,Load Balancer,ap-south-1,N/A,2026-07-09,0.0,0.0,10.0,0.81,Staging,Sales
ACC-1002,Managed Kubernetes,ap-south-1,m5.xlarge,2026-07-09,14.3,0.0,0.0,2.72,Staging,Sales
ACC-1004,Object Storage,ap-southeast-1,N/A,2026-07-09,0.0,235.0,0.0,5.63,Production,Sales
ACC-1007,Compute Instances,ap-southeast-1,m5.xlarge,2026-07-09,15.99,0.0,0.0,3.41,Development,Marketing
ACC-1015,Data Transfer / Egress,ap-south-1,N/A,2026-07-09,0.0,0.0,24.8,2.02,Production,Engineering
ACC-1015,Block Storage,ap-south-1,st1,2026-07-09,0.0,266.6,0.0,11.74,Production,Engineering
ACC-1004,Data Warehouse,ap-southeast-1,dw.large,2026-07-09,20.12,46.8,0.0,14.8,Production,Sales
ACC-1002,Serverless Functions,ap-south-1,N/A,2026-07-09,21.01,0.0,0.0,1.25,Staging,Sales
ACC-1004,Serverless Functions,ap-southeast-1,N/A,2026-07-09,7.3,0.0,0.0,0.36,Production,Sales
ACC-1014,Managed Database,us-west-2,db.t3.medium,2026-07-10,24.5,72.0,0.0,10.17,Production,Engineering
ACC-1015,Object Storage,ap-south-1,N/A,2026-07-10,0.0,152.0,0.0,3.79,Production,Engineering
ACC-1015,Content Delivery (CDN),ap-south-1,N/A,2026-07-10,0.0,0.0,30.3,2.54,Production,Engineering
ACC-1011,Managed Database,us-east-1,db.t3.medium,2026-07-10,18.31,87.9,0.0,9.5,Production,Sales
ACC-1011,Data Transfer / Egress,us-east-1,N/A,2026-07-10,0.0,0.0,25.1,2.33,Production,Sales
ACC-1012,Load Balancer,eu-west-1,N/A,2026-07-10,0.0,0.0,68.2,6.17,Production,Finance
ACC-1012,Managed Database,eu-west-1,db.m5.large,2026-07-10,14.47,106.2,0.0,13.25,Production,Finance
ACC-1007,Serverless Functions,ap-southeast-1,N/A,2026-07-10,24.34,0.0,0.0,1.36,Staging,Marketing
ACC-1007,Data Warehouse,ap-southeast-1,dw.large,2026-07-10,26.1,96.3,0.0,23.97,Staging,Marketing
ACC-1007,Compute Instances,ap-southeast-1,r5.large,2026-07-10,9.97,0.0,0.0,1.24,Staging,Marketing
ACC-1010,Serverless Functions,ap-southeast-1,N/A,2026-07-10,18.22,0.0,0.0,0.85,Production,Data Science
ACC-1010,Data Warehouse,ap-southeast-1,dw.xlarge,2026-07-10,38.28,49.5,0.0,44.09,Production,Data Science
ACC-1010,Content Delivery (CDN),ap-southeast-1,N/A,2026-07-10,0.0,0.0,43.3,3.81,Production,Data Science
ACC-1012,Block Storage,eu-west-1,st1,2026-07-10,0.0,197.5,0.0,10.16,Production,Finance
ACC-1014,Object Storage,us-west-2,N/A,2026-07-10,0.0,130.6,0.0,2.8,Production,Engineering
ACC-1015,Compute Instances,ap-south-1,m5.xlarge,2026-07-10,17.23,0.0,0.0,3.57,Production,Engineering
ACC-1005,Managed Kubernetes,us-east-1,c5.2xlarge,2026-07-10,16.36,0.0,0.0,5.03,Production,IT Operations
ACC-1014,Content Delivery (CDN),us-west-2,N/A,2026-07-10,0.0,0.0,48.0,4.85,Production,Engineering
ACC-1006,Managed Kubernetes,us-east-1,m5.large,2026-07-10,25.05,0.0,0.0,2.32,Development,Marketing
ACC-1013,Managed Database,us-east-1,db.r5.large,2026-07-10,24.29,63.0,0.0,13.82,Production,Data Science
ACC-1001,Load Balancer,us-west-2,N/A,2026-07-10,0.0,0.0,25.9,2.11,Staging,Engineering
ACC-1001,Content Delivery (CDN),us-west-2,N/A,2026-07-10,0.0,0.0,29.8,2.76,Staging,Engineering
ACC-1004,Managed Kubernetes,ap-south-1,m5.large,2026-07-10,11.25,0.0,0.0,1.1,Staging,Sales
ACC-1006,Managed Database,us-east-1,db.m5.large,2026-07-10,36.75,99.1,0.0,17.15,Development,Marketing
ACC-1002,Serverless Functions,ap-south-1,N/A,2026-07-10,14.3,0.0,0.0,0.69,Production,Sales
ACC-1004,Managed Database,ap-south-1,db.m5.large,2026-07-10,21.79,65.2,0.0,10.22,Staging,Sales
ACC-1005,Serverless Functions,us-east-1,N/A,2026-07-10,18.78,0.0,0.0,0.95,Production,IT Operations
ACC-1009,Managed Kubernetes,eu-central-1,c5.2xlarge,2026-07-10,6.18,0.0,0.0,2.05,Development,Engineering
ACC-1005,Object Storage,us-east-1,N/A,2026-07-10,0.0,154.1,0.0,3.48,Production,IT Operations
ACC-1009,Data Warehouse,eu-central-1,dw.large,2026-07-10,28.88,58.3,0.0,20.11,Development,Engineering
ACC-1002,Object Storage,ap-south-1,N/A,2026-07-10,0.0,310.2,0.0,7.22,Production,Sales
ACC-1009,Managed Database,eu-central-1,db.t3.medium,2026-07-10,30.35,70.2,0.0,9.08,Development,Engineering
ACC-1013,Managed Database,us-east-1,db.m5.large,2026-07-11,15.93,50.6,0.0,6.82,Production,Data Science
ACC-1002,Managed Kubernetes,ap-south-1,m5.xlarge,2026-07-11,9.63,0.0,0.0,1.95,Development,Sales
ACC-1005,Load Balancer,us-east-1,N/A,2026-07-11,0.0,0.0,51.8,4.83,Development,IT Operations
ACC-1005,Data Warehouse,us-east-1,dw.xlarge,2026-07-11,17.67,46.3,0.0,25.85,Development,IT Operations
ACC-1003,Object Storage,ap-south-1,N/A,2026-07-11,0.0,194.8,0.0,3.61,Staging,Data Science
ACC-1015,Block Storage,ap-south-1,st1,2026-07-11,0.0,135.4,0.0,6.14,Staging,Engineering
ACC-1015,Data Warehouse,ap-south-1,dw.large,2026-07-11,17.57,112.3,0.0,20.18,Staging,Engineering
ACC-1009,Data Warehouse,eu-central-1,dw.xlarge,2026-07-11,26.17,49.1,0.0,32.41,Production,Engineering
ACC-1009,Load Balancer,eu-central-1,N/A,2026-07-11,0.0,0.0,14.2,1.25,Production,Engineering
ACC-1010,Data Warehouse,ap-southeast-1,dw.large,2026-07-11,6.8,79.3,0.0,10.97,Production,Data Science
ACC-1005,Compute Instances,us-east-1,t3.micro,2026-07-11,14.68,0.0,0.0,0.15,Development,IT Operations
ACC-1012,Object Storage,eu-west-1,N/A,2026-07-11,0.0,186.1,0.0,5.13,Staging,Finance
ACC-1001,Compute Instances,eu-central-1,t3.micro,2026-07-11,7.66,0.0,0.0,0.09,Staging,Engineering
ACC-1001,Serverless Functions,eu-central-1,N/A,2026-07-11,7.44,0.0,0.0,0.4,Staging,Engineering
ACC-1014,Managed Kubernetes,us-east-1,m5.large,2026-07-11,7.24,0.0,0.0,0.7,Production,Engineering
ACC-1014,Data Warehouse,us-east-1,dw.xlarge,2026-07-11,9.54,63.5,0.0,16.42,Production,Engineering
ACC-1006,Compute Instances,us-east-1,c5.large,2026-07-11,1.88,0.0,0.0,0.16,Staging,Marketing
ACC-1007,Block Storage,ap-southeast-1,gp3,2026-07-11,0.0,112.7,0.0,8.79,Production,Marketing
ACC-1006,Managed Database,us-east-1,db.t3.medium,2026-07-11,9.47,96.9,0.0,10.81,Staging,Marketing
ACC-1007,Managed Database,ap-southeast-1,db.t3.medium,2026-07-11,14.35,51.7,0.0,6.35,Production,Marketing
ACC-1008,Content Delivery (CDN),us-east-1,N/A,2026-07-11,0.0,0.0,5.9,0.48,Production,Engineering
ACC-1004,Content Delivery (CDN),ap-southeast-1,N/A,2026-07-11,0.0,0.0,16.2,1.31,Production,Sales
ACC-1001,Content Delivery (CDN),eu-central-1,N/A,2026-07-11,0.0,0.0,17.9,1.64,Staging,Engineering
ACC-1007,Serverless Functions,ap-southeast-1,N/A,2026-07-11,11.31,0.0,0.0,0.58,Production,Marketing
ACC-1011,Serverless Functions,us-east-1,N/A,2026-07-12,13.38,0.0,0.0,0.68,Development,Sales
ACC-1001,Object Storage,eu-central-1,N/A,2026-07-12,0.0,220.8,0.0,4.77,Development,Engineering
ACC-1013,Serverless Functions,us-east-1,N/A,2026-07-12,0.79,0.0,0.0,0.04,Production,Data Science
ACC-1005,Object Storage,us-east-1,N/A,2026-07-12,0.0,204.4,0.0,4.4,Production,IT Operations
ACC-1011,Content Delivery (CDN),us-east-1,N/A,2026-07-12,0.0,0.0,40.1,3.43,Development,Sales
ACC-1006,Content Delivery (CDN),eu-central-1,N/A,2026-07-12,0.0,0.0,16.9,1.5,Production,Marketing
ACC-1004,Block Storage,ap-southeast-1,gp3,2026-07-12,0.0,276.7,0.0,23.17,Staging,Sales
ACC-1004,Load Balancer,ap-southeast-1,N/A,2026-07-12,0.0,0.0,59.5,4.83,Staging,Sales
ACC-1006,Serverless Functions,eu-central-1,N/A,2026-07-12,4.65,0.0,0.0,0.25,Production,Marketing
ACC-1006,Block Storage,eu-central-1,gp3,2026-07-12,0.0,144.8,0.0,47.93,Production,Marketing
ACC-1012,Data Warehouse,eu-west-1,dw.large,2026-07-12,9.9,45.3,0.0,8.14,Staging,Finance
ACC-1011,Compute Instances,us-east-1,t3.medium,2026-07-12,10.68,0.0,0.0,0.47,Development,Sales
ACC-1007,Load Balancer,ap-southeast-1,N/A,2026-07-12,0.0,0.0,25.7,2.22,Production,Marketing
ACC-1012,Managed Database,eu-west-1,db.t3.medium,2026-07-12,17.84,146.2,0.0,15.02,Staging,Finance
ACC-1009,Managed Kubernetes,eu-central-1,m5.xlarge,2026-07-12,4.09,0.0,0.0,0.74,Staging,Engineering
ACC-1014,Serverless Functions,us-west-2,N/A,2026-07-12,4.43,0.0,0.0,0.25,Staging,Engineering
ACC-1014,Managed Database,us-west-2,db.r5.large,2026-07-12,11.36,28.6,0.0,5.68,Staging,Engineering
ACC-1002,Load Balancer,ap-south-1,N/A,2026-07-12,0.0,0.0,38.5,3.57,Production,Sales
ACC-1010,Managed Kubernetes,ap-southeast-1,c5.2xlarge,2026-07-12,2.66,0.0,0.0,0.87,Production,Data Science
ACC-1010,Content Delivery (CDN),ap-southeast-1,N/A,2026-07-12,0.0,0.0,11.0,1.11,Production,Data Science
ACC-1015,Compute Instances,ap-south-1,t3.micro,2026-07-12,7.52,0.0,0.0,0.09,Staging,Engineering
ACC-1015,Data Warehouse,ap-south-1,dw.xlarge,2026-07-12,8.79,33.4,0.0,13.78,Staging,Engineering
ACC-1009,Compute Instances,eu-central-1,m5.large,2026-07-12,4.43,0.0,0.0,0.44,Staging,Engineering
ACC-1009,Serverless Functions,eu-central-1,N/A,2026-07-12,9.27,0.0,0.0,0.52,Staging,Engineering
ACC-1008,Object Storage,us-east-1,N/A,2026-07-12,0.0,189.8,0.0,4.06,Staging,Engineering
ACC-1003,Compute Instances,ap-south-1,r5.large,2026-07-12,10.35,0.0,0.0,1.3,Staging,Data Science
ACC-1014,Content Delivery (CDN),us-west-2,N/A,2026-07-12,0.0,0.0,25.8,2.48,Staging,Engineering
ACC-1007,Managed Kubernetes,ap-southeast-1,m5.xlarge,2026-07-13,19.54,0.0,0.0,3.83,Development,Marketing
ACC-1007,Serverless Functions,ap-southeast-1,N/A,2026-07-13,11.16,0.0,0.0,0.53,Development,Marketing
ACC-1001,Serverless Functions,eu-central-1,N/A,2026-07-13,9.29,0.0,0.0,0.48,Production,Engineering
ACC-1014,Serverless Functions,us-west-2,N/A,2026-07-13,8.2,0.0,0.0,0.4,Development,Engineering
ACC-1001,Compute Instances,eu-central-1,c5.large,2026-07-13,9.55,0.0,0.0,0.78,Production,Engineering
ACC-1014,Data Transfer / Egress,us-west-2,N/A,2026-07-13,0.0,0.0,25.1,2.28,Development,Engineering
ACC-1003,Block Storage,ap-south-1,gp3,2026-07-13,0.0,258.2,0.0,20.98,Production,Data Science
ACC-1002,Managed Database,us-east-1,db.m5.large,2026-07-13,25.39,33.9,0.0,7.59,Production,Sales
ACC-1002,Content Delivery (CDN),us-east-1,N/A,2026-07-13,0.0,0.0,33.7,2.9,Production,Sales
ACC-1011,Content Delivery (CDN),ap-south-1,N/A,2026-07-13,0.0,0.0,11.7,0.98,Production,Sales
ACC-1003,Managed Kubernetes,ap-south-1,m5.xlarge,2026-07-13,18.11,0.0,0.0,2.89,Production,Data Science
ACC-1003,Object Storage,ap-south-1,N/A,2026-07-13,0.0,250.5,0.0,5.5,Production,Data Science
ACC-1012,Load Balancer,eu-west-1,N/A,2026-07-13,0.0,0.0,35.1,3.25,Production,Finance
ACC-1001,Data Transfer / Egress,eu-central-1,N/A,2026-07-13,0.0,0.0,22.7,2.21,Production,Engineering
ACC-1011,Managed Database,ap-south-1,db.t3.medium,2026-07-13,44.62,58.1,0.0,8.6,Production,Sales
ACC-1004,Serverless Functions,ap-southeast-1,N/A,2026-07-13,7.74,0.0,0.0,0.38,Production,Sales
ACC-1008,Object Storage,us-east-1,N/A,2026-07-13,0.0,268.9,0.0,6.32,Staging,Engineering
ACC-1015,Data Transfer / Egress,ap-south-1,N/A,2026-07-13,0.0,0.0,35.1,3.41,Development,Engineering
ACC-1015,Object Storage,ap-south-1,N/A,2026-07-13,0.0,189.7,0.0,13.87,Development,Engineering
ACC-1010,Data Transfer / Egress,ap-southeast-1,N/A,2026-07-13,0.0,0.0,28.4,2.43,Production,Data Science
ACC-1013,Managed Database,us-east-1,db.m5.large,2026-07-13,13.34,63.7,0.0,9.48,Production,Data Science
ACC-1005,Content Delivery (CDN),us-east-1,N/A,2026-07-13,0.0,0.0,27.7,2.41,Production,IT Operations
ACC-1010,Data Warehouse,ap-southeast-1,dw.xlarge,2026-07-13,31.49,52.9,0.0,37.81,Production,Data Science
ACC-1009,Serverless Functions,ap-southeast-1,N/A,2026-07-13,13.24,0.0,0.0,0.65,Production,Engineering
ACC-1009,Managed Database,ap-southeast-1,db.r5.large,2026-07-13,30.65,30.0,0.0,10.8,Production,Engineering
ACC-1009,Data Warehouse,ap-southeast-1,dw.large,2026-07-13,30.15,52.8,0.0,20.59,Production,Engineering
ACC-1006,Object Storage,us-east-1,N/A,2026-07-13,0.0,174.0,0.0,4.19,Staging,Marketing
ACC-1004,Compute Instances,ap-southeast-1,t3.medium,2026-07-13,20.2,0.0,0.0,0.92,Production,Sales
ACC-1004,Managed Database,ap-southeast-1,db.m5.large,2026-07-13,14.8,63.4,0.0,7.59,Production,Sales
ACC-1005,Data Warehouse,us-east-1,dw.large,2026-07-13,17.32,35.2,0.0,11.29,Production,IT Operations
ACC-1008,Data Warehouse,us-east-1,dw.large,2026-07-14,29.59,41.2,0.0,17.6,Production,Engineering
ACC-1013,Load Balancer,us-east-1,N/A,2026-07-14,0.0,0.0,35.6,3.1,Staging,Data Science
ACC-1015,Compute Instances,us-east-1,t3.micro,2026-07-14,4.37,0.0,0.0,0.04,Production,Engineering
ACC-1015,Managed Database,us-east-1,db.m5.large,2026-07-14,22.67,31.6,0.0,6.43,Production,Engineering
ACC-1015,Block Storage,us-east-1,io2,2026-07-14,0.0,91.0,0.0,11.61,Production,Engineering
ACC-1008,Managed Kubernetes,us-east-1,m5.xlarge,2026-07-14,19.43,0.0,0.0,4.08,Production,Engineering
ACC-1012,Load Balancer,eu-west-1,N/A,2026-07-14,0.0,0.0,9.2,0.81,Production,Finance
ACC-1014,Managed Kubernetes,us-west-2,m5.xlarge,2026-07-14,21.29,0.0,0.0,4.34,Development,Engineering
ACC-1004,Data Warehouse,us-west-2,dw.large,2026-07-14,21.58,90.2,0.0,23.13,Development,Sales
ACC-1004,Data Transfer / Egress,us-west-2,N/A,2026-07-14,0.0,0.0,17.4,1.63,Development,Sales
ACC-1011,Serverless Functions,us-east-1,N/A,2026-07-14,25.0,0.0,0.0,1.22,Production,Sales
ACC-1006,Load Balancer,us-east-1,N/A,2026-07-14,0.0,0.0,9.7,0.86,Staging,Marketing
ACC-1010,Compute Instances,ap-southeast-1,m5.large,2026-07-14,27.49,0.0,0.0,2.55,Staging,Data Science
ACC-1010,Data Warehouse,ap-southeast-1,dw.xlarge,2026-07-14,33.48,27.8,0.0,33.03,Staging,Data Science
ACC-1012,Managed Kubernetes,eu-west-1,m5.large,2026-07-14,18.89,0.0,0.0,1.95,Production,Finance
ACC-1009,Managed Database,eu-central-1,db.r5.large,2026-07-15,47.22,114.0,0.0,21.99,Staging,Engineering
ACC-1003,Content Delivery (CDN),ap-south-1,N/A,2026-07-15,0.0,0.0,35.4,3.19,Staging,Data Science
ACC-1003,Managed Database,ap-south-1,db.m5.large,2026-07-15,23.27,18.4,0.0,6.29,Staging,Data Science
ACC-1003,Managed Kubernetes,ap-south-1,m5.large,2026-07-15,5.76,0.0,0.0,0.5,Staging,Data Science
ACC-1001,Load Balancer,eu-central-1,N/A,2026-07-15,0.0,0.0,44.3,4.2,Production,Engineering
ACC-1015,Object Storage,ap-south-1,N/A,2026-07-15,0.0,148.8,0.0,3.47,Production,Engineering
ACC-1001,Managed Database,eu-central-1,db.t3.medium,2026-07-15,26.89,89.1,0.0,9.94,Production,Engineering
ACC-1001,Data Warehouse,eu-central-1,dw.xlarge,2026-07-15,20.13,86.8,0.0,28.25,Production,Engineering
ACC-1015,Data Transfer / Egress,ap-south-1,N/A,2026-07-15,0.0,0.0,30.6,2.97,Production,Engineering
ACC-1002,Load Balancer,ap-south-1,N/A,2026-07-15,0.0,0.0,75.0,6.79,Production,Sales
ACC-1005,Managed Database,us-east-1,db.m5.large,2026-07-15,14.21,24.2,0.0,4.53,Staging,IT Operations
ACC-1005,Object Storage,us-east-1,N/A,2026-07-15,0.0,240.1,0.0,4.68,Staging,IT Operations
ACC-1013,Object Storage,us-east-1,N/A,2026-07-15,0.0,224.9,0.0,5.2,Development,Data Science
ACC-1013,Managed Kubernetes,us-east-1,m5.large,2026-07-15,15.29,0.0,0.0,1.35,Development,Data Science
ACC-1013,Load Balancer,us-east-1,N/A,2026-07-15,0.0,0.0,63.3,4.88,Development,Data Science
ACC-1011,Serverless Functions,us-east-1,N/A,2026-07-15,18.48,0.0,0.0,0.85,Staging,Sales
ACC-1011,Load Balancer,us-east-1,N/A,2026-07-15,0.0,0.0,24.4,2.29,Staging,Sales
ACC-1011,Object Storage,us-east-1,N/A,2026-07-15,0.0,157.8,0.0,3.65,Staging,Sales
ACC-1007,Block Storage,ap-southeast-1,st1,2026-07-15,0.0,285.0,0.0,14.08,Staging,Marketing
ACC-1005,Load Balancer,us-east-1,N/A,2026-07-15,0.0,0.0,25.8,11.72,Staging,IT Operations
ACC-1015,Compute Instances,ap-south-1,c5.large,2026-07-16,5.34,0.0,0.0,0.46,Production,Engineering
ACC-1004,Serverless Functions,ap-southeast-1,N/A,2026-07-16,15.86,0.0,0.0,0.82,Production,Sales
ACC-1009,Load Balancer,us-east-1,N/A,2026-07-16,0.0,0.0,19.7,1.79,Staging,Engineering
ACC-1009,Object Storage,us-east-1,N/A,2026-07-16,0.0,296.4,0.0,6.91,Staging,Engineering
ACC-1002,Serverless Functions,ap-south-1,N/A,2026-07-16,15.89,0.0,0.0,0.8,Production,Sales
ACC-1009,Managed Kubernetes,us-east-1,c5.2xlarge,2026-07-16,8.52,0.0,0.0,2.87,Staging,Engineering
ACC-1003,Managed Kubernetes,ap-south-1,m5.large,2026-07-16,14.28,0.0,0.0,1.38,Staging,Data Science
ACC-1013,Content Delivery (CDN),us-east-1,N/A,2026-07-16,0.0,0.0,45.6,4.11,Production,Data Science
ACC-1013,Block Storage,us-east-1,st1,2026-07-16,0.0,165.0,0.0,7.42,Production,Data Science
ACC-1014,Compute Instances,eu-west-1,c5.large,2026-07-16,11.63,0.0,0.0,1.12,Production,Engineering
ACC-1006,Block Storage,us-east-1,st1,2026-07-16,0.0,258.7,0.0,12.88,Staging,Marketing
ACC-1002,Managed Kubernetes,ap-south-1,c5.2xlarge,2026-07-16,15.84,0.0,0.0,5.17,Production,Sales
ACC-1008,Load Balancer,ap-southeast-1,N/A,2026-07-17,0.0,0.0,85.2,7.73,Production,Engineering
ACC-1011,Data Warehouse,us-east-1,dw.large,2026-07-17,28.66,45.8,0.0,17.05,Production,Sales
ACC-1004,Object Storage,ap-southeast-1,N/A,2026-07-17,0.0,137.8,0.0,3.21,Development,Sales
ACC-1004,Load Balancer,ap-southeast-1,N/A,2026-07-17,0.0,0.0,37.5,3.47,Development,Sales
ACC-1004,Compute Instances,ap-southeast-1,r5.large,2026-07-17,6.07,0.0,0.0,0.66,Development,Sales
ACC-1009,Data Transfer / Egress,eu-west-1,N/A,2026-07-17,0.0,0.0,29.3,2.81,Development,Engineering
ACC-1012,Data Warehouse,us-east-1,dw.large,2026-07-17,25.54,76.8,0.0,19.57,Production,Finance
ACC-1009,Content Delivery (CDN),eu-west-1,N/A,2026-07-17,0.0,0.0,12.8,1.23,Development,Engineering
ACC-1012,Managed Database,us-east-1,db.r5.large,2026-07-17,26.71,42.8,0.0,10.87,Production,Finance
ACC-1007,Load Balancer,ap-southeast-1,N/A,2026-07-17,0.0,0.0,16.0,1.49,Development,Marketing
ACC-1007,Object Storage,ap-southeast-1,N/A,2026-07-17,0.0,206.5,0.0,4.78,Development,Marketing
ACC-1007,Content Delivery (CDN),ap-southeast-1,N/A,2026-07-17,0.0,0.0,27.3,12.9,Development,Marketing
ACC-1008,Data Warehouse,ap-southeast-1,dw.large,2026-07-17,16.47,34.6,0.0,11.45,Production,Engineering
ACC-1009,Data Warehouse,eu-west-1,dw.xlarge,2026-07-17,30.08,50.9,0.0,32.17,Development,Engineering
ACC-1013,Managed Kubernetes,eu-central-1,c5.2xlarge,2026-07-17,4.48,0.0,0.0,1.55,Production,Data Science
ACC-1015,Load Balancer,ap-south-1,N/A,2026-07-17,0.0,0.0,12.9,1.16,Production,Engineering
ACC-1010,Object Storage,ap-southeast-1,N/A,2026-07-17,0.0,165.9,0.0,3.78,Staging,Data Science
ACC-1014,Load Balancer,us-west-2,N/A,2026-07-17,0.0,0.0,69.9,6.49,Production,Engineering
ACC-1014,Block Storage,us-west-2,st1,2026-07-17,0.0,105.9,0.0,4.88,Production,Engineering
ACC-1002,Data Warehouse,eu-central-1,dw.xlarge,2026-07-17,18.67,40.7,0.0,22.65,Production,Sales
ACC-1002,Managed Database,eu-central-1,db.t3.medium,2026-07-17,26.42,42.1,0.0,5.63,Production,Sales
ACC-1006,Data Transfer / Egress,us-east-1,N/A,2026-07-17,0.0,0.0,18.0,1.7,Staging,Marketing
ACC-1006,Block Storage,us-east-1,gp3,2026-07-17,0.0,105.4,0.0,7.87,Staging,Marketing
ACC-1002,Load Balancer,eu-central-1,N/A,2026-07-17,0.0,0.0,73.4,6.44,Production,Sales
ACC-1015,Object Storage,ap-south-1,N/A,2026-07-17,0.0,191.5,0.0,4.41,Production,Engineering
ACC-1015,Compute Instances,ap-south-1,m5.xlarge,2026-07-17,7.81,0.0,0.0,1.5,Production,Engineering
ACC-1001,Block Storage,eu-central-1,st1,2026-07-17,0.0,205.3,0.0,8.56,Staging,Engineering
ACC-1010,Load Balancer,ap-southeast-1,N/A,2026-07-17,0.0,0.0,16.9,1.54,Staging,Data Science
ACC-1010,Serverless Functions,ap-southeast-1,N/A,2026-07-17,15.19,0.0,0.0,0.7,Staging,Data Science
ACC-1006,Content Delivery (CDN),us-east-1,N/A,2026-07-17,0.0,0.0,26.6,2.32,Staging,Marketing
ACC-1015,Block Storage,ap-south-1,gp3,2026-07-18,0.0,308.2,0.0,22.7,Development,Engineering
ACC-1005,Serverless Functions,us-east-1,N/A,2026-07-18,7.24,0.0,0.0,0.36,Production,IT Operations
ACC-1004,Compute Instances,ap-southeast-1,t3.micro,2026-07-18,6.82,0.0,0.0,0.07,Production,Sales
ACC-1001,Data Warehouse,eu-central-1,dw.large,2026-07-18,8.98,72.0,0.0,9.52,Development,Engineering
ACC-1015,Managed Database,ap-south-1,db.t3.medium,2026-07-18,3.17,38.5,0.0,4.04,Development,Engineering
ACC-1015,Load Balancer,ap-south-1,N/A,2026-07-18,0.0,0.0,22.9,1.97,Development,Engineering
ACC-1006,Managed Kubernetes,us-east-1,m5.xlarge,2026-07-18,10.64,0.0,0.0,2.19,Production,Marketing
ACC-1008,Managed Kubernetes,us-east-1,c5.2xlarge,2026-07-18,6.23,0.0,0.0,1.88,Development,Engineering
ACC-1002,Managed Database,ap-south-1,db.m5.large,2026-07-18,18.62,102.1,0.0,13.78,Production,Sales
ACC-1002,Object Storage,ap-south-1,N/A,2026-07-18,0.0,146.1,0.0,3.21,Production,Sales
ACC-1006,Compute Instances,us-east-1,c5.large,2026-07-18,13.06,0.0,0.0,0.88,Production,Marketing
ACC-1013,Object Storage,eu-central-1,N/A,2026-07-18,0.0,225.8,0.0,4.3,Production,Data Science
ACC-1008,Object Storage,us-east-1,N/A,2026-07-18,0.0,313.4,0.0,6.99,Development,Engineering
ACC-1004,Managed Kubernetes,ap-southeast-1,c5.2xlarge,2026-07-19,8.22,0.0,0.0,2.82,Staging,Sales
ACC-1001,Serverless Functions,us-east-1,N/A,2026-07-19,7.94,0.0,0.0,1.15,Development,Engineering
ACC-1003,Serverless Functions,ap-south-1,N/A,2026-07-19,2.4,0.0,0.0,0.11,Production,Data Science
ACC-1014,Data Warehouse,us-west-2,dw.large,2026-07-19,15.26,24.2,0.0,10.17,Development,Engineering
ACC-1014,Compute Instances,us-west-2,m5.large,2026-07-19,4.96,0.0,0.0,0.48,Development,Engineering
ACC-1014,Content Delivery (CDN),us-west-2,N/A,2026-07-19,0.0,0.0,32.8,2.98,Development,Engineering
ACC-1002,Serverless Functions,ap-south-1,N/A,2026-07-19,3.91,0.0,0.0,0.21,Development,Sales
ACC-1004,Managed Database,ap-southeast-1,db.t3.medium,2026-07-19,14.64,79.6,0.0,8.46,Staging,Sales
ACC-1006,Compute Instances,us-east-1,r5.large,2026-07-19,5.38,0.0,0.0,0.71,Production,Marketing
ACC-1008,Data Transfer / Egress,us-east-1,N/A,2026-07-19,0.0,0.0,31.9,2.77,Development,Engineering
ACC-1008,Compute Instances,us-east-1,m5.large,2026-07-19,11.11,0.0,0.0,0.94,Development,Engineering
ACC-1008,Data Warehouse,us-east-1,dw.xlarge,2026-07-19,23.54,65.7,0.0,30.2,Development,Engineering
ACC-1006,Data Transfer / Egress,us-east-1,N/A,2026-07-19,0.0,0.0,39.8,3.35,Production,Marketing
ACC-1012,Block Storage,eu-west-1,io2,2026-07-19,0.0,163.2,0.0,19.57,Production,Finance
ACC-1012,Managed Kubernetes,eu-west-1,m5.large,2026-07-19,7.51,0.0,0.0,0.69,Production,Finance
ACC-1008,Managed Kubernetes,us-east-1,c5.2xlarge,2026-07-20,18.55,0.0,0.0,6.65,Production,Engineering
ACC-1008,Serverless Functions,us-east-1,N/A,2026-07-20,12.47,0.0,0.0,0.68,Production,Engineering
ACC-1010,Serverless Functions,ap-southeast-1,N/A,2026-07-20,6.62,0.0,0.0,0.28,Production,Data Science
ACC-1015,Compute Instances,ap-south-1,m5.large,2026-07-20,19.43,0.0,0.0,1.73,Production,Engineering
ACC-1015,Load Balancer,ap-south-1,N/A,2026-07-20,0.0,0.0,30.5,2.99,Production,Engineering
ACC-1003,Serverless Functions,ap-southeast-1,N/A,2026-07-20,6.67,0.0,0.0,0.32,Development,Data Science
ACC-1009,Load Balancer,eu-west-1,N/A,2026-07-20,0.0,0.0,111.7,10.54,Production,Engineering
ACC-1009,Serverless Functions,eu-west-1,N/A,2026-07-20,8.12,0.0,0.0,0.43,Production,Engineering
ACC-1010,Content Delivery (CDN),ap-southeast-1,N/A,2026-07-20,0.0,0.0,65.0,6.63,Production,Data Science
ACC-1010,Managed Kubernetes,ap-southeast-1,m5.xlarge,2026-07-20,12.73,0.0,0.0,2.34,Production,Data Science
ACC-1015,Serverless Functions,ap-south-1,N/A,2026-07-20,9.61,0.0,0.0,0.48,Production,Engineering
ACC-1007,Data Transfer / Egress,ap-southeast-1,N/A,2026-07-20,0.0,0.0,17.7,1.57,Production,Marketing
ACC-1007,Load Balancer,ap-southeast-1,N/A,2026-07-20,0.0,0.0,13.7,1.04,Production,Marketing
ACC-1007,Managed Database,ap-southeast-1,db.m5.large,2026-07-20,32.51,80.0,0.0,13.98,Production,Marketing
ACC-1014,Managed Kubernetes,us-west-2,m5.xlarge,2026-07-20,17.59,0.0,0.0,3.59,Production,Engineering
ACC-1002,Compute Instances,ap-south-1,r5.large,2026-07-20,12.07,0.0,0.0,1.36,Production,Sales
ACC-1012,Serverless Functions,eu-west-1,N/A,2026-07-20,10.51,0.0,0.0,0.47,Staging,Finance
ACC-1014,Compute Instances,us-west-2,t3.medium,2026-07-20,13.62,0.0,0.0,0.55,Production,Engineering
ACC-1013,Data Warehouse,us-east-1,dw.large,2026-07-20,50.0,74.7,0.0,31.36,Production,Data Science
ACC-1013,Block Storage,us-east-1,io2,2026-07-20,0.0,212.1,0.0,26.28,Production,Data Science
ACC-1011,Data Transfer / Egress,us-east-1,N/A,2026-07-20,0.0,0.0,27.7,2.47,Development,Sales
ACC-1011,Serverless Functions,us-east-1,N/A,2026-07-20,6.43,0.0,0.0,0.37,Development,Sales
ACC-1013,Content Delivery (CDN),us-east-1,N/A,2026-07-20,0.0,0.0,21.6,1.79,Production,Data Science
ACC-1006,Block Storage,us-east-1,st1,2026-07-21,0.0,165.8,0.0,7.38,Production,Marketing
ACC-1005,Content Delivery (CDN),us-east-1,N/A,2026-07-21,0.0,0.0,42.6,4.13,Production,IT Operations
ACC-1005,Load Balancer,us-east-1,N/A,2026-07-21,0.0,0.0,25.0,2.31,Production,IT Operations
ACC-1008,Object Storage,us-east-1,N/A,2026-07-21,0.0,132.1,0.0,3.16,Staging,Engineering
ACC-1008,Content Delivery (CDN),us-east-1,N/A,2026-07-21,0.0,0.0,39.6,3.39,Staging,Engineering
ACC-1006,Managed Database,us-east-1,db.m5.large,2026-07-21,9.06,159.1,0.0,16.93,Production,Marketing
ACC-1006,Data Transfer / Egress,us-east-1,N/A,2026-07-21,0.0,0.0,40.0,3.5,Production,Marketing
ACC-1014,Managed Database,us-west-2,db.m5.large,2026-07-21,17.57,30.8,0.0,6.13,Staging,Engineering
ACC-1001,Managed Database,eu-central-1,db.t3.medium,2026-07-21,25.14,15.8,0.0,3.22,Production,Engineering
ACC-1011,Content Delivery (CDN),us-east-1,N/A,2026-07-21,0.0,0.0,24.8,2.39,Development,Sales
ACC-1011,Data Warehouse,us-east-1,dw.xlarge,2026-07-21,29.04,53.9,0.0,30.11,Development,Sales
ACC-1013,Compute Instances,us-east-1,t3.micro,2026-07-21,5.53,0.0,0.0,0.05,Development,Data Science
ACC-1001,Load Balancer,eu-central-1,N/A,2026-07-21,0.0,0.0,21.1,1.87,Production,Engineering
ACC-1001,Data Transfer / Egress,eu-central-1,N/A,2026-07-21,0.0,0.0,8.1,0.76,Production,Engineering
ACC-1015,Serverless Functions,ap-south-1,N/A,2026-07-21,3.72,0.0,0.0,0.17,Production,Engineering
ACC-1015,Load Balancer,ap-south-1,N/A,2026-07-21,0.0,0.0,24.0,2.25,Production,Engineering
ACC-1014,Serverless Functions,us-west-2,N/A,2026-07-21,23.75,0.0,0.0,1.21,Staging,Engineering
ACC-1008,Managed Database,us-east-1,db.r5.large,2026-07-22,11.5,40.7,0.0,6.5,Staging,Engineering
ACC-1008,Object Storage,us-east-1,N/A,2026-07-22,0.0,357.8,0.0,7.92,Staging,Engineering
ACC-1013,Load Balancer,us-east-1,N/A,2026-07-22,0.0,0.0,24.9,2.16,Production,Data Science
ACC-1005,Object Storage,us-east-1,N/A,2026-07-22,0.0,302.2,0.0,8.03,Staging,IT Operations
ACC-1006,Serverless Functions,us-east-1,N/A,2026-07-22,24.3,0.0,0.0,1.31,Production,Marketing
ACC-1012,Load Balancer,eu-west-1,N/A,2026-07-22,0.0,0.0,38.0,3.47,Production,Finance
ACC-1006,Object Storage,us-east-1,N/A,2026-07-22,0.0,197.8,0.0,4.99,Production,Marketing
ACC-1008,Data Transfer / Egress,us-east-1,N/A,2026-07-22,0.0,0.0,5.2,0.47,Staging,Engineering
ACC-1002,Load Balancer,ap-south-1,N/A,2026-07-22,0.0,0.0,16.5,1.45,Production,Sales
ACC-1011,Data Transfer / Egress,us-east-1,N/A,2026-07-22,0.0,0.0,31.7,2.89,Production,Sales
ACC-1006,Content Delivery (CDN),us-east-1,N/A,2026-07-22,0.0,0.0,49.2,4.06,Production,Marketing
ACC-1014,Managed Database,us-west-2,db.m5.large,2026-07-22,52.39,36.0,0.0,12.39,Production,Engineering
ACC-1012,Data Transfer / Egress,eu-west-1,N/A,2026-07-22,0.0,0.0,18.3,1.5,Production,Finance
ACC-1009,Block Storage,eu-central-1,st1,2026-07-22,0.0,239.2,0.0,10.65,Production,Engineering
ACC-1015,Compute Instances,ap-south-1,r5.large,2026-07-22,7.65,0.0,0.0,0.86,Production,Engineering
ACC-1014,Managed Kubernetes,us-west-2,m5.large,2026-07-22,12.12,0.0,0.0,1.4,Production,Engineering
ACC-1001,Data Warehouse,us-west-2,dw.large,2026-07-22,14.87,43.4,0.0,11.7,Production,Engineering
ACC-1001,Content Delivery (CDN),us-west-2,N/A,2026-07-22,0.0,0.0,20.8,1.78,Production,Engineering
ACC-1007,Data Transfer / Egress,ap-southeast-1,N/A,2026-07-22,0.0,0.0,17.9,1.58,Production,Marketing
ACC-1015,Load Balancer,ap-south-1,N/A,2026-07-22,0.0,0.0,33.8,3.04,Production,Engineering
ACC-1010,Data Warehouse,ap-southeast-1,dw.large,2026-07-22,38.98,113.0,0.0,31.58,Production,Data Science
ACC-1010,Data Transfer / Egress,ap-southeast-1,N/A,2026-07-22,0.0,0.0,71.1,5.68,Production,Data Science
ACC-1010,Load Balancer,ap-southeast-1,N/A,2026-07-22,0.0,0.0,32.2,2.77,Production,Data Science
ACC-1003,Object Storage,ap-south-1,N/A,2026-07-22,0.0,194.4,0.0,4.62,Staging,Data Science
ACC-1009,Managed Kubernetes,eu-central-1,m5.xlarge,2026-07-22,16.27,0.0,0.0,2.92,Production,Engineering
ACC-1007,Serverless Functions,ap-southeast-1,N/A,2026-07-22,10.09,0.0,0.0,0.52,Production,Marketing
ACC-1004,Compute Instances,ap-southeast-1,r5.large,2026-07-23,5.16,0.0,0.0,0.65,Development,Sales
ACC-1004,Serverless Functions,ap-southeast-1,N/A,2026-07-23,15.1,0.0,0.0,0.72,Development,Sales
ACC-1004,Block Storage,ap-southeast-1,st1,2026-07-23,0.0,183.8,0.0,8.67,Development,Sales
ACC-1012,Compute Instances,eu-west-1,m5.xlarge,2026-07-23,7.63,0.0,0.0,1.39,Development,Finance
ACC-1012,Content Delivery (CDN),eu-west-1,N/A,2026-07-23,0.0,0.0,5.9,0.55,Development,Finance
ACC-1012,Managed Kubernetes,eu-west-1,m5.large,2026-07-23,20.94,0.0,0.0,2.05,Development,Finance
ACC-1005,Managed Kubernetes,us-east-1,c5.2xlarge,2026-07-23,17.64,0.0,0.0,6.17,Production,IT Operations
ACC-1005,Block Storage,us-east-1,st1,2026-07-23,0.0,147.4,0.0,6.21,Production,IT Operations
ACC-1009,Data Warehouse,eu-central-1,dw.large,2026-07-23,20.59,106.7,0.0,21.93,Staging,Engineering
ACC-1009,Load Balancer,eu-central-1,N/A,2026-07-23,0.0,0.0,46.1,3.81,Staging,Engineering
ACC-1006,Content Delivery (CDN),us-east-1,N/A,2026-07-23,0.0,0.0,8.8,0.87,Development,Marketing
ACC-1010,Content Delivery (CDN),ap-southeast-1,N/A,2026-07-23,0.0,0.0,23.3,2.14,Development,Data Science
ACC-1011,Content Delivery (CDN),us-east-1,N/A,2026-07-23,0.0,0.0,47.3,4.6,Development,Sales
ACC-1011,Serverless Functions,us-east-1,N/A,2026-07-23,4.16,0.0,0.0,0.19,Development,Sales
ACC-1015,Load Balancer,ap-south-1,N/A,2026-07-23,0.0,0.0,33.7,3.1,Staging,Engineering
ACC-1015,Managed Kubernetes,ap-south-1,m5.large,2026-07-23,14.17,0.0,0.0,1.41,Staging,Engineering
ACC-1009,Serverless Functions,eu-central-1,N/A,2026-07-23,11.36,0.0,0.0,0.62,Staging,Engineering
ACC-1006,Serverless Functions,ap-south-1,N/A,2026-07-24,28.62,0.0,0.0,1.25,Production,Marketing
ACC-1009,Managed Database,eu-central-1,db.r5.large,2026-07-24,24.68,65.9,0.0,11.98,Production,Engineering
ACC-1009,Data Warehouse,eu-central-1,dw.large,2026-07-24,18.0,80.4,0.0,17.17,Production,Engineering
ACC-1009,Serverless Functions,eu-central-1,N/A,2026-07-24,10.47,0.0,0.0,0.47,Production,Engineering
ACC-1015,Content Delivery (CDN),us-east-1,N/A,2026-07-24,0.0,0.0,43.3,3.97,Staging,Engineering
ACC-1014,Load Balancer,us-west-2,N/A,2026-07-24,0.0,0.0,37.5,2.89,Production,Engineering
ACC-1015,Data Warehouse,us-east-1,dw.xlarge,2026-07-24,22.3,46.0,0.0,28.53,Staging,Engineering
ACC-1006,Managed Kubernetes,ap-south-1,m5.large,2026-07-24,12.39,0.0,0.0,1.16,Production,Marketing
ACC-1014,Object Storage,us-west-2,N/A,2026-07-24,0.0,186.4,0.0,4.58,Production,Engineering
ACC-1006,Managed Database,ap-south-1,db.m5.large,2026-07-24,31.1,13.7,0.0,6.31,Production,Marketing
ACC-1003,Data Warehouse,ap-south-1,dw.xlarge,2026-07-24,18.13,73.8,0.0,28.69,Production,Data Science
ACC-1004,Load Balancer,ap-southeast-1,N/A,2026-07-24,0.0,0.0,4.2,0.36,Production,Sales
ACC-1004,Content Delivery (CDN),ap-southeast-1,N/A,2026-07-24,0.0,0.0,4.8,0.38,Production,Sales
ACC-1011,Compute Instances,us-east-1,m5.xlarge,2026-07-24,13.03,0.0,0.0,2.6,Production,Sales
ACC-1011,Block Storage,us-east-1,gp3,2026-07-24,0.0,145.2,0.0,13.56,Production,Sales
ACC-1011,Load Balancer,us-east-1,N/A,2026-07-24,0.0,0.0,27.0,2.19,Production,Sales
ACC-1002,Serverless Functions,ap-south-1,N/A,2026-07-24,15.92,0.0,0.0,0.76,Production,Sales
ACC-1003,Serverless Functions,ap-south-1,N/A,2026-07-24,19.4,0.0,0.0,0.94,Production,Data Science
ACC-1003,Object Storage,ap-south-1,N/A,2026-07-24,0.0,168.0,0.0,3.33,Production,Data Science
ACC-1004,Object Storage,ap-southeast-1,N/A,2026-07-24,0.0,112.6,0.0,2.3,Production,Sales
ACC-1005,Object Storage,ap-south-1,N/A,2026-07-24,0.0,341.9,0.0,7.87,Development,IT Operations
ACC-1005,Object Storage,us-east-1,N/A,2026-07-25,0.0,231.6,0.0,5.83,Production,IT Operations
ACC-1011,Managed Database,us-east-1,db.m5.large,2026-07-25,13.53,48.0,0.0,6.75,Development,Sales
ACC-1006,Load Balancer,us-east-1,N/A,2026-07-25,0.0,0.0,34.0,3.1,Development,Marketing
ACC-1006,Managed Database,us-east-1,db.r5.large,2026-07-25,18.26,23.2,0.0,5.92,Development,Marketing
ACC-1009,Compute Instances,eu-central-1,r5.large,2026-07-25,3.72,0.0,0.0,0.44,Staging,Engineering
ACC-1013,Data Transfer / Egress,us-east-1,N/A,2026-07-25,0.0,0.0,33.6,3.07,Production,Data Science
ACC-1009,Managed Kubernetes,eu-central-1,c5.2xlarge,2026-07-25,1.12,0.0,0.0,0.42,Staging,Engineering
ACC-1009,Data Transfer / Egress,eu-central-1,N/A,2026-07-25,0.0,0.0,25.2,2.08,Staging,Engineering
ACC-1014,Managed Kubernetes,us-west-2,m5.xlarge,2026-07-25,4.67,0.0,0.0,0.9,Staging,Engineering
ACC-1006,Data Warehouse,us-east-1,dw.xlarge,2026-07-25,17.91,24.2,0.0,20.38,Development,Marketing
ACC-1007,Data Transfer / Egress,ap-southeast-1,N/A,2026-07-25,0.0,0.0,24.1,2.27,Production,Marketing
ACC-1005,Load Balancer,us-east-1,N/A,2026-07-25,0.0,0.0,35.8,3.28,Production,IT Operations
ACC-1012,Data Warehouse,eu-west-1,dw.xlarge,2026-07-25,12.02,53.5,0.0,20.15,Production,Finance
ACC-1012,Compute Instances,eu-west-1,t3.medium,2026-07-25,6.52,0.0,0.0,0.26,Production,Finance
ACC-1015,Managed Kubernetes,ap-south-1,m5.large,2026-07-25,11.05,0.0,0.0,0.99,Staging,Engineering
ACC-1002,Block Storage,ap-south-1,gp3,2026-07-25,0.0,270.6,0.0,19.8,Production,Sales
ACC-1002,Serverless Functions,ap-south-1,N/A,2026-07-25,6.29,0.0,0.0,0.32,Production,Sales
ACC-1003,Load Balancer,ap-south-1,N/A,2026-07-25,0.0,0.0,57.9,5.12,Production,Data Science
ACC-1002,Data Transfer / Egress,ap-south-1,N/A,2026-07-25,0.0,0.0,23.9,2.14,Production,Sales
ACC-1010,Compute Instances,ap-southeast-1,m5.large,2026-07-25,5.01,0.0,0.0,0.54,Development,Data Science
ACC-1010,Object Storage,ap-southeast-1,N/A,2026-07-25,0.0,154.6,0.0,3.85,Development,Data Science
ACC-1010,Managed Database,ap-southeast-1,db.r5.large,2026-07-25,14.49,79.5,0.0,11.07,Development,Data Science
ACC-1012,Object Storage,eu-west-1,N/A,2026-07-25,0.0,154.7,0.0,3.16,Production,Finance
ACC-1008,Managed Kubernetes,eu-west-1,c5.2xlarge,2026-07-25,6.36,0.0,0.0,2.16,Production,Engineering
ACC-1011,Managed Kubernetes,us-east-1,m5.large,2026-07-26,9.41,0.0,0.0,0.86,Staging,Sales
ACC-1004,Managed Kubernetes,ap-southeast-1,m5.large,2026-07-26,4.71,0.0,0.0,0.46,Production,Sales
ACC-1010,Load Balancer,eu-west-1,N/A,2026-07-26,0.0,0.0,47.2,4.64,Staging,Data Science
ACC-1011,Object Storage,us-east-1,N/A,2026-07-26,0.0,286.1,0.0,5.81,Staging,Sales
ACC-1011,Load Balancer,us-east-1,N/A,2026-07-26,0.0,0.0,23.6,2.29,Staging,Sales
ACC-1013,Data Warehouse,us-east-1,dw.large,2026-07-26,11.3,60.5,0.0,10.87,Production,Data Science
ACC-1015,Load Balancer,ap-south-1,N/A,2026-07-26,0.0,0.0,4.8,0.4,Staging,Engineering
ACC-1006,Data Warehouse,us-east-1,dw.large,2026-07-26,15.79,55.3,0.0,13.26,Development,Marketing
ACC-1006,Managed Database,us-east-1,db.m5.large,2026-07-26,12.73,18.2,0.0,4.08,Development,Marketing
ACC-1005,Object Storage,ap-south-1,N/A,2026-07-26,0.0,141.3,0.0,3.33,Staging,IT Operations
ACC-1005,Managed Kubernetes,ap-south-1,m5.large,2026-07-26,16.79,0.0,0.0,1.46,Staging,IT Operations
ACC-1015,Serverless Functions,ap-south-1,N/A,2026-07-26,5.25,0.0,0.0,0.26,Staging,Engineering
ACC-1004,Object Storage,ap-southeast-1,N/A,2026-07-26,0.0,157.7,0.0,4.45,Production,Sales
ACC-1015,Content Delivery (CDN),ap-south-1,N/A,2026-07-26,0.0,0.0,49.0,4.22,Staging,Engineering
ACC-1004,Managed Database,ap-southeast-1,db.m5.large,2026-07-26,16.7,39.3,0.0,7.24,Production,Sales
ACC-1001,Data Transfer / Egress,eu-central-1,N/A,2026-07-26,0.0,0.0,23.2,1.88,Production,Engineering
ACC-1008,Managed Kubernetes,ap-southeast-1,m5.xlarge,2026-07-26,6.59,0.0,0.0,1.29,Production,Engineering
ACC-1014,Object Storage,eu-central-1,N/A,2026-07-26,0.0,174.8,0.0,4.14,Staging,Engineering
ACC-1003,Content Delivery (CDN),ap-south-1,N/A,2026-07-26,0.0,0.0,49.1,4.89,Production,Data Science
ACC-1003,Load Balancer,ap-south-1,N/A,2026-07-26,0.0,0.0,15.6,1.65,Production,Data Science
ACC-1009,Block Storage,eu-central-1,st1,2026-07-26,0.0,412.4,0.0,19.03,Production,Engineering
ACC-1009,Object Storage,eu-central-1,N/A,2026-07-26,0.0,101.2,0.0,2.35,Production,Engineering
ACC-1007,Data Warehouse,ap-southeast-1,dw.large,2026-07-26,29.56,38.3,0.0,18.62,Production,Marketing
ACC-1007,Data Transfer / Egress,ap-southeast-1,N/A,2026-07-26,0.0,0.0,32.7,3.12,Production,Marketing
ACC-1009,Compute Instances,eu-central-1,c5.large,2026-07-26,10.88,0.0,0.0,0.91,Production,Engineering
ACC-1002,Managed Kubernetes,ap-south-1,m5.xlarge,2026-07-26,11.14,0.0,0.0,2.23,Staging,Sales
ACC-1002,Object Storage,ap-south-1,N/A,2026-07-26,0.0,139.3,0.0,3.77,Staging,Sales
ACC-1012,Data Warehouse,ap-southeast-1,dw.xlarge,2026-07-26,13.06,40.5,0.0,16.97,Production,Finance
ACC-1012,Managed Database,ap-southeast-1,db.m5.large,2026-07-26,17.8,99.4,0.0,14.21,Production,Finance
ACC-1008,Load Balancer,ap-southeast-1,N/A,2026-07-26,0.0,0.0,19.6,1.76,Production,Engineering
ACC-1008,Data Warehouse,ap-southeast-1,dw.xlarge,2026-07-26,13.67,27.7,0.0,16.07,Production,Engineering
ACC-1007,Block Storage,ap-southeast-1,gp3,2026-07-26,0.0,362.6,0.0,29.38,Production,Marketing
ACC-1008,Serverless Functions,us-east-1,N/A,2026-07-27,13.77,0.0,0.0,0.73,Production,Engineering
ACC-1011,Managed Database,us-east-1,db.r5.large,2026-07-27,25.26,42.1,0.0,9.73,Production,Sales
ACC-1001,Data Transfer / Egress,eu-central-1,N/A,2026-07-27,0.0,0.0,40.1,3.89,Staging,Engineering
ACC-1013,Object Storage,us-east-1,N/A,2026-07-27,0.0,117.6,0.0,2.83,Development,Data Science
ACC-1013,Content Delivery (CDN),us-east-1,N/A,2026-07-27,0.0,0.0,26.5,2.21,Development,Data Science
ACC-1013,Data Transfer / Egress,us-east-1,N/A,2026-07-27,0.0,0.0,34.5,3.1,Development,Data Science
ACC-1008,Block Storage,us-east-1,st1,2026-07-27,0.0,206.1,0.0,10.17,Production,Engineering
ACC-1015,Managed Database,ap-south-1,db.m5.large,2026-07-27,26.69,129.4,0.0,16.48,Production,Engineering
ACC-1006,Managed Database,us-east-1,db.m5.large,2026-07-27,28.88,125.3,0.0,16.73,Staging,Marketing
ACC-1002,Content Delivery (CDN),ap-south-1,N/A,2026-07-27,0.0,0.0,21.8,2.14,Staging,Sales
ACC-1002,Block Storage,ap-south-1,st1,2026-07-27,0.0,134.4,0.0,5.84,Staging,Sales
ACC-1002,Data Warehouse,ap-south-1,dw.large,2026-07-27,17.88,29.6,0.0,12.38,Staging,Sales
ACC-1009,Content Delivery (CDN),eu-central-1,N/A,2026-07-27,0.0,0.0,38.9,3.51,Development,Engineering
ACC-1009,Compute Instances,eu-central-1,m5.large,2026-07-27,9.35,0.0,0.0,0.86,Development,Engineering
ACC-1009,Serverless Functions,eu-central-1,N/A,2026-07-27,11.1,0.0,0.0,0.49,Development,Engineering
ACC-1006,Content Delivery (CDN),us-east-1,N/A,2026-07-27,0.0,0.0,35.7,2.87,Staging,Marketing
ACC-1011,Compute Instances,us-east-1,m5.large,2026-07-28,12.85,0.0,0.0,1.14,Production,Sales
ACC-1006,Load Balancer,us-east-1,N/A,2026-07-28,0.0,0.0,20.2,1.81,Staging,Marketing
ACC-1014,Data Warehouse,us-west-2,dw.large,2026-07-28,17.8,56.2,0.0,14.39,Production,Engineering
ACC-1014,Managed Kubernetes,us-west-2,m5.xlarge,2026-07-28,29.9,0.0,0.0,5.89,Production,Engineering
ACC-1007,Serverless Functions,ap-southeast-1,N/A,2026-07-28,12.11,0.0,0.0,0.62,Development,Marketing
ACC-1007,Object Storage,ap-southeast-1,N/A,2026-07-28,0.0,116.9,0.0,2.58,Development,Marketing
ACC-1004,Managed Database,ap-southeast-1,db.r5.large,2026-07-28,22.41,35.1,0.0,8.95,Development,Sales
ACC-1013,Block Storage,ap-southeast-1,gp3,2026-07-28,0.0,158.1,0.0,12.53,Production,Data Science
ACC-1004,Data Transfer / Egress,ap-southeast-1,N/A,2026-07-28,0.0,0.0,63.7,5.3,Development,Sales
ACC-1003,Compute Instances,ap-south-1,t3.micro,2026-07-28,13.33,0.0,0.0,0.13,Staging,Data Science
ACC-1001,Load Balancer,eu-central-1,N/A,2026-07-28,0.0,0.0,27.9,2.09,Production,Engineering
ACC-1003,Managed Database,ap-south-1,db.t3.medium,2026-07-28,22.44,23.6,0.0,3.96,Staging,Data Science
ACC-1013,Data Warehouse,ap-southeast-1,dw.large,2026-07-28,25.08,41.6,0.0,17.83,Production,Data Science
ACC-1011,Content Delivery (CDN),us-east-1,N/A,2026-07-28,0.0,0.0,55.3,4.44,Production,Sales
ACC-1002,Serverless Functions,ap-south-1,N/A,2026-07-28,18.82,0.0,0.0,0.92,Development,Sales
ACC-1010,Managed Kubernetes,us-west-2,m5.xlarge,2026-07-28,9.27,0.0,0.0,1.93,Production,Data Science
ACC-1002,Compute Instances,ap-south-1,t3.medium,2026-07-28,13.44,0.0,0.0,0.56,Development,Sales
ACC-1011,Block Storage,us-east-1,st1,2026-07-28,0.0,195.7,0.0,9.53,Production,Sales
ACC-1012,Serverless Functions,us-east-1,N/A,2026-07-28,6.81,0.0,0.0,0.35,Staging,Finance
ACC-1012,Object Storage,us-east-1,N/A,2026-07-28,0.0,369.2,0.0,8.5,Staging,Finance
ACC-1005,Content Delivery (CDN),us-east-1,N/A,2026-07-28,0.0,0.0,65.3,5.44,Production,IT Operations
ACC-1009,Managed Kubernetes,eu-central-1,m5.xlarge,2026-07-28,21.02,0.0,0.0,4.57,Production,Engineering
ACC-1005,Serverless Functions,us-east-1,N/A,2026-07-28,10.77,0.0,0.0,0.5,Production,IT Operations
ACC-1015,Load Balancer,ap-south-1,N/A,2026-07-28,0.0,0.0,5.7,0.46,Staging,Engineering
ACC-1015,Managed Database,ap-south-1,db.m5.large,2026-07-28,35.84,30.1,0.0,9.14,Staging,Engineering
ACC-1010,Data Warehouse,us-west-2,dw.xlarge,2026-07-28,29.41,18.9,0.0,30.96,Production,Data Science
ACC-1010,Compute Instances,us-west-2,r5.large,2026-07-28,15.93,0.0,0.0,1.96,Production,Data Science
ACC-1005,Block Storage,us-east-1,st1,2026-07-28,0.0,154.0,0.0,7.51,Production,IT Operations
ACC-1009,Content Delivery (CDN),eu-central-1,N/A,2026-07-29,0.0,0.0,48.0,4.23,Staging,Engineering
ACC-1010,Object Storage,ap-southeast-1,N/A,2026-07-29,0.0,260.5,0.0,5.33,Production,Data Science
ACC-1004,Compute Instances,ap-southeast-1,m5.large,2026-07-29,11.71,0.0,0.0,1.05,Production,Sales
ACC-1007,Data Transfer / Egress,ap-southeast-1,N/A,2026-07-29,0.0,0.0,35.5,3.44,Development,Marketing
ACC-1007,Serverless Functions,ap-southeast-1,N/A,2026-07-29,33.36,0.0,0.0,1.59,Development,Marketing
ACC-1007,Object Storage,ap-southeast-1,N/A,2026-07-29,0.0,146.7,0.0,3.57,Development,Marketing
ACC-1009,Data Transfer / Egress,eu-central-1,N/A,2026-07-29,0.0,0.0,27.5,2.53,Staging,Engineering
ACC-1009,Managed Database,eu-central-1,db.r5.large,2026-07-29,21.11,62.8,0.0,10.82,Staging,Engineering
ACC-1010,Data Transfer / Egress,ap-southeast-1,N/A,2026-07-29,0.0,0.0,27.1,2.63,Production,Data Science
ACC-1002,Serverless Functions,us-east-1,N/A,2026-07-29,13.57,0.0,0.0,0.74,Production,Sales
ACC-1011,Block Storage,us-east-1,gp3,2026-07-29,0.0,233.1,0.0,17.39,Development,Sales
ACC-1012,Managed Kubernetes,eu-west-1,m5.xlarge,2026-07-29,7.39,0.0,0.0,1.46,Staging,Finance
ACC-1006,Data Transfer / Egress,us-east-1,N/A,2026-07-29,0.0,0.0,29.5,2.53,Staging,Marketing
ACC-1015,Data Transfer / Egress,ap-south-1,N/A,2026-07-29,0.0,0.0,61.5,5.73,Development,Engineering
ACC-1015,Content Delivery (CDN),ap-south-1,N/A,2026-07-29,0.0,0.0,31.5,2.65,Development,Engineering
ACC-1001,Serverless Functions,eu-central-1,N/A,2026-07-29,25.16,0.0,0.0,1.3,Staging,Engineering
ACC-1001,Content Delivery (CDN),eu-central-1,N/A,2026-07-29,0.0,0.0,40.3,3.82,Staging,Engineering
ACC-1002,Data Transfer / Egress,us-east-1,N/A,2026-07-29,0.0,0.0,24.2,2.23,Production,Sales
ACC-1010,Managed Kubernetes,ap-southeast-1,m5.large,2026-07-30,8.84,0.0,0.0,0.94,Production,Data Science
ACC-1001,Load Balancer,eu-central-1,N/A,2026-07-30,0.0,0.0,13.7,5.67,Staging,Engineering
ACC-1015,Managed Database,ap-south-1,db.r5.large,2026-07-30,30.64,48.9,0.0,12.44,Staging,Engineering
ACC-1015,Block Storage,ap-south-1,io2,2026-07-30,0.0,211.6,0.0,27.64,Staging,Engineering
ACC-1011,Load Balancer,us-east-1,N/A,2026-07-30,0.0,0.0,64.9,5.09,Production,Sales
ACC-1004,Object Storage,ap-southeast-1,N/A,2026-07-30,0.0,254.2,0.0,5.4,Production,Sales
ACC-1011,Data Warehouse,us-east-1,dw.xlarge,2026-07-30,21.49,41.0,0.0,26.5,Production,Sales
ACC-1010,Load Balancer,ap-southeast-1,N/A,2026-07-30,0.0,0.0,37.7,3.43,Production,Data Science
ACC-1004,Data Transfer / Egress,ap-southeast-1,N/A,2026-07-30,0.0,0.0,20.5,1.86,Production,Sales
ACC-1010,Data Transfer / Egress,ap-southeast-1,N/A,2026-07-30,0.0,0.0,32.5,3.04,Production,Data Science
ACC-1007,Managed Database,ap-southeast-1,db.m5.large,2026-07-30,25.11,64.8,0.0,11.52,Production,Marketing
ACC-1012,Data Transfer / Egress,us-east-1,N/A,2026-07-30,0.0,0.0,9.2,0.8,Staging,Finance
ACC-1014,Data Warehouse,us-west-2,dw.xlarge,2026-07-30,55.49,179.8,0.0,70.08,Staging,Engineering
ACC-1014,Content Delivery (CDN),us-west-2,N/A,2026-07-30,0.0,0.0,17.0,1.45,Staging,Engineering
ACC-1014,Object Storage,us-west-2,N/A,2026-07-30,0.0,185.5,0.0,3.72,Staging,Engineering
ACC-1009,Data Warehouse,eu-central-1,dw.large,2026-07-30,24.95,115.9,0.0,24.55,Development,Engineering
ACC-1006,Managed Kubernetes,us-east-1,m5.large,2026-07-30,10.44,0.0,0.0,1.03,Production,Marketing
ACC-1012,Serverless Functions,us-east-1,N/A,2026-07-30,7.68,0.0,0.0,0.38,Staging,Finance
ACC-1012,Object Storage,us-east-1,N/A,2026-07-30,0.0,158.1,0.0,3.47,Staging,Finance
ACC-1007,Data Warehouse,ap-southeast-1,dw.xlarge,2026-07-30,10.45,40.5,0.0,13.55,Production,Marketing
ACC-1008,Serverless Functions,us-east-1,N/A,2026-07-30,13.51,0.0,0.0,0.71,Staging,Engineering
ACC-1009,Block Storage,eu-central-1,st1,2026-07-31,0.0,150.9,0.0,7.14,Production,Engineering
ACC-1005,Managed Kubernetes,ap-south-1,m5.xlarge,2026-07-31,10.11,0.0,0.0,1.89,Staging,IT Operations
ACC-1012,Managed Database,eu-west-1,db.r5.large,2026-07-31,55.37,121.0,0.0,25.78,Staging,Finance
ACC-1003,Block Storage,us-east-1,st1,2026-07-31,0.0,195.2,0.0,10.11,Production,Data Science
ACC-1003,Load Balancer,us-east-1,N/A,2026-07-31,0.0,0.0,5.5,0.41,Production,Data Science
ACC-1010,Load Balancer,ap-southeast-1,N/A,2026-07-31,0.0,0.0,17.9,1.59,Production,Data Science
ACC-1012,Load Balancer,eu-west-1,N/A,2026-07-31,0.0,0.0,25.6,2.17,Staging,Finance
ACC-1012,Data Transfer / Egress,eu-west-1,N/A,2026-07-31,0.0,0.0,15.1,1.23,Staging,Finance
ACC-1006,Object Storage,us-east-1,N/A,2026-07-31,0.0,106.4,0.0,2.23,Production,Marketing
ACC-1006,Load Balancer,us-east-1,N/A,2026-07-31,0.0,0.0,30.4,2.84,Production,Marketing
ACC-1006,Content Delivery (CDN),us-east-1,N/A,2026-07-31,0.0,0.0,51.0,4.51,Production,Marketing
ACC-1008,Load Balancer,us-east-1,N/A,2026-07-31,0.0,0.0,47.9,4.51,Production,Engineering
ACC-1008,Block Storage,us-east-1,io2,2026-07-31,0.0,156.0,0.0,20.19,Production,Engineering
ACC-1011,Data Warehouse,us-east-1,dw.xlarge,2026-07-31,24.91,77.9,0.0,36.02,Production,Sales
ACC-1002,Object Storage,ap-south-1,N/A,2026-07-31,0.0,56.2,0.0,1.29,Development,Sales
ACC-1007,Data Warehouse,eu-west-1,dw.large,2026-07-31,20.26,10.6,0.0,12.48,Staging,Marketing
ACC-1008,Load Balancer,us-east-1,N/A,2026-08-01,0.0,0.0,21.2,1.9,Development,Engineering
ACC-1014,Managed Kubernetes,us-west-2,m5.large,2026-08-01,4.61,0.0,0.0,0.44,Development,Engineering
ACC-1014,Managed Database,us-west-2,db.r5.large,2026-08-01,7.82,33.7,0.0,4.99,Development,Engineering
ACC-1014,Load Balancer,us-west-2,N/A,2026-08-01,0.0,0.0,32.3,2.96,Development,Engineering
ACC-1003,Managed Kubernetes,ap-south-1,m5.xlarge,2026-08-01,6.31,0.0,0.0,1.27,Production,Data Science
ACC-1003,Object Storage,ap-south-1,N/A,2026-08-01,0.0,192.5,0.0,4.95,Production,Data Science
ACC-1003,Managed Database,ap-south-1,db.t3.medium,2026-08-01,5.01,112.2,0.0,12.31,Production,Data Science
ACC-1011,Data Warehouse,ap-southeast-1,dw.large,2026-08-01,17.42,50.3,0.0,12.33,Development,Sales
ACC-1008,Serverless Functions,us-east-1,N/A,2026-08-01,10.02,0.0,0.0,0.51,Development,Engineering
ACC-1006,Managed Database,us-east-1,db.t3.medium,2026-08-01,12.34,144.1,0.0,12.88,Production,Marketing
ACC-1015,Serverless Functions,ap-south-1,N/A,2026-08-01,5.67,0.0,0.0,0.3,Development,Engineering
ACC-1006,Object Storage,us-east-1,N/A,2026-08-01,0.0,181.1,0.0,4.43,Production,Marketing
ACC-1006,Compute Instances,us-east-1,r5.large,2026-08-01,4.76,0.0,0.0,0.61,Production,Marketing
ACC-1005,Load Balancer,us-east-1,N/A,2026-08-01,0.0,0.0,27.5,2.52,Production,IT Operations
ACC-1005,Object Storage,us-east-1,N/A,2026-08-01,0.0,141.7,0.0,3.22,Production,IT Operations
ACC-1005,Data Transfer / Egress,us-east-1,N/A,2026-08-01,0.0,0.0,39.8,3.52,Production,IT Operations
ACC-1010,Compute Instances,ap-southeast-1,t3.medium,2026-08-01,10.34,0.0,0.0,0.41,Production,Data Science
ACC-1010,Managed Kubernetes,ap-southeast-1,c5.2xlarge,2026-08-01,5.6,0.0,0.0,1.88,Production,Data Science
ACC-1008,Data Transfer / Egress,us-east-1,N/A,2026-08-01,0.0,0.0,21.4,1.96,Development,Engineering
ACC-1015,Block Storage,ap-south-1,io2,2026-08-02,0.0,225.4,0.0,27.98,Development,Engineering
ACC-1001,Block Storage,ap-southeast-1,st1,2026-08-02,0.0,242.8,0.0,12.81,Development,Engineering
ACC-1004,Serverless Functions,ap-southeast-1,N/A,2026-08-02,13.92,0.0,0.0,0.76,Production,Sales
ACC-1015,Data Warehouse,ap-south-1,dw.large,2026-08-02,11.78,46.0,0.0,11.21,Development,Engineering
ACC-1007,Object Storage,ap-southeast-1,N/A,2026-08-02,0.0,152.1,0.0,3.45,Staging,Marketing
ACC-1001,Content Delivery (CDN),ap-southeast-1,N/A,2026-08-02,0.0,0.0,32.9,3.24,Development,Engineering
ACC-1007,Compute Instances,ap-southeast-1,t3.medium,2026-08-02,6.95,0.0,0.0,0.28,Staging,Marketing
ACC-1003,Object Storage,ap-south-1,N/A,2026-08-02,0.0,329.7,0.0,7.03,Production,Data Science
ACC-1003,Content Delivery (CDN),ap-south-1,N/A,2026-08-02,0.0,0.0,42.4,3.84,Production,Data Science
ACC-1008,Compute Instances,us-east-1,c5.large,2026-08-02,13.37,0.0,0.0,1.12,Production,Engineering
ACC-1008,Managed Kubernetes,us-east-1,m5.large,2026-08-02,8.48,0.0,0.0,0.88,Production,Engineering
ACC-1007,Block Storage,ap-southeast-1,gp3,2026-08-02,0.0,86.6,0.0,6.39,Staging,Marketing
ACC-1001,Object Storage,ap-southeast-1,N/A,2026-08-02,0.0,199.5,0.0,4.43,Development,Engineering
ACC-1013,Serverless Functions,us-east-1,N/A,2026-08-02,9.29,0.0,0.0,0.41,Staging,Data Science
ACC-1014,Object Storage,us-west-2,N/A,2026-08-02,0.0,209.1,0.0,4.12,Production,Engineering
ACC-1002,Managed Kubernetes,ap-southeast-1,m5.xlarge,2026-08-02,5.96,0.0,0.0,1.09,Staging,Sales
ACC-1013,Block Storage,us-east-1,io2,2026-08-02,0.0,166.1,0.0,20.63,Staging,Data Science
ACC-1013,Data Warehouse,us-east-1,dw.xlarge,2026-08-02,11.11,40.3,0.0,13.74,Staging,Data Science
ACC-1005,Content Delivery (CDN),us-east-1,N/A,2026-08-02,0.0,0.0,30.7,2.58,Production,IT Operations
ACC-1005,Serverless Functions,us-east-1,N/A,2026-08-02,7.17,0.0,0.0,0.36,Production,IT Operations
ACC-1005,Compute Instances,us-east-1,c5.large,2026-08-02,8.39,0.0,0.0,0.65,Production,IT Operations
ACC-1006,Serverless Functions,eu-west-1,N/A,2026-08-02,9.72,0.0,0.0,0.51,Production,Marketing
ACC-1006,Load Balancer,eu-west-1,N/A,2026-08-02,0.0,0.0,20.4,1.79,Production,Marketing
ACC-1010,Object Storage,us-west-2,N/A,2026-08-02,0.0,148.1,0.0,3.03,Staging,Data Science
ACC-1010,Managed Kubernetes,us-west-2,m5.large,2026-08-02,5.75,0.0,0.0,0.48,Staging,Data Science
ACC-1009,Data Transfer / Egress,eu-central-1,N/A,2026-08-02,0.0,0.0,29.9,2.63,Development,Engineering
ACC-1006,Managed Kubernetes,eu-west-1,m5.large,2026-08-02,8.75,0.0,0.0,0.86,Production,Marketing
ACC-1009,Data Warehouse,eu-central-1,dw.xlarge,2026-08-03,13.67,71.7,0.0,21.52,Production,Engineering
ACC-1006,Managed Database,us-east-1,db.m5.large,2026-08-03,33.55,63.3,0.0,13.87,Development,Marketing
ACC-1006,Data Warehouse,us-east-1,dw.xlarge,2026-08-03,12.94,76.7,0.0,17.09,Development,Marketing
ACC-1006,Managed Kubernetes,us-east-1,m5.xlarge,2026-08-03,10.68,0.0,0.0,2.22,Development,Marketing
ACC-1009,Content Delivery (CDN),eu-central-1,N/A,2026-08-03,0.0,0.0,14.5,1.33,Production,Engineering
ACC-1001,Data Warehouse,eu-central-1,dw.large,2026-08-03,16.61,36.1,0.0,13.06,Production,Engineering
ACC-1014,Load Balancer,eu-west-1,N/A,2026-08-03,0.0,0.0,12.0,1.12,Staging,Engineering
ACC-1001,Object Storage,eu-central-1,N/A,2026-08-03,0.0,263.4,0.0,5.51,Production,Engineering
ACC-1004,Data Warehouse,ap-southeast-1,dw.xlarge,2026-08-03,49.82,21.8,0.0,50.72,Production,Sales
ACC-1004,Data Transfer / Egress,ap-southeast-1,N/A,2026-08-03,0.0,0.0,5.4,0.48,Production,Sales
ACC-1014,Compute Instances,eu-west-1,m5.xlarge,2026-08-03,20.92,0.0,0.0,3.75,Staging,Engineering
ACC-1008,Block Storage,us-east-1,io2,2026-08-03,0.0,255.2,0.0,31.81,Production,Engineering
ACC-1007,Serverless Functions,ap-southeast-1,N/A,2026-08-03,3.56,0.0,0.0,0.18,Development,Marketing
ACC-1007,Compute Instances,ap-southeast-1,m5.large,2026-08-03,11.55,0.0,0.0,1.11,Development,Marketing
ACC-1001,Managed Kubernetes,eu-central-1,m5.xlarge,2026-08-03,21.69,0.0,0.0,4.16,Production,Engineering
ACC-1008,Data Transfer / Egress,us-east-1,N/A,2026-08-03,0.0,0.0,24.2,2.27,Production,Engineering
ACC-1011,Serverless Functions,us-east-1,N/A,2026-08-03,13.53,0.0,0.0,0.76,Production,Sales
ACC-1011,Managed Database,us-east-1,db.t3.medium,2026-08-03,21.09,40.9,0.0,5.46,Production,Sales
ACC-1010,Data Warehouse,ap-southeast-1,dw.xlarge,2026-08-03,36.03,67.0,0.0,34.7,Production,Data Science
ACC-1010,Serverless Functions,ap-southeast-1,N/A,2026-08-03,13.97,0.0,0.0,0.7,Production,Data Science
ACC-1011,Object Storage,us-east-1,N/A,2026-08-03,0.0,155.6,0.0,3.54,Production,Sales
ACC-1015,Object Storage,ap-south-1,N/A,2026-08-03,0.0,152.5,0.0,3.37,Staging,Engineering
ACC-1015,Data Transfer / Egress,ap-south-1,N/A,2026-08-03,0.0,0.0,24.2,2.02,Staging,Engineering
ACC-1002,Compute Instances,ap-south-1,t3.micro,2026-08-03,16.14,0.0,0.0,0.17,Development,Sales
ACC-1010,Block Storage,ap-southeast-1,st1,2026-08-03,0.0,248.5,0.0,9.72,Production,Data Science
ACC-1012,Object Storage,eu-west-1,N/A,2026-08-03,0.0,176.1,0.0,3.98,Production,Finance
ACC-1013,Data Warehouse,eu-central-1,dw.xlarge,2026-08-03,10.11,61.3,0.0,15.61,Production,Data Science
ACC-1005,Serverless Functions,us-east-1,N/A,2026-08-03,25.93,0.0,0.0,1.39,Production,IT Operations
ACC-1003,Serverless Functions,ap-south-1,N/A,2026-08-03,12.0,0.0,0.0,0.68,Production,Data Science
ACC-1003,Managed Database,ap-south-1,db.t3.medium,2026-08-03,34.73,52.4,0.0,8.36,Production,Data Science
ACC-1003,Compute Instances,ap-south-1,m5.xlarge,2026-08-03,19.57,0.0,0.0,3.22,Production,Data Science
ACC-1002,Managed Database,ap-south-1,db.t3.medium,2026-08-03,24.46,74.2,0.0,8.31,Development,Sales
ACC-1003,Data Warehouse,ap-south-1,dw.large,2026-08-04,32.27,65.8,0.0,22.95,Production,Data Science
ACC-1012,Load Balancer,eu-west-1,N/A,2026-08-04,0.0,0.0,38.8,3.73,Production,Finance
ACC-1011,Load Balancer,us-east-1,N/A,2026-08-04,0.0,0.0,43.2,3.51,Development,Sales
ACC-1011,Object Storage,us-east-1,N/A,2026-08-04,0.0,193.6,0.0,4.35,Development,Sales
ACC-1012,Content Delivery (CDN),eu-west-1,N/A,2026-08-04,0.0,0.0,43.2,3.75,Production,Finance
ACC-1015,Managed Kubernetes,ap-south-1,m5.large,2026-08-04,5.81,0.0,0.0,0.57,Production,Engineering
ACC-1005,Managed Kubernetes,us-east-1,c5.2xlarge,2026-08-04,17.03,0.0,0.0,5.91,Production,IT Operations
ACC-1001,Managed Database,eu-central-1,db.t3.medium,2026-08-04,32.25,138.3,0.0,17.02,Production,Engineering
ACC-1009,Serverless Functions,eu-central-1,N/A,2026-08-04,5.74,0.0,0.0,0.29,Production,Engineering
ACC-1004,Managed Kubernetes,ap-southeast-1,m5.xlarge,2026-08-04,9.55,0.0,0.0,1.86,Production,Sales
ACC-1004,Data Warehouse,ap-southeast-1,dw.xlarge,2026-08-04,46.45,62.8,0.0,51.06,Production,Sales
ACC-1004,Compute Instances,ap-southeast-1,r5.large,2026-08-04,14.98,0.0,0.0,1.73,Production,Sales
ACC-1006,Data Warehouse,us-east-1,dw.xlarge,2026-08-04,27.62,75.3,0.0,34.69,Development,Marketing
ACC-1013,Serverless Functions,us-east-1,N/A,2026-08-04,17.63,0.0,0.0,0.84,Staging,Data Science
ACC-1013,Compute Instances,us-east-1,m5.large,2026-08-04,12.96,0.0,0.0,1.38,Staging,Data Science
ACC-1014,Compute Instances,us-west-2,m5.large,2026-08-04,7.57,0.0,0.0,0.71,Production,Engineering
ACC-1008,Serverless Functions,us-east-1,N/A,2026-08-04,15.09,0.0,0.0,0.78,Production,Engineering
ACC-1005,Data Warehouse,us-east-1,dw.xlarge,2026-08-05,18.33,51.3,0.0,22.94,Production,IT Operations
ACC-1003,Load Balancer,ap-south-1,N/A,2026-08-05,0.0,0.0,21.6,1.81,Production,Data Science
ACC-1007,Block Storage,ap-southeast-1,st1,2026-08-05,0.0,212.6,0.0,9.29,Production,Marketing
ACC-1007,Managed Database,ap-southeast-1,db.m5.large,2026-08-05,20.07,60.6,0.0,9.14,Production,Marketing
ACC-1002,Load Balancer,ap-south-1,N/A,2026-08-05,0.0,0.0,22.8,2.29,Production,Sales
ACC-1014,Data Warehouse,us-west-2,dw.xlarge,2026-08-05,20.78,56.2,0.0,24.18,Staging,Engineering
ACC-1014,Content Delivery (CDN),us-west-2,N/A,2026-08-05,0.0,0.0,20.7,2.01,Staging,Engineering
ACC-1008,Load Balancer,us-east-1,N/A,2026-08-05,0.0,0.0,39.3,4.02,Production,Engineering
ACC-1002,Data Warehouse,ap-south-1,dw.xlarge,2026-08-05,34.58,41.3,0.0,41.36,Production,Sales
ACC-1014,Serverless Functions,us-west-2,N/A,2026-08-05,13.15,0.0,0.0,0.78,Staging,Engineering
ACC-1004,Load Balancer,us-east-1,N/A,2026-08-05,0.0,0.0,36.9,2.64,Production,Sales
ACC-1004,Object Storage,us-east-1,N/A,2026-08-05,0.0,141.5,0.0,3.05,Production,Sales
ACC-1013,Managed Kubernetes,us-east-1,m5.large,2026-08-05,20.48,0.0,0.0,1.96,Staging,Data Science
ACC-1012,Managed Kubernetes,eu-west-1,c5.2xlarge,2026-08-05,22.37,0.0,0.0,7.66,Production,Finance
ACC-1012,Compute Instances,eu-west-1,m5.xlarge,2026-08-05,10.3,0.0,0.0,2.05,Production,Finance
ACC-1006,Managed Database,us-east-1,db.t3.medium,2026-08-05,24.85,74.9,0.0,8.83,Staging,Marketing
ACC-1006,Block Storage,us-east-1,gp3,2026-08-05,0.0,165.3,0.0,13.17,Staging,Marketing
ACC-1011,Load Balancer,us-east-1,N/A,2026-08-05,0.0,0.0,28.0,2.37,Production,Sales
ACC-1011,Data Warehouse,us-east-1,dw.large,2026-08-05,14.97,47.4,0.0,13.86,Production,Sales
ACC-1011,Serverless Functions,us-east-1,N/A,2026-08-05,15.91,0.0,0.0,0.74,Production,Sales
ACC-1009,Data Transfer / Egress,eu-central-1,N/A,2026-08-05,0.0,0.0,20.7,1.89,Production,Engineering
ACC-1009,Data Warehouse,eu-central-1,dw.xlarge,2026-08-05,21.28,40.2,0.0,24.42,Production,Engineering
ACC-1004,Data Transfer / Egress,us-east-1,N/A,2026-08-05,0.0,0.0,39.5,3.32,Production,Sales
ACC-1013,Data Warehouse,us-east-1,dw.large,2026-08-05,24.96,131.1,0.0,22.27,Staging,Data Science
ACC-1009,Serverless Functions,eu-central-1,N/A,2026-08-06,22.78,0.0,0.0,1.04,Production,Engineering
ACC-1009,Data Transfer / Egress,eu-central-1,N/A,2026-08-06,0.0,0.0,27.3,2.11,Production,Engineering
ACC-1009,Load Balancer,eu-central-1,N/A,2026-08-06,0.0,0.0,6.9,0.67,Production,Engineering
ACC-1010,Load Balancer,ap-southeast-1,N/A,2026-08-06,0.0,0.0,10.7,0.88,Staging,Data Science
ACC-1008,Data Warehouse,us-east-1,dw.xlarge,2026-08-06,51.65,55.4,0.0,275.96,Development,Engineering
ACC-1007,Content Delivery (CDN),ap-southeast-1,N/A,2026-08-06,0.0,0.0,38.2,3.28,Production,Marketing
ACC-1006,Load Balancer,us-east-1,N/A,2026-08-06,0.0,0.0,36.5,2.97,Staging,Marketing
ACC-1006,Serverless Functions,us-east-1,N/A,2026-08-06,12.97,0.0,0.0,0.58,Staging,Marketing
ACC-1007,Compute Instances,ap-southeast-1,r5.large,2026-08-06,11.88,0.0,0.0,1.4,Production,Marketing
ACC-1005,Data Warehouse,us-east-1,dw.xlarge,2026-08-06,28.87,59.7,0.0,31.49,Production,IT Operations
ACC-1014,Block Storage,us-west-2,st1,2026-08-06,0.0,183.0,0.0,8.44,Staging,Engineering
ACC-1012,Load Balancer,ap-south-1,N/A,2026-08-06,0.0,0.0,41.2,3.49,Production,Finance
ACC-1015,Content Delivery (CDN),ap-south-1,N/A,2026-08-06,0.0,0.0,14.3,1.38,Staging,Engineering
ACC-1015,Load Balancer,ap-south-1,N/A,2026-08-06,0.0,0.0,37.9,3.16,Staging,Engineering
ACC-1003,Content Delivery (CDN),ap-south-1,N/A,2026-08-06,0.0,0.0,42.1,3.8,Staging,Data Science
ACC-1001,Data Transfer / Egress,eu-central-1,N/A,2026-08-06,0.0,0.0,19.9,1.74,Development,Engineering
ACC-1004,Data Transfer / Egress,ap-southeast-1,N/A,2026-08-06,0.0,0.0,12.3,1.06,Staging,Sales
ACC-1004,Object Storage,ap-southeast-1,N/A,2026-08-06,0.0,128.4,0.0,2.76,Staging,Sales
ACC-1004,Content Delivery (CDN),ap-southeast-1,N/A,2026-08-06,0.0,0.0,27.1,2.8,Staging,Sales
ACC-1014,Managed Database,us-west-2,db.t3.medium,2026-08-06,33.94,102.2,0.0,12.55,Staging,Engineering
ACC-1005,Compute Instances,us-east-1,m5.xlarge,2026-08-06,14.15,0.0,0.0,3.14,Production,IT Operations
ACC-1004,Data Warehouse,ap-southeast-1,dw.large,2026-08-07,21.3,100.6,0.0,20.01,Production,Sales
ACC-1011,Serverless Functions,eu-central-1,N/A,2026-08-07,22.34,0.0,0.0,1.31,Staging,Sales
ACC-1010,Compute Instances,ap-southeast-1,m5.large,2026-08-07,5.83,0.0,0.0,0.49,Development,Data Science
ACC-1010,Managed Kubernetes,ap-southeast-1,m5.large,2026-08-07,13.82,0.0,0.0,1.19,Development,Data Science
ACC-1010,Block Storage,ap-southeast-1,gp3,2026-08-07,0.0,191.4,0.0,14.3,Development,Data Science
ACC-1004,Load Balancer,ap-southeast-1,N/A,2026-08-07,0.0,0.0,32.6,3.17,Production,Sales
ACC-1005,Object Storage,us-east-1,N/A,2026-08-07,0.0,202.7,0.0,4.93,Production,IT Operations
ACC-1005,Content Delivery (CDN),us-east-1,N/A,2026-08-07,0.0,0.0,47.8,3.97,Production,IT Operations
ACC-1005,Compute Instances,us-east-1,r5.large,2026-08-07,10.5,0.0,0.0,1.32,Production,IT Operations
ACC-1004,Serverless Functions,ap-southeast-1,N/A,2026-08-07,14.49,0.0,0.0,0.81,Production,Sales
ACC-1011,Content Delivery (CDN),eu-central-1,N/A,2026-08-07,0.0,0.0,17.3,1.55,Staging,Sales
ACC-1015,Managed Database,ap-south-1,db.r5.large,2026-08-07,14.23,84.8,0.0,12.22,Staging,Engineering
ACC-1002,Serverless Functions,ap-south-1,N/A,2026-08-07,13.86,0.0,0.0,0.76,Production,Sales
ACC-1011,Compute Instances,eu-central-1,m5.large,2026-08-07,12.44,0.0,0.0,1.2,Staging,Sales
ACC-1009,Object Storage,eu-central-1,N/A,2026-08-07,0.0,251.8,0.0,6.4,Production,Engineering
ACC-1009,Block Storage,eu-central-1,st1,2026-08-07,0.0,302.3,0.0,12.47,Production,Engineering
ACC-1013,Compute Instances,us-east-1,t3.medium,2026-08-07,11.42,0.0,0.0,0.49,Production,Data Science
ACC-1007,Object Storage,ap-southeast-1,N/A,2026-08-07,0.0,261.8,0.0,6.09,Production,Marketing
ACC-1007,Data Transfer / Egress,ap-southeast-1,N/A,2026-08-07,0.0,0.0,48.8,4.39,Production,Marketing
ACC-1001,Block Storage,eu-central-1,gp3,2026-08-07,0.0,180.8,0.0,14.31,Production,Engineering
ACC-1001,Data Warehouse,eu-central-1,dw.large,2026-08-07,35.87,71.2,0.0,25.37,Production,Engineering
ACC-1012,Block Storage,eu-west-1,gp3,2026-08-07,0.0,172.6,0.0,11.45,Production,Finance
ACC-1014,Block Storage,us-west-2,io2,2026-08-07,0.0,374.2,0.0,44.59,Staging,Engineering
ACC-1014,Data Warehouse,us-west-2,dw.xlarge,2026-08-07,27.98,17.6,0.0,29.24,Staging,Engineering
ACC-1006,Serverless Functions,us-east-1,N/A,2026-08-07,16.27,0.0,0.0,0.75,Staging,Marketing
ACC-1006,Content Delivery (CDN),us-east-1,N/A,2026-08-07,0.0,0.0,96.4,9.05,Staging,Marketing
ACC-1006,Compute Instances,us-east-1,m5.large,2026-08-07,21.86,0.0,0.0,1.94,Staging,Marketing
ACC-1014,Content Delivery (CDN),us-west-2,N/A,2026-08-07,0.0,0.0,40.2,3.69,Staging,Engineering
ACC-1004,Load Balancer,ap-southeast-1,N/A,2026-08-08,0.0,0.0,57.4,5.57,Development,Sales
ACC-1004,Serverless Functions,ap-southeast-1,N/A,2026-08-08,6.6,0.0,0.0,0.36,Development,Sales
ACC-1010,Block Storage,ap-southeast-1,st1,2026-08-08,0.0,168.5,0.0,8.28,Production,Data Science
ACC-1010,Object Storage,ap-southeast-1,N/A,2026-08-08,0.0,143.1,0.0,3.62,Production,Data Science
ACC-1013,Data Transfer / Egress,eu-central-1,N/A,2026-08-08,0.0,0.0,20.6,1.9,Production,Data Science
ACC-1013,Load Balancer,eu-central-1,N/A,2026-08-08,0.0,0.0,11.1,0.99,Production,Data Science
ACC-1009,Object Storage,eu-central-1,N/A,2026-08-08,0.0,187.6,0.0,4.69,Development,Engineering
ACC-1009,Managed Database,eu-central-1,db.r5.large,2026-08-08,10.28,76.1,0.0,9.31,Development,Engineering
ACC-1004,Data Transfer / Egress,ap-southeast-1,N/A,2026-08-08,0.0,0.0,54.2,4.82,Development,Sales
ACC-1010,Compute Instances,ap-southeast-1,c5.large,2026-08-08,8.5,0.0,0.0,0.72,Production,Data Science
ACC-1002,Object Storage,ap-south-1,N/A,2026-08-08,0.0,88.0,0.0,2.09,Development,Sales
ACC-1009,Block Storage,eu-central-1,io2,2026-08-08,0.0,190.7,0.0,24.69,Development,Engineering
ACC-1002,Managed Database,ap-south-1,db.m5.large,2026-08-08,15.05,98.1,0.0,12.6,Development,Sales
ACC-1006,Data Transfer / Egress,us-east-1,N/A,2026-08-08,0.0,0.0,31.2,3.02,Staging,Marketing
ACC-1005,Content Delivery (CDN),us-east-1,N/A,2026-08-08,0.0,0.0,43.5,4.28,Production,IT Operations
ACC-1005,Compute Instances,us-east-1,c5.large,2026-08-08,7.35,0.0,0.0,0.59,Production,IT Operations
ACC-1014,Managed Database,us-west-2,db.r5.large,2026-08-08,10.12,59.5,0.0,8.45,Production,Engineering
ACC-1014,Load Balancer,us-west-2,N/A,2026-08-08,0.0,0.0,42.9,3.44,Production,Engineering
ACC-1014,Content Delivery (CDN),us-west-2,N/A,2026-08-08,0.0,0.0,31.7,2.78,Production,Engineering
ACC-1015,Compute Instances,ap-south-1,c5.large,2026-08-08,5.02,0.0,0.0,0.46,Development,Engineering
ACC-1015,Serverless Functions,ap-south-1,N/A,2026-08-08,7.98,0.0,0.0,0.44,Development,Engineering
ACC-1015,Block Storage,ap-south-1,st1,2026-08-08,0.0,313.9,0.0,14.14,Development,Engineering
ACC-1002,Data Transfer / Egress,ap-south-1,N/A,2026-08-08,0.0,0.0,9.2,0.79,Development,Sales
ACC-1008,Data Warehouse,us-east-1,dw.xlarge,2026-08-09,14.39,47.9,0.0,19.23,Staging,Engineering
ACC-1006,Managed Kubernetes,us-east-1,m5.large,2026-08-09,10.65,0.0,0.0,1.1,Production,Marketing
ACC-1006,Object Storage,us-east-1,N/A,2026-08-09,0.0,167.2,0.0,3.98,Production,Marketing
ACC-1006,Content Delivery (CDN),us-east-1,N/A,2026-08-09,0.0,0.0,34.5,3.11,Production,Marketing
ACC-1005,Managed Kubernetes,us-west-2,c5.2xlarge,2026-08-09,6.23,0.0,0.0,2.05,Staging,IT Operations
ACC-1015,Block Storage,ap-south-1,gp3,2026-08-09,0.0,183.0,0.0,15.19,Production,Engineering
ACC-1015,Serverless Functions,ap-south-1,N/A,2026-08-09,13.58,0.0,0.0,0.68,Production,Engineering
ACC-1015,Content Delivery (CDN),ap-south-1,N/A,2026-08-09,0.0,0.0,13.4,1.31,Production,Engineering
ACC-1009,Block Storage,eu-central-1,gp3,2026-08-09,0.0,138.4,0.0,12.24,Development,Engineering
ACC-1012,Data Transfer / Egress,eu-west-1,N/A,2026-08-09,0.0,0.0,53.8,4.8,Production,Finance
ACC-1003,Managed Kubernetes,ap-south-1,c5.2xlarge,2026-08-09,18.8,0.0,0.0,6.85,Production,Data Science
ACC-1003,Serverless Functions,ap-south-1,N/A,2026-08-09,7.73,0.0,0.0,0.38,Production,Data Science
ACC-1014,Data Transfer / Egress,us-west-2,N/A,2026-08-09,0.0,0.0,18.4,1.7,Production,Engineering
ACC-1010,Data Transfer / Egress,ap-southeast-1,N/A,2026-08-09,0.0,0.0,8.7,0.78,Production,Data Science
ACC-1010,Load Balancer,ap-southeast-1,N/A,2026-08-09,0.0,0.0,45.2,4.06,Production,Data Science
ACC-1010,Serverless Functions,ap-southeast-1,N/A,2026-08-09,4.08,0.0,0.0,0.2,Production,Data Science
ACC-1002,Load Balancer,ap-south-1,N/A,2026-08-09,0.0,0.0,7.3,0.61,Production,Sales
ACC-1011,Data Transfer / Egress,us-east-1,N/A,2026-08-09,0.0,0.0,36.3,3.24,Staging,Sales
ACC-1011,Content Delivery (CDN),us-east-1,N/A,2026-08-09,0.0,0.0,16.9,1.43,Staging,Sales
ACC-1013,Managed Kubernetes,ap-southeast-1,m5.xlarge,2026-08-09,6.54,0.0,0.0,1.36,Development,Data Science
ACC-1013,Managed Database,ap-southeast-1,db.r5.large,2026-08-09,6.51,166.7,0.0,16.71,Development,Data Science
ACC-1001,Data Transfer / Egress,eu-central-1,N/A,2026-08-09,0.0,0.0,24.6,2.06,Development,Engineering
ACC-1003,Managed Database,ap-south-1,db.m5.large,2026-08-09,12.28,65.5,0.0,7.37,Production,Data Science
ACC-1006,Block Storage,us-east-1,gp3,2026-08-10,0.0,201.1,0.0,15.82,Staging,Marketing
ACC-1005,Serverless Functions,us-east-1,N/A,2026-08-10,9.47,0.0,0.0,0.43,Production,IT Operations
ACC-1010,Serverless Functions,ap-southeast-1,N/A,2026-08-10,6.46,0.0,0.0,0.33,Production,Data Science
ACC-1011,Managed Kubernetes,us-east-1,m5.large,2026-08-10,8.05,0.0,0.0,0.75,Production,Sales
ACC-1010,Managed Database,ap-southeast-1,db.r5.large,2026-08-10,22.76,62.2,0.0,11.34,Production,Data Science
ACC-1009,Managed Database,ap-southeast-1,db.r5.large,2026-08-10,30.5,92.1,0.0,17.56,Staging,Engineering
ACC-1008,Compute Instances,us-east-1,t3.medium,2026-08-10,25.24,0.0,0.0,1.0,Production,Engineering
ACC-1008,Block Storage,us-east-1,io2,2026-08-10,0.0,204.7,0.0,27.0,Production,Engineering
ACC-1013,Load Balancer,us-east-1,N/A,2026-08-10,0.0,0.0,21.9,1.99,Development,Data Science
ACC-1009,Data Transfer / Egress,ap-southeast-1,N/A,2026-08-10,0.0,0.0,33.7,2.93,Staging,Engineering
ACC-1006,Load Balancer,us-east-1,N/A,2026-08-10,0.0,0.0,26.3,2.43,Staging,Marketing
ACC-1010,Block Storage,ap-southeast-1,st1,2026-08-10,0.0,188.9,0.0,7.72,Production,Data Science
ACC-1006,Managed Database,us-east-1,db.m5.large,2026-08-10,30.63,83.7,0.0,14.74,Staging,Marketing
ACC-1014,Managed Database,us-west-2,db.t3.medium,2026-08-10,16.72,78.4,0.0,8.23,Staging,Engineering
ACC-1007,Content Delivery (CDN),ap-southeast-1,N/A,2026-08-10,0.0,0.0,22.5,1.91,Production,Marketing
ACC-1007,Serverless Functions,ap-southeast-1,N/A,2026-08-10,17.17,0.0,0.0,0.81,Production,Marketing
ACC-1003,Load Balancer,ap-south-1,N/A,2026-08-10,0.0,0.0,41.6,3.79,Production,Data Science
ACC-1003,Block Storage,ap-south-1,gp3,2026-08-10,0.0,175.1,0.0,15.53,Production,Data Science
ACC-1002,Managed Kubernetes,ap-south-1,m5.xlarge,2026-08-10,23.58,0.0,0.0,4.67,Staging,Sales
ACC-1012,Data Warehouse,eu-west-1,dw.xlarge,2026-08-10,30.39,62.7,0.0,39.43,Staging,Finance
ACC-1003,Managed Kubernetes,ap-south-1,c5.2xlarge,2026-08-10,15.93,0.0,0.0,5.17,Production,Data Science
ACC-1014,Compute Instances,us-west-2,r5.large,2026-08-10,17.33,0.0,0.0,2.07,Staging,Engineering
ACC-1014,Content Delivery (CDN),us-west-2,N/A,2026-08-10,0.0,0.0,35.8,3.25,Staging,Engineering
ACC-1001,Content Delivery (CDN),eu-central-1,N/A,2026-08-10,0.0,0.0,20.0,1.81,Production,Engineering
ACC-1001,Data Transfer / Egress,eu-central-1,N/A,2026-08-10,0.0,0.0,68.1,6.24,Production,Engineering
ACC-1001,Object Storage,eu-central-1,N/A,2026-08-10,0.0,243.9,0.0,5.79,Production,Engineering
ACC-1012,Compute Instances,eu-west-1,m5.xlarge,2026-08-10,6.49,0.0,0.0,1.17,Staging,Finance
ACC-1003,Object Storage,ap-south-1,N/A,2026-08-11,0.0,188.6,0.0,4.06,Production,Data Science
ACC-1003,Content Delivery (CDN),ap-south-1,N/A,2026-08-11,0.0,0.0,49.0,4.2,Production,Data Science
ACC-1001,Object Storage,eu-central-1,N/A,2026-08-11,0.0,205.6,0.0,4.31,Production,Engineering
ACC-1001,Load Balancer,eu-central-1,N/A,2026-08-11,0.0,0.0,41.3,3.89,Production,Engineering
ACC-1002,Data Transfer / Egress,ap-south-1,N/A,2026-08-11,0.0,0.0,37.8,2.9,Production,Sales
ACC-1002,Block Storage,ap-south-1,gp3,2026-08-11,0.0,176.3,0.0,14.79,Production,Sales
ACC-1012,Content Delivery (CDN),eu-west-1,N/A,2026-08-11,0.0,0.0,57.1,4.98,Staging,Finance
ACC-1012,Block Storage,eu-west-1,io2,2026-08-11,0.0,290.2,0.0,37.94,Staging,Finance
ACC-1009,Block Storage,eu-central-1,st1,2026-08-11,0.0,201.8,0.0,9.36,Production,Engineering
ACC-1001,Data Warehouse,eu-central-1,dw.large,2026-08-11,25.89,22.1,0.0,15.47,Production,Engineering
ACC-1005,Compute Instances,us-east-1,t3.micro,2026-08-11,13.37,0.0,0.0,0.13,Staging,IT Operations
ACC-1012,Data Transfer / Egress,eu-west-1,N/A,2026-08-11,0.0,0.0,21.0,1.78,Staging,Finance
ACC-1005,Load Balancer,us-east-1,N/A,2026-08-11,0.0,0.0,40.2,3.56,Staging,IT Operations
ACC-1015,Data Warehouse,ap-south-1,dw.xlarge,2026-08-11,16.51,60.9,0.0,23.58,Production,Engineering
ACC-1015,Managed Database,ap-south-1,db.r5.large,2026-08-11,23.29,102.9,0.0,14.23,Production,Engineering
ACC-1013,Block Storage,ap-southeast-1,gp3,2026-08-11,0.0,208.6,0.0,13.45,Production,Data Science
ACC-1013,Data Transfer / Egress,ap-southeast-1,N/A,2026-08-11,0.0,0.0,14.8,1.35,Production,Data Science
ACC-1004,Content Delivery (CDN),ap-southeast-1,N/A,2026-08-11,0.0,0.0,29.4,2.59,Staging,Sales
ACC-1014,Compute Instances,us-west-2,r5.large,2026-08-11,15.25,0.0,0.0,2.23,Development,Engineering
ACC-1014,Content Delivery (CDN),us-west-2,N/A,2026-08-11,0.0,0.0,66.3,6.0,Development,Engineering
ACC-1010,Block Storage,ap-southeast-1,st1,2026-08-11,0.0,134.9,0.0,6.5,Development,Data Science
ACC-1011,Data Warehouse,us-east-1,dw.xlarge,2026-08-11,14.93,94.3,0.0,24.95,Production,Sales
ACC-1005,Data Warehouse,us-east-1,dw.xlarge,2026-08-11,33.9,46.5,0.0,41.6,Staging,IT Operations
ACC-1007,Block Storage,eu-central-1,io2,2026-08-11,0.0,99.2,0.0,11.21,Production,Marketing
ACC-1011,Compute Instances,us-east-1,r5.large,2026-08-12,6.58,0.0,0.0,0.75,Production,Sales
ACC-1008,Object Storage,us-east-1,N/A,2026-08-12,0.0,180.0,0.0,3.57,Staging,Engineering
ACC-1008,Content Delivery (CDN),us-east-1,N/A,2026-08-12,0.0,0.0,18.7,1.7,Staging,Engineering
ACC-1009,Data Warehouse,eu-central-1,dw.xlarge,2026-08-12,13.21,81.4,0.0,21.27,Production,Engineering
ACC-1015,Compute Instances,ap-southeast-1,m5.large,2026-08-12,12.23,0.0,0.0,1.07,Production,Engineering
ACC-1009,Managed Database,eu-central-1,db.m5.large,2026-08-12,30.18,21.5,0.0,6.44,Production,Engineering
ACC-1015,Block Storage,ap-southeast-1,st1,2026-08-12,0.0,97.2,0.0,4.18,Production,Engineering
ACC-1015,Managed Kubernetes,ap-southeast-1,m5.xlarge,2026-08-12,20.38,0.0,0.0,3.84,Production,Engineering
ACC-1009,Managed Kubernetes,eu-central-1,c5.2xlarge,2026-08-12,6.32,0.0,0.0,2.06,Production,Engineering
ACC-1011,Serverless Functions,us-east-1,N/A,2026-08-12,13.65,0.0,0.0,0.72,Production,Sales
ACC-1011,Managed Kubernetes,us-east-1,c5.2xlarge,2026-08-12,13.07,0.0,0.0,4.67,Production,Sales
ACC-1005,Block Storage,us-east-1,st1,2026-08-12,0.0,119.1,0.0,5.58,Development,IT Operations
ACC-1005,Content Delivery (CDN),us-east-1,N/A,2026-08-12,0.0,0.0,23.2,2.12,Development,IT Operations
ACC-1005,Load Balancer,us-east-1,N/A,2026-08-12,0.0,0.0,28.4,2.6,Development,IT Operations
ACC-1002,Content Delivery (CDN),ap-south-1,N/A,2026-08-12,0.0,0.0,34.0,3.1,Development,Sales
ACC-1006,Object Storage,us-east-1,N/A,2026-08-12,0.0,294.7,0.0,6.04,Development,Marketing
ACC-1003,Data Warehouse,ap-south-1,dw.xlarge,2026-08-12,27.55,87.7,0.0,39.12,Production,Data Science
ACC-1004,Block Storage,ap-southeast-1,gp3,2026-08-12,0.0,182.7,0.0,14.67,Production,Sales
ACC-1013,Block Storage,us-east-1,gp3,2026-08-12,0.0,150.7,0.0,12.11,Production,Data Science
ACC-1013,Data Transfer / Egress,us-east-1,N/A,2026-08-12,0.0,0.0,61.8,5.27,Production,Data Science
ACC-1014,Data Transfer / Egress,us-west-2,N/A,2026-08-12,0.0,0.0,46.7,4.05,Development,Engineering
ACC-1005,Compute Instances,eu-west-1,r5.large,2026-08-13,5.95,0.0,0.0,0.81,Production,IT Operations
ACC-1007,Managed Database,ap-southeast-1,db.r5.large,2026-08-13,25.87,29.9,0.0,8.66,Production,Marketing
ACC-1007,Managed Kubernetes,ap-southeast-1,m5.xlarge,2026-08-13,11.09,0.0,0.0,1.92,Production,Marketing
ACC-1004,Data Transfer / Egress,ap-southeast-1,N/A,2026-08-13,0.0,0.0,28.9,2.4,Staging,Sales
ACC-1009,Serverless Functions,eu-central-1,N/A,2026-08-13,12.2,0.0,0.0,0.59,Production,Engineering
ACC-1009,Content Delivery (CDN),eu-central-1,N/A,2026-08-13,0.0,0.0,46.0,4.07,Production,Engineering
ACC-1001,Serverless Functions,eu-central-1,N/A,2026-08-13,7.86,0.0,0.0,0.39,Staging,Engineering
ACC-1013,Block Storage,us-east-1,st1,2026-08-13,0.0,291.4,0.0,14.02,Production,Data Science
ACC-1013,Managed Database,us-east-1,db.t3.medium,2026-08-13,27.02,27.7,0.0,4.9,Production,Data Science
ACC-1001,Content Delivery (CDN),eu-central-1,N/A,2026-08-13,0.0,0.0,44.4,4.03,Staging,Engineering
ACC-1001,Object Storage,eu-central-1,N/A,2026-08-13,0.0,136.4,0.0,3.39,Staging,Engineering
ACC-1006,Data Warehouse,us-east-1,dw.large,2026-08-13,15.1,50.4,0.0,13.66,Staging,Marketing
ACC-1013,Managed Kubernetes,us-east-1,m5.xlarge,2026-08-13,25.92,0.0,0.0,4.74,Production,Data Science
ACC-1006,Managed Kubernetes,us-east-1,c5.2xlarge,2026-08-13,19.7,0.0,0.0,6.55,Staging,Marketing
ACC-1011,Serverless Functions,us-east-1,N/A,2026-08-13,22.13,0.0,0.0,1.05,Production,Sales
ACC-1014,Data Warehouse,us-west-2,dw.large,2026-08-13,62.96,57.5,0.0,39.67,Development,Engineering
ACC-1006,Managed Database,us-east-1,db.r5.large,2026-08-13,16.5,20.8,0.0,6.17,Staging,Marketing
ACC-1008,Content Delivery (CDN),us-east-1,N/A,2026-08-13,0.0,0.0,13.8,1.31,Staging,Engineering
ACC-1008,Data Warehouse,us-east-1,dw.large,2026-08-13,30.81,48.9,0.0,21.31,Staging,Engineering
ACC-1015,Content Delivery (CDN),ap-south-1,N/A,2026-08-13,0.0,0.0,38.9,3.11,Production,Engineering
ACC-1015,Managed Database,ap-south-1,db.t3.medium,2026-08-13,11.37,40.2,0.0,4.56,Production,Engineering
ACC-1015,Serverless Functions,ap-south-1,N/A,2026-08-13,10.29,0.0,0.0,0.51,Production,Engineering
ACC-1008,Managed Kubernetes,us-east-1,m5.large,2026-08-13,23.92,0.0,0.0,2.34,Staging,Engineering
ACC-1010,Object Storage,eu-central-1,N/A,2026-08-13,0.0,123.3,0.0,2.68,Production,Data Science
ACC-1010,Serverless Functions,eu-central-1,N/A,2026-08-13,11.27,0.0,0.0,0.56,Production,Data Science
ACC-1011,Managed Database,us-east-1,db.t3.medium,2026-08-13,20.1,15.8,0.0,3.03,Production,Sales
ACC-1003,Block Storage,ap-southeast-1,io2,2026-08-13,0.0,152.4,0.0,21.45,Production,Data Science
ACC-1003,Managed Database,ap-southeast-1,db.t3.medium,2026-08-13,23.7,61.3,0.0,7.37,Production,Data Science
ACC-1010,Compute Instances,eu-central-1,c5.large,2026-08-13,12.74,0.0,0.0,1.15,Production,Data Science
ACC-1013,Serverless Functions,us-east-1,N/A,2026-08-14,8.71,0.0,0.0,0.43,Staging,Data Science
ACC-1010,Compute Instances,ap-southeast-1,t3.micro,2026-08-14,5.21,0.0,0.0,0.05,Production,Data Science
ACC-1003,Serverless Functions,ap-south-1,N/A,2026-08-14,13.31,0.0,0.0,0.68,Production,Data Science
ACC-1008,Object Storage,us-east-1,N/A,2026-08-14,0.0,192.3,0.0,4.28,Staging,Engineering
ACC-1002,Data Warehouse,ap-south-1,dw.large,2026-08-14,22.53,24.8,0.0,13.51,Development,Sales
ACC-1004,Load Balancer,ap-southeast-1,N/A,2026-08-14,0.0,0.0,23.0,1.87,Staging,Sales
ACC-1002,Managed Database,ap-south-1,db.r5.large,2026-08-14,15.19,5.9,0.0,4.37,Development,Sales
ACC-1011,Managed Kubernetes,us-east-1,c5.2xlarge,2026-08-14,6.3,0.0,0.0,2.22,Production,Sales
ACC-1013,Managed Kubernetes,us-east-1,m5.xlarge,2026-08-14,15.06,0.0,0.0,2.81,Staging,Data Science
ACC-1011,Managed Database,us-east-1,db.r5.large,2026-08-14,17.27,37.5,0.0,7.58,Production,Sales
ACC-1004,Compute Instances,ap-southeast-1,t3.medium,2026-08-14,24.3,0.0,0.0,1.08,Staging,Sales
ACC-1013,Content Delivery (CDN),us-east-1,N/A,2026-08-14,0.0,0.0,51.7,4.5,Staging,Data Science
ACC-1006,Load Balancer,us-east-1,N/A,2026-08-14,0.0,0.0,13.4,1.28,Production,Marketing
ACC-1001,Compute Instances,eu-central-1,m5.xlarge,2026-08-14,13.41,0.0,0.0,2.68,Development,Engineering
ACC-1001,Data Transfer / Egress,eu-central-1,N/A,2026-08-14,0.0,0.0,25.2,2.33,Development,Engineering
ACC-1012,Serverless Functions,eu-west-1,N/A,2026-08-14,15.02,0.0,0.0,0.82,Staging,Finance
ACC-1007,Compute Instances,eu-central-1,m5.large,2026-08-14,9.99,0.0,0.0,0.88,Development,Marketing
ACC-1007,Load Balancer,eu-central-1,N/A,2026-08-14,0.0,0.0,11.5,1.04,Development,Marketing
ACC-1009,Compute Instances,eu-central-1,m5.large,2026-08-14,11.37,0.0,0.0,1.15,Production,Engineering
ACC-1015,Block Storage,ap-south-1,io2,2026-08-14,0.0,193.3,0.0,26.29,Production,Engineering
ACC-1014,Object Storage,us-east-1,N/A,2026-08-14,0.0,209.7,0.0,5.05,Development,Engineering
ACC-1014,Compute Instances,us-east-1,r5.large,2026-08-14,21.3,0.0,0.0,2.6,Development,Engineering
ACC-1005,Serverless Functions,us-east-1,N/A,2026-08-14,9.95,0.0,0.0,0.53,Production,IT Operations
ACC-1005,Content Delivery (CDN),us-east-1,N/A,2026-08-14,0.0,0.0,28.6,2.59,Production,IT Operations
ACC-1009,Data Warehouse,eu-central-1,dw.xlarge,2026-08-14,15.47,12.3,0.0,15.43,Production,Engineering
ACC-1004,Managed Database,ap-south-1,db.m5.large,2026-08-15,14.18,107.0,0.0,12.7,Development,Sales
ACC-1008,Data Transfer / Egress,us-east-1,N/A,2026-08-15,0.0,0.0,16.7,1.54,Production,Engineering
ACC-1013,Compute Instances,us-east-1,m5.xlarge,2026-08-15,8.26,0.0,0.0,1.59,Production,Data Science
ACC-1013,Data Warehouse,us-east-1,dw.xlarge,2026-08-15,9.16,32.5,0.0,11.26,Production,Data Science
ACC-1013,Data Transfer / Egress,us-east-1,N/A,2026-08-15,0.0,0.0,12.3,1.1,Production,Data Science
ACC-1015,Object Storage,ap-south-1,N/A,2026-08-15,0.0,249.5,0.0,6.02,Development,Engineering
ACC-1012,Data Warehouse,eu-west-1,dw.large,2026-08-15,10.65,73.8,0.0,13.6,Production,Finance
ACC-1012,Content Delivery (CDN),eu-west-1,N/A,2026-08-15,0.0,0.0,32.4,3.03,Production,Finance
ACC-1012,Load Balancer,eu-west-1,N/A,2026-08-15,0.0,0.0,13.8,1.35,Production,Finance
ACC-1004,Load Balancer,ap-south-1,N/A,2026-08-15,0.0,0.0,4.6,1.39,Development,Sales
ACC-1001,Content Delivery (CDN),eu-central-1,N/A,2026-08-15,0.0,0.0,18.7,1.65,Production,Engineering
ACC-1003,Content Delivery (CDN),ap-south-1,N/A,2026-08-15,0.0,0.0,11.3,0.96,Production,Data Science
ACC-1001,Block Storage,eu-central-1,io2,2026-08-15,0.0,183.2,0.0,20.89,Production,Engineering
ACC-1001,Managed Kubernetes,eu-central-1,m5.xlarge,2026-08-15,6.82,0.0,0.0,1.41,Production,Engineering
ACC-1007,Object Storage,ap-southeast-1,N/A,2026-08-15,0.0,91.3,0.0,2.32,Production,Marketing
ACC-1007,Content Delivery (CDN),ap-southeast-1,N/A,2026-08-15,0.0,0.0,30.8,2.94,Production,Marketing
ACC-1002,Data Transfer / Egress,ap-south-1,N/A,2026-08-15,0.0,0.0,18.8,1.88,Production,Sales
ACC-1002,Compute Instances,ap-south-1,m5.large,2026-08-15,9.16,0.0,0.0,0.98,Production,Sales
ACC-1005,Serverless Functions,us-east-1,N/A,2026-08-15,9.22,0.0,0.0,0.47,Production,IT Operations
ACC-1004,Block Storage,ap-south-1,io2,2026-08-15,0.0,171.2,0.0,20.77,Development,Sales
ACC-1011,Data Warehouse,us-east-1,dw.large,2026-08-16,16.07,45.6,0.0,13.26,Production,Sales
ACC-1009,Data Warehouse,eu-central-1,dw.xlarge,2026-08-16,11.01,42.2,0.0,15.7,Staging,Engineering
ACC-1007,Object Storage,ap-southeast-1,N/A,2026-08-16,0.0,318.8,0.0,7.93,Production,Marketing
ACC-1011,Object Storage,us-east-1,N/A,2026-08-16,0.0,237.2,0.0,5.41,Production,Sales
ACC-1004,Content Delivery (CDN),ap-southeast-1,N/A,2026-08-16,0.0,0.0,5.3,0.43,Development,Sales
ACC-1003,Managed Database,us-east-1,db.t3.medium,2026-08-16,14.61,18.4,0.0,2.32,Staging,Data Science
ACC-1015,Load Balancer,ap-south-1,N/A,2026-08-16,0.0,0.0,24.1,2.06,Production,Engineering
ACC-1015,Data Transfer / Egress,ap-south-1,N/A,2026-08-16,0.0,0.0,32.0,2.85,Production,Engineering
ACC-1008,Data Transfer / Egress,us-east-1,N/A,2026-08-16,0.0,0.0,49.7,4.48,Development,Engineering
ACC-1002,Managed Database,ap-south-1,db.m5.large,2026-08-16,13.02,41.3,0.0,6.4,Development,Sales
ACC-1001,Data Transfer / Egress,eu-central-1,N/A,2026-08-16,0.0,0.0,22.5,1.92,Production,Engineering
ACC-1014,Managed Database,us-west-2,db.m5.large,2026-08-17,22.9,47.5,0.0,7.85,Staging,Engineering
ACC-1014,Load Balancer,us-west-2,N/A,2026-08-17,0.0,0.0,42.0,3.83,Staging,Engineering
ACC-1008,Object Storage,us-east-1,N/A,2026-08-17,0.0,264.7,0.0,6.75,Production,Engineering
ACC-1008,Managed Kubernetes,us-east-1,m5.xlarge,2026-08-17,7.97,0.0,0.0,1.51,Production,Engineering
ACC-1005,Content Delivery (CDN),us-east-1,N/A,2026-08-17,0.0,0.0,39.4,3.23,Staging,IT Operations
ACC-1010,Load Balancer,ap-southeast-1,N/A,2026-08-17,0.0,0.0,30.6,2.94,Staging,Data Science
ACC-1003,Object Storage,ap-south-1,N/A,2026-08-17,0.0,164.7,0.0,3.95,Production,Data Science
ACC-1013,Managed Kubernetes,us-east-1,m5.xlarge,2026-08-17,8.39,0.0,0.0,1.52,Production,Data Science
ACC-1013,Data Warehouse,us-east-1,dw.xlarge,2026-08-17,21.83,64.9,0.0,27.73,Production,Data Science
ACC-1011,Data Transfer / Egress,us-east-1,N/A,2026-08-17,0.0,0.0,20.3,1.77,Development,Sales
ACC-1012,Serverless Functions,eu-west-1,N/A,2026-08-17,11.85,0.0,0.0,0.62,Staging,Finance
ACC-1015,Managed Kubernetes,eu-central-1,m5.xlarge,2026-08-17,11.35,0.0,0.0,2.39,Production,Engineering
ACC-1008,Load Balancer,us-east-1,N/A,2026-08-17,0.0,0.0,5.5,0.49,Production,Engineering
ACC-1009,Data Transfer / Egress,eu-central-1,N/A,2026-08-17,0.0,0.0,38.3,3.49,Development,Engineering
ACC-1009,Load Balancer,eu-central-1,N/A,2026-08-17,0.0,0.0,35.9,3.62,Development,Engineering
ACC-1007,Data Warehouse,ap-southeast-1,dw.large,2026-08-17,16.52,113.9,0.0,19.75,Staging,Marketing
ACC-1007,Managed Kubernetes,ap-southeast-1,m5.xlarge,2026-08-17,11.24,0.0,0.0,2.0,Staging,Marketing
ACC-1004,Serverless Functions,ap-southeast-1,N/A,2026-08-17,13.45,0.0,0.0,0.73,Production,Sales
ACC-1004,Data Warehouse,ap-southeast-1,dw.xlarge,2026-08-17,20.08,82.6,0.0,23.52,Production,Sales
ACC-1002,Object Storage,ap-south-1,N/A,2026-08-17,0.0,133.3,0.0,2.67,Production,Sales
ACC-1004,Block Storage,ap-southeast-1,io2,2026-08-17,0.0,219.4,0.0,29.95,Production,Sales
ACC-1006,Managed Kubernetes,us-east-1,m5.large,2026-08-17,7.9,0.0,0.0,0.78,Production,Marketing
ACC-1001,Content Delivery (CDN),eu-central-1,N/A,2026-08-17,0.0,0.0,94.5,8.98,Development,Engineering
ACC-1001,Object Storage,eu-central-1,N/A,2026-08-17,0.0,197.6,0.0,4.08,Development,Engineering
ACC-1009,Object Storage,eu-central-1,N/A,2026-08-17,0.0,221.2,0.0,4.85,Development,Engineering
ACC-1006,Object Storage,us-east-1,N/A,2026-08-17,0.0,132.5,0.0,3.0,Production,Marketing
ACC-1012,Object Storage,eu-west-1,N/A,2026-08-18,0.0,145.5,0.0,3.32,Staging,Finance
ACC-1010,Compute Instances,ap-southeast-1,r5.large,2026-08-18,15.95,0.0,0.0,2.13,Production,Data Science
ACC-1005,Data Transfer / Egress,us-east-1,N/A,2026-08-18,0.0,0.0,41.0,3.57,Development,IT Operations
ACC-1005,Serverless Functions,us-east-1,N/A,2026-08-18,19.07,0.0,0.0,0.95,Development,IT Operations
ACC-1012,Managed Kubernetes,eu-west-1,m5.large,2026-08-18,25.63,0.0,0.0,2.38,Staging,Finance
ACC-1015,Content Delivery (CDN),ap-south-1,N/A,2026-08-18,0.0,0.0,11.1,1.04,Production,Engineering
ACC-1001,Serverless Functions,eu-central-1,N/A,2026-08-18,15.46,0.0,0.0,0.81,Production,Engineering
ACC-1015,Compute Instances,ap-south-1,t3.micro,2026-08-18,7.63,0.0,0.0,0.07,Production,Engineering
ACC-1014,Compute Instances,us-west-2,r5.large,2026-08-18,22.87,0.0,0.0,2.97,Staging,Engineering
ACC-1014,Block Storage,us-west-2,st1,2026-08-18,0.0,90.1,0.0,4.32,Staging,Engineering
ACC-1001,Data Warehouse,eu-central-1,dw.large,2026-08-18,29.53,42.1,0.0,18.87,Production,Engineering
ACC-1001,Data Transfer / Egress,eu-central-1,N/A,2026-08-18,0.0,0.0,27.3,2.57,Production,Engineering
ACC-1008,Block Storage,us-east-1,io2,2026-08-18,0.0,288.7,0.0,35.82,Production,Engineering
ACC-1015,Managed Kubernetes,ap-south-1,m5.large,2026-08-18,19.49,0.0,0.0,1.99,Production,Engineering
ACC-1008,Content Delivery (CDN),us-east-1,N/A,2026-08-18,0.0,0.0,21.0,2.02,Production,Engineering
ACC-1004,Load Balancer,ap-southeast-1,N/A,2026-08-18,0.0,0.0,16.7,1.48,Staging,Sales
ACC-1009,Data Warehouse,eu-central-1,dw.xlarge,2026-08-18,23.23,108.3,0.0,36.07,Production,Engineering
ACC-1006,Managed Database,eu-west-1,db.t3.medium,2026-08-18,18.3,95.0,0.0,10.23,Development,Marketing
ACC-1011,Compute Instances,us-east-1,t3.micro,2026-08-18,21.74,0.0,0.0,0.23,Production,Sales
ACC-1004,Content Delivery (CDN),ap-southeast-1,N/A,2026-08-18,0.0,0.0,39.3,3.24,Staging,Sales
ACC-1009,Compute Instances,eu-central-1,t3.medium,2026-08-18,14.8,0.0,0.0,0.58,Production,Engineering
ACC-1007,Load Balancer,ap-southeast-1,N/A,2026-08-18,0.0,0.0,23.8,2.45,Production,Marketing
ACC-1003,Load Balancer,ap-south-1,N/A,2026-08-18,0.0,0.0,17.0,1.53,Production,Data Science
ACC-1007,Content Delivery (CDN),ap-southeast-1,N/A,2026-08-18,0.0,0.0,19.5,1.77,Production,Marketing
ACC-1002,Block Storage,ap-south-1,st1,2026-08-18,0.0,154.3,0.0,6.7,Development,Sales
ACC-1013,Data Transfer / Egress,us-east-1,N/A,2026-08-18,0.0,0.0,32.8,3.1,Staging,Data Science
ACC-1013,Load Balancer,us-east-1,N/A,2026-08-18,0.0,0.0,31.7,2.93,Staging,Data Science
ACC-1013,Serverless Functions,us-east-1,N/A,2026-08-18,22.96,0.0,0.0,1.06,Staging,Data Science
ACC-1009,Block Storage,eu-central-1,io2,2026-08-18,0.0,135.6,0.0,18.74,Production,Engineering
ACC-1003,Content Delivery (CDN),ap-south-1,N/A,2026-08-18,0.0,0.0,13.6,1.13,Production,Data Science
ACC-1008,Data Warehouse,us-east-1,dw.xlarge,2026-08-19,14.79,56.5,0.0,20.19,Production,Engineering
ACC-1014,Content Delivery (CDN),us-west-2,N/A,2026-08-19,0.0,0.0,8.7,0.85,Production,Engineering
ACC-1014,Data Warehouse,us-west-2,dw.xlarge,2026-08-19,26.96,49.1,0.0,33.92,Production,Engineering
ACC-1008,Object Storage,us-east-1,N/A,2026-08-19,0.0,142.5,0.0,2.98,Production,Engineering
ACC-1002,Serverless Functions,ap-south-1,N/A,2026-08-19,16.09,0.0,0.0,0.82,Staging,Sales
ACC-1004,Data Warehouse,ap-southeast-1,dw.xlarge,2026-08-19,18.66,62.5,0.0,26.78,Development,Sales
ACC-1009,Managed Kubernetes,eu-central-1,m5.xlarge,2026-08-19,22.2,0.0,0.0,4.35,Staging,Engineering
ACC-1005,Managed Kubernetes,us-east-1,m5.large,2026-08-19,19.51,0.0,0.0,1.79,Production,IT Operations
ACC-1005,Data Warehouse,us-east-1,dw.large,2026-08-19,30.71,28.2,0.0,15.01,Production,IT Operations
ACC-1009,Load Balancer,eu-central-1,N/A,2026-08-19,0.0,0.0,22.3,1.96,Staging,Engineering
ACC-1012,Data Transfer / Egress,eu-west-1,N/A,2026-08-19,0.0,0.0,43.8,3.74,Production,Finance
ACC-1006,Compute Instances,us-east-1,c5.large,2026-08-19,18.94,0.0,0.0,1.55,Staging,Marketing
ACC-1004,Managed Kubernetes,ap-southeast-1,m5.xlarge,2026-08-19,11.3,0.0,0.0,2.12,Development,Sales
ACC-1003,Object Storage,eu-west-1,N/A,2026-08-20,0.0,407.1,0.0,8.65,Production,Data Science
ACC-1015,Object Storage,ap-south-1,N/A,2026-08-20,0.0,287.2,0.0,6.57,Production,Engineering
ACC-1015,Data Warehouse,ap-south-1,dw.large,2026-08-20,34.32,105.3,0.0,24.77,Production,Engineering
ACC-1007,Data Warehouse,us-east-1,dw.xlarge,2026-08-20,9.59,61.3,0.0,15.77,Production,Marketing
ACC-1007,Data Transfer / Egress,us-east-1,N/A,2026-08-20,0.0,0.0,43.2,3.69,Production,Marketing
ACC-1005,Object Storage,us-east-1,N/A,2026-08-20,0.0,111.0,0.0,2.58,Production,IT Operations
ACC-1014,Managed Kubernetes,eu-central-1,c5.2xlarge,2026-08-20,8.42,0.0,0.0,3.18,Production,Engineering
ACC-1003,Block Storage,eu-west-1,gp3,2026-08-20,0.0,128.1,0.0,10.27,Production,Data Science
ACC-1005,Data Warehouse,us-east-1,dw.xlarge,2026-08-20,42.05,42.3,0.0,43.39,Production,IT Operations
ACC-1002,Compute Instances,ap-south-1,m5.xlarge,2026-08-20,3.05,0.0,0.0,0.59,Production,Sales
ACC-1007,Object Storage,us-east-1,N/A,2026-08-20,0.0,163.4,0.0,3.98,Production,Marketing
ACC-1012,Compute Instances,eu-west-1,t3.micro,2026-08-20,11.19,0.0,0.0,0.11,Staging,Finance
ACC-1002,Serverless Functions,ap-south-1,N/A,2026-08-20,29.89,0.0,0.0,1.59,Production,Sales
ACC-1009,Managed Kubernetes,eu-west-1,c5.2xlarge,2026-08-20,9.04,0.0,0.0,2.98,Staging,Engineering
ACC-1008,Managed Database,us-east-1,db.m5.large,2026-08-20,38.79,59.7,0.0,12.93,Development,Engineering
ACC-1013,Data Warehouse,us-east-1,dw.xlarge,2026-08-20,27.84,43.2,0.0,33.45,Production,Data Science
ACC-1004,Block Storage,ap-southeast-1,st1,2026-08-20,0.0,267.5,0.0,12.86,Development,Sales
ACC-1004,Load Balancer,ap-southeast-1,N/A,2026-08-20,0.0,0.0,23.6,1.92,Development,Sales
ACC-1008,Serverless Functions,us-east-1,N/A,2026-08-20,26.26,0.0,0.0,1.34,Development,Engineering
ACC-1001,Content Delivery (CDN),eu-central-1,N/A,2026-08-20,0.0,0.0,14.5,1.3,Development,Engineering
ACC-1001,Load Balancer,eu-central-1,N/A,2026-08-20,0.0,0.0,6.4,0.56,Development,Engineering
ACC-1011,Load Balancer,us-east-1,N/A,2026-08-20,0.0,0.0,62.0,5.69,Development,Sales
ACC-1011,Compute Instances,us-east-1,t3.micro,2026-08-20,16.29,0.0,0.0,0.19,Development,Sales
ACC-1004,Data Warehouse,ap-southeast-1,dw.large,2026-08-20,26.61,72.2,0.0,19.73,Development,Sales
ACC-1006,Compute Instances,us-east-1,c5.large,2026-08-20,25.49,0.0,0.0,2.04,Production,Marketing
ACC-1007,Data Transfer / Egress,ap-southeast-1,N/A,2026-08-21,0.0,0.0,7.1,0.67,Staging,Marketing
ACC-1006,Data Transfer / Egress,us-east-1,N/A,2026-08-21,0.0,0.0,59.6,4.99,Production,Marketing
ACC-1002,Serverless Functions,ap-south-1,N/A,2026-08-21,18.95,0.0,0.0,1.0,Production,Sales
ACC-1002,Managed Database,ap-south-1,db.r5.large,2026-08-21,63.56,94.5,0.0,27.34,Production,Sales
ACC-1012,Data Transfer / Egress,eu-central-1,N/A,2026-08-21,0.0,0.0,10.3,0.85,Development,Finance
ACC-1008,Data Transfer / Egress,us-east-1,N/A,2026-08-21,0.0,0.0,15.2,1.33,Production,Engineering
ACC-1013,Data Transfer / Egress,us-east-1,N/A,2026-08-21,0.0,0.0,26.1,2.49,Development,Data Science
ACC-1007,Data Warehouse,ap-southeast-1,dw.xlarge,2026-08-21,8.45,35.3,0.0,11.73,Staging,Marketing
ACC-1010,Managed Kubernetes,ap-southeast-1,m5.xlarge,2026-08-21,7.14,0.0,0.0,1.46,Production,Data Science
ACC-1010,Block Storage,ap-southeast-1,st1,2026-08-21,0.0,112.7,0.0,5.08,Production,Data Science
ACC-1010,Data Warehouse,ap-southeast-1,dw.xlarge,2026-08-21,14.16,34.4,0.0,16.71,Production,Data Science
ACC-1009,Load Balancer,eu-central-1,N/A,2026-08-21,0.0,0.0,33.7,3.01,Staging,Engineering
ACC-1004,Managed Kubernetes,ap-southeast-1,m5.xlarge,2026-08-21,14.07,0.0,0.0,2.77,Staging,Sales
ACC-1011,Managed Database,us-east-1,db.t3.medium,2026-08-21,58.31,67.3,0.0,12.53,Development,Sales
ACC-1011,Load Balancer,us-east-1,N/A,2026-08-21,0.0,0.0,40.0,3.35,Development,Sales
ACC-1007,Serverless Functions,ap-southeast-1,N/A,2026-08-21,23.1,0.0,0.0,0.98,Staging,Marketing
ACC-1009,Content Delivery (CDN),eu-central-1,N/A,2026-08-22,0.0,0.0,25.0,2.39,Development,Engineering
ACC-1001,Managed Database,eu-central-1,db.m5.large,2026-08-22,8.28,76.0,0.0,9.77,Production,Engineering
ACC-1001,Content Delivery (CDN),eu-central-1,N/A,2026-08-22,0.0,0.0,36.2,2.86,Production,Engineering
ACC-1001,Data Transfer / Egress,eu-central-1,N/A,2026-08-22,0.0,0.0,30.1,2.78,Production,Engineering
ACC-1011,Content Delivery (CDN),us-east-1,N/A,2026-08-22,0.0,0.0,19.5,1.71,Development,Sales
ACC-1011,Block Storage,us-east-1,io2,2026-08-22,0.0,170.5,0.0,20.64,Development,Sales
ACC-1002,Compute Instances,ap-south-1,m5.xlarge,2026-08-22,4.62,0.0,0.0,1.02,Production,Sales
ACC-1012,Managed Kubernetes,eu-west-1,m5.xlarge,2026-08-22,12.55,0.0,0.0,2.44,Production,Finance
ACC-1012,Block Storage,eu-west-1,io2,2026-08-22,0.0,154.8,0.0,19.85,Production,Finance
ACC-1002,Data Warehouse,ap-south-1,dw.large,2026-08-22,13.15,162.8,0.0,24.5,Production,Sales
ACC-1008,Data Transfer / Egress,ap-southeast-1,N/A,2026-08-22,0.0,0.0,40.5,3.74,Production,Engineering
ACC-1009,Managed Kubernetes,eu-central-1,m5.large,2026-08-22,8.91,0.0,0.0,0.86,Development,Engineering
ACC-1011,Serverless Functions,us-east-1,N/A,2026-08-22,10.7,0.0,0.0,0.57,Development,Sales
ACC-1009,Compute Instances,eu-central-1,t3.micro,2026-08-22,7.54,0.0,0.0,0.09,Development,Engineering
ACC-1015,Serverless Functions,ap-south-1,N/A,2026-08-22,5.86,0.0,0.0,0.3,Development,Engineering
ACC-1005,Managed Database,us-east-1,db.t3.medium,2026-08-22,12.47,138.0,0.0,14.72,Production,IT Operations
ACC-1013,Data Warehouse,us-east-1,dw.large,2026-08-22,12.59,22.0,0.0,6.96,Production,Data Science
ACC-1013,Object Storage,us-east-1,N/A,2026-08-22,0.0,328.6,0.0,8.18,Production,Data Science
ACC-1006,Managed Kubernetes,us-east-1,c5.2xlarge,2026-08-22,10.96,0.0,0.0,3.74,Staging,Marketing
ACC-1015,Object Storage,ap-south-1,N/A,2026-08-22,0.0,61.1,0.0,1.39,Development,Engineering
ACC-1005,Block Storage,us-east-1,gp3,2026-08-22,0.0,186.2,0.0,16.19,Production,IT Operations
ACC-1004,Block Storage,ap-southeast-1,gp3,2026-08-22,0.0,111.1,0.0,8.47,Production,Sales
ACC-1006,Load Balancer,us-east-1,N/A,2026-08-22,0.0,0.0,49.9,4.35,Staging,Marketing
ACC-1004,Content Delivery (CDN),ap-southeast-1,N/A,2026-08-22,0.0,0.0,50.9,4.94,Production,Sales
ACC-1003,Managed Kubernetes,ap-south-1,m5.xlarge,2026-08-22,11.15,0.0,0.0,2.21,Staging,Data Science
ACC-1003,Block Storage,ap-south-1,io2,2026-08-22,0.0,131.3,0.0,15.22,Staging,Data Science
ACC-1003,Content Delivery (CDN),ap-south-1,N/A,2026-08-22,0.0,0.0,22.8,1.97,Staging,Data Science
ACC-1014,Managed Database,us-west-2,db.t3.medium,2026-08-22,12.09,63.2,0.0,7.52,Staging,Engineering
ACC-1004,Managed Kubernetes,ap-southeast-1,c5.2xlarge,2026-08-22,3.29,0.0,0.0,1.16,Production,Sales
ACC-1004,Data Transfer / Egress,ap-southeast-1,N/A,2026-08-23,0.0,0.0,16.2,1.35,Production,Sales
ACC-1001,Content Delivery (CDN),eu-central-1,N/A,2026-08-23,0.0,0.0,16.0,1.44,Staging,Engineering
ACC-1001,Data Transfer / Egress,eu-central-1,N/A,2026-08-23,0.0,0.0,3.1,0.28,Staging,Engineering
ACC-1010,Compute Instances,ap-southeast-1,r5.large,2026-08-23,3.47,0.0,0.0,0.45,Staging,Data Science
ACC-1010,Serverless Functions,ap-southeast-1,N/A,2026-08-23,6.99,0.0,0.0,0.36,Staging,Data Science
ACC-1010,Data Transfer / Egress,ap-southeast-1,N/A,2026-08-23,0.0,0.0,24.1,2.25,Staging,Data Science
ACC-1003,Serverless Functions,ap-south-1,N/A,2026-08-23,6.95,0.0,0.0,0.33,Production,Data Science
ACC-1003,Compute Instances,ap-south-1,m5.xlarge,2026-08-23,8.54,0.0,0.0,1.73,Production,Data Science
ACC-1006,Managed Database,us-east-1,db.r5.large,2026-08-23,9.33,45.3,0.0,6.87,Production,Marketing
ACC-1014,Managed Kubernetes,us-west-2,c5.2xlarge,2026-08-23,5.1,0.0,0.0,1.7,Production,Engineering
ACC-1011,Managed Kubernetes,us-east-1,m5.xlarge,2026-08-23,8.19,0.0,0.0,1.57,Production,Sales
ACC-1014,Block Storage,us-west-2,io2,2026-08-23,0.0,151.8,0.0,17.05,Production,Engineering
ACC-1011,Block Storage,us-east-1,io2,2026-08-23,0.0,301.1,0.0,39.72,Production,Sales
ACC-1008,Load Balancer,us-east-1,N/A,2026-08-23,0.0,0.0,58.0,5.23,Production,Engineering
ACC-1007,Load Balancer,ap-southeast-1,N/A,2026-08-23,0.0,0.0,44.0,3.42,Production,Marketing
ACC-1013,Data Warehouse,us-east-1,dw.large,2026-08-23,9.84,64.3,0.0,10.47,Development,Data Science
ACC-1013,Serverless Functions,us-east-1,N/A,2026-08-23,6.18,0.0,0.0,0.32,Development,Data Science
ACC-1013,Object Storage,us-east-1,N/A,2026-08-23,0.0,251.5,0.0,5.94,Development,Data Science
ACC-1015,Managed Database,ap-south-1,db.r5.large,2026-08-23,6.38,64.6,0.0,7.61,Production,Engineering
ACC-1014,Content Delivery (CDN),us-west-2,N/A,2026-08-23,0.0,0.0,48.5,23.68,Production,Engineering
ACC-1008,Data Warehouse,us-east-1,dw.xlarge,2026-08-24,15.01,78.4,0.0,22.5,Production,Engineering
ACC-1003,Managed Kubernetes,ap-south-1,c5.2xlarge,2026-08-24,20.43,0.0,0.0,6.85,Production,Data Science
ACC-1003,Data Warehouse,ap-south-1,dw.large,2026-08-24,14.81,58.1,0.0,13.91,Production,Data Science
ACC-1003,Data Transfer / Egress,ap-south-1,N/A,2026-08-24,0.0,0.0,6.0,0.56,Production,Data Science
ACC-1015,Object Storage,ap-south-1,N/A,2026-08-24,0.0,193.3,0.0,4.73,Production,Engineering
ACC-1004,Object Storage,ap-southeast-1,N/A,2026-08-24,0.0,333.8,0.0,7.74,Staging,Sales
ACC-1004,Managed Database,ap-southeast-1,db.t3.medium,2026-08-24,38.96,54.7,0.0,8.14,Staging,Sales
ACC-1008,Object Storage,us-east-1,N/A,2026-08-24,0.0,264.9,0.0,7.36,Production,Engineering
ACC-1011,Compute Instances,us-east-1,c5.large,2026-08-24,14.08,0.0,0.0,1.27,Development,Sales
ACC-1008,Managed Database,us-east-1,db.r5.large,2026-08-24,14.28,86.7,0.0,12.23,Production,Engineering
ACC-1015,Managed Kubernetes,ap-south-1,m5.xlarge,2026-08-24,16.81,0.0,0.0,3.2,Production,Engineering
ACC-1002,Data Transfer / Egress,ap-south-1,N/A,2026-08-24,0.0,0.0,24.4,2.08,Production,Sales
ACC-1007,Data Warehouse,ap-southeast-1,dw.large,2026-08-24,11.33,68.3,0.0,12.79,Production,Marketing
ACC-1002,Object Storage,ap-south-1,N/A,2026-08-24,0.0,275.7,0.0,6.23,Production,Sales
ACC-1007,Load Balancer,ap-southeast-1,N/A,2026-08-24,0.0,0.0,74.0,6.49,Production,Marketing
ACC-1013,Block Storage,eu-central-1,st1,2026-08-24,0.0,167.7,0.0,6.84,Production,Data Science
ACC-1007,Managed Database,ap-southeast-1,db.m5.large,2026-08-24,41.98,60.2,0.0,12.23,Production,Marketing
ACC-1001,Object Storage,eu-central-1,N/A,2026-08-24,0.0,280.6,0.0,6.07,Staging,Engineering
ACC-1009,Data Transfer / Egress,eu-central-1,N/A,2026-08-24,0.0,0.0,82.8,7.67,Production,Engineering
ACC-1009,Load Balancer,eu-central-1,N/A,2026-08-24,0.0,0.0,18.8,1.82,Production,Engineering
ACC-1002,Data Warehouse,ap-south-1,dw.large,2026-08-24,28.03,28.8,0.0,16.29,Production,Sales
ACC-1013,Data Warehouse,eu-central-1,dw.large,2026-08-24,27.96,15.6,0.0,14.84,Production,Data Science
ACC-1013,Data Warehouse,ap-south-1,dw.xlarge,2026-08-25,20.73,110.4,0.0,32.59,Production,Data Science
ACC-1014,Compute Instances,us-west-2,r5.large,2026-08-25,22.04,0.0,0.0,2.47,Development,Engineering
ACC-1003,Managed Database,ap-south-1,db.m5.large,2026-08-25,23.24,33.9,0.0,7.13,Production,Data Science
ACC-1009,Managed Kubernetes,eu-central-1,m5.xlarge,2026-08-25,12.74,0.0,0.0,2.09,Production,Engineering
ACC-1009,Managed Database,eu-central-1,db.r5.large,2026-08-25,22.13,64.7,0.0,11.88,Production,Engineering
ACC-1009,Load Balancer,eu-central-1,N/A,2026-08-25,0.0,0.0,31.1,2.72,Production,Engineering
ACC-1013,Block Storage,ap-south-1,io2,2026-08-25,0.0,220.9,0.0,26.8,Production,Data Science
ACC-1005,Block Storage,us-east-1,gp3,2026-08-25,0.0,233.5,0.0,17.65,Production,IT Operations
ACC-1001,Data Warehouse,us-east-1,dw.large,2026-08-25,25.05,39.2,0.0,17.77,Production,Engineering
ACC-1001,Object Storage,us-east-1,N/A,2026-08-25,0.0,110.1,0.0,2.22,Production,Engineering
ACC-1005,Data Warehouse,us-east-1,dw.large,2026-08-25,26.15,63.5,0.0,19.35,Production,IT Operations
ACC-1014,Serverless Functions,us-west-2,N/A,2026-08-25,13.67,0.0,0.0,0.7,Development,Engineering
ACC-1005,Compute Instances,us-east-1,m5.xlarge,2026-08-25,6.23,0.0,0.0,1.3,Production,IT Operations
ACC-1011,Content Delivery (CDN),ap-south-1,N/A,2026-08-25,0.0,0.0,38.2,3.24,Staging,Sales
ACC-1011,Object Storage,ap-south-1,N/A,2026-08-25,0.0,219.2,0.0,5.04,Staging,Sales
ACC-1011,Data Warehouse,ap-south-1,dw.xlarge,2026-08-25,18.0,66.4,0.0,23.93,Staging,Sales
ACC-1013,Object Storage,ap-south-1,N/A,2026-08-25,0.0,99.3,0.0,2.17,Production,Data Science
ACC-1004,Serverless Functions,ap-southeast-1,N/A,2026-08-25,17.42,0.0,0.0,0.86,Development,Sales
ACC-1014,Block Storage,us-west-2,gp3,2026-08-25,0.0,180.1,0.0,14.54,Development,Engineering
ACC-1007,Load Balancer,ap-southeast-1,N/A,2026-08-25,0.0,0.0,13.4,1.19,Production,Marketing
ACC-1004,Data Warehouse,ap-southeast-1,dw.xlarge,2026-08-25,30.07,87.6,0.0,41.87,Development,Sales
ACC-1010,Data Transfer / Egress,ap-southeast-1,N/A,2026-08-25,0.0,0.0,6.7,0.64,Production,Data Science
ACC-1012,Data Transfer / Egress,eu-west-1,N/A,2026-08-25,0.0,0.0,35.7,3.12,Staging,Finance
ACC-1012,Load Balancer,eu-west-1,N/A,2026-08-25,0.0,0.0,12.5,1.25,Staging,Finance
ACC-1012,Managed Database,eu-west-1,db.r5.large,2026-08-25,14.95,32.5,0.0,5.79,Staging,Finance
ACC-1002,Managed Database,ap-south-1,db.r5.large,2026-08-25,32.06,128.4,0.0,21.62,Production,Sales
ACC-1002,Data Warehouse,ap-south-1,dw.large,2026-08-25,34.61,72.5,0.0,21.77,Production,Sales
ACC-1002,Data Transfer / Egress,ap-south-1,N/A,2026-08-25,0.0,0.0,8.9,0.7,Production,Sales
ACC-1010,Object Storage,ap-southeast-1,N/A,2026-08-25,0.0,229.1,0.0,5.01,Production,Data Science
ACC-1008,Managed Kubernetes,us-east-1,c5.2xlarge,2026-08-25,11.79,0.0,0.0,3.92,Development,Engineering
ACC-1008,Object Storage,us-east-1,N/A,2026-08-25,0.0,145.6,0.0,3.41,Development,Engineering
ACC-1008,Data Warehouse,us-east-1,dw.large,2026-08-25,18.98,73.5,0.0,15.03,Development,Engineering
ACC-1015,Compute Instances,ap-south-1,t3.medium,2026-08-25,15.07,0.0,0.0,0.68,Production,Engineering
ACC-1015,Object Storage,ap-south-1,N/A,2026-08-25,0.0,265.8,0.0,6.54,Production,Engineering
ACC-1015,Data Warehouse,ap-south-1,dw.large,2026-08-25,13.01,17.4,0.0,8.49,Production,Engineering
ACC-1007,Serverless Functions,ap-southeast-1,N/A,2026-08-25,11.78,0.0,0.0,0.54,Production,Marketing
ACC-1007,Object Storage,ap-southeast-1,N/A,2026-08-25,0.0,253.6,0.0,6.43,Production,Marketing
ACC-1006,Object Storage,us-east-1,N/A,2026-08-25,0.0,156.3,0.0,3.4,Production,Marketing
ACC-1015,Managed Database,ap-south-1,db.m5.large,2026-08-26,26.29,29.0,0.0,7.9,Production,Engineering
ACC-1005,Compute Instances,us-east-1,r5.large,2026-08-26,30.73,0.0,0.0,4.05,Development,IT Operations
ACC-1005,Serverless Functions,us-east-1,N/A,2026-08-26,10.09,0.0,0.0,0.5,Development,IT Operations
ACC-1005,Data Transfer / Egress,us-east-1,N/A,2026-08-26,0.0,0.0,9.8,0.78,Development,IT Operations
ACC-1003,Content Delivery (CDN),ap-south-1,N/A,2026-08-26,0.0,0.0,16.1,1.4,Production,Data Science
ACC-1003,Managed Database,ap-south-1,db.m5.large,2026-08-26,22.47,27.8,0.0,6.53,Production,Data Science
ACC-1011,Object Storage,us-east-1,N/A,2026-08-26,0.0,270.5,0.0,5.23,Production,Sales
ACC-1001,Data Transfer / Egress,eu-central-1,N/A,2026-08-26,0.0,0.0,40.3,3.78,Production,Engineering
ACC-1006,Managed Database,ap-southeast-1,db.t3.medium,2026-08-26,17.31,95.1,0.0,9.69,Production,Marketing
ACC-1001,Content Delivery (CDN),eu-central-1,N/A,2026-08-26,0.0,0.0,37.0,3.21,Production,Engineering
ACC-1001,Managed Kubernetes,eu-central-1,c5.2xlarge,2026-08-26,12.01,0.0,0.0,3.99,Production,Engineering
ACC-1014,Block Storage,us-west-2,io2,2026-08-26,0.0,161.0,0.0,17.82,Staging,Engineering
ACC-1014,Data Transfer / Egress,us-west-2,N/A,2026-08-26,0.0,0.0,52.2,4.56,Staging,Engineering
ACC-1015,Block Storage,ap-south-1,gp3,2026-08-26,0.0,230.5,0.0,20.9,Production,Engineering
ACC-1006,Load Balancer,ap-southeast-1,N/A,2026-08-26,0.0,0.0,35.7,3.26,Production,Marketing
ACC-1015,Content Delivery (CDN),ap-south-1,N/A,2026-08-26,0.0,0.0,31.4,2.71,Production,Engineering
ACC-1014,Managed Database,us-west-2,db.m5.large,2026-08-26,15.67,51.4,0.0,7.87,Staging,Engineering
ACC-1002,Object Storage,ap-south-1,N/A,2026-08-26,0.0,205.9,0.0,4.63,Staging,Sales
ACC-1010,Data Warehouse,ap-southeast-1,dw.large,2026-08-26,10.03,50.1,0.0,9.55,Production,Data Science
ACC-1013,Managed Database,us-east-1,db.r5.large,2026-08-26,24.22,39.4,0.0,9.15,Production,Data Science
ACC-1013,Load Balancer,us-east-1,N/A,2026-08-26,0.0,0.0,4.5,0.43,Production,Data Science
ACC-1008,Load Balancer,ap-south-1,N/A,2026-08-26,0.0,0.0,18.3,1.7,Production,Engineering
ACC-1008,Data Transfer / Egress,ap-south-1,N/A,2026-08-26,0.0,0.0,12.6,1.26,Production,Engineering
ACC-1012,Serverless Functions,eu-west-1,N/A,2026-08-26,6.54,0.0,0.0,0.37,Development,Finance
ACC-1012,Load Balancer,eu-west-1,N/A,2026-08-26,0.0,0.0,36.0,3.58,Development,Finance
ACC-1013,Data Transfer / Egress,us-east-1,N/A,2026-08-26,0.0,0.0,13.4,1.22,Production,Data Science
ACC-1007,Serverless Functions,ap-southeast-1,N/A,2026-08-26,10.86,0.0,0.0,0.6,Production,Marketing
ACC-1007,Compute Instances,ap-southeast-1,t3.medium,2026-08-26,7.1,0.0,0.0,0.3,Production,Marketing
ACC-1007,Managed Database,ap-southeast-1,db.m5.large,2026-08-26,13.39,103.8,0.0,14.06,Production,Marketing
ACC-1009,Compute Instances,eu-central-1,m5.large,2026-08-26,14.02,0.0,0.0,1.38,Development,Engineering
ACC-1004,Serverless Functions,ap-southeast-1,N/A,2026-08-26,38.06,0.0,0.0,1.81,Development,Sales
ACC-1004,Compute Instances,ap-southeast-1,r5.large,2026-08-26,19.99,0.0,0.0,3.01,Development,Sales
ACC-1012,Managed Database,eu-west-1,db.r5.large,2026-08-26,22.39,78.9,0.0,65.21,Development,Finance
ACC-1001,Compute Instances,eu-central-1,r5.large,2026-08-27,13.05,0.0,0.0,1.7,Staging,Engineering
ACC-1004,Load Balancer,ap-southeast-1,N/A,2026-08-27,0.0,0.0,43.0,4.09,Production,Sales
ACC-1008,Object Storage,us-east-1,N/A,2026-08-27,0.0,298.2,0.0,6.04,Production,Engineering
ACC-1008,Data Warehouse,us-east-1,dw.xlarge,2026-08-27,8.84,91.5,0.0,17.06,Production,Engineering
ACC-1008,Content Delivery (CDN),us-east-1,N/A,2026-08-27,0.0,0.0,27.6,2.46,Production,Engineering
ACC-1007,Data Transfer / Egress,ap-southeast-1,N/A,2026-08-27,0.0,0.0,72.4,6.51,Development,Marketing
ACC-1013,Serverless Functions,us-east-1,N/A,2026-08-27,11.03,0.0,0.0,0.51,Production,Data Science
ACC-1007,Data Warehouse,ap-southeast-1,dw.xlarge,2026-08-27,31.8,75.1,0.0,40.8,Development,Marketing
ACC-1006,Block Storage,us-east-1,io2,2026-08-27,0.0,184.7,0.0,25.73,Development,Marketing
ACC-1006,Content Delivery (CDN),us-east-1,N/A,2026-08-27,0.0,0.0,9.9,0.93,Development,Marketing
ACC-1014,Managed Database,us-west-2,db.r5.large,2026-08-27,22.74,23.3,0.0,7.84,Staging,Engineering
ACC-1010,Data Transfer / Egress,ap-southeast-1,N/A,2026-08-27,0.0,0.0,23.2,2.11,Staging,Data Science
ACC-1005,Managed Database,us-east-1,db.m5.large,2026-08-27,15.99,35.2,0.0,6.88,Production,IT Operations
ACC-1009,Serverless Functions,eu-central-1,N/A,2026-08-27,11.29,0.0,0.0,0.52,Production,Engineering
ACC-1011,Managed Database,us-east-1,db.m5.large,2026-08-27,17.78,5.1,0.0,3.49,Production,Sales
ACC-1009,Data Transfer / Egress,eu-central-1,N/A,2026-08-27,0.0,0.0,40.8,3.67,Production,Engineering
ACC-1002,Data Warehouse,eu-central-1,dw.xlarge,2026-08-27,20.35,91.7,0.0,31.5,Production,Sales
ACC-1002,Managed Database,eu-central-1,db.r5.large,2026-08-27,24.51,21.6,0.0,8.54,Production,Sales
ACC-1002,Managed Kubernetes,eu-central-1,m5.large,2026-08-27,35.13,0.0,0.0,3.39,Production,Sales
ACC-1015,Managed Kubernetes,ap-south-1,m5.xlarge,2026-08-27,12.77,0.0,0.0,2.53,Staging,Engineering
ACC-1015,Data Warehouse,ap-south-1,dw.large,2026-08-27,15.2,27.9,0.0,9.75,Staging,Engineering
ACC-1015,Compute Instances,ap-south-1,t3.medium,2026-08-27,13.38,0.0,0.0,0.56,Staging,Engineering
ACC-1011,Compute Instances,us-east-1,m5.xlarge,2026-08-27,10.83,0.0,0.0,2.16,Production,Sales
ACC-1012,Block Storage,eu-west-1,io2,2026-08-27,0.0,205.9,0.0,25.6,Production,Finance
ACC-1012,Compute Instances,eu-west-1,t3.micro,2026-08-27,7.64,0.0,0.0,0.07,Production,Finance
ACC-1005,Object Storage,us-east-1,N/A,2026-08-27,0.0,128.7,0.0,2.73,Production,IT Operations
ACC-1010,Load Balancer,ap-southeast-1,N/A,2026-08-28,0.0,0.0,48.5,4.72,Production,Data Science
ACC-1010,Data Warehouse,ap-southeast-1,dw.large,2026-08-28,19.52,104.0,0.0,19.8,Production,Data Science
ACC-1005,Managed Kubernetes,us-east-1,m5.xlarge,2026-08-28,15.53,0.0,0.0,3.04,Production,IT Operations
ACC-1001,Object Storage,eu-central-1,N/A,2026-08-28,0.0,246.7,0.0,5.85,Production,Engineering
ACC-1010,Block Storage,ap-southeast-1,io2,2026-08-28,0.0,128.2,0.0,17.24,Production,Data Science
ACC-1012,Load Balancer,eu-west-1,N/A,2026-08-28,0.0,0.0,39.3,3.97,Development,Finance
ACC-1006,Serverless Functions,us-east-1,N/A,2026-08-28,14.3,0.0,0.0,0.71,Production,Marketing
ACC-1014,Block Storage,us-west-2,st1,2026-08-28,0.0,116.3,0.0,4.96,Production,Engineering
ACC-1007,Object Storage,ap-southeast-1,N/A,2026-08-28,0.0,219.4,0.0,4.54,Staging,Marketing
ACC-1007,Managed Database,ap-southeast-1,db.r5.large,2026-08-28,22.34,45.4,0.0,11.38,Staging,Marketing
ACC-1004,Managed Database,ap-southeast-1,db.r5.large,2026-08-28,13.38,91.0,0.0,14.01,Production,Sales
ACC-1008,Block Storage,us-east-1,gp3,2026-08-28,0.0,254.1,0.0,22.01,Staging,Engineering
ACC-1014,Managed Database,us-west-2,db.m5.large,2026-08-28,13.59,103.2,0.0,11.74,Production,Engineering
ACC-1005,Content Delivery (CDN),us-east-1,N/A,2026-08-28,0.0,0.0,29.2,2.74,Production,IT Operations
ACC-1008,Compute Instances,us-east-1,m5.large,2026-08-28,16.53,0.0,0.0,1.61,Staging,Engineering
ACC-1011,Data Transfer / Egress,us-east-1,N/A,2026-08-28,0.0,0.0,28.9,2.61,Production,Sales
ACC-1003,Serverless Functions,us-west-2,N/A,2026-08-28,18.4,0.0,0.0,0.92,Staging,Data Science
ACC-1003,Data Warehouse,us-west-2,dw.xlarge,2026-08-28,17.57,72.8,0.0,24.2,Staging,Data Science
ACC-1015,Content Delivery (CDN),ap-south-1,N/A,2026-08-28,0.0,0.0,15.6,1.49,Production,Engineering
ACC-1005,Data Transfer / Egress,us-east-1,N/A,2026-08-28,0.0,0.0,10.6,0.86,Production,IT Operations
ACC-1009,Content Delivery (CDN),eu-central-1,N/A,2026-08-28,0.0,0.0,27.1,2.53,Staging,Engineering
ACC-1009,Managed Database,eu-central-1,db.r5.large,2026-08-28,23.53,45.8,0.0,10.53,Staging,Engineering
ACC-1015,Load Balancer,ap-south-1,N/A,2026-08-28,0.0,0.0,5.2,0.46,Production,Engineering
ACC-1002,Managed Database,eu-central-1,db.m5.large,2026-08-28,20.59,16.1,0.0,5.4,Production,Sales
ACC-1002,Load Balancer,eu-central-1,N/A,2026-08-28,0.0,0.0,33.9,3.06,Production,Sales
ACC-1002,Block Storage,eu-central-1,gp3,2026-08-28,0.0,251.1,0.0,20.18,Production,Sales
ACC-1011,Compute Instances,us-east-1,c5.large,2026-08-28,15.38,0.0,0.0,1.28,Production,Sales
ACC-1011,Block Storage,us-east-1,gp3,2026-08-28,0.0,295.8,0.0,24.09,Production,Sales
ACC-1009,Object Storage,eu-central-1,N/A,2026-08-28,0.0,196.8,0.0,4.19,Staging,Engineering
ACC-1003,Load Balancer,ap-south-1,N/A,2026-08-29,0.0,0.0,35.4,3.03,Production,Data Science
ACC-1003,Compute Instances,ap-south-1,t3.micro,2026-08-29,5.27,0.0,0.0,0.05,Production,Data Science
ACC-1003,Managed Database,ap-south-1,db.m5.large,2026-08-29,12.05,43.6,0.0,5.84,Production,Data Science
ACC-1015,Content Delivery (CDN),ap-south-1,N/A,2026-08-29,0.0,0.0,28.6,2.55,Production,Engineering
ACC-1015,Compute Instances,ap-south-1,t3.medium,2026-08-29,9.36,0.0,0.0,0.38,Production,Engineering
ACC-1015,Load Balancer,ap-south-1,N/A,2026-08-29,0.0,0.0,29.1,2.63,Production,Engineering
ACC-1010,Compute Instances,ap-southeast-1,m5.large,2026-08-29,9.7,0.0,0.0,0.96,Development,Data Science
ACC-1014,Compute Instances,us-west-2,r5.large,2026-08-29,5.15,0.0,0.0,0.65,Staging,Engineering
ACC-1001,Managed Kubernetes,eu-central-1,c5.2xlarge,2026-08-29,4.44,0.0,0.0,1.38,Production,Engineering
ACC-1001,Compute Instances,eu-central-1,c5.large,2026-08-29,3.65,0.0,0.0,0.32,Production,Engineering
ACC-1001,Object Storage,eu-central-1,N/A,2026-08-29,0.0,145.2,0.0,3.51,Production,Engineering
ACC-1009,Compute Instances,eu-central-1,m5.xlarge,2026-08-29,5.75,0.0,0.0,1.16,Staging,Engineering
ACC-1010,Block Storage,ap-southeast-1,gp3,2026-08-29,0.0,252.0,0.0,19.97,Development,Data Science
ACC-1014,Content Delivery (CDN),us-west-2,N/A,2026-08-29,0.0,0.0,18.6,1.67,Staging,Engineering
ACC-1009,Load Balancer,eu-central-1,N/A,2026-08-29,0.0,0.0,12.9,1.16,Staging,Engineering
ACC-1014,Serverless Functions,us-west-2,N/A,2026-08-29,8.37,0.0,0.0,0.39,Staging,Engineering
ACC-1013,Data Transfer / Egress,us-east-1,N/A,2026-08-29,0.0,0.0,36.7,3.3,Production,Data Science
ACC-1009,Content Delivery (CDN),eu-central-1,N/A,2026-08-29,0.0,0.0,58.3,5.48,Staging,Engineering
ACC-1005,Object Storage,us-east-1,N/A,2026-08-29,0.0,234.6,0.0,5.07,Production,IT Operations
ACC-1005,Load Balancer,us-east-1,N/A,2026-08-29,0.0,0.0,36.5,3.33,Production,IT Operations
ACC-1011,Compute Instances,ap-southeast-1,m5.xlarge,2026-08-29,5.26,0.0,0.0,1.02,Production,Sales
ACC-1006,Load Balancer,us-east-1,N/A,2026-08-29,0.0,0.0,60.2,4.49,Staging,Marketing
ACC-1012,Data Warehouse,ap-south-1,dw.large,2026-08-29,12.1,75.9,0.0,13.54,Production,Finance
ACC-1012,Data Transfer / Egress,ap-south-1,N/A,2026-08-29,0.0,0.0,14.9,1.51,Production,Finance
ACC-1005,Data Warehouse,us-east-1,dw.large,2026-08-29,25.42,69.3,0.0,17.95,Production,IT Operations
ACC-1002,Serverless Functions,ap-south-1,N/A,2026-08-29,9.0,0.0,0.0,0.43,Production,Sales
ACC-1002,Managed Database,ap-south-1,db.m5.large,2026-08-29,15.72,125.5,0.0,15.4,Production,Sales
ACC-1002,Load Balancer,ap-south-1,N/A,2026-08-29,0.0,0.0,23.2,2.03,Production,Sales
ACC-1007,Managed Database,ap-southeast-1,db.r5.large,2026-08-29,14.31,140.2,0.0,18.7,Staging,Marketing
ACC-1007,Compute Instances,ap-southeast-1,c5.large,2026-08-29,11.38,0.0,0.0,0.89,Staging,Marketing
ACC-1013,Block Storage,us-east-1,gp3,2026-08-29,0.0,223.7,0.0,17.81,Production,Data Science
ACC-1004,Compute Instances,ap-southeast-1,c5.large,2026-08-29,10.18,0.0,0.0,0.83,Production,Sales
ACC-1001,Content Delivery (CDN),eu-central-1,N/A,2026-08-30,0.0,0.0,48.4,4.74,Production,Engineering
ACC-1012,Compute Instances,eu-west-1,m5.large,2026-08-30,10.92,0.0,0.0,6.38,Staging,Finance
ACC-1012,Managed Kubernetes,eu-west-1,c5.2xlarge,2026-08-30,7.99,0.0,0.0,2.63,Staging,Finance
ACC-1012,Managed Database,eu-west-1,db.m5.large,2026-08-30,17.97,84.6,0.0,11.73,Staging,Finance
ACC-1009,Serverless Functions,eu-central-1,N/A,2026-08-30,9.4,0.0,0.0,0.49,Production,Engineering
ACC-1013,Compute Instances,us-east-1,t3.medium,2026-08-30,6.84,0.0,0.0,0.28,Staging,Data Science
ACC-1013,Managed Kubernetes,us-east-1,m5.large,2026-08-30,6.9,0.0,0.0,0.61,Staging,Data Science
ACC-1002,Data Transfer / Egress,ap-south-1,N/A,2026-08-30,0.0,0.0,21.8,2.17,Development,Sales
ACC-1002,Managed Kubernetes,ap-south-1,m5.xlarge,2026-08-30,4.19,0.0,0.0,0.78,Development,Sales
ACC-1002,Data Warehouse,ap-south-1,dw.large,2026-08-30,5.17,66.2,0.0,29.84,Development,Sales
ACC-1005,Block Storage,us-east-1,io2,2026-08-30,0.0,291.1,0.0,33.7,Production,IT Operations
ACC-1009,Managed Database,eu-central-1,db.t3.medium,2026-08-30,16.26,58.8,0.0,7.54,Production,Engineering
ACC-1005,Data Warehouse,us-east-1,dw.xlarge,2026-08-30,5.18,110.7,0.0,15.55,Production,IT Operations
ACC-1014,Compute Instances,us-west-2,m5.large,2026-08-30,9.21,0.0,0.0,0.94,Production,Engineering
ACC-1007,Object Storage,eu-central-1,N/A,2026-08-30,0.0,259.4,0.0,5.93,Staging,Marketing
ACC-1015,Compute Instances,ap-south-1,t3.micro,2026-08-30,4.24,0.0,0.0,0.04,Development,Engineering
ACC-1005,Data Transfer / Egress,us-east-1,N/A,2026-08-30,0.0,0.0,47.2,4.41,Production,IT Operations
ACC-1011,Content Delivery (CDN),us-east-1,N/A,2026-08-30,0.0,0.0,29.8,2.96,Production,Sales
ACC-1011,Load Balancer,us-east-1,N/A,2026-08-30,0.0,0.0,28.5,2.72,Production,Sales
ACC-1006,Load Balancer,us-east-1,N/A,2026-08-30,0.0,0.0,37.6,3.43,Production,Marketing
ACC-1015,Managed Kubernetes,ap-south-1,c5.2xlarge,2026-08-30,11.72,0.0,0.0,4.27,Development,Engineering
ACC-1008,Block Storage,us-east-1,gp3,2026-08-30,0.0,226.8,0.0,18.64,Production,Engineering
ACC-1008,Object Storage,us-east-1,N/A,2026-08-30,0.0,144.9,0.0,3.55,Production,Engineering
ACC-1014,Serverless Functions,us-west-2,N/A,2026-08-30,10.98,0.0,0.0,0.55,Production,Engineering
ACC-1007,Data Transfer / Egress,eu-central-1,N/A,2026-08-30,0.0,0.0,15.1,1.38,Staging,Marketing
ACC-1007,Data Warehouse,eu-central-1,dw.xlarge,2026-08-30,22.56,18.5,0.0,96.66,Staging,Marketing
ACC-1008,Content Delivery (CDN),us-east-1,N/A,2026-08-30,0.0,0.0,15.0,1.54,Production,Engineering
ACC-1014,Load Balancer,us-west-2,N/A,2026-08-31,0.0,0.0,23.3,2.14,Staging,Engineering
ACC-1013,Data Warehouse,us-east-1,dw.large,2026-08-31,12.0,14.2,0.0,6.15,Development,Data Science
ACC-1006,Compute Instances,us-east-1,t3.medium,2026-08-31,8.83,0.0,0.0,0.38,Production,Marketing
ACC-1013,Block Storage,us-east-1,io2,2026-08-31,0.0,229.9,0.0,30.59,Development,Data Science
ACC-1007,Serverless Functions,us-west-2,N/A,2026-08-31,19.25,0.0,0.0,1.05,Production,Marketing
ACC-1005,Block Storage,us-east-1,gp3,2026-08-31,0.0,278.7,0.0,22.61,Production,IT Operations
ACC-1005,Managed Kubernetes,us-east-1,m5.xlarge,2026-08-31,11.66,0.0,0.0,2.19,Production,IT Operations
ACC-1015,Load Balancer,ap-south-1,N/A,2026-08-31,0.0,0.0,96.2,9.66,Production,Engineering
ACC-1014,Managed Database,us-west-2,db.r5.large,2026-08-31,11.74,43.2,0.0,6.73,Staging,Engineering
ACC-1013,Data Transfer / Egress,us-east-1,N/A,2026-08-31,0.0,0.0,55.7,5.07,Development,Data Science
ACC-1004,Content Delivery (CDN),ap-southeast-1,N/A,2026-08-31,0.0,0.0,58.3,5.66,Staging,Sales
ACC-1009,Content Delivery (CDN),eu-central-1,N/A,2026-08-31,0.0,0.0,30.7,2.93,Development,Engineering
ACC-1009,Managed Database,eu-central-1,db.t3.medium,2026-08-31,9.21,83.6,0.0,8.49,Development,Engineering
ACC-1002,Object Storage,ap-south-1,N/A,2026-08-31,0.0,182.6,0.0,4.54,Development,Sales
ACC-1002,Data Transfer / Egress,ap-south-1,N/A,2026-08-31,0.0,0.0,23.1,1.98,Development,Sales
ACC-1012,Serverless Functions,ap-south-1,N/A,2026-08-31,10.71,0.0,0.0,0.48,Production,Finance
ACC-1012,Data Transfer / Egress,ap-south-1,N/A,2026-08-31,0.0,0.0,13.4,1.19,Production,Finance
ACC-1003,Managed Kubernetes,eu-west-1,c5.2xlarge,2026-08-31,17.55,0.0,0.0,6.3,Production,Data Science
ACC-1010,Data Transfer / Egress,ap-southeast-1,N/A,2026-08-31,0.0,0.0,23.1,2.08,Production,Data Science
ACC-1014,Data Transfer / Egress,us-west-2,N/A,2026-08-31,0.0,0.0,12.9,1.23,Staging,Engineering
ACC-1002,Compute Instances,ap-south-1,c5.large,2026-09-01,13.02,0.0,0.0,1.07,Development,Sales
ACC-1010,Data Warehouse,ap-southeast-1,dw.large,2026-09-01,39.44,98.3,0.0,26.35,Development,Data Science
ACC-1010,Object Storage,ap-southeast-1,N/A,2026-09-01,0.0,285.4,0.0,6.44,Development,Data Science
ACC-1010,Load Balancer,ap-southeast-1,N/A,2026-09-01,0.0,0.0,41.2,3.88,Development,Data Science
ACC-1013,Managed Database,us-east-1,db.r5.large,2026-09-01,14.12,42.4,0.0,7.4,Development,Data Science
ACC-1004,Object Storage,ap-southeast-1,N/A,2026-09-01,0.0,126.4,0.0,3.18,Production,Sales
ACC-1013,Managed Kubernetes,us-east-1,c5.2xlarge,2026-09-01,15.89,0.0,0.0,5.36,Development,Data Science
ACC-1013,Data Warehouse,us-east-1,dw.xlarge,2026-09-01,10.05,68.6,0.0,16.09,Development,Data Science
ACC-1005,Load Balancer,us-east-1,N/A,2026-09-01,0.0,0.0,36.4,3.11,Production,IT Operations
ACC-1004,Data Transfer / Egress,ap-southeast-1,N/A,2026-09-01,0.0,0.0,28.5,3.05,Production,Sales
ACC-1005,Compute Instances,us-east-1,t3.micro,2026-09-01,9.92,0.0,0.0,0.11,Production,IT Operations
ACC-1005,Data Warehouse,us-east-1,dw.xlarge,2026-09-01,24.46,52.1,0.0,31.96,Production,IT Operations
ACC-1012,Object Storage,eu-west-1,N/A,2026-09-01,0.0,268.1,0.0,5.41,Staging,Finance
ACC-1012,Managed Database,eu-west-1,db.t3.medium,2026-09-01,29.56,56.9,0.0,7.28,Staging,Finance
ACC-1008,Managed Database,eu-central-1,db.t3.medium,2026-09-01,27.25,79.3,0.0,9.99,Development,Engineering
ACC-1008,Managed Kubernetes,eu-central-1,m5.large,2026-09-01,6.02,0.0,0.0,0.51,Development,Engineering
ACC-1011,Managed Kubernetes,us-east-1,m5.large,2026-09-01,11.43,0.0,0.0,1.07,Development,Sales
ACC-1011,Serverless Functions,us-east-1,N/A,2026-09-01,11.68,0.0,0.0,0.57,Development,Sales
ACC-1011,Content Delivery (CDN),us-east-1,N/A,2026-09-01,0.0,0.0,21.2,1.9,Development,Sales
ACC-1015,Data Transfer / Egress,ap-south-1,N/A,2026-09-01,0.0,0.0,49.0,4.2,Staging,Engineering
ACC-1009,Data Transfer / Egress,ap-south-1,N/A,2026-09-01,0.0,0.0,49.1,4.66,Staging,Engineering
ACC-1009,Content Delivery (CDN),ap-south-1,N/A,2026-09-01,0.0,0.0,24.8,2.2,Staging,Engineering
ACC-1009,Load Balancer,ap-south-1,N/A,2026-09-01,0.0,0.0,28.0,12.96,Staging,Engineering
ACC-1015,Managed Database,ap-south-1,db.r5.large,2026-09-01,26.26,33.1,0.0,9.29,Staging,Engineering
ACC-1011,Data Transfer / Egress,us-east-1,N/A,2026-09-02,0.0,0.0,40.6,3.67,Production,Sales
ACC-1005,Managed Database,us-east-1,db.r5.large,2026-09-02,23.43,26.1,0.0,8.6,Development,IT Operations
ACC-1005,Compute Instances,us-east-1,m5.large,2026-09-02,20.27,0.0,0.0,1.77,Development,IT Operations
ACC-1009,Managed Kubernetes,eu-central-1,m5.large,2026-09-02,14.96,0.0,0.0,1.34,Staging,Engineering
ACC-1013,Compute Instances,us-east-1,r5.large,2026-09-02,22.51,0.0,0.0,2.82,Staging,Data Science
ACC-1013,Data Warehouse,us-east-1,dw.large,2026-09-02,40.34,122.7,0.0,32.03,Staging,Data Science
ACC-1011,Compute Instances,us-east-1,m5.xlarge,2026-09-02,17.81,0.0,0.0,3.6,Production,Sales
ACC-1002,Content Delivery (CDN),us-east-1,N/A,2026-09-02,0.0,0.0,29.3,9.44,Development,Sales
ACC-1014,Block Storage,us-west-2,st1,2026-09-02,0.0,221.1,0.0,11.0,Production,Engineering
ACC-1014,Compute Instances,us-west-2,r5.large,2026-09-02,13.25,0.0,0.0,1.65,Production,Engineering
ACC-1014,Object Storage,us-west-2,N/A,2026-09-02,0.0,312.2,0.0,6.74,Production,Engineering
ACC-1002,Block Storage,us-east-1,gp3,2026-09-02,0.0,330.0,0.0,24.76,Development,Sales
ACC-1002,Data Transfer / Egress,us-east-1,N/A,2026-09-02,0.0,0.0,17.9,1.41,Development,Sales
ACC-1005,Managed Kubernetes,us-east-1,c5.2xlarge,2026-09-02,13.64,0.0,0.0,4.32,Development,IT Operations
ACC-1012,Serverless Functions,eu-west-1,N/A,2026-09-02,20.58,0.0,0.0,1.02,Production,Finance
ACC-1010,Managed Database,ap-southeast-1,db.r5.large,2026-09-02,30.72,34.0,0.0,11.24,Production,Data Science
ACC-1001,Data Transfer / Egress,eu-central-1,N/A,2026-09-02,0.0,0.0,32.8,3.19,Production,Engineering
ACC-1015,Managed Kubernetes,ap-south-1,c5.2xlarge,2026-09-02,17.27,0.0,0.0,5.67,Staging,Engineering
ACC-1004,Managed Kubernetes,ap-southeast-1,c5.2xlarge,2026-09-02,19.3,0.0,0.0,5.9,Development,Sales
ACC-1004,Managed Database,ap-southeast-1,db.t3.medium,2026-09-02,24.3,81.9,0.0,9.51,Development,Sales
ACC-1015,Block Storage,ap-south-1,io2,2026-09-02,0.0,142.1,0.0,17.58,Staging,Engineering
ACC-1001,Compute Instances,eu-central-1,m5.xlarge,2026-09-02,2.18,0.0,0.0,0.4,Production,Engineering
ACC-1001,Content Delivery (CDN),eu-central-1,N/A,2026-09-02,0.0,0.0,47.2,4.28,Production,Engineering
ACC-1007,Compute Instances,ap-southeast-1,t3.medium,2026-09-02,16.1,0.0,0.0,0.74,Staging,Marketing
ACC-1007,Load Balancer,ap-southeast-1,N/A,2026-09-02,0.0,0.0,32.4,2.85,Staging,Marketing
ACC-1004,Object Storage,ap-southeast-1,N/A,2026-09-02,0.0,198.7,0.0,4.37,Development,Sales
ACC-1003,Data Warehouse,ap-south-1,dw.xlarge,2026-09-02,19.97,56.7,0.0,25.95,Production,Data Science
ACC-1006,Data Warehouse,us-east-1,dw.xlarge,2026-09-02,37.26,91.4,0.0,42.14,Staging,Marketing
ACC-1006,Managed Database,us-east-1,db.m5.large,2026-09-02,32.51,100.8,0.0,14.72,Staging,Marketing
ACC-1008,Data Transfer / Egress,us-east-1,N/A,2026-09-02,0.0,0.0,44.9,3.94,Staging,Engineering
ACC-1008,Managed Database,us-east-1,db.m5.large,2026-09-02,15.12,48.7,0.0,7.71,Staging,Engineering
ACC-1015,Data Transfer / Egress,ap-south-1,N/A,2026-09-02,0.0,0.0,18.3,1.61,Staging,Engineering
ACC-1007,Data Transfer / Egress,ap-southeast-1,N/A,2026-09-02,0.0,0.0,14.6,1.21,Staging,Marketing
ACC-1014,Managed Database,us-west-2,db.m5.large,2026-09-03,16.77,73.1,0.0,9.8,Production,Engineering
ACC-1014,Load Balancer,us-west-2,N/A,2026-09-03,0.0,0.0,13.9,1.26,Production,Engineering
ACC-1011,Data Transfer / Egress,us-east-1,N/A,2026-09-03,0.0,0.0,14.0,1.43,Production,Sales
ACC-1008,Data Transfer / Egress,us-east-1,N/A,2026-09-03,0.0,0.0,38.7,3.27,Production,Engineering
ACC-1012,Serverless Functions,eu-west-1,N/A,2026-09-03,8.63,0.0,0.0,0.47,Production,Finance
ACC-1013,Object Storage,us-east-1,N/A,2026-09-03,0.0,368.9,0.0,7.44,Development,Data Science
ACC-1003,Managed Kubernetes,ap-south-1,c5.2xlarge,2026-09-03,18.74,0.0,0.0,5.9,Production,Data Science
ACC-1012,Load Balancer,eu-west-1,N/A,2026-09-03,0.0,0.0,89.9,8.15,Production,Finance
ACC-1014,Compute Instances,us-west-2,m5.large,2026-09-03,8.18,0.0,0.0,0.91,Production,Engineering
ACC-1009,Managed Database,us-east-1,db.t3.medium,2026-09-03,15.22,39.7,0.0,5.64,Production,Engineering
ACC-1010,Compute Instances,ap-southeast-1,c5.large,2026-09-03,14.92,0.0,0.0,1.39,Production,Data Science
ACC-1004,Data Transfer / Egress,ap-southeast-1,N/A,2026-09-03,0.0,0.0,17.3,1.67,Staging,Sales
ACC-1002,Block Storage,ap-south-1,st1,2026-09-03,0.0,221.2,0.0,11.03,Staging,Sales
ACC-1002,Managed Kubernetes,ap-south-1,c5.2xlarge,2026-09-03,12.43,0.0,0.0,4.27,Staging,Sales
ACC-1004,Managed Database,ap-southeast-1,db.r5.large,2026-09-03,22.7,57.8,0.0,11.5,Staging,Sales
ACC-1007,Compute Instances,ap-southeast-1,t3.medium,2026-09-03,8.24,0.0,0.0,0.32,Development,Marketing
ACC-1005,Managed Database,us-east-1,db.m5.large,2026-09-03,31.63,44.5,0.0,10.17,Staging,IT Operations
ACC-1007,Load Balancer,ap-southeast-1,N/A,2026-09-03,0.0,0.0,45.1,4.14,Development,Marketing
ACC-1006,Managed Database,us-east-1,db.t3.medium,2026-09-03,7.08,69.0,0.0,8.83,Staging,Marketing
ACC-1006,Block Storage,us-east-1,gp3,2026-09-03,0.0,203.9,0.0,16.52,Staging,Marketing
ACC-1006,Content Delivery (CDN),us-east-1,N/A,2026-09-03,0.0,0.0,31.4,3.03,Staging,Marketing
ACC-1002,Load Balancer,ap-south-1,N/A,2026-09-03,0.0,0.0,17.3,1.41,Staging,Sales
ACC-1005,Managed Kubernetes,us-east-1,c5.2xlarge,2026-09-03,13.61,0.0,0.0,4.78,Staging,IT Operations
ACC-1006,Content Delivery (CDN),us-east-1,N/A,2026-09-04,0.0,0.0,26.4,2.24,Staging,Marketing
ACC-1015,Compute Instances,ap-southeast-1,t3.micro,2026-09-04,9.19,0.0,0.0,0.1,Production,Engineering
ACC-1015,Data Warehouse,ap-southeast-1,dw.xlarge,2026-09-04,25.83,46.5,0.0,29.66,Production,Engineering
ACC-1010,Data Transfer / Egress,ap-southeast-1,N/A,2026-09-04,0.0,0.0,9.8,0.88,Production,Data Science
ACC-1005,Compute Instances,us-east-1,m5.large,2026-09-04,11.22,0.0,0.0,1.12,Development,IT Operations
ACC-1006,Compute Instances,us-east-1,r5.large,2026-09-04,11.73,0.0,0.0,1.56,Staging,Marketing
ACC-1007,Managed Kubernetes,ap-southeast-1,m5.xlarge,2026-09-04,4.38,0.0,0.0,0.83,Production,Marketing
ACC-1007,Content Delivery (CDN),ap-southeast-1,N/A,2026-09-04,0.0,0.0,27.8,2.52,Production,Marketing
ACC-1011,Block Storage,us-east-1,io2,2026-09-04,0.0,237.9,0.0,134.44,Production,Sales
ACC-1013,Managed Kubernetes,us-east-1,m5.large,2026-09-04,21.12,0.0,0.0,2.06,Staging,Data Science
ACC-1004,Load Balancer,eu-central-1,N/A,2026-09-04,0.0,0.0,42.5,3.58,Staging,Sales
ACC-1004,Data Transfer / Egress,eu-central-1,N/A,2026-09-04,0.0,0.0,66.9,6.47,Staging,Sales
ACC-1004,Managed Database,eu-central-1,db.r5.large,2026-09-04,25.94,112.5,0.0,17.44,Staging,Sales
ACC-1007,Load Balancer,ap-southeast-1,N/A,2026-09-04,0.0,0.0,41.5,3.72,Production,Marketing
ACC-1013,Object Storage,us-east-1,N/A,2026-09-05,0.0,122.8,0.0,2.91,Development,Data Science
ACC-1009,Content Delivery (CDN),eu-central-1,N/A,2026-09-05,0.0,0.0,20.4,1.96,Development,Engineering
ACC-1010,Object Storage,ap-southeast-1,N/A,2026-09-05,0.0,217.2,0.0,4.8,Production,Data Science
ACC-1010,Compute Instances,ap-southeast-1,t3.micro,2026-09-05,4.55,0.0,0.0,0.05,Production,Data Science
ACC-1009,Block Storage,eu-central-1,io2,2026-09-05,0.0,170.0,0.0,20.94,Development,Engineering
ACC-1010,Load Balancer,ap-southeast-1,N/A,2026-09-05,0.0,0.0,22.8,1.9,Production,Data Science
ACC-1013,Data Warehouse,us-east-1,dw.xlarge,2026-09-05,4.16,32.2,0.0,8.12,Development,Data Science
ACC-1013,Compute Instances,us-east-1,t3.medium,2026-09-05,9.25,0.0,0.0,0.39,Development,Data Science
ACC-1004,Managed Kubernetes,ap-southeast-1,m5.xlarge,2026-09-05,6.01,0.0,0.0,1.0,Development,Sales
ACC-1015,Object Storage,ap-south-1,N/A,2026-09-05,0.0,139.8,0.0,3.32,Production,Engineering
ACC-1004,Managed Database,ap-southeast-1,db.r5.large,2026-09-05,31.42,39.6,0.0,12.12,Development,Sales
ACC-1012,Managed Database,eu-west-1,db.m5.large,2026-09-05,11.59,62.1,0.0,25.23,Production,Finance
ACC-1012,Data Warehouse,eu-west-1,dw.large,2026-09-05,22.87,57.8,0.0,16.47,Production,Finance
ACC-1012,Serverless Functions,eu-west-1,N/A,2026-09-05,11.67,0.0,0.0,0.54,Production,Finance
ACC-1015,Block Storage,ap-south-1,gp3,2026-09-05,0.0,269.4,0.0,20.89,Production,Engineering
ACC-1002,Serverless Functions,ap-south-1,N/A,2026-09-05,6.65,0.0,0.0,0.32,Staging,Sales
ACC-1014,Content Delivery (CDN),us-west-2,N/A,2026-09-05,0.0,0.0,9.1,0.88,Development,Engineering
ACC-1014,Data Transfer / Egress,us-west-2,N/A,2026-09-05,0.0,0.0,19.6,1.82,Development,Engineering
ACC-1004,Data Transfer / Egress,ap-southeast-1,N/A,2026-09-05,0.0,0.0,39.1,4.03,Development,Sales
ACC-1007,Managed Database,ap-southeast-1,db.m5.large,2026-09-06,10.96,32.5,0.0,4.96,Development,Marketing
ACC-1007,Compute Instances,ap-southeast-1,c5.large,2026-09-06,3.32,0.0,0.0,0.31,Development,Marketing
ACC-1007,Block Storage,ap-southeast-1,io2,2026-09-06,0.0,114.0,0.0,12.88,Development,Marketing
ACC-1013,Block Storage,us-east-1,st1,2026-09-06,0.0,267.0,0.0,11.43,Production,Data Science
ACC-1009,Object Storage,us-east-1,N/A,2026-09-06,0.0,209.9,0.0,4.45,Production,Engineering
ACC-1001,Block Storage,eu-central-1,gp3,2026-09-06,0.0,306.7,0.0,26.76,Production,Engineering
ACC-1010,Content Delivery (CDN),ap-south-1,N/A,2026-09-06,0.0,0.0,48.3,4.05,Development,Data Science
ACC-1010,Data Warehouse,ap-south-1,dw.large,2026-09-06,17.29,19.0,0.0,11.9,Development,Data Science
ACC-1010,Load Balancer,ap-south-1,N/A,2026-09-06,0.0,0.0,49.8,4.15,Development,Data Science
ACC-1001,Data Transfer / Egress,eu-central-1,N/A,2026-09-06,0.0,0.0,21.7,1.88,Production,Engineering
ACC-1002,Object Storage,eu-central-1,N/A,2026-09-06,0.0,309.5,0.0,8.1,Staging,Sales
ACC-1009,Block Storage,us-east-1,st1,2026-09-06,0.0,116.6,0.0,26.96,Production,Engineering
ACC-1015,Data Warehouse,ap-south-1,dw.xlarge,2026-09-06,18.63,129.6,0.0,27.46,Production,Engineering
ACC-1015,Content Delivery (CDN),ap-south-1,N/A,2026-09-06,0.0,0.0,16.1,1.47,Production,Engineering
ACC-1005,Managed Kubernetes,eu-west-1,c5.2xlarge,2026-09-06,15.13,0.0,0.0,4.93,Production,IT Operations
ACC-1011,Data Warehouse,us-east-1,dw.xlarge,2026-09-06,20.65,63.0,0.0,28.25,Production,Sales
ACC-1004,Serverless Functions,ap-southeast-1,N/A,2026-09-06,9.51,0.0,0.0,0.47,Production,Sales
ACC-1004,Content Delivery (CDN),ap-southeast-1,N/A,2026-09-06,0.0,0.0,16.6,1.39,Production,Sales
ACC-1008,Load Balancer,us-east-1,N/A,2026-09-06,0.0,0.0,57.9,5.45,Staging,Engineering
ACC-1008,Compute Instances,us-east-1,t3.micro,2026-09-06,9.81,0.0,0.0,0.11,Staging,Engineering
ACC-1011,Managed Kubernetes,us-east-1,m5.xlarge,2026-09-06,11.46,0.0,0.0,2.31,Production,Sales
ACC-1006,Load Balancer,us-east-1,N/A,2026-09-06,0.0,0.0,23.3,2.03,Development,Marketing
ACC-1006,Object Storage,us-east-1,N/A,2026-09-06,0.0,148.8,0.0,3.22,Development,Marketing
ACC-1014,Compute Instances,us-west-2,m5.large,2026-09-06,8.65,0.0,0.0,0.77,Production,Engineering
ACC-1005,Data Warehouse,eu-west-1,dw.xlarge,2026-09-06,36.01,29.4,0.0,36.53,Production,IT Operations
ACC-1006,Compute Instances,us-east-1,m5.xlarge,2026-09-06,6.23,0.0,0.0,1.12,Development,Marketing
ACC-1014,Block Storage,ap-south-1,st1,2026-09-07,0.0,183.4,0.0,8.43,Production,Engineering
ACC-1008,Content Delivery (CDN),us-east-1,N/A,2026-09-07,0.0,0.0,28.9,2.52,Production,Engineering
ACC-1008,Compute Instances,us-east-1,m5.xlarge,2026-09-07,26.03,0.0,0.0,4.67,Production,Engineering
ACC-1009,Load Balancer,eu-central-1,N/A,2026-09-07,0.0,0.0,15.4,1.38,Staging,Engineering
ACC-1001,Content Delivery (CDN),eu-central-1,N/A,2026-09-07,0.0,0.0,28.0,2.59,Production,Engineering
ACC-1006,Managed Kubernetes,us-east-1,c5.2xlarge,2026-09-07,5.94,0.0,0.0,1.95,Production,Marketing
ACC-1006,Content Delivery (CDN),us-east-1,N/A,2026-09-07,0.0,0.0,11.7,1.13,Production,Marketing
ACC-1002,Block Storage,ap-south-1,gp3,2026-09-07,0.0,134.5,0.0,9.56,Production,Sales
ACC-1002,Managed Kubernetes,ap-south-1,c5.2xlarge,2026-09-07,18.56,0.0,0.0,32.67,Production,Sales
ACC-1002,Data Transfer / Egress,ap-south-1,N/A,2026-09-07,0.0,0.0,30.5,2.56,Production,Sales
ACC-1015,Content Delivery (CDN),ap-south-1,N/A,2026-09-07,0.0,0.0,11.0,1.04,Development,Engineering
ACC-1007,Managed Database,ap-southeast-1,db.m5.large,2026-09-07,10.75,60.8,0.0,7.19,Production,Marketing
ACC-1011,Serverless Functions,us-east-1,N/A,2026-09-07,17.99,0.0,0.0,0.93,Production,Sales
ACC-1015,Serverless Functions,ap-south-1,N/A,2026-09-07,10.28,0.0,0.0,0.56,Development,Engineering
ACC-1005,Object Storage,us-east-1,N/A,2026-09-07,0.0,259.5,0.0,5.53,Staging,IT Operations
ACC-1003,Data Transfer / Egress,ap-south-1,N/A,2026-09-07,0.0,0.0,9.1,0.8,Staging,Data Science
ACC-1004,Content Delivery (CDN),ap-southeast-1,N/A,2026-09-07,0.0,0.0,42.8,3.23,Staging,Sales
ACC-1004,Managed Kubernetes,ap-southeast-1,m5.xlarge,2026-09-07,17.94,0.0,0.0,3.52,Staging,Sales
ACC-1003,Block Storage,ap-south-1,gp3,2026-09-07,0.0,224.3,0.0,19.71,Staging,Data Science
ACC-1012,Content Delivery (CDN),eu-west-1,N/A,2026-09-07,0.0,0.0,28.9,2.77,Production,Finance
ACC-1010,Load Balancer,ap-southeast-1,N/A,2026-09-07,0.0,0.0,32.7,3.05,Development,Data Science
ACC-1010,Data Transfer / Egress,ap-southeast-1,N/A,2026-09-07,0.0,0.0,77.6,7.62,Development,Data Science
ACC-1010,Content Delivery (CDN),ap-southeast-1,N/A,2026-09-07,0.0,0.0,36.0,3.29,Development,Data Science
ACC-1012,Object Storage,eu-west-1,N/A,2026-09-07,0.0,139.9,0.0,3.15,Production,Finance
ACC-1005,Serverless Functions,us-east-1,N/A,2026-09-08,11.32,0.0,0.0,0.58,Production,IT Operations
ACC-1002,Managed Database,us-east-1,db.m5.large,2026-09-08,19.87,115.0,0.0,15.3,Production,Sales
ACC-1005,Managed Database,us-east-1,db.m5.large,2026-09-08,15.0,22.6,0.0,5.12,Production,IT Operations
ACC-1005,Managed Kubernetes,us-east-1,c5.2xlarge,2026-09-08,20.13,0.0,0.0,6.55,Production,IT Operations
ACC-1009,Compute Instances,us-west-2,c5.large,2026-09-08,6.23,0.0,0.0,0.5,Production,Engineering
ACC-1009,Load Balancer,us-west-2,N/A,2026-09-08,0.0,0.0,38.1,3.58,Production,Engineering
ACC-1006,Data Warehouse,eu-west-1,dw.xlarge,2026-09-08,25.98,47.5,0.0,29.69,Development,Marketing
ACC-1006,Managed Database,eu-west-1,db.r5.large,2026-09-08,18.1,39.1,0.0,7.75,Development,Marketing
ACC-1002,Managed Kubernetes,us-east-1,m5.xlarge,2026-09-08,12.35,0.0,0.0,2.35,Production,Sales
ACC-1002,Serverless Functions,us-east-1,N/A,2026-09-08,31.45,0.0,0.0,1.38,Production,Sales
ACC-1007,Data Warehouse,ap-southeast-1,dw.large,2026-09-08,29.41,102.6,0.0,25.08,Production,Marketing
ACC-1007,Managed Kubernetes,ap-southeast-1,m5.large,2026-09-08,15.26,0.0,0.0,1.77,Production,Marketing
ACC-1012,Block Storage,eu-west-1,gp3,2026-09-08,0.0,230.1,0.0,18.01,Development,Finance
ACC-1012,Data Transfer / Egress,eu-west-1,N/A,2026-09-08,0.0,0.0,39.8,3.95,Development,Finance
ACC-1012,Content Delivery (CDN),eu-west-1,N/A,2026-09-08,0.0,0.0,41.1,3.87,Development,Finance
ACC-1011,Load Balancer,us-west-2,N/A,2026-09-08,0.0,0.0,38.6,3.85,Staging,Sales
ACC-1010,Serverless Functions,ap-southeast-1,N/A,2026-09-08,7.82,0.0,0.0,0.43,Development,Data Science
ACC-1010,Block Storage,ap-southeast-1,gp3,2026-09-08,0.0,158.4,0.0,12.32,Development,Data Science
ACC-1013,Object Storage,us-east-1,N/A,2026-09-08,0.0,283.0,0.0,6.48,Production,Data Science
ACC-1007,Block Storage,ap-southeast-1,gp3,2026-09-08,0.0,199.4,0.0,15.46,Production,Marketing
ACC-1003,Data Transfer / Egress,ap-south-1,N/A,2026-09-09,0.0,0.0,29.5,2.56,Production,Data Science
ACC-1012,Object Storage,eu-west-1,N/A,2026-09-09,0.0,190.3,0.0,3.95,Staging,Finance
ACC-1012,Managed Database,eu-west-1,db.m5.large,2026-09-09,26.53,94.0,0.0,14.54,Staging,Finance
ACC-1013,Managed Database,us-east-1,db.t3.medium,2026-09-09,21.42,32.3,0.0,4.44,Production,Data Science
ACC-1005,Serverless Functions,us-east-1,N/A,2026-09-09,9.14,0.0,0.0,0.49,Development,IT Operations
ACC-1005,Managed Kubernetes,us-east-1,m5.xlarge,2026-09-09,7.12,0.0,0.0,1.44,Development,IT Operations
ACC-1009,Serverless Functions,eu-central-1,N/A,2026-09-09,12.81,0.0,0.0,0.6,Staging,Engineering
ACC-1013,Serverless Functions,us-east-1,N/A,2026-09-09,5.08,0.0,0.0,0.27,Production,Data Science
ACC-1003,Compute Instances,ap-south-1,t3.micro,2026-09-09,11.6,0.0,0.0,0.11,Production,Data Science
ACC-1004,Block Storage,ap-southeast-1,st1,2026-09-09,0.0,263.8,0.0,11.96,Development,Sales
ACC-1004,Managed Database,ap-southeast-1,db.r5.large,2026-09-09,40.37,47.0,0.0,14.63,Development,Sales
ACC-1004,Object Storage,ap-southeast-1,N/A,2026-09-09,0.0,209.6,0.0,4.79,Development,Sales
ACC-1011,Load Balancer,us-east-1,N/A,2026-09-09,0.0,0.0,39.2,3.55,Staging,Sales
ACC-1011,Data Transfer / Egress,us-east-1,N/A,2026-09-09,0.0,0.0,46.7,4.56,Staging,Sales
ACC-1014,Compute Instances,us-west-2,m5.xlarge,2026-09-09,5.55,0.0,0.0,1.18,Staging,Engineering
ACC-1014,Serverless Functions,us-west-2,N/A,2026-09-09,15.36,0.0,0.0,0.75,Staging,Engineering
ACC-1014,Block Storage,us-west-2,io2,2026-09-09,0.0,302.3,0.0,33.53,Staging,Engineering
ACC-1010,Data Warehouse,ap-southeast-1,dw.xlarge,2026-09-09,34.83,58.5,0.0,42.56,Production,Data Science
ACC-1015,Serverless Functions,ap-south-1,N/A,2026-09-10,29.85,0.0,0.0,1.36,Production,Engineering
ACC-1015,Data Transfer / Egress,ap-south-1,N/A,2026-09-10,0.0,0.0,34.6,3.02,Production,Engineering
ACC-1015,Load Balancer,ap-south-1,N/A,2026-09-10,0.0,0.0,5.9,0.47,Production,Engineering
ACC-1005,Data Warehouse,us-east-1,dw.large,2026-09-10,24.31,49.8,0.0,14.69,Development,IT Operations
ACC-1003,Managed Kubernetes,ap-south-1,m5.large,2026-09-10,17.69,0.0,0.0,1.89,Staging,Data Science
ACC-1005,Compute Instances,us-east-1,m5.large,2026-09-10,21.22,0.0,0.0,2.15,Development,IT Operations
ACC-1003,Load Balancer,ap-south-1,N/A,2026-09-10,0.0,0.0,21.5,2.12,Staging,Data Science
ACC-1003,Compute Instances,ap-south-1,r5.large,2026-09-10,6.07,0.0,0.0,0.8,Staging,Data Science
ACC-1006,Managed Kubernetes,us-east-1,m5.xlarge,2026-09-10,13.29,0.0,0.0,2.49,Staging,Marketing
ACC-1005,Data Transfer / Egress,us-east-1,N/A,2026-09-10,0.0,0.0,5.0,0.47,Development,IT Operations
ACC-1006,Compute Instances,us-east-1,m5.large,2026-09-10,11.78,0.0,0.0,1.11,Staging,Marketing
ACC-1006,Object Storage,us-east-1,N/A,2026-09-10,0.0,307.8,0.0,6.58,Staging,Marketing
ACC-1002,Serverless Functions,ap-south-1,N/A,2026-09-10,25.9,0.0,0.0,1.27,Development,Sales
ACC-1002,Compute Instances,ap-south-1,t3.medium,2026-09-10,22.63,0.0,0.0,0.98,Development,Sales
ACC-1011,Content Delivery (CDN),eu-central-1,N/A,2026-09-10,0.0,0.0,35.7,3.25,Staging,Sales
ACC-1011,Data Warehouse,eu-central-1,dw.xlarge,2026-09-10,27.48,56.5,0.0,32.7,Staging,Sales
ACC-1001,Managed Database,eu-central-1,db.m5.large,2026-09-10,26.8,61.3,0.0,11.14,Development,Engineering
ACC-1014,Managed Kubernetes,us-west-2,c5.2xlarge,2026-09-10,26.36,0.0,0.0,9.01,Production,Engineering
ACC-1009,Data Warehouse,eu-central-1,dw.large,2026-09-10,31.25,57.7,0.0,19.18,Development,Engineering
ACC-1010,Load Balancer,ap-southeast-1,N/A,2026-09-10,0.0,0.0,46.5,4.04,Production,Data Science
ACC-1010,Block Storage,ap-southeast-1,io2,2026-09-10,0.0,154.2,0.0,83.37,Production,Data Science
ACC-1010,Data Transfer / Egress,ap-southeast-1,N/A,2026-09-10,0.0,0.0,25.6,2.13,Production,Data Science
ACC-1002,Block Storage,ap-south-1,io2,2026-09-10,0.0,142.6,0.0,16.82,Development,Sales
ACC-1014,Managed Database,us-west-2,db.m5.large,2026-09-10,55.25,61.7,0.0,15.75,Production,Engineering
ACC-1012,Serverless Functions,eu-west-1,N/A,2026-09-11,21.4,0.0,0.0,1.09,Production,Finance
ACC-1005,Compute Instances,us-east-1,t3.micro,2026-09-11,5.76,0.0,0.0,0.05,Production,IT Operations
ACC-1008,Data Warehouse,us-east-1,dw.large,2026-09-11,22.48,113.3,0.0,22.99,Production,Engineering
ACC-1008,Data Transfer / Egress,us-east-1,N/A,2026-09-11,0.0,0.0,31.5,3.01,Production,Engineering
ACC-1009,Object Storage,eu-central-1,N/A,2026-09-11,0.0,215.7,0.0,5.36,Production,Engineering
ACC-1012,Compute Instances,eu-west-1,t3.micro,2026-09-11,12.51,0.0,0.0,0.13,Production,Finance
ACC-1013,Managed Database,eu-central-1,db.t3.medium,2026-09-11,14.3,23.3,0.0,3.22,Development,Data Science
ACC-1003,Managed Database,ap-south-1,db.r5.large,2026-09-11,30.03,36.4,0.0,10.51,Development,Data Science
ACC-1003,Data Warehouse,ap-south-1,dw.large,2026-09-11,19.44,26.6,0.0,12.83,Development,Data Science
ACC-1013,Data Warehouse,eu-central-1,dw.large,2026-09-11,25.13,38.1,0.0,16.2,Development,Data Science
ACC-1013,Managed Kubernetes,eu-central-1,c5.2xlarge,2026-09-11,20.49,0.0,0.0,7.27,Development,Data Science
ACC-1005,Managed Database,us-east-1,db.t3.medium,2026-09-11,36.46,44.0,0.0,7.49,Production,IT Operations
ACC-1012,Content Delivery (CDN),eu-west-1,N/A,2026-09-11,0.0,0.0,31.3,3.0,Production,Finance
ACC-1005,Object Storage,us-east-1,N/A,2026-09-11,0.0,146.3,0.0,3.58,Production,IT Operations
ACC-1010,Managed Database,ap-southeast-1,db.m5.large,2026-09-11,30.9,42.3,0.0,8.97,Production,Data Science
ACC-1004,Serverless Functions,ap-southeast-1,N/A,2026-09-11,2.63,0.0,0.0,0.14,Development,Sales
ACC-1001,Compute Instances,eu-central-1,m5.xlarge,2026-09-11,10.19,0.0,0.0,2.04,Staging,Engineering
ACC-1010,Serverless Functions,ap-southeast-1,N/A,2026-09-11,20.91,0.0,0.0,1.16,Production,Data Science
ACC-1004,Block Storage,ap-southeast-1,gp3,2026-09-11,0.0,279.2,0.0,22.51,Development,Sales
ACC-1015,Block Storage,ap-south-1,st1,2026-09-11,0.0,193.0,0.0,8.91,Production,Engineering
ACC-1015,Serverless Functions,ap-south-1,N/A,2026-09-11,16.15,0.0,0.0,0.75,Production,Engineering
ACC-1007,Load Balancer,ap-southeast-1,N/A,2026-09-11,0.0,0.0,4.9,0.43,Staging,Marketing
ACC-1010,Compute Instances,ap-southeast-1,m5.xlarge,2026-09-11,15.88,0.0,0.0,3.02,Production,Data Science
ACC-1011,Managed Kubernetes,us-east-1,m5.large,2026-09-11,7.07,0.0,0.0,0.73,Production,Sales
ACC-1014,Block Storage,ap-south-1,io2,2026-09-11,0.0,139.9,0.0,18.01,Production,Engineering
ACC-1006,Managed Kubernetes,us-east-1,m5.xlarge,2026-09-11,26.8,0.0,0.0,4.9,Staging,Marketing
ACC-1002,Data Transfer / Egress,ap-south-1,N/A,2026-09-11,0.0,0.0,91.8,8.78,Staging,Sales
ACC-1004,Data Warehouse,ap-southeast-1,dw.large,2026-09-11,31.42,60.4,0.0,22.96,Development,Sales
ACC-1007,Serverless Functions,ap-southeast-1,N/A,2026-09-11,25.68,0.0,0.0,1.4,Staging,Marketing
ACC-1009,Object Storage,eu-central-1,N/A,2026-09-12,0.0,154.9,0.0,3.56,Staging,Engineering
ACC-1002,Managed Database,ap-south-1,db.m5.large,2026-09-12,13.24,16.2,0.0,3.75,Production,Sales
ACC-1002,Data Transfer / Egress,ap-south-1,N/A,2026-09-12,0.0,0.0,24.4,2.13,Production,Sales
ACC-1004,Managed Database,ap-southeast-1,db.t3.medium,2026-09-12,8.8,39.5,0.0,4.51,Production,Sales
ACC-1002,Block Storage,ap-south-1,st1,2026-09-12,0.0,315.5,0.0,12.39,Production,Sales
ACC-1005,Load Balancer,us-east-1,N/A,2026-09-12,0.0,0.0,65.5,6.35,Production,IT Operations
ACC-1015,Data Transfer / Egress,ap-south-1,N/A,2026-09-12,0.0,0.0,12.7,1.22,Staging,Engineering
ACC-1009,Managed Database,eu-central-1,db.r5.large,2026-09-12,26.28,73.4,0.0,14.79,Staging,Engineering
ACC-1012,Managed Database,eu-west-1,db.m5.large,2026-09-12,20.71,69.8,0.0,9.69,Development,Finance
ACC-1001,Serverless Functions,eu-central-1,N/A,2026-09-12,14.44,0.0,0.0,4.47,Production,Engineering
ACC-1001,Block Storage,eu-central-1,gp3,2026-09-12,0.0,224.9,0.0,16.16,Production,Engineering
ACC-1001,Compute Instances,eu-central-1,t3.medium,2026-09-12,2.67,0.0,0.0,0.11,Production,Engineering
ACC-1012,Compute Instances,eu-west-1,r5.large,2026-09-12,3.03,0.0,0.0,0.41,Development,Finance
ACC-1012,Content Delivery (CDN),eu-west-1,N/A,2026-09-12,0.0,0.0,30.7,2.82,Development,Finance
ACC-1008,Data Transfer / Egress,eu-west-1,N/A,2026-09-12,0.0,0.0,16.1,1.62,Production,Engineering
ACC-1009,Content Delivery (CDN),eu-central-1,N/A,2026-09-12,0.0,0.0,37.3,3.9,Staging,Engineering
ACC-1011,Data Warehouse,us-east-1,dw.large,2026-09-13,13.79,72.7,0.0,14.12,Production,Sales
ACC-1011,Object Storage,us-east-1,N/A,2026-09-13,0.0,190.6,0.0,4.52,Production,Sales
ACC-1011,Managed Kubernetes,us-east-1,m5.large,2026-09-13,7.31,0.0,0.0,0.68,Production,Sales
ACC-1004,Managed Database,ap-southeast-1,db.m5.large,2026-09-13,8.05,107.8,0.0,11.03,Staging,Sales
ACC-1005,Data Warehouse,us-east-1,dw.large,2026-09-13,10.83,46.0,0.0,10.21,Staging,IT Operations
ACC-1005,Block Storage,us-east-1,gp3,2026-09-13,0.0,206.2,0.0,16.86,Staging,IT Operations
ACC-1006,Serverless Functions,us-east-1,N/A,2026-09-13,6.64,0.0,0.0,0.35,Staging,Marketing
ACC-1006,Load Balancer,us-east-1,N/A,2026-09-13,0.0,0.0,51.3,4.7,Staging,Marketing
ACC-1007,Managed Kubernetes,ap-southeast-1,c5.2xlarge,2026-09-13,4.03,0.0,0.0,1.33,Production,Marketing
ACC-1010,Managed Database,ap-southeast-1,db.t3.medium,2026-09-13,15.49,55.5,0.0,6.28,Development,Data Science
ACC-1010,Content Delivery (CDN),ap-southeast-1,N/A,2026-09-13,0.0,0.0,9.9,0.88,Development,Data Science
ACC-1013,Content Delivery (CDN),us-east-1,N/A,2026-09-13,0.0,0.0,24.5,2.34,Development,Data Science
ACC-1008,Data Transfer / Egress,us-east-1,N/A,2026-09-13,0.0,0.0,8.7,0.8,Staging,Engineering
ACC-1015,Serverless Functions,us-east-1,N/A,2026-09-13,2.14,0.0,0.0,0.11,Production,Engineering
ACC-1009,Load Balancer,eu-central-1,N/A,2026-09-13,0.0,0.0,39.6,3.78,Production,Engineering
ACC-1005,Data Warehouse,us-east-1,dw.xlarge,2026-09-14,14.21,19.6,0.0,14.49,Staging,IT Operations
ACC-1008,Serverless Functions,us-east-1,N/A,2026-09-14,17.32,0.0,0.0,0.84,Production,Engineering
ACC-1008,Managed Database,us-east-1,db.t3.medium,2026-09-14,19.97,47.9,0.0,6.74,Production,Engineering
ACC-1012,Data Warehouse,eu-west-1,dw.large,2026-09-14,21.01,53.6,0.0,16.27,Staging,Finance
ACC-1012,Compute Instances,eu-west-1,c5.large,2026-09-14,10.3,0.0,0.0,0.8,Staging,Finance
ACC-1001,Object Storage,eu-central-1,N/A,2026-09-14,0.0,165.4,0.0,3.57,Production,Engineering
ACC-1001,Data Warehouse,eu-central-1,dw.xlarge,2026-09-14,29.11,38.1,0.0,38.18,Production,Engineering
ACC-1001,Serverless Functions,eu-central-1,N/A,2026-09-14,15.31,0.0,0.0,0.8,Production,Engineering
ACC-1005,Block Storage,us-east-1,st1,2026-09-14,0.0,358.8,0.0,14.24,Staging,IT Operations
ACC-1006,Load Balancer,us-east-1,N/A,2026-09-14,0.0,0.0,16.9,1.56,Production,Marketing
ACC-1013,Data Transfer / Egress,us-east-1,N/A,2026-09-14,0.0,0.0,64.9,6.73,Staging,Data Science
ACC-1009,Load Balancer,eu-central-1,N/A,2026-09-14,0.0,0.0,66.7,5.4,Production,Engineering
ACC-1009,Serverless Functions,eu-central-1,N/A,2026-09-14,17.84,0.0,0.0,0.94,Production,Engineering
ACC-1009,Managed Database,eu-central-1,db.m5.large,2026-09-14,18.27,35.9,0.0,6.04,Production,Engineering
ACC-1006,Serverless Functions,us-east-1,N/A,2026-09-14,18.3,0.0,0.0,0.98,Production,Marketing
ACC-1011,Managed Database,us-east-1,db.m5.large,2026-09-14,38.27,49.9,0.0,12.47,Staging,Sales
ACC-1014,Content Delivery (CDN),us-west-2,N/A,2026-09-14,0.0,0.0,31.9,2.65,Production,Engineering
ACC-1003,Object Storage,ap-south-1,N/A,2026-09-14,0.0,230.3,0.0,4.94,Staging,Data Science
ACC-1005,Load Balancer,us-east-1,N/A,2026-09-14,0.0,0.0,4.7,0.42,Staging,IT Operations
ACC-1012,Content Delivery (CDN),eu-west-1,N/A,2026-09-15,0.0,0.0,21.7,1.99,Production,Finance
ACC-1012,Managed Kubernetes,eu-west-1,m5.large,2026-09-15,15.18,0.0,0.0,1.45,Production,Finance
ACC-1004,Object Storage,ap-southeast-1,N/A,2026-09-15,0.0,246.9,0.0,5.73,Production,Sales
ACC-1005,Serverless Functions,us-east-1,N/A,2026-09-15,10.26,0.0,0.0,0.54,Development,IT Operations
ACC-1002,Managed Kubernetes,ap-south-1,m5.xlarge,2026-09-15,20.5,0.0,0.0,3.84,Staging,Sales
ACC-1008,Compute Instances,us-east-1,m5.large,2026-09-15,14.61,0.0,0.0,1.38,Development,Engineering
ACC-1014,Managed Kubernetes,us-west-2,c5.2xlarge,2026-09-15,14.38,0.0,0.0,5.2,Production,Engineering
ACC-1014,Serverless Functions,us-west-2,N/A,2026-09-15,27.04,0.0,0.0,1.31,Production,Engineering
ACC-1003,Data Transfer / Egress,ap-south-1,N/A,2026-09-15,0.0,0.0,11.3,0.97,Production,Data Science
ACC-1012,Serverless Functions,eu-west-1,N/A,2026-09-15,10.79,0.0,0.0,0.51,Production,Finance
ACC-1010,Compute Instances,ap-southeast-1,t3.micro,2026-09-15,13.47,0.0,0.0,0.14,Production,Data Science
ACC-1006,Compute Instances,us-east-1,t3.micro,2026-09-15,24.07,0.0,0.0,0.27,Production,Marketing
ACC-1014,Compute Instances,us-west-2,c5.large,2026-09-15,16.17,0.0,0.0,1.29,Production,Engineering
ACC-1011,Compute Instances,ap-southeast-1,t3.medium,2026-09-15,10.39,0.0,0.0,0.43,Production,Sales
ACC-1009,Content Delivery (CDN),eu-central-1,N/A,2026-09-15,0.0,0.0,49.4,4.77,Development,Engineering
ACC-1001,Block Storage,eu-central-1,gp3,2026-09-15,0.0,328.1,0.0,25.46,Development,Engineering
ACC-1007,Block Storage,ap-southeast-1,io2,2026-09-15,0.0,395.6,0.0,46.47,Staging,Marketing
ACC-1007,Data Warehouse,ap-southeast-1,dw.xlarge,2026-09-15,25.47,58.0,0.0,30.12,Staging,Marketing
ACC-1007,Serverless Functions,ap-southeast-1,N/A,2026-09-15,5.46,0.0,0.0,0.31,Staging,Marketing
ACC-1006,Load Balancer,us-east-1,N/A,2026-09-15,0.0,0.0,35.2,2.89,Production,Marketing
ACC-1015,Data Transfer / Egress,ap-south-1,N/A,2026-09-15,0.0,0.0,15.6,1.31,Production,Engineering
ACC-1015,Content Delivery (CDN),ap-south-1,N/A,2026-09-15,0.0,0.0,16.0,1.34,Production,Engineering
ACC-1013,Compute Instances,us-east-1,c5.large,2026-09-15,12.0,0.0,0.0,0.9,Production,Data Science
ACC-1011,Data Warehouse,ap-southeast-1,dw.xlarge,2026-09-15,24.21,30.5,0.0,25.17,Production,Sales
ACC-1011,Load Balancer,ap-southeast-1,N/A,2026-09-15,0.0,0.0,19.0,1.68,Production,Sales
ACC-1015,Compute Instances,ap-south-1,m5.large,2026-09-15,12.9,0.0,0.0,1.24,Production,Engineering
ACC-1002,Compute Instances,ap-south-1,r5.large,2026-09-16,10.24,0.0,0.0,1.35,Production,Sales
ACC-1015,Serverless Functions,ap-south-1,N/A,2026-09-16,12.53,0.0,0.0,0.65,Production,Engineering
ACC-1006,Data Warehouse,us-east-1,dw.large,2026-09-16,35.88,38.8,0.0,20.59,Development,Marketing
ACC-1006,Object Storage,us-east-1,N/A,2026-09-16,0.0,281.3,0.0,6.17,Development,Marketing
ACC-1010,Block Storage,ap-southeast-1,st1,2026-09-16,0.0,265.3,0.0,12.99,Staging,Data Science
ACC-1008,Managed Database,us-east-1,db.m5.large,2026-09-16,27.92,42.0,0.0,8.86,Production,Engineering
ACC-1001,Managed Kubernetes,eu-central-1,m5.xlarge,2026-09-16,12.68,0.0,0.0,2.59,Production,Engineering
ACC-1001,Compute Instances,eu-central-1,m5.large,2026-09-16,2.97,0.0,0.0,0.3,Production,Engineering
ACC-1001,Content Delivery (CDN),eu-central-1,N/A,2026-09-16,0.0,0.0,13.4,1.19,Production,Engineering
ACC-1009,Compute Instances,eu-central-1,m5.xlarge,2026-09-16,10.15,0.0,0.0,1.84,Production,Engineering
ACC-1003,Content Delivery (CDN),ap-south-1,N/A,2026-09-16,0.0,0.0,33.0,2.97,Staging,Data Science
ACC-1008,Compute Instances,us-east-1,r5.large,2026-09-16,31.15,0.0,0.0,3.84,Production,Engineering
ACC-1002,Managed Kubernetes,ap-south-1,c5.2xlarge,2026-09-16,28.39,0.0,0.0,8.47,Production,Sales
ACC-1014,Serverless Functions,us-west-2,N/A,2026-09-16,27.4,0.0,0.0,1.56,Production,Engineering
ACC-1002,Data Warehouse,ap-south-1,dw.xlarge,2026-09-16,10.25,49.5,0.0,15.39,Production,Sales
ACC-1013,Content Delivery (CDN),us-east-1,N/A,2026-09-16,0.0,0.0,73.1,6.43,Staging,Data Science
ACC-1013,Serverless Functions,us-east-1,N/A,2026-09-16,9.87,0.0,0.0,0.49,Staging,Data Science
ACC-1007,Block Storage,ap-southeast-1,io2,2026-09-16,0.0,339.7,0.0,37.0,Production,Marketing
ACC-1007,Data Warehouse,ap-southeast-1,dw.large,2026-09-16,8.99,104.3,0.0,15.61,Production,Marketing
ACC-1004,Data Warehouse,us-west-2,dw.xlarge,2026-09-16,24.69,13.9,0.0,26.67,Production,Sales
ACC-1012,Content Delivery (CDN),eu-west-1,N/A,2026-09-16,0.0,0.0,57.1,4.67,Staging,Finance
ACC-1012,Data Transfer / Egress,eu-west-1,N/A,2026-09-16,0.0,0.0,63.2,5.59,Staging,Finance
ACC-1007,Load Balancer,ap-southeast-1,N/A,2026-09-16,0.0,0.0,12.6,1.05,Production,Marketing
ACC-1011,Managed Kubernetes,us-east-1,m5.xlarge,2026-09-16,14.38,0.0,0.0,2.98,Production,Sales
ACC-1011,Load Balancer,us-east-1,N/A,2026-09-16,0.0,0.0,15.1,1.39,Production,Sales
ACC-1005,Content Delivery (CDN),eu-central-1,N/A,2026-09-16,0.0,0.0,83.4,7.13,Production,IT Operations
ACC-1005,Serverless Functions,eu-central-1,N/A,2026-09-16,10.21,0.0,0.0,0.46,Production,IT Operations
ACC-1005,Managed Database,eu-central-1,db.r5.large,2026-09-16,37.01,107.5,0.0,18.54,Production,IT Operations
ACC-1013,Compute Instances,us-east-1,m5.large,2026-09-16,17.82,0.0,0.0,1.63,Staging,Data Science
ACC-1012,Block Storage,eu-west-1,st1,2026-09-16,0.0,194.1,0.0,9.79,Staging,Finance
ACC-1013,Managed Kubernetes,us-east-1,m5.xlarge,2026-09-17,8.2,0.0,0.0,1.62,Production,Data Science
ACC-1013,Serverless Functions,us-east-1,N/A,2026-09-17,21.67,0.0,0.0,1.11,Production,Data Science
ACC-1012,Compute Instances,eu-west-1,m5.xlarge,2026-09-17,5.4,0.0,0.0,1.07,Staging,Finance
ACC-1005,Load Balancer,us-east-1,N/A,2026-09-17,0.0,0.0,46.0,4.03,Staging,IT Operations
ACC-1003,Compute Instances,ap-south-1,c5.large,2026-09-17,15.75,0.0,0.0,1.29,Production,Data Science
ACC-1005,Content Delivery (CDN),us-east-1,N/A,2026-09-17,0.0,0.0,68.0,5.79,Staging,IT Operations
ACC-1015,Data Warehouse,ap-south-1,dw.xlarge,2026-09-17,11.68,52.3,0.0,17.19,Production,Engineering
ACC-1013,Data Transfer / Egress,us-east-1,N/A,2026-09-17,0.0,0.0,27.2,2.34,Production,Data Science
ACC-1012,Block Storage,eu-west-1,gp3,2026-09-17,0.0,112.5,0.0,8.1,Staging,Finance
ACC-1009,Object Storage,eu-central-1,N/A,2026-09-17,0.0,93.3,0.0,2.21,Production,Engineering
ACC-1004,Load Balancer,us-east-1,N/A,2026-09-17,0.0,0.0,16.9,1.6,Production,Sales
ACC-1014,Managed Kubernetes,eu-west-1,m5.large,2026-09-17,25.93,0.0,0.0,2.31,Production,Engineering
ACC-1014,Block Storage,eu-west-1,io2,2026-09-17,0.0,154.6,0.0,18.92,Production,Engineering
ACC-1004,Content Delivery (CDN),us-east-1,N/A,2026-09-17,0.0,0.0,51.3,4.85,Production,Sales
ACC-1006,Managed Database,us-east-1,db.r5.large,2026-09-17,11.55,23.2,0.0,4.9,Staging,Marketing
ACC-1006,Content Delivery (CDN),us-east-1,N/A,2026-09-17,0.0,0.0,14.6,1.37,Staging,Marketing
ACC-1006,Managed Kubernetes,us-east-1,m5.xlarge,2026-09-17,8.88,0.0,0.0,1.89,Staging,Marketing
ACC-1002,Content Delivery (CDN),ap-south-1,N/A,2026-09-17,0.0,0.0,25.2,2.15,Production,Sales
ACC-1002,Block Storage,ap-south-1,gp3,2026-09-17,0.0,167.8,0.0,13.37,Production,Sales
ACC-1014,Content Delivery (CDN),eu-west-1,N/A,2026-09-17,0.0,0.0,71.0,7.08,Production,Engineering
ACC-1005,Managed Kubernetes,us-east-1,c5.2xlarge,2026-09-18,20.02,0.0,0.0,7.54,Staging,IT Operations
ACC-1005,Object Storage,us-east-1,N/A,2026-09-18,0.0,214.2,0.0,5.07,Staging,IT Operations
ACC-1009,Load Balancer,eu-central-1,N/A,2026-09-18,0.0,0.0,28.5,2.6,Production,Engineering
ACC-1008,Object Storage,us-east-1,N/A,2026-09-18,0.0,190.6,0.0,4.98,Production,Engineering
ACC-1009,Managed Database,eu-central-1,db.t3.medium,2026-09-18,19.29,73.0,0.0,8.44,Production,Engineering
ACC-1009,Block Storage,eu-central-1,gp3,2026-09-18,0.0,71.9,0.0,5.65,Production,Engineering
ACC-1002,Compute Instances,ap-south-1,t3.micro,2026-09-18,7.81,0.0,0.0,0.08,Production,Sales
ACC-1008,Content Delivery (CDN),us-east-1,N/A,2026-09-18,0.0,0.0,13.3,1.26,Production,Engineering
ACC-1005,Content Delivery (CDN),us-east-1,N/A,2026-09-18,0.0,0.0,45.4,4.14,Staging,IT Operations
ACC-1010,Load Balancer,ap-southeast-1,N/A,2026-09-18,0.0,0.0,8.4,0.75,Staging,Data Science
ACC-1006,Data Transfer / Egress,us-east-1,N/A,2026-09-18,0.0,0.0,28.2,2.44,Production,Marketing
ACC-1006,Load Balancer,us-east-1,N/A,2026-09-18,0.0,0.0,51.4,4.48,Production,Marketing
ACC-1001,Compute Instances,eu-central-1,c5.large,2026-09-18,6.54,0.0,0.0,0.54,Production,Engineering
ACC-1012,Managed Database,eu-west-1,db.t3.medium,2026-09-18,11.45,82.0,0.0,9.24,Production,Finance
ACC-1013,Object Storage,us-east-1,N/A,2026-09-18,0.0,231.1,0.0,5.8,Production,Data Science
ACC-1013,Data Transfer / Egress,us-east-1,N/A,2026-09-18,0.0,0.0,23.4,2.05,Production,Data Science
ACC-1013,Block Storage,us-east-1,io2,2026-09-18,0.0,292.9,0.0,38.63,Production,Data Science
ACC-1008,Managed Database,us-east-1,db.m5.large,2026-09-18,6.15,82.3,0.0,9.18,Production,Engineering
ACC-1007,Data Warehouse,ap-southeast-1,dw.xlarge,2026-09-19,16.12,67.7,0.0,22.77,Production,Marketing
ACC-1003,Data Warehouse,ap-south-1,dw.large,2026-09-19,8.54,122.9,0.0,14.63,Production,Data Science
ACC-1014,Compute Instances,us-west-2,r5.large,2026-09-19,3.39,0.0,0.0,0.43,Production,Engineering
ACC-1014,Content Delivery (CDN),us-west-2,N/A,2026-09-19,0.0,0.0,12.1,0.99,Production,Engineering
ACC-1014,Data Warehouse,us-west-2,dw.xlarge,2026-09-19,16.85,58.2,0.0,22.73,Production,Engineering
ACC-1013,Load Balancer,us-east-1,N/A,2026-09-19,0.0,0.0,44.6,4.03,Development,Data Science
ACC-1001,Load Balancer,eu-central-1,N/A,2026-09-19,0.0,0.0,21.9,1.92,Production,Engineering
ACC-1001,Managed Database,eu-central-1,db.t3.medium,2026-09-19,18.34,59.3,0.0,7.3,Production,Engineering
ACC-1001,Data Transfer / Egress,eu-central-1,N/A,2026-09-19,0.0,0.0,53.2,4.89,Production,Engineering
ACC-1008,Compute Instances,eu-central-1,m5.xlarge,2026-09-19,7.43,0.0,0.0,1.44,Production,Engineering
ACC-1013,Content Delivery (CDN),us-east-1,N/A,2026-09-19,0.0,0.0,16.1,1.56,Development,Data Science
ACC-1015,Compute Instances,ap-south-1,c5.large,2026-09-19,13.74,0.0,0.0,1.15,Production,Engineering
ACC-1008,Content Delivery (CDN),eu-central-1,N/A,2026-09-19,0.0,0.0,47.2,4.4,Production,Engineering
ACC-1013,Block Storage,us-east-1,gp3,2026-09-19,0.0,350.8,0.0,28.32,Development,Data Science
ACC-1002,Content Delivery (CDN),ap-south-1,N/A,2026-09-19,0.0,0.0,41.6,3.19,Production,Sales
ACC-1008,Object Storage,eu-central-1,N/A,2026-09-19,0.0,84.0,0.0,1.95,Production,Engineering
ACC-1011,Object Storage,us-east-1,N/A,2026-09-19,0.0,186.9,0.0,4.09,Staging,Sales
ACC-1011,Block Storage,us-east-1,io2,2026-09-19,0.0,466.2,0.0,58.6,Staging,Sales
ACC-1010,Serverless Functions,ap-southeast-1,N/A,2026-09-19,5.37,0.0,0.0,0.26,Staging,Data Science
ACC-1012,Object Storage,eu-west-1,N/A,2026-09-19,0.0,171.2,0.0,4.53,Production,Finance
ACC-1011,Content Delivery (CDN),us-east-1,N/A,2026-09-19,0.0,0.0,39.7,3.27,Staging,Sales
ACC-1012,Load Balancer,eu-west-1,N/A,2026-09-19,0.0,0.0,11.3,0.95,Production,Finance
ACC-1005,Load Balancer,us-east-1,N/A,2026-09-19,0.0,0.0,16.8,1.57,Development,IT Operations
ACC-1005,Object Storage,us-east-1,N/A,2026-09-19,0.0,133.4,0.0,2.98,Development,IT Operations
ACC-1005,Data Warehouse,us-east-1,dw.xlarge,2026-09-19,34.77,59.3,0.0,43.58,Development,IT Operations
ACC-1006,Load Balancer,us-east-1,N/A,2026-09-19,0.0,0.0,12.2,0.93,Production,Marketing
ACC-1012,Compute Instances,eu-west-1,m5.xlarge,2026-09-19,10.51,0.0,0.0,1.7,Production,Finance
ACC-1001,Data Transfer / Egress,eu-central-1,N/A,2026-09-20,0.0,0.0,41.7,3.88,Production,Engineering
ACC-1009,Compute Instances,eu-central-1,t3.micro,2026-09-20,11.25,0.0,0.0,0.12,Development,Engineering
ACC-1015,Load Balancer,ap-south-1,N/A,2026-09-20,0.0,0.0,40.5,3.64,Development,Engineering
ACC-1010,Object Storage,ap-southeast-1,N/A,2026-09-20,0.0,291.1,0.0,6.16,Production,Data Science
ACC-1007,Data Transfer / Egress,ap-southeast-1,N/A,2026-09-20,0.0,0.0,50.4,4.4,Production,Marketing
ACC-1005,Serverless Functions,us-east-1,N/A,2026-09-20,12.5,0.0,0.0,0.68,Staging,IT Operations
ACC-1007,Object Storage,ap-southeast-1,N/A,2026-09-20,0.0,139.6,0.0,3.22,Production,Marketing
ACC-1005,Data Warehouse,us-east-1,dw.xlarge,2026-09-20,5.3,68.9,0.0,12.4,Staging,IT Operations
ACC-1012,Managed Kubernetes,eu-west-1,m5.large,2026-09-20,6.1,0.0,0.0,0.58,Development,Finance
ACC-1012,Object Storage,eu-west-1,N/A,2026-09-20,0.0,104.8,0.0,2.08,Development,Finance
ACC-1007,Compute Instances,ap-southeast-1,c5.large,2026-09-20,3.19,0.0,0.0,0.3,Production,Marketing
ACC-1002,Block Storage,eu-central-1,st1,2026-09-20,0.0,275.7,0.0,12.36,Staging,Sales
ACC-1013,Block Storage,us-east-1,st1,2026-09-20,0.0,134.2,0.0,5.65,Production,Data Science
ACC-1013,Data Warehouse,us-east-1,dw.large,2026-09-20,7.31,129.9,0.0,15.91,Production,Data Science
ACC-1006,Object Storage,eu-central-1,N/A,2026-09-20,0.0,300.1,0.0,7.45,Production,Marketing
ACC-1006,Block Storage,eu-central-1,io2,2026-09-20,0.0,198.2,0.0,26.11,Production,Marketing
ACC-1006,Content Delivery (CDN),eu-central-1,N/A,2026-09-20,0.0,0.0,28.5,2.56,Production,Marketing
ACC-1014,Block Storage,us-west-2,io2,2026-09-20,0.0,211.4,0.0,27.09,Production,Engineering
ACC-1014,Content Delivery (CDN),us-west-2,N/A,2026-09-20,0.0,0.0,24.7,2.37,Production,Engineering
ACC-1003,Data Warehouse,ap-south-1,dw.xlarge,2026-09-20,15.11,51.2,0.0,20.76,Staging,Data Science
ACC-1003,Data Transfer / Egress,ap-south-1,N/A,2026-09-20,0.0,0.0,20.8,1.95,Staging,Data Science
ACC-1008,Load Balancer,us-east-1,N/A,2026-09-20,0.0,0.0,69.1,6.63,Production,Engineering
ACC-1008,Object Storage,us-east-1,N/A,2026-09-20,0.0,154.6,0.0,3.23,Production,Engineering
ACC-1002,Managed Kubernetes,eu-central-1,m5.large,2026-09-20,14.84,0.0,0.0,1.31,Staging,Sales
ACC-1003,Data Transfer / Egress,ap-south-1,N/A,2026-09-21,0.0,0.0,10.3,0.85,Production,Data Science
ACC-1006,Managed Kubernetes,us-east-1,c5.2xlarge,2026-09-21,13.43,0.0,0.0,4.61,Production,Marketing
ACC-1006,Object Storage,us-east-1,N/A,2026-09-21,0.0,170.8,0.0,4.39,Production,Marketing
ACC-1006,Load Balancer,us-east-1,N/A,2026-09-21,0.0,0.0,20.7,1.94,Production,Marketing
ACC-1010,Object Storage,ap-southeast-1,N/A,2026-09-21,0.0,84.0,0.0,2.02,Staging,Data Science
ACC-1013,Block Storage,ap-south-1,io2,2026-09-21,0.0,126.0,0.0,15.4,Production,Data Science
ACC-1013,Managed Database,ap-south-1,db.r5.large,2026-09-21,56.76,39.1,0.0,16.77,Production,Data Science
ACC-1003,Managed Kubernetes,ap-south-1,m5.large,2026-09-21,16.21,0.0,0.0,1.61,Production,Data Science
ACC-1013,Serverless Functions,ap-south-1,N/A,2026-09-21,1.89,0.0,0.0,0.09,Production,Data Science
ACC-1010,Load Balancer,ap-southeast-1,N/A,2026-09-21,0.0,0.0,23.4,2.19,Staging,Data Science
ACC-1001,Data Transfer / Egress,eu-central-1,N/A,2026-09-21,0.0,0.0,47.4,4.32,Production,Engineering
ACC-1004,Load Balancer,ap-south-1,N/A,2026-09-21,0.0,0.0,10.1,0.89,Production,Sales
ACC-1001,Content Delivery (CDN),eu-central-1,N/A,2026-09-21,0.0,0.0,16.8,1.54,Production,Engineering
ACC-1015,Block Storage,ap-south-1,st1,2026-09-21,0.0,161.6,0.0,7.62,Development,Engineering
ACC-1015,Load Balancer,ap-south-1,N/A,2026-09-21,0.0,0.0,28.8,2.75,Development,Engineering
ACC-1015,Content Delivery (CDN),ap-south-1,N/A,2026-09-21,0.0,0.0,71.9,7.08,Development,Engineering
ACC-1014,Content Delivery (CDN),us-east-1,N/A,2026-09-21,0.0,0.0,11.4,1.02,Development,Engineering
ACC-1007,Object Storage,eu-west-1,N/A,2026-09-21,0.0,379.6,0.0,8.84,Production,Marketing
ACC-1007,Serverless Functions,eu-west-1,N/A,2026-09-21,9.03,0.0,0.0,0.46,Production,Marketing
ACC-1010,Data Transfer / Egress,ap-southeast-1,N/A,2026-09-21,0.0,0.0,15.1,1.43,Staging,Data Science
ACC-1007,Load Balancer,ap-southeast-1,N/A,2026-09-22,0.0,0.0,42.5,3.82,Production,Marketing
ACC-1007,Content Delivery (CDN),ap-southeast-1,N/A,2026-09-22,0.0,0.0,46.0,3.79,Production,Marketing
ACC-1015,Compute Instances,us-west-2,t3.medium,2026-09-22,8.03,0.0,0.0,0.33,Production,Engineering
ACC-1015,Block Storage,us-west-2,gp3,2026-09-22,0.0,127.7,0.0,9.17,Production,Engineering
ACC-1015,Data Warehouse,us-west-2,dw.large,2026-09-22,13.78,57.6,0.0,12.81,Production,Engineering
ACC-1005,Managed Database,us-east-1,db.r5.large,2026-09-22,20.35,29.9,0.0,8.38,Production,IT Operations
ACC-1002,Load Balancer,ap-south-1,N/A,2026-09-22,0.0,0.0,50.8,4.59,Production,Sales
ACC-1002,Compute Instances,ap-south-1,t3.medium,2026-09-22,9.2,0.0,0.0,0.36,Production,Sales
ACC-1001,Managed Database,eu-central-1,db.t3.medium,2026-09-22,20.03,50.4,0.0,5.79,Production,Engineering
ACC-1011,Serverless Functions,us-east-1,N/A,2026-09-22,14.13,0.0,0.0,2.34,Staging,Sales
ACC-1011,Block Storage,us-east-1,st1,2026-09-22,0.0,168.5,0.0,6.69,Staging,Sales
ACC-1011,Compute Instances,us-east-1,t3.medium,2026-09-22,12.92,0.0,0.0,0.57,Staging,Sales
ACC-1002,Data Transfer / Egress,ap-south-1,N/A,2026-09-22,0.0,0.0,9.2,0.83,Production,Sales
ACC-1001,Serverless Functions,eu-central-1,N/A,2026-09-22,5.9,0.0,0.0,0.3,Production,Engineering
ACC-1005,Content Delivery (CDN),us-east-1,N/A,2026-09-22,0.0,0.0,17.2,1.8,Production,IT Operations
ACC-1013,Managed Kubernetes,us-east-1,m5.large,2026-09-22,34.74,0.0,0.0,3.83,Production,Data Science
ACC-1013,Block Storage,us-east-1,io2,2026-09-22,0.0,109.0,0.0,12.44,Production,Data Science
ACC-1012,Managed Database,eu-west-1,db.m5.large,2026-09-22,19.6,53.0,0.0,9.39,Staging,Finance
ACC-1012,Data Warehouse,eu-west-1,dw.xlarge,2026-09-22,34.97,95.9,0.0,43.9,Staging,Finance
ACC-1009,Compute Instances,eu-central-1,m5.xlarge,2026-09-22,28.2,0.0,0.0,4.89,Production,Engineering
ACC-1009,Object Storage,eu-central-1,N/A,2026-09-22,0.0,140.1,0.0,3.5,Production,Engineering
ACC-1004,Content Delivery (CDN),ap-southeast-1,N/A,2026-09-22,0.0,0.0,8.7,0.68,Production,Sales
ACC-1006,Content Delivery (CDN),us-east-1,N/A,2026-09-22,0.0,0.0,30.6,2.78,Staging,Marketing
ACC-1003,Block Storage,ap-south-1,io2,2026-09-22,0.0,356.7,0.0,46.95,Development,Data Science
ACC-1008,Data Transfer / Egress,us-east-1,N/A,2026-09-22,0.0,0.0,15.7,1.48,Development,Engineering
ACC-1010,Block Storage,ap-southeast-1,st1,2026-09-22,0.0,126.0,0.0,5.3,Staging,Data Science
ACC-1010,Load Balancer,ap-southeast-1,N/A,2026-09-22,0.0,0.0,33.4,3.33,Staging,Data Science
ACC-1010,Managed Database,ap-southeast-1,db.m5.large,2026-09-22,19.29,32.5,0.0,7.11,Staging,Data Science
ACC-1003,Serverless Functions,ap-south-1,N/A,2026-09-22,22.88,0.0,0.0,1.0,Development,Data Science
ACC-1013,Data Transfer / Egress,us-east-1,N/A,2026-09-22,0.0,0.0,63.6,5.69,Production,Data Science
ACC-1014,Serverless Functions,us-west-2,N/A,2026-09-23,29.05,0.0,0.0,1.43,Production,Engineering
ACC-1001,Load Balancer,eu-central-1,N/A,2026-09-23,0.0,0.0,31.9,3.31,Development,Engineering
ACC-1003,Serverless Functions,ap-south-1,N/A,2026-09-23,7.42,0.0,0.0,0.4,Staging,Data Science
ACC-1003,Data Transfer / Egress,ap-south-1,N/A,2026-09-23,0.0,0.0,17.6,1.66,Staging,Data Science
ACC-1009,Load Balancer,eu-west-1,N/A,2026-09-23,0.0,0.0,18.9,1.69,Staging,Engineering
ACC-1009,Managed Database,eu-west-1,db.r5.large,2026-09-23,22.56,51.6,0.0,9.88,Staging,Engineering
ACC-1012,Data Warehouse,eu-west-1,dw.large,2026-09-23,31.64,26.1,0.0,18.88,Staging,Finance
ACC-1012,Content Delivery (CDN),eu-west-1,N/A,2026-09-23,0.0,0.0,30.7,2.82,Staging,Finance
ACC-1005,Content Delivery (CDN),eu-west-1,N/A,2026-09-23,0.0,0.0,74.0,6.17,Production,IT Operations
ACC-1014,Object Storage,us-west-2,N/A,2026-09-23,0.0,273.9,0.0,6.55,Production,Engineering
ACC-1013,Managed Database,us-east-1,db.t3.medium,2026-09-23,37.28,17.4,0.0,4.42,Production,Data Science
ACC-1008,Managed Kubernetes,us-east-1,m5.xlarge,2026-09-23,4.2,0.0,0.0,0.85,Development,Engineering
ACC-1004,Compute Instances,ap-southeast-1,c5.large,2026-09-23,14.12,0.0,0.0,1.22,Production,Sales
ACC-1008,Load Balancer,us-east-1,N/A,2026-09-23,0.0,0.0,35.4,3.16,Development,Engineering
ACC-1011,Managed Kubernetes,us-east-1,c5.2xlarge,2026-09-23,21.64,0.0,0.0,8.01,Production,Sales
ACC-1011,Block Storage,us-east-1,io2,2026-09-23,0.0,201.4,0.0,25.2,Production,Sales
ACC-1007,Compute Instances,ap-southeast-1,c5.large,2026-09-23,10.86,0.0,0.0,0.94,Production,Marketing
ACC-1004,Managed Kubernetes,ap-southeast-1,m5.large,2026-09-23,16.37,0.0,0.0,1.47,Production,Sales
ACC-1004,Object Storage,ap-southeast-1,N/A,2026-09-23,0.0,193.9,0.0,5.2,Production,Sales
ACC-1002,Data Transfer / Egress,us-west-2,N/A,2026-09-23,0.0,0.0,49.1,4.44,Staging,Sales
ACC-1002,Compute Instances,us-west-2,m5.xlarge,2026-09-23,15.96,0.0,0.0,2.77,Staging,Sales
ACC-1002,Managed Kubernetes,us-west-2,m5.xlarge,2026-09-23,23.16,0.0,0.0,4.5,Staging,Sales
ACC-1015,Load Balancer,ap-south-1,N/A,2026-09-23,0.0,0.0,33.8,3.11,Staging,Engineering
ACC-1005,Load Balancer,eu-west-1,N/A,2026-09-23,0.0,0.0,54.6,5.38,Production,IT Operations
ACC-1008,Block Storage,us-east-1,gp3,2026-09-23,0.0,138.8,0.0,10.41,Development,Engineering
ACC-1005,Serverless Functions,eu-west-1,N/A,2026-09-23,26.81,0.0,0.0,1.35,Production,IT Operations
