CustomerID,CustomerName,Branch,CustomerSegment,CardType,CreditScore,StatementMonth,CreditLimit,OutstandingBalance,MinimumDue,AmountPaid,PaymentStatus
CC3001,Michael Hernandez,Uptown,Business,Business,583,2024-01-01,40000,36851.6,1842.58,3919.05,On-Time
CC3002,William Thomas,Uptown,Retail,Platinum,611,2024-01-01,25000,21764.85,1088.24,2118.53,Late
CC3003,Nancy Garcia,Riverside,Premium,Gold,662,2024-01-01,15000,6476.13,323.81,944.0,On-Time
CC3004,John Martinez,Uptown,Retail,Business,698,2024-01-01,40000,13460.75,673.04,1637.38,On-Time
CC3005,Mary Jones,Uptown,Premium,Silver,805,2024-01-01,8000,6033.11,301.66,611.6,On-Time
CC3006,Linda Garcia,Downtown,Retail,Gold,745,2024-01-01,15000,1645.33,82.27,241.15,On-Time
CC3007,Thomas Smith,Riverside,Business,Business,676,2024-01-01,40000,7236.17,361.81,1071.64,On-Time
CC3008,Sarah Williams,Riverside,Retail,Business,677,2024-01-01,40000,15602.05,780.1,1811.83,On-Time
CC3009,John Jones,Riverside,Premium,Platinum,763,2024-01-01,25000,11046.37,552.32,1412.84,On-Time
CC3010,John Brown,Lakeside,Business,Platinum,601,2024-01-01,25000,12145.11,607.26,820.59,Late
CC3011,Elizabeth Hernandez,Uptown,Premium,Business,673,2024-01-01,40000,16433.87,821.69,1000.19,Late
CC3012,Joseph Lopez,Lakeside,Premium,Platinum,734,2024-01-01,25000,8146.21,407.31,784.72,On-Time
CC3013,Jennifer Lopez,Westfield,Business,Business,689,2024-01-01,40000,33778.33,1688.92,1983.03,On-Time
CC3014,Jessica Taylor,Downtown,Business,Silver,656,2024-01-01,8000,6270.68,313.53,531.8,On-Time
CC3015,Linda Anderson,Westfield,Retail,Business,593,2024-01-01,40000,26845.65,1342.28,3036.61,On-Time
CC3016,Linda Thomas,Westfield,Retail,Silver,722,2024-01-01,8000,2775.71,138.79,405.13,On-Time
CC3017,Betty Martinez,Uptown,Retail,Platinum,670,2024-01-01,25000,13822.41,691.12,1818.73,On-Time
CC3018,Lisa Davis,Downtown,Premium,Gold,700,2024-01-01,15000,9767.91,488.4,656.28,On-Time
CC3019,Daniel Wilson,Downtown,Business,Gold,711,2024-01-01,15000,13214.82,660.74,638.47,On-Time
CC3020,Betty Taylor,Westfield,Business,Gold,737,2024-01-01,15000,12551.98,627.6,1459.24,On-Time
CC3021,Robert Martinez,Lakeside,Business,Silver,814,2024-01-01,8000,6844.89,342.24,494.99,Late
CC3022,Michael Rodriguez,Downtown,Retail,Business,802,2024-01-01,40000,7810.66,390.53,498.95,Late
CC3023,Jennifer Miller,Riverside,Business,Silver,774,2024-01-01,8000,6262.91,313.15,295.59,On-Time
CC3024,Sarah Wilson,Lakeside,Business,Gold,790,2024-01-01,15000,1345.64,67.28,114.51,On-Time
CC3025,Linda Johnson,Westfield,Premium,Business,660,2024-01-01,40000,16798.32,839.92,919.04,On-Time
CC3026,Susan Lopez,Riverside,Premium,Business,756,2024-01-01,40000,10015.41,500.77,1263.97,Late
CC3027,Karen Hernandez,Lakeside,Premium,Business,620,2024-01-01,40000,10439.6,521.98,1424.92,On-Time
CC3028,Michael Lopez,Uptown,Business,Silver,657,2024-01-01,8000,4384.06,219.2,516.67,On-Time
CC3029,William Anderson,Lakeside,Business,Business,754,2024-01-01,40000,12259.95,613.0,1671.7,On-Time
CC3030,Michael Smith,Westfield,Retail,Business,584,2024-01-01,40000,28246.14,1412.31,2831.12,On-Time
CC3031,Patricia Thomas,Riverside,Business,Gold,657,2024-01-01,15000,4792.73,239.64,594.52,Late
CC3032,William Thomas,Uptown,Premium,Gold,744,2024-01-01,15000,1832.53,91.63,157.49,On-Time
CC3033,Michael Garcia,Westfield,Retail,Gold,767,2024-01-01,15000,13963.23,698.16,1475.95,On-Time
CC3034,Lisa Johnson,Downtown,Premium,Silver,623,2024-01-01,8000,7328.38,366.42,822.03,On-Time
CC3035,Linda Hernandez,Lakeside,Business,Platinum,738,2024-01-01,25000,18525.05,926.25,1581.66,On-Time
CC3036,David Martinez,Uptown,Premium,Business,678,2024-01-01,40000,23168.49,1158.42,2611.05,Late
CC3037,James Martinez,Lakeside,Retail,Business,778,2024-01-01,40000,23409.41,1170.47,2913.15,On-Time
CC3038,Robert Wilson,Downtown,Business,Gold,596,2024-01-01,15000,3155.01,157.75,167.31,On-Time
CC3039,William Johnson,Uptown,Business,Gold,782,2024-01-01,15000,3149.7,157.49,376.79,Default
CC3040,Jessica Thomas,Riverside,Premium,Silver,610,2024-01-01,8000,2536.04,126.8,159.68,On-Time
CC3041,Patricia Anderson,Westfield,Business,Gold,790,2024-01-01,15000,5493.78,274.69,224.8,On-Time
CC3042,Elizabeth Wilson,Westfield,Premium,Gold,802,2024-01-01,15000,6321.27,316.06,622.65,Late
CC3043,Patricia Garcia,Westfield,Business,Silver,697,2024-01-01,8000,2630.58,131.53,132.92,On-Time
CC3044,Nancy Hernandez,Westfield,Retail,Gold,675,2024-01-01,15000,10316.21,515.81,1534.28,On-Time
CC3045,Thomas Garcia,Riverside,Retail,Gold,678,2024-01-01,15000,13659.4,682.97,1827.96,On-Time
CC3046,Jessica Brown,Westfield,Retail,Gold,693,2024-01-01,15000,9943.34,497.17,657.25,On-Time
CC3047,Lisa Martinez,Lakeside,Premium,Silver,674,2024-01-01,8000,2655.51,132.78,124.91,On-Time
CC3048,Matthew Taylor,Uptown,Premium,Platinum,583,2024-01-01,25000,8004.27,400.21,1176.09,Late
CC3049,William Martinez,Lakeside,Premium,Silver,719,2024-01-01,8000,4778.17,238.91,677.36,On-Time
CC3050,Elizabeth Smith,Westfield,Premium,Silver,692,2024-01-01,8000,5361.46,268.07,331.16,Late
CC3051,Charles Garcia,Uptown,Premium,Silver,588,2024-01-01,8000,1581.95,79.1,201.75,On-Time
CC3052,Elizabeth Thomas,Downtown,Premium,Platinum,723,2024-01-01,25000,4198.85,209.94,523.42,On-Time
CC3053,John Brown,Lakeside,Premium,Gold,688,2024-01-01,15000,4409.28,220.46,579.91,Late
CC3054,Jennifer Taylor,Uptown,Business,Silver,644,2024-01-01,8000,5750.25,287.51,422.92,On-Time
CC3055,Linda Taylor,Uptown,Retail,Silver,810,2024-01-01,8000,5095.18,254.76,350.86,On-Time
CC3056,David Rodriguez,Westfield,Premium,Business,598,2024-01-01,40000,12168.71,608.44,1572.12,Late
CC3057,Robert Garcia,Westfield,Business,Gold,668,2024-01-01,15000,7664.44,383.22,979.52,On-Time
CC3058,Sarah Lopez,Riverside,Retail,Silver,710,2024-01-01,8000,7275.08,363.75,811.55,On-Time
CC3059,Daniel Davis,Uptown,Business,Platinum,639,2024-01-01,25000,1955.0,97.75,253.59,On-Time
CC3060,Sarah Thomas,Uptown,Premium,Business,594,2024-01-01,40000,22886.45,1144.32,2524.88,On-Time
CC3061,James Taylor,Riverside,Retail,Platinum,748,2024-01-01,25000,5819.42,290.97,537.91,On-Time
CC3062,Linda Davis,Downtown,Premium,Business,631,2024-01-01,40000,15351.04,767.55,623.71,Late
CC3063,Betty Garcia,Riverside,Premium,Gold,770,2024-01-01,15000,5265.02,263.25,483.89,On-Time
CC3064,Nancy Hernandez,Downtown,Retail,Business,689,2024-01-01,40000,33397.86,1669.89,2969.7,On-Time
CC3065,Sarah Hernandez,Lakeside,Business,Business,753,2024-01-01,40000,22936.59,1146.83,1004.54,Late
CC3066,Joseph Davis,Downtown,Retail,Business,715,2024-01-01,40000,18078.51,903.93,1436.73,Late
CC3067,Jennifer Rodriguez,Riverside,Premium,Business,584,2024-01-01,40000,10417.82,520.89,1284.64,On-Time
CC3068,Matthew Miller,Westfield,Premium,Business,722,2024-01-01,40000,5353.52,267.68,291.68,On-Time
CC3069,Sarah Martinez,Downtown,Premium,Silver,730,2024-01-01,8000,4681.96,234.1,586.8,On-Time
CC3070,Nancy Anderson,Uptown,Premium,Gold,758,2024-01-01,15000,2648.37,132.42,183.01,On-Time
CC3071,Richard Rodriguez,Uptown,Business,Business,738,2024-01-01,40000,17545.31,877.27,962.09,Late
CC3072,Karen Johnson,Uptown,Business,Silver,641,2024-01-01,8000,2628.48,131.42,385.76,On-Time
CC3073,Mary Martinez,Riverside,Retail,Business,747,2024-01-01,40000,9679.89,483.99,1196.49,On-Time
CC3074,Daniel Davis,Downtown,Premium,Gold,672,2024-01-01,15000,7731.8,386.59,627.0,On-Time
CC3075,James Davis,Riverside,Retail,Silver,777,2024-01-01,8000,2397.87,119.89,124.55,On-Time
CC3076,Daniel Garcia,Lakeside,Premium,Gold,622,2024-01-01,15000,6715.09,335.75,616.69,On-Time
CC3077,Linda Brown,Downtown,Retail,Gold,717,2024-01-01,15000,4360.49,218.02,565.57,On-Time
CC3078,William Jones,Uptown,Retail,Silver,777,2024-01-01,8000,3991.62,199.58,591.47,On-Time
CC3079,John Johnson,Riverside,Business,Business,628,2024-01-01,40000,3912.43,195.62,427.04,On-Time
CC3080,Jessica Smith,Westfield,Business,Platinum,783,2024-01-01,25000,4783.55,239.18,346.86,Default
CC3081,Karen Garcia,Riverside,Retail,Silver,699,2024-01-01,8000,841.71,42.09,50.19,On-Time
CC3082,James Rodriguez,Downtown,Premium,Gold,586,2024-01-01,15000,7909.18,395.46,917.81,On-Time
CC3083,Betty Thomas,Riverside,Retail,Silver,786,2024-01-01,8000,796.02,39.8,103.84,On-Time
CC3084,Matthew Brown,Downtown,Premium,Gold,815,2024-01-01,15000,6909.89,345.49,475.25,On-Time
CC3085,William Taylor,Westfield,Business,Gold,671,2024-01-01,15000,3399.19,169.96,370.88,On-Time
CC3086,Jessica Williams,Riverside,Premium,Platinum,789,2024-01-01,25000,10591.68,529.58,1039.55,Late
CC3087,Betty Jones,Downtown,Business,Business,815,2024-01-01,40000,8493.0,424.65,1235.39,On-Time
CC3088,Joseph Anderson,Downtown,Business,Silver,642,2024-01-01,8000,5853.87,292.69,731.72,On-Time
CC3089,Susan Rodriguez,Downtown,Business,Business,637,2024-01-01,40000,9377.99,468.9,520.19,On-Time
CC3090,Joseph Brown,Lakeside,Premium,Platinum,791,2024-01-01,25000,10606.65,530.33,1029.93,On-Time
CC3091,Sarah Jones,Downtown,Retail,Silver,782,2024-01-01,8000,1935.97,96.8,187.73,On-Time
CC3092,James Lopez,Lakeside,Retail,Platinum,618,2024-01-01,25000,11248.77,562.44,911.61,On-Time
CC3093,Linda Rodriguez,Uptown,Premium,Gold,659,2024-01-01,15000,11179.39,558.97,885.48,On-Time
CC3094,Joseph Martinez,Lakeside,Retail,Business,783,2024-01-01,40000,30232.71,1511.64,1249.88,Late
CC3095,Jessica Taylor,Downtown,Premium,Business,618,2024-01-01,40000,7526.72,376.34,754.26,On-Time
CC3096,Charles Brown,Riverside,Premium,Business,650,2024-01-01,40000,12075.02,603.75,541.23,On-Time
CC3097,Nancy Thomas,Downtown,Business,Silver,813,2024-01-01,8000,3387.69,169.38,265.72,On-Time
CC3098,Elizabeth Davis,Riverside,Premium,Platinum,707,2024-01-01,25000,20492.42,1024.62,1016.27,On-Time
CC3099,Jessica Garcia,Lakeside,Premium,Silver,681,2024-01-01,8000,1915.75,95.79,222.52,On-Time
CC3100,Elizabeth Smith,Riverside,Retail,Silver,744,2024-01-01,8000,6039.72,301.99,679.25,On-Time
CC3101,Michael Lopez,Riverside,Premium,Platinum,730,2024-01-01,25000,13142.88,657.14,1430.52,On-Time
CC3102,Betty Anderson,Riverside,Premium,Silver,664,2024-01-01,8000,4890.81,244.54,370.39,On-Time
CC3103,Karen Rodriguez,Westfield,Business,Business,610,2024-01-01,40000,6527.99,326.4,360.05,On-Time
CC3104,Charles Wilson,Downtown,Business,Business,686,2024-01-01,40000,37480.4,1874.02,4474.85,On-Time
CC3105,Daniel Thomas,Downtown,Premium,Business,793,2024-01-01,40000,8411.24,420.56,392.42,On-Time
CC3106,Nancy Williams,Uptown,Business,Business,672,2024-01-01,40000,32574.08,1628.7,4389.52,Late
CC3107,Mary Davis,Westfield,Retail,Silver,786,2024-01-01,8000,3091.77,154.59,410.07,On-Time
CC3108,Susan Davis,Downtown,Retail,Gold,710,2024-01-01,15000,5681.99,284.1,249.77,Late
CC3109,Susan Martinez,Downtown,Premium,Gold,803,2024-01-01,15000,8492.83,424.64,841.86,On-Time
CC3110,Linda Jones,Downtown,Retail,Silver,737,2024-01-01,8000,1040.83,52.04,125.41,On-Time
CC3111,Thomas Johnson,Uptown,Business,Platinum,651,2024-01-01,25000,8074.98,403.75,777.58,Default
CC3112,Susan Lopez,Riverside,Premium,Silver,612,2024-01-01,8000,4835.11,241.76,195.16,On-Time
CC3113,Richard Johnson,Riverside,Premium,Silver,683,2024-01-01,8000,1817.57,90.88,198.24,On-Time
CC3114,Patricia Martinez,Lakeside,Business,Platinum,745,2024-01-01,25000,1257.36,62.87,88.2,On-Time
CC3115,Linda Williams,Downtown,Business,Platinum,815,2024-01-01,25000,2426.1,121.31,200.54,On-Time
CC3116,Lisa Hernandez,Riverside,Business,Gold,621,2024-01-01,15000,3341.91,167.1,390.73,On-Time
CC3117,Susan Garcia,Uptown,Premium,Silver,613,2024-01-01,8000,4607.37,230.37,487.59,On-Time
CC3118,Karen Wilson,Riverside,Business,Business,722,2024-01-01,40000,14630.36,731.52,1715.35,On-Time
CC3119,Richard Hernandez,Westfield,Retail,Business,784,2024-01-01,40000,36088.56,1804.43,2527.09,Late
CC3120,Matthew Miller,Lakeside,Business,Platinum,804,2024-01-01,25000,6033.45,301.67,504.09,On-Time
CC3121,Matthew Johnson,Lakeside,Retail,Business,768,2024-01-01,40000,15280.15,764.01,1557.91,Late
CC3122,Jennifer Williams,Uptown,Premium,Platinum,772,2024-01-01,25000,20366.45,1018.32,1520.2,On-Time
CC3123,Thomas Wilson,Westfield,Business,Silver,744,2024-01-01,8000,917.13,45.86,121.61,On-Time
CC3124,Thomas Jones,Riverside,Retail,Business,780,2024-01-01,40000,14373.79,718.69,2008.47,On-Time
CC3125,David Brown,Riverside,Business,Silver,812,2024-01-01,8000,6025.52,301.28,589.68,On-Time
CC3126,Susan Garcia,Downtown,Premium,Silver,774,2024-01-01,8000,7413.12,370.66,757.89,Late
CC3127,Richard Davis,Lakeside,Retail,Business,749,2024-01-01,40000,37729.87,1886.49,4994.33,On-Time
CC3128,Betty Davis,Downtown,Premium,Platinum,806,2024-01-01,25000,23636.56,1181.83,1118.71,Late
CC3129,Charles Davis,Uptown,Business,Business,769,2024-01-01,40000,6668.36,333.42,542.66,On-Time
CC3130,Jessica Anderson,Uptown,Premium,Silver,702,2024-01-01,8000,5496.51,274.83,640.08,On-Time
CC3131,Richard Jones,Westfield,Retail,Gold,817,2024-01-01,15000,13494.38,674.72,1473.47,On-Time
CC3132,Mary Brown,Downtown,Retail,Business,712,2024-01-01,40000,28855.86,1442.79,2581.93,On-Time
CC3133,Matthew Johnson,Westfield,Retail,Silver,710,2024-01-01,8000,1910.31,95.52,267.25,Default
CC3134,Lisa Martinez,Lakeside,Premium,Business,684,2024-01-01,40000,23442.21,1172.11,3022.21,On-Time
CC3135,Richard Taylor,Downtown,Retail,Platinum,635,2024-01-01,25000,6962.68,348.13,981.25,On-Time
CC3136,Susan Taylor,Riverside,Business,Silver,590,2024-01-01,8000,6032.15,301.61,667.29,On-Time
CC3137,Lisa Martinez,Downtown,Premium,Platinum,746,2024-01-01,25000,16761.9,838.1,1759.47,On-Time
CC3138,William Smith,Riverside,Premium,Platinum,779,2024-01-01,25000,2912.62,145.63,408.91,On-Time
CC3139,Jennifer Thomas,Downtown,Premium,Silver,667,2024-01-01,8000,5476.49,273.82,298.51,On-Time
CC3140,Karen Miller,Uptown,Premium,Business,803,2024-01-01,40000,25135.52,1256.78,2642.99,On-Time
CC3141,Charles Lopez,Westfield,Retail,Business,665,2024-01-01,40000,16374.75,818.74,1332.09,On-Time
CC3142,Charles Anderson,Riverside,Retail,Platinum,696,2024-01-01,25000,1638.53,81.93,72.39,On-Time
CC3143,Jessica Johnson,Westfield,Business,Silver,600,2024-01-01,8000,2924.73,146.24,182.88,On-Time
CC3144,Elizabeth Martinez,Westfield,Retail,Platinum,586,2024-01-01,25000,2671.2,133.56,378.11,On-Time
CC3145,Mary Brown,Uptown,Retail,Platinum,755,2024-01-01,25000,10190.37,509.52,1222.87,On-Time
CC3146,Patricia Hernandez,Lakeside,Business,Business,643,2024-01-01,40000,34589.43,1729.47,4384.22,On-Time
CC3147,Susan Taylor,Riverside,Premium,Platinum,587,2024-01-01,25000,7685.24,384.26,960.59,On-Time
CC3148,Lisa Brown,Lakeside,Retail,Gold,604,2024-01-01,15000,3372.96,168.65,331.51,On-Time
CC3149,Linda Anderson,Uptown,Premium,Gold,763,2024-01-01,15000,2892.95,144.65,334.95,On-Time
CC3150,Joseph Brown,Lakeside,Premium,Business,617,2024-01-01,40000,4087.82,204.39,333.22,On-Time
CC3151,Jessica Brown,Westfield,Premium,Platinum,657,2024-01-01,25000,3204.15,160.21,275.59,On-Time
CC3152,William Jones,Uptown,Retail,Business,624,2024-01-01,40000,34059.99,1703.0,2767.31,Late
CC3153,Jessica Jones,Westfield,Business,Gold,711,2024-01-01,15000,9574.24,478.71,821.07,On-Time
CC3154,Patricia Brown,Lakeside,Business,Platinum,791,2024-01-01,25000,20085.39,1004.27,1946.46,Late
CC3155,Daniel Garcia,Westfield,Retail,Platinum,698,2024-01-01,25000,3318.26,165.91,153.63,Late
CC3156,Lisa Johnson,Uptown,Premium,Business,580,2024-01-01,40000,27004.0,1350.2,3343.86,On-Time
CC3157,Joseph Brown,Lakeside,Business,Silver,733,2024-01-01,8000,643.93,32.2,45.38,On-Time
CC3158,Karen Brown,Lakeside,Premium,Silver,818,2024-01-01,8000,4250.9,212.54,369.9,On-Time
CC3159,William Miller,Lakeside,Retail,Platinum,695,2024-01-01,25000,7073.16,353.66,534.46,On-Time
CC3160,David Smith,Downtown,Premium,Gold,691,2024-01-01,15000,6937.68,346.88,690.21,On-Time
CC3161,Lisa Brown,Westfield,Business,Gold,624,2024-01-01,15000,10905.71,545.29,949.38,Late
CC3162,Richard Anderson,Lakeside,Retail,Business,808,2024-01-01,40000,27018.39,1350.92,2175.54,On-Time
CC3163,Lisa Martinez,Lakeside,Business,Business,715,2024-01-01,40000,28956.39,1447.82,1722.02,On-Time
CC3164,Lisa Miller,Downtown,Business,Silver,663,2024-01-01,8000,1196.54,59.83,60.99,On-Time
CC3165,Jennifer Wilson,Downtown,Retail,Platinum,662,2024-01-01,25000,14026.18,701.31,1077.81,Late
CC3166,Daniel Johnson,Riverside,Premium,Silver,613,2024-01-01,8000,7124.64,356.23,300.36,On-Time
CC3167,Nancy Johnson,Uptown,Premium,Gold,627,2024-01-01,15000,5214.83,260.74,469.32,Default
CC3168,Jessica Smith,Westfield,Business,Business,626,2024-01-01,40000,22256.34,1112.82,2928.93,On-Time
CC3169,Betty Hernandez,Uptown,Retail,Business,747,2024-01-01,40000,10493.87,524.69,528.01,On-Time
CC3170,Richard Williams,Uptown,Premium,Platinum,793,2024-01-01,25000,3060.28,153.01,134.78,On-Time
CC3171,Joseph Lopez,Downtown,Business,Business,791,2024-01-01,40000,35766.51,1788.33,4152.78,On-Time
CC3172,John Davis,Westfield,Premium,Silver,602,2024-01-01,8000,2468.17,123.41,348.18,On-Time
CC3173,Linda Smith,Uptown,Business,Platinum,763,2024-01-01,25000,13846.13,692.31,2046.47,On-Time
CC3174,Daniel Rodriguez,Uptown,Premium,Business,743,2024-01-01,40000,26801.81,1340.09,1756.26,On-Time
CC3175,Matthew Anderson,Uptown,Premium,Platinum,692,2024-01-01,25000,4018.64,200.93,218.35,On-Time
CC3176,Jessica Garcia,Riverside,Business,Gold,678,2024-01-01,15000,9090.09,454.5,777.07,On-Time
CC3177,Susan Taylor,Riverside,Premium,Business,596,2024-01-01,40000,15441.42,772.07,973.75,On-Time
CC3178,John Johnson,Riverside,Premium,Business,774,2024-01-01,40000,14598.63,729.93,1192.08,On-Time
CC3179,Michael Wilson,Downtown,Retail,Gold,689,2024-01-01,15000,12399.78,619.99,1085.96,Default
CC3180,Joseph Hernandez,Westfield,Premium,Gold,753,2024-01-01,15000,10289.12,514.46,1436.81,On-Time
CC3181,Patricia Johnson,Lakeside,Premium,Silver,625,2024-01-01,8000,6476.51,323.83,864.15,On-Time
CC3182,Jessica Davis,Riverside,Business,Silver,657,2024-01-01,8000,4716.17,235.81,485.45,On-Time
CC3183,David Jones,Lakeside,Premium,Silver,657,2024-01-01,8000,3325.49,166.27,387.84,On-Time
CC3184,Joseph Anderson,Westfield,Retail,Gold,602,2024-01-01,15000,1297.57,64.88,108.25,Default
CC3185,Patricia Martinez,Lakeside,Premium,Platinum,659,2024-01-01,25000,19188.92,959.45,2329.61,Late
CC3186,Jennifer Rodriguez,Downtown,Business,Business,677,2024-01-01,40000,32810.64,1640.53,2197.52,On-Time
CC3187,Jennifer Williams,Downtown,Retail,Gold,765,2024-01-01,15000,4680.74,234.04,340.98,On-Time
CC3188,Nancy Miller,Westfield,Business,Gold,756,2024-01-01,15000,12542.38,627.12,883.0,On-Time
CC3189,Patricia Brown,Downtown,Premium,Gold,589,2024-01-01,15000,8978.99,448.95,763.09,On-Time
CC3190,Lisa Rodriguez,Riverside,Retail,Business,751,2024-01-01,40000,30410.87,1520.54,3427.35,On-Time
CC3191,Richard Wilson,Uptown,Business,Gold,686,2024-01-01,15000,2287.21,114.36,325.22,Late
CC3192,Thomas Williams,Riverside,Business,Gold,744,2024-01-01,15000,9168.56,458.43,884.77,Late
CC3193,Matthew Williams,Riverside,Premium,Platinum,662,2024-01-01,25000,3683.1,184.16,210.28,On-Time
CC3194,Richard Taylor,Westfield,Retail,Silver,686,2024-01-01,8000,553.7,27.69,74.79,On-Time
CC3195,Jennifer Miller,Westfield,Retail,Silver,627,2024-01-01,8000,6940.17,347.01,904.48,On-Time
CC3196,John Wilson,Downtown,Business,Silver,656,2024-01-01,8000,4523.99,226.2,608.67,On-Time
CC3197,Jessica Williams,Westfield,Premium,Silver,639,2024-01-01,8000,797.74,39.89,67.05,Late
CC3198,Karen Hernandez,Lakeside,Premium,Platinum,702,2024-01-01,25000,3093.2,154.66,431.73,On-Time
CC3199,William Davis,Riverside,Premium,Silver,763,2024-01-01,8000,5693.48,284.67,262.59,On-Time
CC3200,Richard Thomas,Lakeside,Premium,Gold,819,2024-01-01,15000,7723.96,386.2,1119.08,Late
CC3201,Betty Martinez,Westfield,Business,Gold,691,2024-01-01,15000,7559.43,377.97,957.09,Late
CC3202,Jessica Jones,Uptown,Premium,Platinum,681,2024-01-01,25000,8394.22,419.71,413.84,Late
CC3203,Sarah Johnson,Lakeside,Retail,Gold,591,2024-01-01,15000,10507.1,525.36,466.6,On-Time
CC3204,Patricia Thomas,Westfield,Retail,Gold,583,2024-01-01,15000,2397.8,119.89,328.23,On-Time
CC3205,Richard Rodriguez,Uptown,Retail,Silver,627,2024-01-01,8000,3757.46,187.87,178.08,On-Time
CC3206,Elizabeth Smith,Downtown,Premium,Gold,697,2024-01-01,15000,13779.79,688.99,1299.01,On-Time
CC3207,Joseph Anderson,Uptown,Retail,Silver,769,2024-01-01,8000,2314.61,115.73,321.94,On-Time
CC3208,Jessica Hernandez,Uptown,Premium,Gold,807,2024-01-01,15000,4930.81,246.54,338.37,On-Time
CC3209,Patricia Rodriguez,Downtown,Premium,Silver,642,2024-01-01,8000,2237.22,111.86,249.01,On-Time
CC3210,Nancy Rodriguez,Downtown,Business,Platinum,777,2024-01-01,25000,2331.59,116.58,314.18,On-Time
CC3211,Joseph Anderson,Westfield,Premium,Business,780,2024-01-01,40000,12610.49,630.52,1126.15,On-Time
CC3212,Richard Wilson,Uptown,Business,Gold,752,2024-01-01,15000,8509.81,425.49,641.46,Late
CC3213,Daniel Martinez,Uptown,Premium,Platinum,693,2024-01-01,25000,7216.91,360.85,837.82,On-Time
CC3214,Lisa Lopez,Lakeside,Retail,Silver,771,2024-01-01,8000,1053.06,52.65,125.07,On-Time
CC3215,David Smith,Riverside,Premium,Gold,655,2024-01-01,15000,8876.05,443.8,904.6,On-Time
CC3216,Karen Garcia,Westfield,Retail,Silver,786,2024-01-01,8000,2381.23,119.06,163.55,On-Time
CC3217,Sarah Thomas,Uptown,Premium,Silver,635,2024-01-01,8000,503.07,25.15,46.05,On-Time
CC3218,Lisa Jones,Lakeside,Retail,Platinum,700,2024-01-01,25000,4590.6,229.53,528.2,On-Time
CC3219,Daniel Wilson,Downtown,Retail,Silver,769,2024-01-01,8000,2464.22,123.21,221.82,On-Time
CC3220,James Hernandez,Riverside,Premium,Silver,611,2024-01-01,8000,7256.98,362.85,524.6,On-Time
CC3221,Betty Miller,Westfield,Premium,Platinum,626,2024-01-01,25000,9000.62,450.03,1322.34,On-Time
CC3222,Daniel Thomas,Downtown,Premium,Business,778,2024-01-01,40000,13100.69,655.03,1528.62,On-Time
CC3223,Lisa Wilson,Riverside,Business,Platinum,582,2024-01-01,25000,3369.74,168.49,290.95,Late
CC3224,Lisa Lopez,Westfield,Retail,Gold,760,2024-01-01,15000,8316.53,415.83,389.68,Late
CC3225,Karen Wilson,Riverside,Retail,Platinum,768,2024-01-01,25000,16885.14,844.26,2033.83,On-Time
CC3226,Elizabeth Hernandez,Lakeside,Premium,Gold,666,2024-01-01,15000,13870.89,693.54,929.57,On-Time
CC3227,Daniel Taylor,Riverside,Retail,Business,651,2024-01-01,40000,24695.06,1234.75,3075.13,On-Time
CC3228,Karen Hernandez,Lakeside,Business,Business,631,2024-01-01,40000,25021.14,1251.06,2191.74,On-Time
CC3229,Karen Davis,Riverside,Premium,Gold,713,2024-01-01,15000,12902.79,645.14,1458.17,Late
CC3230,Betty Williams,Westfield,Premium,Silver,761,2024-01-01,8000,3299.49,164.97,198.31,On-Time
CC3231,Richard Jones,Uptown,Premium,Gold,780,2024-01-01,15000,4928.35,246.42,274.53,On-Time
CC3232,David Hernandez,Uptown,Retail,Business,741,2024-01-01,40000,28191.89,1409.59,4019.88,On-Time
CC3233,Jennifer Lopez,Riverside,Retail,Platinum,719,2024-01-01,25000,5999.24,299.96,764.02,On-Time
CC3234,Linda Smith,Riverside,Retail,Platinum,790,2024-01-01,25000,12326.19,616.31,855.8,On-Time
CC3235,Joseph Thomas,Lakeside,Retail,Platinum,749,2024-01-01,25000,21975.35,1098.77,1503.81,On-Time
CC3236,Patricia Williams,Lakeside,Business,Silver,761,2024-01-01,8000,4415.07,220.75,307.18,Late
CC3237,Michael Rodriguez,Uptown,Premium,Business,810,2024-01-01,40000,6942.33,347.12,647.29,On-Time
CC3238,Charles Taylor,Riverside,Retail,Gold,751,2024-01-01,15000,5208.73,260.44,616.18,On-Time
CC3239,Thomas Garcia,Westfield,Retail,Platinum,717,2024-01-01,25000,7399.88,369.99,523.2,On-Time
CC3240,James Taylor,Westfield,Retail,Business,673,2024-01-01,40000,2140.5,107.03,117.58,Default
CC3241,David Williams,Riverside,Business,Silver,777,2024-01-01,8000,4205.78,210.29,529.09,On-Time
CC3242,Thomas Thomas,Westfield,Retail,Business,638,2024-01-01,40000,31960.17,1598.01,2301.14,On-Time
CC3243,Charles Taylor,Westfield,Business,Business,718,2024-01-01,40000,21880.05,1094.0,1163.99,On-Time
CC3244,Linda Anderson,Lakeside,Business,Silver,718,2024-01-01,8000,2153.33,107.67,96.43,On-Time
CC3245,Nancy Davis,Riverside,Retail,Platinum,820,2024-01-01,25000,14229.28,711.46,915.22,On-Time
CC3246,Joseph Davis,Lakeside,Business,Silver,675,2024-01-01,8000,4294.69,214.73,384.9,On-Time
CC3247,Matthew Taylor,Uptown,Premium,Gold,659,2024-01-01,15000,12137.73,606.89,953.52,On-Time
CC3248,Michael Rodriguez,Lakeside,Premium,Gold,807,2024-01-01,15000,11011.95,550.6,777.93,On-Time
CC3249,Matthew Thomas,Downtown,Retail,Silver,770,2024-01-01,8000,2758.79,137.94,278.69,Late
CC3250,Joseph Johnson,Lakeside,Retail,Business,815,2024-01-01,40000,24190.86,1209.54,2828.88,On-Time
CC3251,Linda Brown,Westfield,Premium,Silver,755,2024-01-01,8000,2353.42,117.67,95.63,On-Time
CC3252,Karen Lopez,Uptown,Premium,Gold,798,2024-01-01,15000,7164.6,358.23,476.67,On-Time
CC3253,Joseph Smith,Westfield,Retail,Silver,784,2024-01-01,8000,1581.78,79.09,73.17,On-Time
CC3254,Charles Thomas,Uptown,Premium,Platinum,588,2024-01-01,25000,8927.53,446.38,479.16,On-Time
CC3255,Susan Taylor,Westfield,Retail,Platinum,593,2024-01-01,25000,20663.79,1033.19,1900.93,On-Time
CC3256,Sarah Johnson,Riverside,Premium,Gold,697,2024-01-01,15000,6316.83,315.84,816.14,On-Time
CC3257,Lisa Johnson,Westfield,Premium,Business,718,2024-01-01,40000,14309.07,715.45,1720.38,On-Time
CC3258,Richard Garcia,Lakeside,Premium,Platinum,592,2024-01-01,25000,22156.12,1107.81,2488.39,On-Time
CC3259,Elizabeth Garcia,Uptown,Premium,Silver,774,2024-01-01,8000,5480.03,274.0,298.62,On-Time
CC3260,John Garcia,Downtown,Retail,Platinum,637,2024-01-01,25000,16987.49,849.37,2401.36,On-Time
CC3261,Joseph Wilson,Lakeside,Retail,Gold,582,2024-01-01,15000,11670.16,583.51,699.05,On-Time
CC3262,Lisa Davis,Uptown,Business,Silver,815,2024-01-01,8000,692.21,34.61,83.94,Late
CC3263,James Lopez,Riverside,Business,Business,666,2024-01-01,40000,34462.45,1723.12,2777.49,Late
CC3264,Charles Rodriguez,Uptown,Retail,Silver,710,2024-01-01,8000,6853.54,342.68,930.9,On-Time
CC3265,Thomas Rodriguez,Uptown,Business,Business,777,2024-01-01,40000,21017.99,1050.9,2404.83,On-Time
CC3266,Jessica Jones,Riverside,Premium,Business,747,2024-01-01,40000,33764.89,1688.24,2356.06,On-Time
CC3267,David Brown,Westfield,Business,Silver,650,2024-01-01,8000,5912.07,295.6,433.08,On-Time
CC3268,James Williams,Uptown,Business,Platinum,808,2024-01-01,25000,2987.71,149.39,119.78,On-Time
CC3269,Charles Thomas,Lakeside,Premium,Business,604,2024-01-01,40000,7534.06,376.7,370.4,Late
CC3270,Daniel Rodriguez,Uptown,Business,Business,673,2024-01-01,40000,14351.72,717.59,599.37,Late
CC3271,Charles Brown,Uptown,Premium,Platinum,636,2024-01-01,25000,16969.25,848.46,2381.0,On-Time
CC3272,Thomas Garcia,Lakeside,Business,Platinum,646,2024-01-01,25000,21620.99,1081.05,2772.58,On-Time
CC3273,Karen Johnson,Lakeside,Premium,Gold,630,2024-01-01,15000,2587.66,129.38,364.9,On-Time
CC3274,Sarah Taylor,Riverside,Retail,Silver,718,2024-01-01,8000,5665.52,283.28,491.35,On-Time
CC3275,Thomas Rodriguez,Uptown,Premium,Gold,806,2024-01-01,15000,5218.91,260.95,644.19,On-Time
CC3276,Elizabeth Hernandez,Downtown,Premium,Platinum,809,2024-01-01,25000,21334.87,1066.74,2755.33,On-Time
CC3277,Jennifer Thomas,Uptown,Business,Platinum,747,2024-01-01,25000,12013.66,600.68,1331.23,On-Time
CC3278,Michael Jones,Westfield,Premium,Platinum,718,2024-01-01,25000,21039.54,1051.98,2082.52,Late
CC3279,William Lopez,Lakeside,Business,Silver,727,2024-01-01,8000,6476.0,323.8,564.15,On-Time
CC3280,Mary Thomas,Westfield,Retail,Business,647,2024-01-01,40000,37965.84,1898.29,2986.63,On-Time
CC3281,Sarah Miller,Downtown,Business,Business,635,2024-01-01,40000,15122.66,756.13,1132.94,Late
CC3282,Lisa Rodriguez,Lakeside,Retail,Platinum,735,2024-01-01,25000,13441.42,672.07,1043.61,On-Time
CC3283,James Thomas,Uptown,Retail,Gold,756,2024-01-01,15000,4477.7,223.88,388.15,On-Time
CC3284,Elizabeth Hernandez,Uptown,Business,Gold,600,2024-01-01,15000,11171.67,558.58,1182.29,On-Time
CC3285,Karen Martinez,Uptown,Business,Business,611,2024-01-01,40000,28206.46,1410.32,1281.16,On-Time
CC3286,John Wilson,Lakeside,Business,Platinum,727,2024-01-01,25000,12881.45,644.07,721.17,On-Time
CC3287,Karen Rodriguez,Westfield,Retail,Platinum,721,2024-01-01,25000,22049.78,1102.49,1890.18,Late
CC3288,John Garcia,Westfield,Retail,Business,613,2024-01-01,40000,17165.17,858.26,1072.97,Late
CC3289,Sarah Brown,Riverside,Retail,Platinum,756,2024-01-01,25000,4649.46,232.47,666.21,On-Time
CC3290,Karen Thomas,Riverside,Premium,Business,595,2024-01-01,40000,32349.5,1617.48,2660.93,On-Time
CC3291,Thomas Anderson,Uptown,Retail,Silver,699,2024-01-01,8000,600.78,30.04,41.0,On-Time
CC3292,Mary Rodriguez,Uptown,Business,Gold,753,2024-01-01,15000,7386.4,369.32,954.76,Late
CC3293,Mary Hernandez,Downtown,Retail,Silver,765,2024-01-01,8000,5544.85,277.24,588.74,On-Time
CC3294,David Anderson,Downtown,Premium,Platinum,773,2024-01-01,25000,7740.75,387.04,343.17,On-Time
CC3295,Karen Smith,Downtown,Business,Gold,637,2024-01-01,15000,5758.27,287.91,733.17,On-Time
CC3296,Mary Thomas,Westfield,Premium,Silver,787,2024-01-01,8000,4744.71,237.24,230.74,On-Time
CC3297,Joseph Smith,Westfield,Premium,Platinum,662,2024-01-01,25000,8468.45,423.42,569.89,On-Time
CC3298,Sarah Miller,Downtown,Retail,Platinum,760,2024-01-01,25000,6496.2,324.81,410.53,On-Time
CC3299,David Rodriguez,Westfield,Retail,Business,696,2024-01-01,40000,24197.65,1209.88,1970.55,Late
CC3300,Elizabeth Smith,Westfield,Retail,Business,640,2024-01-01,40000,36595.11,1829.76,1469.54,On-Time
CC3001,Michael Hernandez,Uptown,Business,Business,583,2024-02-01,40000,37315.16,1865.76,2760.17,Late
CC3002,William Thomas,Uptown,Retail,Platinum,611,2024-02-01,25000,19295.32,964.77,1373.08,On-Time
CC3003,Nancy Garcia,Riverside,Premium,Gold,662,2024-02-01,15000,13702.12,685.11,1753.0,On-Time
CC3004,John Martinez,Uptown,Retail,Business,698,2024-02-01,40000,7639.29,381.96,331.62,On-Time
CC3005,Mary Jones,Uptown,Premium,Silver,805,2024-02-01,8000,4570.35,228.52,685.12,On-Time
CC3006,Linda Garcia,Downtown,Retail,Gold,745,2024-02-01,15000,9956.14,497.81,947.46,Default
CC3007,Thomas Smith,Riverside,Business,Business,676,2024-02-01,40000,27765.26,1388.26,3694.36,On-Time
CC3008,Sarah Williams,Riverside,Retail,Business,677,2024-02-01,40000,22147.19,1107.36,3009.21,Late
CC3009,John Jones,Riverside,Premium,Platinum,763,2024-02-01,25000,6111.48,305.57,804.39,Late
CC3010,John Brown,Lakeside,Business,Platinum,601,2024-02-01,25000,13261.2,663.06,1534.6,Late
CC3011,Elizabeth Hernandez,Uptown,Premium,Business,673,2024-02-01,40000,3953.56,197.68,183.65,On-Time
CC3012,Joseph Lopez,Lakeside,Premium,Platinum,734,2024-02-01,25000,2867.11,143.36,400.03,On-Time
CC3013,Jennifer Lopez,Westfield,Business,Business,689,2024-02-01,40000,11235.02,561.75,1263.19,On-Time
CC3014,Jessica Taylor,Downtown,Business,Silver,656,2024-02-01,8000,4861.4,243.07,513.62,Default
CC3015,Linda Anderson,Westfield,Retail,Business,593,2024-02-01,40000,5374.29,268.71,419.22,Late
CC3016,Linda Thomas,Westfield,Retail,Silver,722,2024-02-01,8000,620.75,31.04,88.4,On-Time
CC3017,Betty Martinez,Uptown,Retail,Platinum,670,2024-02-01,25000,1714.68,85.73,158.56,Late
CC3018,Lisa Davis,Downtown,Premium,Gold,700,2024-02-01,15000,3479.5,173.98,260.79,On-Time
CC3019,Daniel Wilson,Downtown,Business,Gold,711,2024-02-01,15000,9865.42,493.27,637.74,Default
CC3020,Betty Taylor,Westfield,Business,Gold,737,2024-02-01,15000,11834.06,591.7,1626.11,On-Time
CC3021,Robert Martinez,Lakeside,Business,Silver,814,2024-02-01,8000,6205.81,310.29,818.26,On-Time
CC3022,Michael Rodriguez,Downtown,Retail,Business,802,2024-02-01,40000,3314.12,165.71,267.81,On-Time
CC3023,Jennifer Miller,Riverside,Business,Silver,774,2024-02-01,8000,855.33,42.77,41.25,On-Time
CC3024,Sarah Wilson,Lakeside,Business,Gold,790,2024-02-01,15000,5947.91,297.4,769.29,On-Time
CC3025,Linda Johnson,Westfield,Premium,Business,660,2024-02-01,40000,33754.24,1687.71,2794.77,On-Time
CC3026,Susan Lopez,Riverside,Premium,Business,756,2024-02-01,40000,36814.96,1840.75,3762.3,On-Time
CC3027,Karen Hernandez,Lakeside,Premium,Business,620,2024-02-01,40000,21826.39,1091.32,914.21,On-Time
CC3028,Michael Lopez,Uptown,Business,Silver,657,2024-02-01,8000,2035.84,101.79,126.19,Late
CC3029,William Anderson,Lakeside,Business,Business,754,2024-02-01,40000,24286.26,1214.31,1524.84,On-Time
CC3030,Michael Smith,Westfield,Retail,Business,584,2024-02-01,40000,29843.47,1492.17,4069.01,Late
CC3031,Patricia Thomas,Riverside,Business,Gold,657,2024-02-01,15000,1375.02,68.75,146.03,On-Time
CC3032,William Thomas,Uptown,Premium,Gold,744,2024-02-01,15000,12001.65,600.08,655.0,On-Time
CC3033,Michael Garcia,Westfield,Retail,Gold,767,2024-02-01,15000,12617.51,630.88,1846.83,On-Time
CC3034,Lisa Johnson,Downtown,Premium,Silver,623,2024-02-01,8000,7198.64,359.93,460.32,On-Time
CC3035,Linda Hernandez,Lakeside,Business,Platinum,738,2024-02-01,25000,10440.24,522.01,828.13,Late
CC3036,David Martinez,Uptown,Premium,Business,678,2024-02-01,40000,9477.53,473.88,474.22,On-Time
CC3037,James Martinez,Lakeside,Retail,Business,778,2024-02-01,40000,2181.3,109.07,235.06,On-Time
CC3038,Robert Wilson,Downtown,Business,Gold,596,2024-02-01,15000,11922.2,596.11,1086.12,On-Time
CC3039,William Johnson,Uptown,Business,Gold,782,2024-02-01,15000,7282.29,364.11,612.89,On-Time
CC3040,Jessica Thomas,Riverside,Premium,Silver,610,2024-02-01,8000,564.15,28.21,63.57,On-Time
CC3041,Patricia Anderson,Westfield,Business,Gold,790,2024-02-01,15000,3901.56,195.08,475.07,On-Time
CC3042,Elizabeth Wilson,Westfield,Premium,Gold,802,2024-02-01,15000,10225.52,511.28,1265.7,On-Time
CC3043,Patricia Garcia,Westfield,Business,Silver,697,2024-02-01,8000,3046.81,152.34,404.09,On-Time
CC3044,Nancy Hernandez,Westfield,Retail,Gold,675,2024-02-01,15000,3267.68,163.38,198.43,On-Time
CC3045,Thomas Garcia,Riverside,Retail,Gold,678,2024-02-01,15000,8035.67,401.78,621.79,On-Time
CC3046,Jessica Brown,Westfield,Retail,Gold,693,2024-02-01,15000,2620.05,131.0,215.88,Late
CC3047,Lisa Martinez,Lakeside,Premium,Silver,674,2024-02-01,8000,1636.16,81.81,83.42,On-Time
CC3048,Matthew Taylor,Uptown,Premium,Platinum,583,2024-02-01,25000,4487.92,224.4,658.89,On-Time
CC3049,William Martinez,Lakeside,Premium,Silver,719,2024-02-01,8000,4642.99,232.15,689.95,On-Time
CC3050,Elizabeth Smith,Westfield,Premium,Silver,692,2024-02-01,8000,5808.14,290.41,667.49,On-Time
CC3051,Charles Garcia,Uptown,Premium,Silver,588,2024-02-01,8000,7390.17,369.51,691.99,On-Time
CC3052,Elizabeth Thomas,Downtown,Premium,Platinum,723,2024-02-01,25000,13390.83,669.54,1808.26,Late
CC3053,John Brown,Lakeside,Premium,Gold,688,2024-02-01,15000,3227.61,161.38,344.82,On-Time
CC3054,Jennifer Taylor,Uptown,Business,Silver,644,2024-02-01,8000,971.87,48.59,39.94,On-Time
CC3055,Linda Taylor,Uptown,Retail,Silver,810,2024-02-01,8000,3730.32,186.52,456.39,On-Time
CC3056,David Rodriguez,Westfield,Premium,Business,598,2024-02-01,40000,32825.73,1641.29,4817.63,On-Time
CC3057,Robert Garcia,Westfield,Business,Gold,668,2024-02-01,15000,11652.19,582.61,784.88,On-Time
CC3058,Sarah Lopez,Riverside,Retail,Silver,710,2024-02-01,8000,6741.13,337.06,749.63,On-Time
CC3059,Daniel Davis,Uptown,Business,Platinum,639,2024-02-01,25000,21493.73,1074.69,1829.03,On-Time
CC3060,Sarah Thomas,Uptown,Premium,Business,594,2024-02-01,40000,37809.46,1890.47,1742.86,Default
CC3061,James Taylor,Riverside,Retail,Platinum,748,2024-02-01,25000,13132.73,656.64,1233.22,Late
CC3062,Linda Davis,Downtown,Premium,Business,631,2024-02-01,40000,11864.49,593.22,1644.7,On-Time
CC3063,Betty Garcia,Riverside,Premium,Gold,770,2024-02-01,15000,12757.81,637.89,952.21,On-Time
CC3064,Nancy Hernandez,Downtown,Retail,Business,689,2024-02-01,40000,32979.9,1649.0,4369.16,On-Time
CC3065,Sarah Hernandez,Lakeside,Business,Business,753,2024-02-01,40000,10155.46,507.77,784.29,On-Time
CC3066,Joseph Davis,Downtown,Retail,Business,715,2024-02-01,40000,14607.64,730.38,1304.37,On-Time
CC3067,Jennifer Rodriguez,Riverside,Premium,Business,584,2024-02-01,40000,13439.47,671.97,598.73,Default
CC3068,Matthew Miller,Westfield,Premium,Business,722,2024-02-01,40000,11066.72,553.34,955.77,Late
CC3069,Sarah Martinez,Downtown,Premium,Silver,730,2024-02-01,8000,6740.77,337.04,746.42,Late
CC3070,Nancy Anderson,Uptown,Premium,Gold,758,2024-02-01,15000,10902.68,545.13,607.53,On-Time
CC3071,Richard Rodriguez,Uptown,Business,Business,738,2024-02-01,40000,17438.18,871.91,2532.12,On-Time
CC3072,Karen Johnson,Uptown,Business,Silver,641,2024-02-01,8000,1975.51,98.78,195.39,On-Time
CC3073,Mary Martinez,Riverside,Retail,Business,747,2024-02-01,40000,27132.29,1356.61,3287.14,Late
CC3074,Daniel Davis,Downtown,Premium,Gold,672,2024-02-01,15000,9475.52,473.78,1345.37,On-Time
CC3075,James Davis,Riverside,Retail,Silver,777,2024-02-01,8000,5747.18,287.36,385.35,On-Time
CC3076,Daniel Garcia,Lakeside,Premium,Gold,622,2024-02-01,15000,2087.69,104.38,280.95,On-Time
CC3077,Linda Brown,Downtown,Retail,Gold,717,2024-02-01,15000,2578.86,128.94,145.83,Late
CC3078,William Jones,Uptown,Retail,Silver,777,2024-02-01,8000,4527.14,226.36,324.37,On-Time
CC3079,John Johnson,Riverside,Business,Business,628,2024-02-01,40000,36286.35,1814.32,4263.1,On-Time
CC3080,Jessica Smith,Westfield,Business,Platinum,783,2024-02-01,25000,15227.22,761.36,1282.59,On-Time
CC3081,Karen Garcia,Riverside,Retail,Silver,699,2024-02-01,8000,5205.13,260.26,404.98,On-Time
CC3082,James Rodriguez,Downtown,Premium,Gold,586,2024-02-01,15000,8622.74,431.14,593.58,On-Time
CC3083,Betty Thomas,Riverside,Retail,Silver,786,2024-02-01,8000,3059.56,152.98,287.63,On-Time
CC3084,Matthew Brown,Downtown,Premium,Gold,815,2024-02-01,15000,3626.69,181.33,423.51,On-Time
CC3085,William Taylor,Westfield,Business,Gold,671,2024-02-01,15000,4576.93,228.85,665.57,On-Time
CC3086,Jessica Williams,Riverside,Premium,Platinum,789,2024-02-01,25000,4158.9,207.94,186.59,On-Time
CC3087,Betty Jones,Downtown,Business,Business,815,2024-02-01,40000,28025.23,1401.26,2149.73,On-Time
CC3088,Joseph Anderson,Downtown,Business,Silver,642,2024-02-01,8000,1824.13,91.21,243.97,Late
CC3089,Susan Rodriguez,Downtown,Business,Business,637,2024-02-01,40000,26706.71,1335.34,3466.53,On-Time
CC3090,Joseph Brown,Lakeside,Premium,Platinum,791,2024-02-01,25000,23344.95,1167.25,2899.35,On-Time
CC3091,Sarah Jones,Downtown,Retail,Silver,782,2024-02-01,8000,2981.71,149.09,263.68,On-Time
CC3092,James Lopez,Lakeside,Retail,Platinum,618,2024-02-01,25000,6730.53,336.53,325.72,On-Time
CC3093,Linda Rodriguez,Uptown,Premium,Gold,659,2024-02-01,15000,9785.65,489.28,988.19,On-Time
CC3094,Joseph Martinez,Lakeside,Retail,Business,783,2024-02-01,40000,19638.78,981.94,1418.52,On-Time
CC3095,Jessica Taylor,Downtown,Premium,Business,618,2024-02-01,40000,35423.73,1771.19,3969.98,On-Time
CC3096,Charles Brown,Riverside,Premium,Business,650,2024-02-01,40000,29575.68,1478.78,3159.81,Late
CC3097,Nancy Thomas,Downtown,Business,Silver,813,2024-02-01,8000,5279.36,263.97,435.49,Late
CC3098,Elizabeth Davis,Riverside,Premium,Platinum,707,2024-02-01,25000,3297.44,164.87,369.08,On-Time
CC3099,Jessica Garcia,Lakeside,Premium,Silver,681,2024-02-01,8000,1225.8,61.29,117.34,Late
CC3100,Elizabeth Smith,Riverside,Retail,Silver,744,2024-02-01,8000,7291.19,364.56,687.82,Late
CC3101,Michael Lopez,Riverside,Premium,Platinum,730,2024-02-01,25000,19706.96,985.35,1395.91,On-Time
CC3102,Betty Anderson,Riverside,Premium,Silver,664,2024-02-01,8000,464.03,23.2,46.39,On-Time
CC3103,Karen Rodriguez,Westfield,Business,Business,610,2024-02-01,40000,19343.55,967.18,2427.63,On-Time
CC3104,Charles Wilson,Downtown,Business,Business,686,2024-02-01,40000,6935.75,346.79,563.32,On-Time
CC3105,Daniel Thomas,Downtown,Premium,Business,793,2024-02-01,40000,13999.16,699.96,1952.57,Default
CC3106,Nancy Williams,Uptown,Business,Business,672,2024-02-01,40000,32571.71,1628.59,1725.12,On-Time
CC3107,Mary Davis,Westfield,Retail,Silver,786,2024-02-01,8000,2260.09,113.0,148.49,Default
CC3108,Susan Davis,Downtown,Retail,Gold,710,2024-02-01,15000,4122.78,206.14,506.28,On-Time
CC3109,Susan Martinez,Downtown,Premium,Gold,803,2024-02-01,15000,14038.56,701.93,573.84,On-Time
CC3110,Linda Jones,Downtown,Retail,Silver,737,2024-02-01,8000,5932.61,296.63,525.09,On-Time
CC3111,Thomas Johnson,Uptown,Business,Platinum,651,2024-02-01,25000,8267.79,413.39,1010.04,On-Time
CC3112,Susan Lopez,Riverside,Premium,Silver,612,2024-02-01,8000,7222.5,361.12,961.96,On-Time
CC3113,Richard Johnson,Riverside,Premium,Silver,683,2024-02-01,8000,6773.03,338.65,757.62,On-Time
CC3114,Patricia Martinez,Lakeside,Business,Platinum,745,2024-02-01,25000,16324.62,816.23,2197.5,On-Time
CC3115,Linda Williams,Downtown,Business,Platinum,815,2024-02-01,25000,17166.13,858.31,1284.12,On-Time
CC3116,Lisa Hernandez,Riverside,Business,Gold,621,2024-02-01,15000,2009.78,100.49,106.68,On-Time
CC3117,Susan Garcia,Uptown,Premium,Silver,613,2024-02-01,8000,6471.9,323.6,848.36,On-Time
CC3118,Karen Wilson,Riverside,Business,Business,722,2024-02-01,40000,12952.34,647.62,950.4,On-Time
CC3119,Richard Hernandez,Westfield,Retail,Business,784,2024-02-01,40000,9332.64,466.63,1088.73,On-Time
CC3120,Matthew Miller,Lakeside,Business,Platinum,804,2024-02-01,25000,23017.73,1150.89,2351.92,On-Time
CC3121,Matthew Johnson,Lakeside,Retail,Business,768,2024-02-01,40000,9516.36,475.82,523.31,On-Time
CC3122,Jennifer Williams,Uptown,Premium,Platinum,772,2024-02-01,25000,14954.72,747.74,1747.66,On-Time
CC3123,Thomas Wilson,Westfield,Business,Silver,744,2024-02-01,8000,4508.25,225.41,414.0,On-Time
CC3124,Thomas Jones,Riverside,Retail,Business,780,2024-02-01,40000,24680.55,1234.03,2227.83,On-Time
CC3125,David Brown,Riverside,Business,Silver,812,2024-02-01,8000,6075.65,303.78,534.78,On-Time
CC3126,Susan Garcia,Downtown,Premium,Silver,774,2024-02-01,8000,1965.1,98.25,180.34,On-Time
CC3127,Richard Davis,Lakeside,Retail,Business,749,2024-02-01,40000,21036.02,1051.8,1067.46,On-Time
CC3128,Betty Davis,Downtown,Premium,Platinum,806,2024-02-01,25000,7626.65,381.33,865.67,On-Time
CC3129,Charles Davis,Uptown,Business,Business,769,2024-02-01,40000,7053.4,352.67,665.85,On-Time
CC3130,Jessica Anderson,Uptown,Premium,Silver,702,2024-02-01,8000,6387.51,319.38,364.67,Late
CC3131,Richard Jones,Westfield,Retail,Gold,817,2024-02-01,15000,6112.15,305.61,814.27,On-Time
CC3132,Mary Brown,Downtown,Retail,Business,712,2024-02-01,40000,9110.54,455.53,526.79,On-Time
CC3133,Matthew Johnson,Westfield,Retail,Silver,710,2024-02-01,8000,2665.29,133.26,325.32,Default
CC3134,Lisa Martinez,Lakeside,Premium,Business,684,2024-02-01,40000,12027.88,601.39,1540.58,On-Time
CC3135,Richard Taylor,Downtown,Retail,Platinum,635,2024-02-01,25000,8487.92,424.4,1020.55,On-Time
CC3136,Susan Taylor,Riverside,Business,Silver,590,2024-02-01,8000,5304.02,265.2,321.4,Late
CC3137,Lisa Martinez,Downtown,Premium,Platinum,746,2024-02-01,25000,12097.63,604.88,918.41,On-Time
CC3138,William Smith,Riverside,Premium,Platinum,779,2024-02-01,25000,10552.25,527.61,606.15,On-Time
CC3139,Jennifer Thomas,Downtown,Premium,Silver,667,2024-02-01,8000,928.16,46.41,106.96,Late
CC3140,Karen Miller,Uptown,Premium,Business,803,2024-02-01,40000,35755.47,1787.77,3823.81,Default
CC3141,Charles Lopez,Westfield,Retail,Business,665,2024-02-01,40000,37235.89,1861.79,2636.42,Late
CC3142,Charles Anderson,Riverside,Retail,Platinum,696,2024-02-01,25000,23621.48,1181.07,2938.2,On-Time
CC3143,Jessica Johnson,Westfield,Business,Silver,600,2024-02-01,8000,1039.2,51.96,134.74,On-Time
CC3144,Elizabeth Martinez,Westfield,Retail,Platinum,586,2024-02-01,25000,5741.09,287.05,351.37,On-Time
CC3145,Mary Brown,Uptown,Retail,Platinum,755,2024-02-01,25000,18393.5,919.68,2338.76,On-Time
CC3146,Patricia Hernandez,Lakeside,Business,Business,643,2024-02-01,40000,33061.19,1653.06,2429.98,Late
CC3147,Susan Taylor,Riverside,Premium,Platinum,587,2024-02-01,25000,15604.56,780.23,2334.88,On-Time
CC3148,Lisa Brown,Lakeside,Retail,Gold,604,2024-02-01,15000,2804.08,140.2,256.15,On-Time
CC3149,Linda Anderson,Uptown,Premium,Gold,763,2024-02-01,15000,3474.47,173.72,285.09,On-Time
CC3150,Joseph Brown,Lakeside,Premium,Business,617,2024-02-01,40000,14966.66,748.33,1195.14,On-Time
CC3151,Jessica Brown,Westfield,Premium,Platinum,657,2024-02-01,25000,11394.75,569.74,1558.01,On-Time
CC3152,William Jones,Uptown,Retail,Business,624,2024-02-01,40000,31739.7,1586.99,3000.27,Late
CC3153,Jessica Jones,Westfield,Business,Gold,711,2024-02-01,15000,3728.82,186.44,423.29,On-Time
CC3154,Patricia Brown,Lakeside,Business,Platinum,791,2024-02-01,25000,16514.02,825.7,2132.29,On-Time
CC3155,Daniel Garcia,Westfield,Retail,Platinum,698,2024-02-01,25000,21866.94,1093.35,3073.86,Late
CC3156,Lisa Johnson,Uptown,Premium,Business,580,2024-02-01,40000,7707.02,385.35,862.26,On-Time
CC3157,Joseph Brown,Lakeside,Business,Silver,733,2024-02-01,8000,1170.43,58.52,155.21,On-Time
CC3158,Karen Brown,Lakeside,Premium,Silver,818,2024-02-01,8000,406.24,20.31,34.16,Late
CC3159,William Miller,Lakeside,Retail,Platinum,695,2024-02-01,25000,20956.72,1047.84,1092.25,On-Time
CC3160,David Smith,Downtown,Premium,Gold,691,2024-02-01,15000,13234.23,661.71,1087.7,Late
CC3161,Lisa Brown,Westfield,Business,Gold,624,2024-02-01,15000,12016.8,600.84,1302.88,On-Time
CC3162,Richard Anderson,Lakeside,Retail,Business,808,2024-02-01,40000,28643.3,1432.16,3671.68,On-Time
CC3163,Lisa Martinez,Lakeside,Business,Business,715,2024-02-01,40000,13578.13,678.91,1650.56,On-Time
CC3164,Lisa Miller,Downtown,Business,Silver,663,2024-02-01,8000,2881.23,144.06,336.99,On-Time
CC3165,Jennifer Wilson,Downtown,Retail,Platinum,662,2024-02-01,25000,15297.92,764.9,777.7,Late
CC3166,Daniel Johnson,Riverside,Premium,Silver,613,2024-02-01,8000,1820.6,91.03,157.62,On-Time
CC3167,Nancy Johnson,Uptown,Premium,Gold,627,2024-02-01,15000,1749.02,87.45,113.27,Default
CC3168,Jessica Smith,Westfield,Business,Business,626,2024-02-01,40000,35756.19,1787.81,1987.72,On-Time
CC3169,Betty Hernandez,Uptown,Retail,Business,747,2024-02-01,40000,34261.17,1713.06,4007.61,On-Time
CC3170,Richard Williams,Uptown,Premium,Platinum,793,2024-02-01,25000,13044.41,652.22,1829.66,On-Time
CC3171,Joseph Lopez,Downtown,Business,Business,791,2024-02-01,40000,8460.44,423.02,949.9,Late
CC3172,John Davis,Westfield,Premium,Silver,602,2024-02-01,8000,3901.96,195.1,209.57,On-Time
CC3173,Linda Smith,Uptown,Business,Platinum,763,2024-02-01,25000,6252.65,312.63,822.46,Late
CC3174,Daniel Rodriguez,Uptown,Premium,Business,743,2024-02-01,40000,4262.24,213.11,309.65,On-Time
CC3175,Matthew Anderson,Uptown,Premium,Platinum,692,2024-02-01,25000,21985.26,1099.26,2640.33,Late
CC3176,Jessica Garcia,Riverside,Business,Gold,678,2024-02-01,15000,1025.45,51.27,138.14,Default
CC3177,Susan Taylor,Riverside,Premium,Business,596,2024-02-01,40000,8851.17,442.56,841.53,On-Time
CC3178,John Johnson,Riverside,Premium,Business,774,2024-02-01,40000,4443.74,222.19,382.6,On-Time
CC3179,Michael Wilson,Downtown,Retail,Gold,689,2024-02-01,15000,4111.81,205.59,373.15,On-Time
CC3180,Joseph Hernandez,Westfield,Premium,Gold,753,2024-02-01,15000,5758.52,287.93,477.04,On-Time
CC3181,Patricia Johnson,Lakeside,Premium,Silver,625,2024-02-01,8000,5280.29,264.01,287.25,Late
CC3182,Jessica Davis,Riverside,Business,Silver,657,2024-02-01,8000,5649.68,282.48,282.23,On-Time
CC3183,David Jones,Lakeside,Premium,Silver,657,2024-02-01,8000,6263.25,313.16,413.1,On-Time
CC3184,Joseph Anderson,Westfield,Retail,Gold,602,2024-02-01,15000,8773.74,438.69,513.57,On-Time
CC3185,Patricia Martinez,Lakeside,Premium,Platinum,659,2024-02-01,25000,18441.38,922.07,1810.2,On-Time
CC3186,Jennifer Rodriguez,Downtown,Business,Business,677,2024-02-01,40000,20748.95,1037.45,1854.47,Late
CC3187,Jennifer Williams,Downtown,Retail,Gold,765,2024-02-01,15000,6466.82,323.34,872.23,Late
CC3188,Nancy Miller,Westfield,Business,Gold,756,2024-02-01,15000,2771.03,138.55,346.85,On-Time
CC3189,Patricia Brown,Downtown,Premium,Gold,589,2024-02-01,15000,4674.13,233.71,430.18,Late
CC3190,Lisa Rodriguez,Riverside,Retail,Business,751,2024-02-01,40000,13208.84,660.44,1277.1,Late
CC3191,Richard Wilson,Uptown,Business,Gold,686,2024-02-01,15000,11239.39,561.97,1265.15,Late
CC3192,Thomas Williams,Riverside,Business,Gold,744,2024-02-01,15000,7930.25,396.51,994.32,On-Time
CC3193,Matthew Williams,Riverside,Premium,Platinum,662,2024-02-01,25000,8948.23,447.41,694.47,On-Time
CC3194,Richard Taylor,Westfield,Retail,Silver,686,2024-02-01,8000,3009.62,150.48,271.36,On-Time
CC3195,Jennifer Miller,Westfield,Retail,Silver,627,2024-02-01,8000,6515.97,325.8,484.48,On-Time
CC3196,John Wilson,Downtown,Business,Silver,656,2024-02-01,8000,953.41,47.67,53.09,On-Time
CC3197,Jessica Williams,Westfield,Premium,Silver,639,2024-02-01,8000,1625.87,81.29,113.67,On-Time
CC3198,Karen Hernandez,Lakeside,Premium,Platinum,702,2024-02-01,25000,4634.12,231.71,196.76,On-Time
CC3199,William Davis,Riverside,Premium,Silver,763,2024-02-01,8000,5255.21,262.76,784.77,On-Time
CC3200,Richard Thomas,Lakeside,Premium,Gold,819,2024-02-01,15000,3647.83,182.39,232.94,Late
CC3201,Betty Martinez,Westfield,Business,Gold,691,2024-02-01,15000,11027.08,551.35,1099.76,On-Time
CC3202,Jessica Jones,Uptown,Premium,Platinum,681,2024-02-01,25000,17461.38,873.07,859.02,On-Time
CC3203,Sarah Johnson,Lakeside,Retail,Gold,591,2024-02-01,15000,8966.2,448.31,856.69,On-Time
CC3204,Patricia Thomas,Westfield,Retail,Gold,583,2024-02-01,15000,6097.18,304.86,857.13,Late
CC3205,Richard Rodriguez,Uptown,Retail,Silver,627,2024-02-01,8000,5610.23,280.51,344.92,Late
CC3206,Elizabeth Smith,Downtown,Premium,Gold,697,2024-02-01,15000,9975.44,498.77,777.87,Default
CC3207,Joseph Anderson,Uptown,Retail,Silver,769,2024-02-01,8000,1373.31,68.67,166.75,On-Time
CC3208,Jessica Hernandez,Uptown,Premium,Gold,807,2024-02-01,15000,4809.2,240.46,442.2,On-Time
CC3209,Patricia Rodriguez,Downtown,Premium,Silver,642,2024-02-01,8000,1371.09,68.55,60.57,Late
CC3210,Nancy Rodriguez,Downtown,Business,Platinum,777,2024-02-01,25000,15422.71,771.14,2223.43,On-Time
CC3211,Joseph Anderson,Westfield,Premium,Business,780,2024-02-01,40000,11877.61,593.88,1756.51,On-Time
CC3212,Richard Wilson,Uptown,Business,Gold,752,2024-02-01,15000,2551.18,127.56,194.21,On-Time
CC3213,Daniel Martinez,Uptown,Premium,Platinum,693,2024-02-01,25000,22597.98,1129.9,1244.37,Late
CC3214,Lisa Lopez,Lakeside,Retail,Silver,771,2024-02-01,8000,5075.13,253.76,401.97,On-Time
CC3215,David Smith,Riverside,Premium,Gold,655,2024-02-01,15000,7199.44,359.97,884.86,On-Time
CC3216,Karen Garcia,Westfield,Retail,Silver,786,2024-02-01,8000,6940.79,347.04,468.5,On-Time
CC3217,Sarah Thomas,Uptown,Premium,Silver,635,2024-02-01,8000,5672.24,283.61,310.45,On-Time
CC3218,Lisa Jones,Lakeside,Retail,Platinum,700,2024-02-01,25000,10292.66,514.63,628.62,On-Time
CC3219,Daniel Wilson,Downtown,Retail,Silver,769,2024-02-01,8000,2379.04,118.95,322.8,On-Time
CC3220,James Hernandez,Riverside,Premium,Silver,611,2024-02-01,8000,1599.9,80.0,86.87,On-Time
CC3221,Betty Miller,Westfield,Premium,Platinum,626,2024-02-01,25000,3307.29,165.36,444.89,On-Time
CC3222,Daniel Thomas,Downtown,Premium,Business,778,2024-02-01,40000,9647.92,482.4,795.02,On-Time
CC3223,Lisa Wilson,Riverside,Business,Platinum,582,2024-02-01,25000,9488.98,474.45,601.31,Late
CC3224,Lisa Lopez,Westfield,Retail,Gold,760,2024-02-01,15000,3306.19,165.31,401.9,On-Time
CC3225,Karen Wilson,Riverside,Retail,Platinum,768,2024-02-01,25000,6475.16,323.76,360.9,On-Time
CC3226,Elizabeth Hernandez,Lakeside,Premium,Gold,666,2024-02-01,15000,3158.72,157.94,216.87,On-Time
CC3227,Daniel Taylor,Riverside,Retail,Business,651,2024-02-01,40000,25263.11,1263.16,1382.8,On-Time
CC3228,Karen Hernandez,Lakeside,Business,Business,631,2024-02-01,40000,16479.4,823.97,1070.95,Late
CC3229,Karen Davis,Riverside,Premium,Gold,713,2024-02-01,15000,5430.13,271.51,417.22,On-Time
CC3230,Betty Williams,Westfield,Premium,Silver,761,2024-02-01,8000,5973.23,298.66,291.91,On-Time
CC3231,Richard Jones,Uptown,Premium,Gold,780,2024-02-01,15000,13471.52,673.58,1387.14,On-Time
CC3232,David Hernandez,Uptown,Retail,Business,741,2024-02-01,40000,36825.43,1841.27,4663.8,Default
CC3233,Jennifer Lopez,Riverside,Retail,Platinum,719,2024-02-01,25000,19020.13,951.01,2565.87,On-Time
CC3234,Linda Smith,Riverside,Retail,Platinum,790,2024-02-01,25000,12051.88,602.59,1796.6,Late
CC3235,Joseph Thomas,Lakeside,Retail,Platinum,749,2024-02-01,25000,16740.04,837.0,1620.61,On-Time
CC3236,Patricia Williams,Lakeside,Business,Silver,761,2024-02-01,8000,437.67,21.88,28.05,On-Time
CC3237,Michael Rodriguez,Uptown,Premium,Business,810,2024-02-01,40000,12065.93,603.3,1627.82,On-Time
CC3238,Charles Taylor,Riverside,Retail,Gold,751,2024-02-01,15000,4749.56,237.48,356.59,On-Time
CC3239,Thomas Garcia,Westfield,Retail,Platinum,717,2024-02-01,25000,9620.36,481.02,479.68,On-Time
CC3240,James Taylor,Westfield,Retail,Business,673,2024-02-01,40000,12547.72,627.39,1276.86,On-Time
CC3241,David Williams,Riverside,Business,Silver,777,2024-02-01,8000,7283.15,364.16,631.47,On-Time
CC3242,Thomas Thomas,Westfield,Retail,Business,638,2024-02-01,40000,16244.11,812.21,1653.12,On-Time
CC3243,Charles Taylor,Westfield,Business,Business,718,2024-02-01,40000,8699.26,434.96,722.93,On-Time
CC3244,Linda Anderson,Lakeside,Business,Silver,718,2024-02-01,8000,2082.71,104.14,237.16,On-Time
CC3245,Nancy Davis,Riverside,Retail,Platinum,820,2024-02-01,25000,19985.89,999.29,1028.71,On-Time
CC3246,Joseph Davis,Lakeside,Business,Silver,675,2024-02-01,8000,7522.53,376.13,1102.71,Late
CC3247,Matthew Taylor,Uptown,Premium,Gold,659,2024-02-01,15000,5863.48,293.17,857.08,Late
CC3248,Michael Rodriguez,Lakeside,Premium,Gold,807,2024-02-01,15000,4218.14,210.91,514.04,On-Time
CC3249,Matthew Thomas,Downtown,Retail,Silver,770,2024-02-01,8000,6338.37,316.92,505.07,On-Time
CC3250,Joseph Johnson,Lakeside,Retail,Business,815,2024-02-01,40000,19101.73,955.09,2268.77,On-Time
CC3251,Linda Brown,Westfield,Premium,Silver,755,2024-02-01,8000,6385.48,319.27,848.8,Late
CC3252,Karen Lopez,Uptown,Premium,Gold,798,2024-02-01,15000,13546.01,677.3,1643.95,On-Time
CC3253,Joseph Smith,Westfield,Retail,Silver,784,2024-02-01,8000,4198.72,209.94,435.69,On-Time
CC3254,Charles Thomas,Uptown,Premium,Platinum,588,2024-02-01,25000,16308.42,815.42,1323.19,On-Time
CC3255,Susan Taylor,Westfield,Retail,Platinum,593,2024-02-01,25000,13746.38,687.32,1281.13,On-Time
CC3256,Sarah Johnson,Riverside,Premium,Gold,697,2024-02-01,15000,13976.85,698.84,1917.87,On-Time
CC3257,Lisa Johnson,Westfield,Premium,Business,718,2024-02-01,40000,10547.04,527.35,1168.42,On-Time
CC3258,Richard Garcia,Lakeside,Premium,Platinum,592,2024-02-01,25000,18338.88,916.94,2534.68,On-Time
CC3259,Elizabeth Garcia,Uptown,Premium,Silver,774,2024-02-01,8000,2652.63,132.63,369.36,On-Time
CC3260,John Garcia,Downtown,Retail,Platinum,637,2024-02-01,25000,10787.87,539.39,539.62,On-Time
CC3261,Joseph Wilson,Lakeside,Retail,Gold,582,2024-02-01,15000,7216.15,360.81,533.14,On-Time
CC3262,Lisa Davis,Uptown,Business,Silver,815,2024-02-01,8000,901.91,45.1,121.02,Late
CC3263,James Lopez,Riverside,Business,Business,666,2024-02-01,40000,17496.13,874.81,1407.3,On-Time
CC3264,Charles Rodriguez,Uptown,Retail,Silver,710,2024-02-01,8000,5799.94,290.0,710.57,On-Time
CC3265,Thomas Rodriguez,Uptown,Business,Business,777,2024-02-01,40000,7928.04,396.4,333.48,On-Time
CC3266,Jessica Jones,Riverside,Premium,Business,747,2024-02-01,40000,26195.86,1309.79,1248.62,On-Time
CC3267,David Brown,Westfield,Business,Silver,650,2024-02-01,8000,3431.96,171.6,439.56,Default
CC3268,James Williams,Uptown,Business,Platinum,808,2024-02-01,25000,5622.61,281.13,373.02,On-Time
CC3269,Charles Thomas,Lakeside,Premium,Business,604,2024-02-01,40000,18759.97,938.0,2392.63,On-Time
CC3270,Daniel Rodriguez,Uptown,Business,Business,673,2024-02-01,40000,13608.44,680.42,1082.65,Late
CC3271,Charles Brown,Uptown,Premium,Platinum,636,2024-02-01,25000,15504.43,775.22,1725.65,On-Time
CC3272,Thomas Garcia,Lakeside,Business,Platinum,646,2024-02-01,25000,21224.08,1061.2,2516.76,Late
CC3273,Karen Johnson,Lakeside,Premium,Gold,630,2024-02-01,15000,10093.38,504.67,760.48,On-Time
CC3274,Sarah Taylor,Riverside,Retail,Silver,718,2024-02-01,8000,2637.39,131.87,147.1,On-Time
CC3275,Thomas Rodriguez,Uptown,Premium,Gold,806,2024-02-01,15000,7686.41,384.32,1046.89,Late
CC3276,Elizabeth Hernandez,Downtown,Premium,Platinum,809,2024-02-01,25000,16645.78,832.29,1682.33,On-Time
CC3277,Jennifer Thomas,Uptown,Business,Platinum,747,2024-02-01,25000,12595.24,629.76,700.45,On-Time
CC3278,Michael Jones,Westfield,Premium,Platinum,718,2024-02-01,25000,3256.34,162.82,225.77,On-Time
CC3279,William Lopez,Lakeside,Business,Silver,727,2024-02-01,8000,7159.45,357.97,296.65,On-Time
CC3280,Mary Thomas,Westfield,Retail,Business,647,2024-02-01,40000,31198.34,1559.92,3400.78,On-Time
CC3281,Sarah Miller,Downtown,Business,Business,635,2024-02-01,40000,23096.36,1154.82,3461.94,On-Time
CC3282,Lisa Rodriguez,Lakeside,Retail,Platinum,735,2024-02-01,25000,18811.58,940.58,988.61,On-Time
CC3283,James Thomas,Uptown,Retail,Gold,756,2024-02-01,15000,10946.54,547.33,1291.66,On-Time
CC3284,Elizabeth Hernandez,Uptown,Business,Gold,600,2024-02-01,15000,10009.28,500.46,835.47,Late
CC3285,Karen Martinez,Uptown,Business,Business,611,2024-02-01,40000,37657.04,1882.85,1891.99,On-Time
CC3286,John Wilson,Lakeside,Business,Platinum,727,2024-02-01,25000,17134.82,856.74,1720.96,Late
CC3287,Karen Rodriguez,Westfield,Retail,Platinum,721,2024-02-01,25000,7791.82,389.59,456.42,On-Time
CC3288,John Garcia,Westfield,Retail,Business,613,2024-02-01,40000,27239.6,1361.98,2540.04,On-Time
CC3289,Sarah Brown,Riverside,Retail,Platinum,756,2024-02-01,25000,17470.33,873.52,1144.27,Default
CC3290,Karen Thomas,Riverside,Premium,Business,595,2024-02-01,40000,34110.06,1705.5,2700.45,Late
CC3291,Thomas Anderson,Uptown,Retail,Silver,699,2024-02-01,8000,538.31,26.92,65.12,Late
CC3292,Mary Rodriguez,Uptown,Business,Gold,753,2024-02-01,15000,5439.46,271.97,411.59,On-Time
CC3293,Mary Hernandez,Downtown,Retail,Silver,765,2024-02-01,8000,4091.46,204.57,602.68,On-Time
CC3294,David Anderson,Downtown,Premium,Platinum,773,2024-02-01,25000,12858.07,642.9,1591.19,On-Time
CC3295,Karen Smith,Downtown,Business,Gold,637,2024-02-01,15000,11304.74,565.24,1017.48,On-Time
CC3296,Mary Thomas,Westfield,Premium,Silver,787,2024-02-01,8000,5509.04,275.45,417.52,Late
CC3297,Joseph Smith,Westfield,Premium,Platinum,662,2024-02-01,25000,18752.8,937.64,869.6,On-Time
CC3298,Sarah Miller,Downtown,Retail,Platinum,760,2024-02-01,25000,9689.42,484.47,1043.69,On-Time
CC3299,David Rodriguez,Westfield,Retail,Business,696,2024-02-01,40000,37718.09,1885.9,1695.83,On-Time
CC3300,Elizabeth Smith,Westfield,Retail,Business,640,2024-02-01,40000,31560.62,1578.03,2499.12,Late
CC3001,Michael Hernandez,Uptown,Business,Business,583,2024-03-01,40000,14132.13,706.61,1897.18,On-Time
CC3002,William Thomas,Uptown,Retail,Platinum,611,2024-03-01,25000,6928.87,346.44,733.2,Late
CC3003,Nancy Garcia,Riverside,Premium,Gold,662,2024-03-01,15000,5569.21,278.46,806.6,On-Time
CC3004,John Martinez,Uptown,Retail,Business,698,2024-03-01,40000,16091.29,804.56,2142.42,On-Time
CC3005,Mary Jones,Uptown,Premium,Silver,805,2024-03-01,8000,7235.76,361.79,704.1,On-Time
CC3006,Linda Garcia,Downtown,Retail,Gold,745,2024-03-01,15000,13909.71,695.49,1058.17,On-Time
CC3007,Thomas Smith,Riverside,Business,Business,676,2024-03-01,40000,6003.19,300.16,257.86,Late
CC3008,Sarah Williams,Riverside,Retail,Business,677,2024-03-01,40000,23217.47,1160.87,1098.11,On-Time
CC3009,John Jones,Riverside,Premium,Platinum,763,2024-03-01,25000,15054.56,752.73,1170.26,On-Time
CC3010,John Brown,Lakeside,Business,Platinum,601,2024-03-01,25000,5181.83,259.09,577.02,On-Time
CC3011,Elizabeth Hernandez,Uptown,Premium,Business,673,2024-03-01,40000,2131.48,106.57,96.32,Late
CC3012,Joseph Lopez,Lakeside,Premium,Platinum,734,2024-03-01,25000,15263.11,763.16,2057.96,On-Time
CC3013,Jennifer Lopez,Westfield,Business,Business,689,2024-03-01,40000,37813.4,1890.67,4054.51,On-Time
CC3014,Jessica Taylor,Downtown,Business,Silver,656,2024-03-01,8000,503.81,25.19,52.67,On-Time
CC3015,Linda Anderson,Westfield,Retail,Business,593,2024-03-01,40000,35353.35,1767.67,2627.4,On-Time
CC3016,Linda Thomas,Westfield,Retail,Silver,722,2024-03-01,8000,6997.63,349.88,599.74,On-Time
CC3017,Betty Martinez,Uptown,Retail,Platinum,670,2024-03-01,25000,23620.5,1181.03,1482.64,On-Time
CC3018,Lisa Davis,Downtown,Premium,Gold,700,2024-03-01,15000,8712.55,435.63,435.72,On-Time
CC3019,Daniel Wilson,Downtown,Business,Gold,711,2024-03-01,15000,13150.38,657.52,659.78,On-Time
CC3020,Betty Taylor,Westfield,Business,Gold,737,2024-03-01,15000,2203.85,110.19,315.14,On-Time
CC3021,Robert Martinez,Lakeside,Business,Silver,814,2024-03-01,8000,506.74,25.34,24.19,Default
CC3022,Michael Rodriguez,Downtown,Retail,Business,802,2024-03-01,40000,22630.26,1131.51,2088.7,Late
CC3023,Jennifer Miller,Riverside,Business,Silver,774,2024-03-01,8000,6474.02,323.7,547.38,On-Time
CC3024,Sarah Wilson,Lakeside,Business,Gold,790,2024-03-01,15000,7539.93,377.0,451.45,On-Time
CC3025,Linda Johnson,Westfield,Premium,Business,660,2024-03-01,40000,21769.77,1088.49,2615.51,On-Time
CC3026,Susan Lopez,Riverside,Premium,Business,756,2024-03-01,40000,12625.57,631.28,1192.38,On-Time
CC3027,Karen Hernandez,Lakeside,Premium,Business,620,2024-03-01,40000,5257.57,262.88,348.26,On-Time
CC3028,Michael Lopez,Uptown,Business,Silver,657,2024-03-01,8000,724.43,36.22,89.09,On-Time
CC3029,William Anderson,Lakeside,Business,Business,754,2024-03-01,40000,28864.72,1443.24,2788.31,On-Time
CC3030,Michael Smith,Westfield,Retail,Business,584,2024-03-01,40000,35496.29,1774.81,4180.59,On-Time
CC3031,Patricia Thomas,Riverside,Business,Gold,657,2024-03-01,15000,3061.02,153.05,137.7,On-Time
CC3032,William Thomas,Uptown,Premium,Gold,744,2024-03-01,15000,7407.73,370.39,316.92,On-Time
CC3033,Michael Garcia,Westfield,Retail,Gold,767,2024-03-01,15000,2151.38,107.57,187.7,On-Time
CC3034,Lisa Johnson,Downtown,Premium,Silver,623,2024-03-01,8000,2287.34,114.37,340.05,Late
CC3035,Linda Hernandez,Lakeside,Business,Platinum,738,2024-03-01,25000,13286.53,664.33,1472.54,On-Time
CC3036,David Martinez,Uptown,Premium,Business,678,2024-03-01,40000,18873.49,943.67,2111.26,On-Time
CC3037,James Martinez,Lakeside,Retail,Business,778,2024-03-01,40000,37636.2,1881.81,4592.65,On-Time
CC3038,Robert Wilson,Downtown,Business,Gold,596,2024-03-01,15000,8389.1,419.46,599.44,Late
CC3039,William Johnson,Uptown,Business,Gold,782,2024-03-01,15000,12279.31,613.97,1047.34,On-Time
CC3040,Jessica Thomas,Riverside,Premium,Silver,610,2024-03-01,8000,4386.94,219.35,455.43,On-Time
CC3041,Patricia Anderson,Westfield,Business,Gold,790,2024-03-01,15000,12989.74,649.49,597.75,Late
CC3042,Elizabeth Wilson,Westfield,Premium,Gold,802,2024-03-01,15000,12186.16,609.31,1777.88,On-Time
CC3043,Patricia Garcia,Westfield,Business,Silver,697,2024-03-01,8000,6384.04,319.2,532.4,Late
CC3044,Nancy Hernandez,Westfield,Retail,Gold,675,2024-03-01,15000,9667.86,483.39,981.43,Late
CC3045,Thomas Garcia,Riverside,Retail,Gold,678,2024-03-01,15000,6867.86,343.39,770.66,Default
CC3046,Jessica Brown,Westfield,Retail,Gold,693,2024-03-01,15000,11365.37,568.27,611.28,Late
CC3047,Lisa Martinez,Lakeside,Premium,Silver,674,2024-03-01,8000,6199.03,309.95,273.35,On-Time
CC3048,Matthew Taylor,Uptown,Premium,Platinum,583,2024-03-01,25000,21730.07,1086.5,1398.71,On-Time
CC3049,William Martinez,Lakeside,Premium,Silver,719,2024-03-01,8000,1646.33,82.32,172.09,On-Time
CC3050,Elizabeth Smith,Westfield,Premium,Silver,692,2024-03-01,8000,5947.89,297.39,363.54,On-Time
CC3051,Charles Garcia,Uptown,Premium,Silver,588,2024-03-01,8000,5234.09,261.7,340.97,Late
CC3052,Elizabeth Thomas,Downtown,Premium,Platinum,723,2024-03-01,25000,22408.86,1120.44,1425.08,Late
CC3053,John Brown,Lakeside,Premium,Gold,688,2024-03-01,15000,1080.08,54.0,99.18,Late
CC3054,Jennifer Taylor,Uptown,Business,Silver,644,2024-03-01,8000,6204.32,310.22,510.18,Late
CC3055,Linda Taylor,Uptown,Retail,Silver,810,2024-03-01,8000,6492.28,324.61,954.06,On-Time
CC3056,David Rodriguez,Westfield,Premium,Business,598,2024-03-01,40000,5538.45,276.92,784.89,On-Time
CC3057,Robert Garcia,Westfield,Business,Gold,668,2024-03-01,15000,2583.22,129.16,324.07,On-Time
CC3058,Sarah Lopez,Riverside,Retail,Silver,710,2024-03-01,8000,3173.6,158.68,370.84,On-Time
CC3059,Daniel Davis,Uptown,Business,Platinum,639,2024-03-01,25000,12070.03,603.5,1221.2,On-Time
CC3060,Sarah Thomas,Uptown,Premium,Business,594,2024-03-01,40000,13140.35,657.02,1696.97,On-Time
CC3061,James Taylor,Riverside,Retail,Platinum,748,2024-03-01,25000,10535.53,526.78,1305.72,On-Time
CC3062,Linda Davis,Downtown,Premium,Business,631,2024-03-01,40000,35888.19,1794.41,3192.34,On-Time
CC3063,Betty Garcia,Riverside,Premium,Gold,770,2024-03-01,15000,8911.09,445.55,925.37,Default
CC3064,Nancy Hernandez,Downtown,Retail,Business,689,2024-03-01,40000,31111.91,1555.6,3216.21,Late
CC3065,Sarah Hernandez,Lakeside,Business,Business,753,2024-03-01,40000,34681.59,1734.08,3472.69,On-Time
CC3066,Joseph Davis,Downtown,Retail,Business,715,2024-03-01,40000,25211.36,1260.57,2259.49,On-Time
CC3067,Jennifer Rodriguez,Riverside,Premium,Business,584,2024-03-01,40000,21786.8,1089.34,1895.64,On-Time
CC3068,Matthew Miller,Westfield,Premium,Business,722,2024-03-01,40000,33187.92,1659.4,2961.98,On-Time
CC3069,Sarah Martinez,Downtown,Premium,Silver,730,2024-03-01,8000,5767.23,288.36,813.68,On-Time
CC3070,Nancy Anderson,Uptown,Premium,Gold,758,2024-03-01,15000,6957.96,347.9,390.55,On-Time
CC3071,Richard Rodriguez,Uptown,Business,Business,738,2024-03-01,40000,12552.7,627.64,701.92,On-Time
CC3072,Karen Johnson,Uptown,Business,Silver,641,2024-03-01,8000,5897.74,294.89,650.84,On-Time
CC3073,Mary Martinez,Riverside,Retail,Business,747,2024-03-01,40000,6154.02,307.7,519.24,On-Time
CC3074,Daniel Davis,Downtown,Premium,Gold,672,2024-03-01,15000,10059.34,502.97,508.75,Default
CC3075,James Davis,Riverside,Retail,Silver,777,2024-03-01,8000,5206.67,260.33,578.48,On-Time
CC3076,Daniel Garcia,Lakeside,Premium,Gold,622,2024-03-01,15000,1739.76,86.99,239.83,On-Time
CC3077,Linda Brown,Downtown,Retail,Gold,717,2024-03-01,15000,12166.97,608.35,597.85,On-Time
CC3078,William Jones,Uptown,Retail,Silver,777,2024-03-01,8000,6088.72,304.44,720.61,On-Time
CC3079,John Johnson,Riverside,Business,Business,628,2024-03-01,40000,21102.55,1055.13,2750.56,On-Time
CC3080,Jessica Smith,Westfield,Business,Platinum,783,2024-03-01,25000,8978.71,448.94,369.65,On-Time
CC3081,Karen Garcia,Riverside,Retail,Silver,699,2024-03-01,8000,4046.0,202.3,176.63,Late
CC3082,James Rodriguez,Downtown,Premium,Gold,586,2024-03-01,15000,12326.67,616.33,1019.88,On-Time
CC3083,Betty Thomas,Riverside,Retail,Silver,786,2024-03-01,8000,764.78,38.24,36.62,On-Time
CC3084,Matthew Brown,Downtown,Premium,Gold,815,2024-03-01,15000,1745.77,87.29,101.38,On-Time
CC3085,William Taylor,Westfield,Business,Gold,671,2024-03-01,15000,8372.96,418.65,1235.54,Late
CC3086,Jessica Williams,Riverside,Premium,Platinum,789,2024-03-01,25000,22281.21,1114.06,1193.36,On-Time
CC3087,Betty Jones,Downtown,Business,Business,815,2024-03-01,40000,19984.48,999.22,893.62,On-Time
CC3088,Joseph Anderson,Downtown,Business,Silver,642,2024-03-01,8000,4184.34,209.22,327.52,On-Time
CC3089,Susan Rodriguez,Downtown,Business,Business,637,2024-03-01,40000,19787.77,989.39,2359.43,On-Time
CC3090,Joseph Brown,Lakeside,Premium,Platinum,791,2024-03-01,25000,2044.88,102.24,205.93,On-Time
CC3091,Sarah Jones,Downtown,Retail,Silver,782,2024-03-01,8000,5038.09,251.9,604.13,On-Time
CC3092,James Lopez,Lakeside,Retail,Platinum,618,2024-03-01,25000,23705.71,1185.29,1890.98,On-Time
CC3093,Linda Rodriguez,Uptown,Premium,Gold,659,2024-03-01,15000,869.55,43.48,85.63,On-Time
CC3094,Joseph Martinez,Lakeside,Retail,Business,783,2024-03-01,40000,35729.93,1786.5,3158.44,On-Time
CC3095,Jessica Taylor,Downtown,Premium,Business,618,2024-03-01,40000,5287.45,264.37,361.86,On-Time
CC3096,Charles Brown,Riverside,Premium,Business,650,2024-03-01,40000,22505.17,1125.26,2891.84,Late
CC3097,Nancy Thomas,Downtown,Business,Silver,813,2024-03-01,8000,1174.6,58.73,124.81,On-Time
CC3098,Elizabeth Davis,Riverside,Premium,Platinum,707,2024-03-01,25000,12110.41,605.52,882.41,On-Time
CC3099,Jessica Garcia,Lakeside,Premium,Silver,681,2024-03-01,8000,4671.58,233.58,514.59,Late
CC3100,Elizabeth Smith,Riverside,Retail,Silver,744,2024-03-01,8000,5932.3,296.62,861.16,On-Time
CC3101,Michael Lopez,Riverside,Premium,Platinum,730,2024-03-01,25000,9335.87,466.79,754.57,On-Time
CC3102,Betty Anderson,Riverside,Premium,Silver,664,2024-03-01,8000,1353.44,67.67,72.76,On-Time
CC3103,Karen Rodriguez,Westfield,Business,Business,610,2024-03-01,40000,7727.07,386.35,370.27,Late
CC3104,Charles Wilson,Downtown,Business,Business,686,2024-03-01,40000,12280.37,614.02,1414.72,On-Time
CC3105,Daniel Thomas,Downtown,Premium,Business,793,2024-03-01,40000,37389.92,1869.5,2212.02,Late
CC3106,Nancy Williams,Uptown,Business,Business,672,2024-03-01,40000,21452.44,1072.62,1055.66,On-Time
CC3107,Mary Davis,Westfield,Retail,Silver,786,2024-03-01,8000,1367.07,68.35,67.21,On-Time
CC3108,Susan Davis,Downtown,Retail,Gold,710,2024-03-01,15000,939.45,46.97,104.89,Late
CC3109,Susan Martinez,Downtown,Premium,Gold,803,2024-03-01,15000,4244.4,212.22,193.7,On-Time
CC3110,Linda Jones,Downtown,Retail,Silver,737,2024-03-01,8000,5615.1,280.76,420.77,On-Time
CC3111,Thomas Johnson,Uptown,Business,Platinum,651,2024-03-01,25000,9996.21,499.81,911.33,Late
CC3112,Susan Lopez,Riverside,Premium,Silver,612,2024-03-01,8000,6639.76,331.99,745.23,On-Time
CC3113,Richard Johnson,Riverside,Premium,Silver,683,2024-03-01,8000,2099.85,104.99,104.83,On-Time
CC3114,Patricia Martinez,Lakeside,Business,Platinum,745,2024-03-01,25000,8989.06,449.45,602.21,On-Time
CC3115,Linda Williams,Downtown,Business,Platinum,815,2024-03-01,25000,3355.53,167.78,449.38,On-Time
CC3116,Lisa Hernandez,Riverside,Business,Gold,621,2024-03-01,15000,3214.02,160.7,152.27,On-Time
CC3117,Susan Garcia,Uptown,Premium,Silver,613,2024-03-01,8000,6656.66,332.83,566.89,On-Time
CC3118,Karen Wilson,Riverside,Business,Business,722,2024-03-01,40000,16981.58,849.08,2445.67,On-Time
CC3119,Richard Hernandez,Westfield,Retail,Business,784,2024-03-01,40000,36575.18,1828.76,2885.88,On-Time
CC3120,Matthew Miller,Lakeside,Business,Platinum,804,2024-03-01,25000,21575.02,1078.75,1325.44,On-Time
CC3121,Matthew Johnson,Lakeside,Retail,Business,768,2024-03-01,40000,24768.07,1238.4,2367.62,On-Time
CC3122,Jennifer Williams,Uptown,Premium,Platinum,772,2024-03-01,25000,17567.26,878.36,1412.09,On-Time
CC3123,Thomas Wilson,Westfield,Business,Silver,744,2024-03-01,8000,4102.8,205.14,339.59,Late
CC3124,Thomas Jones,Riverside,Retail,Business,780,2024-03-01,40000,12973.7,648.69,1427.83,On-Time
CC3125,David Brown,Riverside,Business,Silver,812,2024-03-01,8000,5728.57,286.43,648.93,On-Time
CC3126,Susan Garcia,Downtown,Premium,Silver,774,2024-03-01,8000,7540.6,377.03,803.72,Late
CC3127,Richard Davis,Lakeside,Retail,Business,749,2024-03-01,40000,17914.23,895.71,1703.6,Default
CC3128,Betty Davis,Downtown,Premium,Platinum,806,2024-03-01,25000,3701.76,185.09,194.54,On-Time
CC3129,Charles Davis,Uptown,Business,Business,769,2024-03-01,40000,18251.63,912.58,1172.06,On-Time
CC3130,Jessica Anderson,Uptown,Premium,Silver,702,2024-03-01,8000,6275.96,313.8,810.23,On-Time
CC3131,Richard Jones,Westfield,Retail,Gold,817,2024-03-01,15000,4565.0,228.25,476.49,On-Time
CC3132,Mary Brown,Downtown,Retail,Business,712,2024-03-01,40000,8080.84,404.04,440.44,On-Time
CC3133,Matthew Johnson,Westfield,Retail,Silver,710,2024-03-01,8000,5529.78,276.49,826.01,On-Time
CC3134,Lisa Martinez,Lakeside,Premium,Business,684,2024-03-01,40000,12454.75,622.74,1162.79,Late
CC3135,Richard Taylor,Downtown,Retail,Platinum,635,2024-03-01,25000,21649.11,1082.46,1667.23,Late
CC3136,Susan Taylor,Riverside,Business,Silver,590,2024-03-01,8000,5586.78,279.34,455.02,On-Time
CC3137,Lisa Martinez,Downtown,Premium,Platinum,746,2024-03-01,25000,21155.46,1057.77,2665.5,On-Time
CC3138,William Smith,Riverside,Premium,Platinum,779,2024-03-01,25000,22482.82,1124.14,1783.39,On-Time
CC3139,Jennifer Thomas,Downtown,Premium,Silver,667,2024-03-01,8000,5021.2,251.06,728.1,On-Time
CC3140,Karen Miller,Uptown,Premium,Business,803,2024-03-01,40000,35140.24,1757.01,2533.96,On-Time
CC3141,Charles Lopez,Westfield,Retail,Business,665,2024-03-01,40000,29457.09,1472.85,1256.99,On-Time
CC3142,Charles Anderson,Riverside,Retail,Platinum,696,2024-03-01,25000,17760.8,888.04,2029.53,On-Time
CC3143,Jessica Johnson,Westfield,Business,Silver,600,2024-03-01,8000,6346.46,317.32,556.35,On-Time
CC3144,Elizabeth Martinez,Westfield,Retail,Platinum,586,2024-03-01,25000,9938.56,496.93,495.99,On-Time
CC3145,Mary Brown,Uptown,Retail,Platinum,755,2024-03-01,25000,5743.76,287.19,518.21,On-Time
CC3146,Patricia Hernandez,Lakeside,Business,Business,643,2024-03-01,40000,21390.07,1069.5,2234.9,Late
CC3147,Susan Taylor,Riverside,Premium,Platinum,587,2024-03-01,25000,19889.08,994.45,1888.71,On-Time
CC3148,Lisa Brown,Lakeside,Retail,Gold,604,2024-03-01,15000,5225.31,261.27,629.44,Late
CC3149,Linda Anderson,Uptown,Premium,Gold,763,2024-03-01,15000,9428.63,471.43,1014.32,Default
CC3150,Joseph Brown,Lakeside,Premium,Business,617,2024-03-01,40000,19396.28,969.81,2220.61,On-Time
CC3151,Jessica Brown,Westfield,Premium,Platinum,657,2024-03-01,25000,15672.17,783.61,2249.75,On-Time
CC3152,William Jones,Uptown,Retail,Business,624,2024-03-01,40000,32281.58,1614.08,1733.94,Late
CC3153,Jessica Jones,Westfield,Business,Gold,711,2024-03-01,15000,9571.11,478.56,573.68,On-Time
CC3154,Patricia Brown,Lakeside,Business,Platinum,791,2024-03-01,25000,11143.87,557.19,1200.17,Late
CC3155,Daniel Garcia,Westfield,Retail,Platinum,698,2024-03-01,25000,17059.15,852.96,1843.67,On-Time
CC3156,Lisa Johnson,Uptown,Premium,Business,580,2024-03-01,40000,32095.81,1604.79,1947.21,On-Time
CC3157,Joseph Brown,Lakeside,Business,Silver,733,2024-03-01,8000,2409.38,120.47,306.3,On-Time
CC3158,Karen Brown,Lakeside,Premium,Silver,818,2024-03-01,8000,4566.57,228.33,625.51,On-Time
CC3159,William Miller,Lakeside,Retail,Platinum,695,2024-03-01,25000,10604.98,530.25,1546.28,Late
CC3160,David Smith,Downtown,Premium,Gold,691,2024-03-01,15000,5734.37,286.72,673.75,On-Time
CC3161,Lisa Brown,Westfield,Business,Gold,624,2024-03-01,15000,3854.52,192.73,256.19,On-Time
CC3162,Richard Anderson,Lakeside,Retail,Business,808,2024-03-01,40000,34513.07,1725.65,1569.81,Default
CC3163,Lisa Martinez,Lakeside,Business,Business,715,2024-03-01,40000,7418.61,370.93,745.26,On-Time
CC3164,Lisa Miller,Downtown,Business,Silver,663,2024-03-01,8000,3089.91,154.5,298.95,On-Time
CC3165,Jennifer Wilson,Downtown,Retail,Platinum,662,2024-03-01,25000,19785.37,989.27,1761.51,On-Time
CC3166,Daniel Johnson,Riverside,Premium,Silver,613,2024-03-01,8000,4492.56,224.63,553.01,Late
CC3167,Nancy Johnson,Uptown,Premium,Gold,627,2024-03-01,15000,11931.31,596.57,903.96,On-Time
CC3168,Jessica Smith,Westfield,Business,Business,626,2024-03-01,40000,27425.63,1371.28,3872.84,Late
CC3169,Betty Hernandez,Uptown,Retail,Business,747,2024-03-01,40000,24297.35,1214.87,1684.87,On-Time
CC3170,Richard Williams,Uptown,Premium,Platinum,793,2024-03-01,25000,15670.86,783.54,2173.54,On-Time
CC3171,Joseph Lopez,Downtown,Business,Business,791,2024-03-01,40000,8274.56,413.73,856.83,Default
CC3172,John Davis,Westfield,Premium,Silver,602,2024-03-01,8000,2305.94,115.3,264.29,On-Time
CC3173,Linda Smith,Uptown,Business,Platinum,763,2024-03-01,25000,23251.17,1162.56,1859.91,On-Time
CC3174,Daniel Rodriguez,Uptown,Premium,Business,743,2024-03-01,40000,8368.71,418.44,969.24,Late
CC3175,Matthew Anderson,Uptown,Premium,Platinum,692,2024-03-01,25000,6961.54,348.08,434.75,On-Time
CC3176,Jessica Garcia,Riverside,Business,Gold,678,2024-03-01,15000,5265.72,263.29,471.05,On-Time
CC3177,Susan Taylor,Riverside,Premium,Business,596,2024-03-01,40000,14522.26,726.11,1680.52,On-Time
CC3178,John Johnson,Riverside,Premium,Business,774,2024-03-01,40000,4200.2,210.01,240.73,On-Time
CC3179,Michael Wilson,Downtown,Retail,Gold,689,2024-03-01,15000,4262.98,213.15,550.24,On-Time
CC3180,Joseph Hernandez,Westfield,Premium,Gold,753,2024-03-01,15000,13758.45,687.92,873.25,On-Time
CC3181,Patricia Johnson,Lakeside,Premium,Silver,625,2024-03-01,8000,3174.96,158.75,185.56,On-Time
CC3182,Jessica Davis,Riverside,Business,Silver,657,2024-03-01,8000,5235.51,261.78,216.75,On-Time
CC3183,David Jones,Lakeside,Premium,Silver,657,2024-03-01,8000,3339.72,166.99,229.06,On-Time
CC3184,Joseph Anderson,Westfield,Retail,Gold,602,2024-03-01,15000,6226.17,311.31,811.37,On-Time
CC3185,Patricia Martinez,Lakeside,Premium,Platinum,659,2024-03-01,25000,1620.62,81.03,93.23,On-Time
CC3186,Jennifer Rodriguez,Downtown,Business,Business,677,2024-03-01,40000,10444.18,522.21,1434.89,On-Time
CC3187,Jennifer Williams,Downtown,Retail,Gold,765,2024-03-01,15000,11751.48,587.57,1347.08,On-Time
CC3188,Nancy Miller,Westfield,Business,Gold,756,2024-03-01,15000,6657.18,332.86,794.68,Late
CC3189,Patricia Brown,Downtown,Premium,Gold,589,2024-03-01,15000,1304.22,65.21,79.14,On-Time
CC3190,Lisa Rodriguez,Riverside,Retail,Business,751,2024-03-01,40000,10133.5,506.68,1496.06,On-Time
CC3191,Richard Wilson,Uptown,Business,Gold,686,2024-03-01,15000,10079.81,503.99,408.15,Late
CC3192,Thomas Williams,Riverside,Business,Gold,744,2024-03-01,15000,8315.71,415.79,923.95,On-Time
CC3193,Matthew Williams,Riverside,Premium,Platinum,662,2024-03-01,25000,21325.54,1066.28,1232.21,Default
CC3194,Richard Taylor,Westfield,Retail,Silver,686,2024-03-01,8000,5703.74,285.19,246.5,On-Time
CC3195,Jennifer Miller,Westfield,Retail,Silver,627,2024-03-01,8000,6005.29,300.26,393.38,On-Time
CC3196,John Wilson,Downtown,Business,Silver,656,2024-03-01,8000,5611.47,280.57,768.02,On-Time
CC3197,Jessica Williams,Westfield,Premium,Silver,639,2024-03-01,8000,6227.47,311.37,589.5,On-Time
CC3198,Karen Hernandez,Lakeside,Premium,Platinum,702,2024-03-01,25000,23414.47,1170.72,1060.57,On-Time
CC3199,William Davis,Riverside,Premium,Silver,763,2024-03-01,8000,3386.73,169.34,157.31,Late
CC3200,Richard Thomas,Lakeside,Premium,Gold,819,2024-03-01,15000,3012.95,150.65,212.18,On-Time
CC3201,Betty Martinez,Westfield,Business,Gold,691,2024-03-01,15000,3410.46,170.52,149.77,On-Time
CC3202,Jessica Jones,Uptown,Premium,Platinum,681,2024-03-01,25000,14654.92,732.75,1000.47,Late
CC3203,Sarah Johnson,Lakeside,Retail,Gold,591,2024-03-01,15000,3697.16,184.86,465.09,On-Time
CC3204,Patricia Thomas,Westfield,Retail,Gold,583,2024-03-01,15000,12409.86,620.49,1660.96,On-Time
CC3205,Richard Rodriguez,Uptown,Retail,Silver,627,2024-03-01,8000,665.46,33.27,72.57,Late
CC3206,Elizabeth Smith,Downtown,Premium,Gold,697,2024-03-01,15000,4143.85,207.19,368.32,Late
CC3207,Joseph Anderson,Uptown,Retail,Silver,769,2024-03-01,8000,2703.12,135.16,374.76,On-Time
CC3208,Jessica Hernandez,Uptown,Premium,Gold,807,2024-03-01,15000,4345.27,217.26,390.01,On-Time
CC3209,Patricia Rodriguez,Downtown,Premium,Silver,642,2024-03-01,8000,2589.92,129.5,361.93,Late
CC3210,Nancy Rodriguez,Downtown,Business,Platinum,777,2024-03-01,25000,11169.14,558.46,1206.82,On-Time
CC3211,Joseph Anderson,Westfield,Premium,Business,780,2024-03-01,40000,13696.07,684.8,1148.78,Late
CC3212,Richard Wilson,Uptown,Business,Gold,752,2024-03-01,15000,1559.76,77.99,153.62,Late
CC3213,Daniel Martinez,Uptown,Premium,Platinum,693,2024-03-01,25000,17379.56,868.98,1897.38,On-Time
CC3214,Lisa Lopez,Lakeside,Retail,Silver,771,2024-03-01,8000,6819.77,340.99,394.82,On-Time
CC3215,David Smith,Riverside,Premium,Gold,655,2024-03-01,15000,9339.53,466.98,1029.9,Late
CC3216,Karen Garcia,Westfield,Retail,Silver,786,2024-03-01,8000,2517.12,125.86,203.87,On-Time
CC3217,Sarah Thomas,Uptown,Premium,Silver,635,2024-03-01,8000,5525.29,276.26,479.84,On-Time
CC3218,Lisa Jones,Lakeside,Retail,Platinum,700,2024-03-01,25000,18422.18,921.11,1556.42,On-Time
CC3219,Daniel Wilson,Downtown,Retail,Silver,769,2024-03-01,8000,5372.78,268.64,628.68,On-Time
CC3220,James Hernandez,Riverside,Premium,Silver,611,2024-03-01,8000,1129.76,56.49,140.64,Late
CC3221,Betty Miller,Westfield,Premium,Platinum,626,2024-03-01,25000,5420.39,271.02,752.52,On-Time
CC3222,Daniel Thomas,Downtown,Premium,Business,778,2024-03-01,40000,32523.06,1626.15,1854.87,Late
CC3223,Lisa Wilson,Riverside,Business,Platinum,582,2024-03-01,25000,10880.86,544.04,531.56,On-Time
CC3224,Lisa Lopez,Westfield,Retail,Gold,760,2024-03-01,15000,953.91,47.7,96.94,Late
CC3225,Karen Wilson,Riverside,Retail,Platinum,768,2024-03-01,25000,17541.81,877.09,2130.12,On-Time
CC3226,Elizabeth Hernandez,Lakeside,Premium,Gold,666,2024-03-01,15000,943.1,47.16,54.94,On-Time
CC3227,Daniel Taylor,Riverside,Retail,Business,651,2024-03-01,40000,19061.17,953.06,1299.11,On-Time
CC3228,Karen Hernandez,Lakeside,Business,Business,631,2024-03-01,40000,32682.52,1634.13,1699.45,On-Time
CC3229,Karen Davis,Riverside,Premium,Gold,713,2024-03-01,15000,10694.91,534.75,762.8,On-Time
CC3230,Betty Williams,Westfield,Premium,Silver,761,2024-03-01,8000,6619.55,330.98,958.76,On-Time
CC3231,Richard Jones,Uptown,Premium,Gold,780,2024-03-01,15000,7960.67,398.03,702.6,On-Time
CC3232,David Hernandez,Uptown,Retail,Business,741,2024-03-01,40000,16577.21,828.86,1458.5,On-Time
CC3233,Jennifer Lopez,Riverside,Retail,Platinum,719,2024-03-01,25000,14415.18,720.76,1211.34,Default
CC3234,Linda Smith,Riverside,Retail,Platinum,790,2024-03-01,25000,1514.06,75.7,137.51,On-Time
CC3235,Joseph Thomas,Lakeside,Retail,Platinum,749,2024-03-01,25000,1727.58,86.38,138.8,On-Time
CC3236,Patricia Williams,Lakeside,Business,Silver,761,2024-03-01,8000,4167.13,208.36,316.1,On-Time
CC3237,Michael Rodriguez,Uptown,Premium,Business,810,2024-03-01,40000,5169.4,258.47,487.21,Late
CC3238,Charles Taylor,Riverside,Retail,Gold,751,2024-03-01,15000,13098.91,654.95,1427.85,On-Time
CC3239,Thomas Garcia,Westfield,Retail,Platinum,717,2024-03-01,25000,17877.23,893.86,2591.48,On-Time
CC3240,James Taylor,Westfield,Retail,Business,673,2024-03-01,40000,10661.35,533.07,1114.07,Late
CC3241,David Williams,Riverside,Business,Silver,777,2024-03-01,8000,1192.14,59.61,94.98,On-Time
CC3242,Thomas Thomas,Westfield,Retail,Business,638,2024-03-01,40000,30160.0,1508.0,4417.58,On-Time
CC3243,Charles Taylor,Westfield,Business,Business,718,2024-03-01,40000,16413.22,820.66,1371.64,On-Time
CC3244,Linda Anderson,Lakeside,Business,Silver,718,2024-03-01,8000,3906.11,195.31,365.37,On-Time
CC3245,Nancy Davis,Riverside,Retail,Platinum,820,2024-03-01,25000,9261.15,463.06,855.65,On-Time
CC3246,Joseph Davis,Lakeside,Business,Silver,675,2024-03-01,8000,5764.52,288.23,475.26,On-Time
CC3247,Matthew Taylor,Uptown,Premium,Gold,659,2024-03-01,15000,774.61,38.73,55.69,On-Time
CC3248,Michael Rodriguez,Lakeside,Premium,Gold,807,2024-03-01,15000,7566.19,378.31,322.74,On-Time
CC3249,Matthew Thomas,Downtown,Retail,Silver,770,2024-03-01,8000,4678.01,233.9,588.3,On-Time
CC3250,Joseph Johnson,Lakeside,Retail,Business,815,2024-03-01,40000,22102.03,1105.1,1853.32,On-Time
CC3251,Linda Brown,Westfield,Premium,Silver,755,2024-03-01,8000,1151.58,57.58,66.94,On-Time
CC3252,Karen Lopez,Uptown,Premium,Gold,798,2024-03-01,15000,4032.11,201.61,421.36,On-Time
CC3253,Joseph Smith,Westfield,Retail,Silver,784,2024-03-01,8000,4242.59,212.13,208.4,On-Time
CC3254,Charles Thomas,Uptown,Premium,Platinum,588,2024-03-01,25000,15142.48,757.12,2060.96,Late
CC3255,Susan Taylor,Westfield,Retail,Platinum,593,2024-03-01,25000,13960.08,698.0,1256.19,On-Time
CC3256,Sarah Johnson,Riverside,Premium,Gold,697,2024-03-01,15000,12025.74,601.29,807.64,Late
CC3257,Lisa Johnson,Westfield,Premium,Business,718,2024-03-01,40000,15104.44,755.22,1805.23,Late
CC3258,Richard Garcia,Lakeside,Premium,Platinum,592,2024-03-01,25000,16353.9,817.7,1422.08,Late
CC3259,Elizabeth Garcia,Uptown,Premium,Silver,774,2024-03-01,8000,4654.45,232.72,655.27,On-Time
CC3260,John Garcia,Downtown,Retail,Platinum,637,2024-03-01,25000,5533.31,276.67,829.01,On-Time
CC3261,Joseph Wilson,Lakeside,Retail,Gold,582,2024-03-01,15000,7410.86,370.54,328.81,On-Time
CC3262,Lisa Davis,Uptown,Business,Silver,815,2024-03-01,8000,4433.99,221.7,464.57,On-Time
CC3263,James Lopez,Riverside,Business,Business,666,2024-03-01,40000,37319.03,1865.95,5112.91,On-Time
CC3264,Charles Rodriguez,Uptown,Retail,Silver,710,2024-03-01,8000,6665.52,333.28,506.76,On-Time
CC3265,Thomas Rodriguez,Uptown,Business,Business,777,2024-03-01,40000,21192.77,1059.64,881.59,On-Time
CC3266,Jessica Jones,Riverside,Premium,Business,747,2024-03-01,40000,31521.62,1576.08,2244.48,On-Time
CC3267,David Brown,Westfield,Business,Silver,650,2024-03-01,8000,2479.97,124.0,208.74,On-Time
CC3268,James Williams,Uptown,Business,Platinum,808,2024-03-01,25000,12224.19,611.21,1136.61,Default
CC3269,Charles Thomas,Lakeside,Premium,Business,604,2024-03-01,40000,13400.2,670.01,1905.86,On-Time
CC3270,Daniel Rodriguez,Uptown,Business,Business,673,2024-03-01,40000,4439.66,221.98,457.68,Late
CC3271,Charles Brown,Uptown,Premium,Platinum,636,2024-03-01,25000,15783.04,789.15,2059.73,On-Time
CC3272,Thomas Garcia,Lakeside,Business,Platinum,646,2024-03-01,25000,5213.55,260.68,249.96,On-Time
CC3273,Karen Johnson,Lakeside,Premium,Gold,630,2024-03-01,15000,11331.36,566.57,536.77,Late
CC3274,Sarah Taylor,Riverside,Retail,Silver,718,2024-03-01,8000,4076.64,203.83,331.24,On-Time
CC3275,Thomas Rodriguez,Uptown,Premium,Gold,806,2024-03-01,15000,13559.51,677.98,1932.79,On-Time
CC3276,Elizabeth Hernandez,Downtown,Premium,Platinum,809,2024-03-01,25000,16888.35,844.42,1360.46,Default
CC3277,Jennifer Thomas,Uptown,Business,Platinum,747,2024-03-01,25000,2126.01,106.3,243.29,On-Time
CC3278,Michael Jones,Westfield,Premium,Platinum,718,2024-03-01,25000,19048.62,952.43,1530.09,On-Time
CC3279,William Lopez,Lakeside,Business,Silver,727,2024-03-01,8000,4876.1,243.81,538.86,Late
CC3280,Mary Thomas,Westfield,Retail,Business,647,2024-03-01,40000,16882.73,844.14,1549.41,On-Time
CC3281,Sarah Miller,Downtown,Business,Business,635,2024-03-01,40000,37087.36,1854.37,3487.47,On-Time
CC3282,Lisa Rodriguez,Lakeside,Retail,Platinum,735,2024-03-01,25000,5526.04,276.3,627.88,Late
CC3283,James Thomas,Uptown,Retail,Gold,756,2024-03-01,15000,3736.71,186.84,418.09,Late
CC3284,Elizabeth Hernandez,Uptown,Business,Gold,600,2024-03-01,15000,9753.07,487.65,906.83,Late
CC3285,Karen Martinez,Uptown,Business,Business,611,2024-03-01,40000,25443.26,1272.16,1404.87,Late
CC3286,John Wilson,Lakeside,Business,Platinum,727,2024-03-01,25000,14519.28,725.96,1191.89,On-Time
CC3287,Karen Rodriguez,Westfield,Retail,Platinum,721,2024-03-01,25000,13849.27,692.46,1462.47,Default
CC3288,John Garcia,Westfield,Retail,Business,613,2024-03-01,40000,4819.52,240.98,675.5,On-Time
CC3289,Sarah Brown,Riverside,Retail,Platinum,756,2024-03-01,25000,6050.18,302.51,690.14,On-Time
CC3290,Karen Thomas,Riverside,Premium,Business,595,2024-03-01,40000,21333.24,1066.66,1748.03,On-Time
CC3291,Thomas Anderson,Uptown,Retail,Silver,699,2024-03-01,8000,4698.94,234.95,236.63,On-Time
CC3292,Mary Rodriguez,Uptown,Business,Gold,753,2024-03-01,15000,10115.86,505.79,629.18,On-Time
CC3293,Mary Hernandez,Downtown,Retail,Silver,765,2024-03-01,8000,4069.22,203.46,263.01,On-Time
CC3294,David Anderson,Downtown,Premium,Platinum,773,2024-03-01,25000,6661.56,333.08,322.7,On-Time
CC3295,Karen Smith,Downtown,Business,Gold,637,2024-03-01,15000,7754.96,387.75,752.26,On-Time
CC3296,Mary Thomas,Westfield,Premium,Silver,787,2024-03-01,8000,5381.91,269.1,624.76,On-Time
CC3297,Joseph Smith,Westfield,Premium,Platinum,662,2024-03-01,25000,22220.23,1111.01,2047.84,Late
CC3298,Sarah Miller,Downtown,Retail,Platinum,760,2024-03-01,25000,22111.82,1105.59,987.74,On-Time
CC3299,David Rodriguez,Westfield,Retail,Business,696,2024-03-01,40000,19897.11,994.86,1775.28,On-Time
CC3300,Elizabeth Smith,Westfield,Retail,Business,640,2024-03-01,40000,4130.88,206.54,536.83,Late
CC3001,Michael Hernandez,Uptown,Business,Business,583,2024-04-01,40000,37710.72,1885.54,2466.09,Default
CC3002,William Thomas,Uptown,Retail,Platinum,611,2024-04-01,25000,13552.92,677.65,1488.34,On-Time
CC3003,Nancy Garcia,Riverside,Premium,Gold,662,2024-04-01,15000,2482.44,124.12,301.09,Late
CC3004,John Martinez,Uptown,Retail,Business,698,2024-04-01,40000,8268.17,413.41,762.46,On-Time
CC3005,Mary Jones,Uptown,Premium,Silver,805,2024-04-01,8000,4819.89,240.99,205.37,On-Time
CC3006,Linda Garcia,Downtown,Retail,Gold,745,2024-04-01,15000,9956.98,497.85,959.49,On-Time
CC3007,Thomas Smith,Riverside,Business,Business,676,2024-04-01,40000,35009.13,1750.46,4346.14,Late
CC3008,Sarah Williams,Riverside,Retail,Business,677,2024-04-01,40000,23035.49,1151.77,2947.01,Default
CC3009,John Jones,Riverside,Premium,Platinum,763,2024-04-01,25000,20168.89,1008.44,1038.44,On-Time
CC3010,John Brown,Lakeside,Business,Platinum,601,2024-04-01,25000,22983.61,1149.18,3254.39,Late
CC3011,Elizabeth Hernandez,Uptown,Premium,Business,673,2024-04-01,40000,23568.62,1178.43,2212.94,Late
CC3012,Joseph Lopez,Lakeside,Premium,Platinum,734,2024-04-01,25000,8889.75,444.49,361.08,On-Time
CC3013,Jennifer Lopez,Westfield,Business,Business,689,2024-04-01,40000,34408.24,1720.41,1724.52,On-Time
CC3014,Jessica Taylor,Downtown,Business,Silver,656,2024-04-01,8000,5123.9,256.19,558.67,Late
CC3015,Linda Anderson,Westfield,Retail,Business,593,2024-04-01,40000,25899.62,1294.98,2828.02,On-Time
CC3016,Linda Thomas,Westfield,Retail,Silver,722,2024-04-01,8000,966.1,48.31,122.43,On-Time
CC3017,Betty Martinez,Uptown,Retail,Platinum,670,2024-04-01,25000,19334.73,966.74,2481.95,On-Time
CC3018,Lisa Davis,Downtown,Premium,Gold,700,2024-04-01,15000,8739.79,436.99,456.87,On-Time
CC3019,Daniel Wilson,Downtown,Business,Gold,711,2024-04-01,15000,7966.37,398.32,389.37,On-Time
CC3020,Betty Taylor,Westfield,Business,Gold,737,2024-04-01,15000,11542.23,577.11,794.79,On-Time
CC3021,Robert Martinez,Lakeside,Business,Silver,814,2024-04-01,8000,6036.31,301.82,499.21,On-Time
CC3022,Michael Rodriguez,Downtown,Retail,Business,802,2024-04-01,40000,29687.91,1484.4,3792.84,On-Time
CC3023,Jennifer Miller,Riverside,Business,Silver,774,2024-04-01,8000,4790.16,239.51,196.85,On-Time
CC3024,Sarah Wilson,Lakeside,Business,Gold,790,2024-04-01,15000,9796.81,489.84,1258.14,On-Time
CC3025,Linda Johnson,Westfield,Premium,Business,660,2024-04-01,40000,2987.49,149.37,295.52,On-Time
CC3026,Susan Lopez,Riverside,Premium,Business,756,2024-04-01,40000,16678.02,833.9,992.9,On-Time
CC3027,Karen Hernandez,Lakeside,Premium,Business,620,2024-04-01,40000,7175.64,358.78,382.82,On-Time
CC3028,Michael Lopez,Uptown,Business,Silver,657,2024-04-01,8000,5978.9,298.94,758.68,On-Time
CC3029,William Anderson,Lakeside,Business,Business,754,2024-04-01,40000,30748.73,1537.44,2268.2,Late
CC3030,Michael Smith,Westfield,Retail,Business,584,2024-04-01,40000,30665.98,1533.3,2214.86,On-Time
CC3031,Patricia Thomas,Riverside,Business,Gold,657,2024-04-01,15000,5521.49,276.07,334.13,On-Time
CC3032,William Thomas,Uptown,Premium,Gold,744,2024-04-01,15000,3618.14,180.91,499.81,On-Time
CC3033,Michael Garcia,Westfield,Retail,Gold,767,2024-04-01,15000,7657.28,382.86,709.08,Late
CC3034,Lisa Johnson,Downtown,Premium,Silver,623,2024-04-01,8000,4534.2,226.71,193.39,On-Time
CC3035,Linda Hernandez,Lakeside,Business,Platinum,738,2024-04-01,25000,9853.32,492.67,938.16,On-Time
CC3036,David Martinez,Uptown,Premium,Business,678,2024-04-01,40000,16095.14,804.76,1656.21,On-Time
CC3037,James Martinez,Lakeside,Retail,Business,778,2024-04-01,40000,3449.04,172.45,178.78,On-Time
CC3038,Robert Wilson,Downtown,Business,Gold,596,2024-04-01,15000,10147.31,507.37,482.1,On-Time
CC3039,William Johnson,Uptown,Business,Gold,782,2024-04-01,15000,13169.24,658.46,734.25,On-Time
CC3040,Jessica Thomas,Riverside,Premium,Silver,610,2024-04-01,8000,6522.25,326.11,893.48,Default
CC3041,Patricia Anderson,Westfield,Business,Gold,790,2024-04-01,15000,3494.11,174.71,164.84,On-Time
CC3042,Elizabeth Wilson,Westfield,Premium,Gold,802,2024-04-01,15000,7195.33,359.77,589.13,Default
CC3043,Patricia Garcia,Westfield,Business,Silver,697,2024-04-01,8000,6481.97,324.1,360.31,On-Time
CC3044,Nancy Hernandez,Westfield,Retail,Gold,675,2024-04-01,15000,12934.72,646.74,1720.92,On-Time
CC3045,Thomas Garcia,Riverside,Retail,Gold,678,2024-04-01,15000,10854.03,542.7,695.11,On-Time
CC3046,Jessica Brown,Westfield,Retail,Gold,693,2024-04-01,15000,7289.42,364.47,981.1,Late
CC3047,Lisa Martinez,Lakeside,Premium,Silver,674,2024-04-01,8000,3993.43,199.67,571.06,On-Time
CC3048,Matthew Taylor,Uptown,Premium,Platinum,583,2024-04-01,25000,3819.43,190.97,313.97,On-Time
CC3049,William Martinez,Lakeside,Premium,Silver,719,2024-04-01,8000,4422.4,221.12,233.65,On-Time
CC3050,Elizabeth Smith,Westfield,Premium,Silver,692,2024-04-01,8000,2272.63,113.63,164.44,On-Time
CC3051,Charles Garcia,Uptown,Premium,Silver,588,2024-04-01,8000,5621.86,281.09,804.27,On-Time
CC3052,Elizabeth Thomas,Downtown,Premium,Platinum,723,2024-04-01,25000,6338.17,316.91,948.8,On-Time
CC3053,John Brown,Lakeside,Premium,Gold,688,2024-04-01,15000,3920.2,196.01,375.88,On-Time
CC3054,Jennifer Taylor,Uptown,Business,Silver,644,2024-04-01,8000,6908.13,345.41,615.06,On-Time
CC3055,Linda Taylor,Uptown,Retail,Silver,810,2024-04-01,8000,1404.94,70.25,139.08,On-Time
CC3056,David Rodriguez,Westfield,Premium,Business,598,2024-04-01,40000,16634.94,831.75,733.11,On-Time
CC3057,Robert Garcia,Westfield,Business,Gold,668,2024-04-01,15000,4746.25,237.31,399.67,On-Time
CC3058,Sarah Lopez,Riverside,Retail,Silver,710,2024-04-01,8000,2598.75,129.94,201.29,On-Time
CC3059,Daniel Davis,Uptown,Business,Platinum,639,2024-04-01,25000,10627.33,531.37,1054.59,On-Time
CC3060,Sarah Thomas,Uptown,Premium,Business,594,2024-04-01,40000,31932.96,1596.65,4498.69,Late
CC3061,James Taylor,Riverside,Retail,Platinum,748,2024-04-01,25000,16370.33,818.52,1501.77,On-Time
CC3062,Linda Davis,Downtown,Premium,Business,631,2024-04-01,40000,6016.13,300.81,752.67,On-Time
CC3063,Betty Garcia,Riverside,Premium,Gold,770,2024-04-01,15000,2164.97,108.25,231.17,On-Time
CC3064,Nancy Hernandez,Downtown,Retail,Business,689,2024-04-01,40000,26117.14,1305.86,2711.83,Default
CC3065,Sarah Hernandez,Lakeside,Business,Business,753,2024-04-01,40000,17264.96,863.25,1017.92,Default
CC3066,Joseph Davis,Downtown,Retail,Business,715,2024-04-01,40000,37147.92,1857.4,2326.6,On-Time
CC3067,Jennifer Rodriguez,Riverside,Premium,Business,584,2024-04-01,40000,7512.13,375.61,375.23,On-Time
CC3068,Matthew Miller,Westfield,Premium,Business,722,2024-04-01,40000,9191.17,459.56,474.58,Late
CC3069,Sarah Martinez,Downtown,Premium,Silver,730,2024-04-01,8000,4974.22,248.71,587.88,On-Time
CC3070,Nancy Anderson,Uptown,Premium,Gold,758,2024-04-01,15000,1861.72,93.09,229.92,On-Time
CC3071,Richard Rodriguez,Uptown,Business,Business,738,2024-04-01,40000,12602.23,630.11,877.27,On-Time
CC3072,Karen Johnson,Uptown,Business,Silver,641,2024-04-01,8000,2697.58,134.88,377.09,On-Time
CC3073,Mary Martinez,Riverside,Retail,Business,747,2024-04-01,40000,3879.61,193.98,370.49,Late
CC3074,Daniel Davis,Downtown,Premium,Gold,672,2024-04-01,15000,7672.51,383.63,778.2,On-Time
CC3075,James Davis,Riverside,Retail,Silver,777,2024-04-01,8000,2062.99,103.15,109.15,On-Time
CC3076,Daniel Garcia,Lakeside,Premium,Gold,622,2024-04-01,15000,7411.01,370.55,786.97,On-Time
CC3077,Linda Brown,Downtown,Retail,Gold,717,2024-04-01,15000,3174.75,158.74,153.26,On-Time
CC3078,William Jones,Uptown,Retail,Silver,777,2024-04-01,8000,7147.6,357.38,751.48,On-Time
CC3079,John Johnson,Riverside,Business,Business,628,2024-04-01,40000,11754.53,587.73,885.7,On-Time
CC3080,Jessica Smith,Westfield,Business,Platinum,783,2024-04-01,25000,20372.49,1018.62,1104.02,Late
CC3081,Karen Garcia,Riverside,Retail,Silver,699,2024-04-01,8000,1071.19,53.56,87.28,On-Time
CC3082,James Rodriguez,Downtown,Premium,Gold,586,2024-04-01,15000,4436.28,221.81,458.66,On-Time
CC3083,Betty Thomas,Riverside,Retail,Silver,786,2024-04-01,8000,6305.71,315.29,366.1,On-Time
CC3084,Matthew Brown,Downtown,Premium,Gold,815,2024-04-01,15000,1222.53,61.13,163.75,On-Time
CC3085,William Taylor,Westfield,Business,Gold,671,2024-04-01,15000,6338.88,316.94,760.78,On-Time
CC3086,Jessica Williams,Riverside,Premium,Platinum,789,2024-04-01,25000,1908.58,95.43,176.34,On-Time
CC3087,Betty Jones,Downtown,Business,Business,815,2024-04-01,40000,32957.72,1647.89,3913.43,On-Time
CC3088,Joseph Anderson,Downtown,Business,Silver,642,2024-04-01,8000,6239.14,311.96,702.28,On-Time
CC3089,Susan Rodriguez,Downtown,Business,Business,637,2024-04-01,40000,4891.69,244.58,733.3,Default
CC3090,Joseph Brown,Lakeside,Premium,Platinum,791,2024-04-01,25000,9554.55,477.73,676.27,On-Time
CC3091,Sarah Jones,Downtown,Retail,Silver,782,2024-04-01,8000,7485.78,374.29,397.82,On-Time
CC3092,James Lopez,Lakeside,Retail,Platinum,618,2024-04-01,25000,8843.59,442.18,1163.12,On-Time
CC3093,Linda Rodriguez,Uptown,Premium,Gold,659,2024-04-01,15000,2451.9,122.6,191.14,On-Time
CC3094,Joseph Martinez,Lakeside,Retail,Business,783,2024-04-01,40000,29081.16,1454.06,3262.38,On-Time
CC3095,Jessica Taylor,Downtown,Premium,Business,618,2024-04-01,40000,10696.66,534.83,1135.02,Late
CC3096,Charles Brown,Riverside,Premium,Business,650,2024-04-01,40000,2031.06,101.55,226.59,On-Time
CC3097,Nancy Thomas,Downtown,Business,Silver,813,2024-04-01,8000,5367.28,268.36,585.03,On-Time
CC3098,Elizabeth Davis,Riverside,Premium,Platinum,707,2024-04-01,25000,12118.33,605.92,823.45,Late
CC3099,Jessica Garcia,Lakeside,Premium,Silver,681,2024-04-01,8000,6004.08,300.2,645.33,On-Time
CC3100,Elizabeth Smith,Riverside,Retail,Silver,744,2024-04-01,8000,4613.39,230.67,410.25,On-Time
CC3101,Michael Lopez,Riverside,Premium,Platinum,730,2024-04-01,25000,8042.72,402.14,712.1,Late
CC3102,Betty Anderson,Riverside,Premium,Silver,664,2024-04-01,8000,7256.51,362.83,815.96,On-Time
CC3103,Karen Rodriguez,Westfield,Business,Business,610,2024-04-01,40000,25876.03,1293.8,1817.81,On-Time
CC3104,Charles Wilson,Downtown,Business,Business,686,2024-04-01,40000,20753.51,1037.68,2478.15,Default
CC3105,Daniel Thomas,Downtown,Premium,Business,793,2024-04-01,40000,21054.84,1052.74,1115.55,On-Time
CC3106,Nancy Williams,Uptown,Business,Business,672,2024-04-01,40000,24205.88,1210.29,3440.92,On-Time
CC3107,Mary Davis,Westfield,Retail,Silver,786,2024-04-01,8000,6870.34,343.52,280.64,On-Time
CC3108,Susan Davis,Downtown,Retail,Gold,710,2024-04-01,15000,8664.01,433.2,1139.02,On-Time
CC3109,Susan Martinez,Downtown,Premium,Gold,803,2024-04-01,15000,11062.81,553.14,574.22,On-Time
CC3110,Linda Jones,Downtown,Retail,Silver,737,2024-04-01,8000,2268.43,113.42,107.69,On-Time
CC3111,Thomas Johnson,Uptown,Business,Platinum,651,2024-04-01,25000,8158.78,407.94,581.54,On-Time
CC3112,Susan Lopez,Riverside,Premium,Silver,612,2024-04-01,8000,2787.8,139.39,348.15,Late
CC3113,Richard Johnson,Riverside,Premium,Silver,683,2024-04-01,8000,4417.09,220.85,557.03,On-Time
CC3114,Patricia Martinez,Lakeside,Business,Platinum,745,2024-04-01,25000,10514.82,525.74,481.36,On-Time
CC3115,Linda Williams,Downtown,Business,Platinum,815,2024-04-01,25000,20857.15,1042.86,1903.87,On-Time
CC3116,Lisa Hernandez,Riverside,Business,Gold,621,2024-04-01,15000,6498.74,324.94,705.69,On-Time
CC3117,Susan Garcia,Uptown,Premium,Silver,613,2024-04-01,8000,1538.36,76.92,196.07,On-Time
CC3118,Karen Wilson,Riverside,Business,Business,722,2024-04-01,40000,29109.59,1455.48,1559.84,On-Time
CC3119,Richard Hernandez,Westfield,Retail,Business,784,2024-04-01,40000,17432.74,871.64,1528.89,On-Time
CC3120,Matthew Miller,Lakeside,Business,Platinum,804,2024-04-01,25000,16550.17,827.51,1883.2,On-Time
CC3121,Matthew Johnson,Lakeside,Retail,Business,768,2024-04-01,40000,33871.43,1693.57,3830.18,On-Time
CC3122,Jennifer Williams,Uptown,Premium,Platinum,772,2024-04-01,25000,1354.42,67.72,128.15,Late
CC3123,Thomas Wilson,Westfield,Business,Silver,744,2024-04-01,8000,4434.91,221.75,229.12,On-Time
CC3124,Thomas Jones,Riverside,Retail,Business,780,2024-04-01,40000,2757.15,137.86,161.38,On-Time
CC3125,David Brown,Riverside,Business,Silver,812,2024-04-01,8000,4761.92,238.1,486.05,On-Time
CC3126,Susan Garcia,Downtown,Premium,Silver,774,2024-04-01,8000,6673.25,333.66,520.45,Late
CC3127,Richard Davis,Lakeside,Retail,Business,749,2024-04-01,40000,6711.03,335.55,380.9,On-Time
CC3128,Betty Davis,Downtown,Premium,Platinum,806,2024-04-01,25000,15448.24,772.41,1913.48,On-Time
CC3129,Charles Davis,Uptown,Business,Business,769,2024-04-01,40000,28019.12,1400.96,2723.67,On-Time
CC3130,Jessica Anderson,Uptown,Premium,Silver,702,2024-04-01,8000,4576.38,228.82,585.66,On-Time
CC3131,Richard Jones,Westfield,Retail,Gold,817,2024-04-01,15000,11109.32,555.47,1284.15,Late
CC3132,Mary Brown,Downtown,Retail,Business,712,2024-04-01,40000,29185.43,1459.27,2430.27,On-Time
CC3133,Matthew Johnson,Westfield,Retail,Silver,710,2024-04-01,8000,6388.04,319.4,480.04,On-Time
CC3134,Lisa Martinez,Lakeside,Premium,Business,684,2024-04-01,40000,21770.32,1088.52,1935.3,On-Time
CC3135,Richard Taylor,Downtown,Retail,Platinum,635,2024-04-01,25000,18865.58,943.28,1502.84,On-Time
CC3136,Susan Taylor,Riverside,Business,Silver,590,2024-04-01,8000,7329.42,366.47,897.12,Late
CC3137,Lisa Martinez,Downtown,Premium,Platinum,746,2024-04-01,25000,6624.29,331.21,595.06,On-Time
CC3138,William Smith,Riverside,Premium,Platinum,779,2024-04-01,25000,22536.06,1126.8,1550.47,On-Time
CC3139,Jennifer Thomas,Downtown,Premium,Silver,667,2024-04-01,8000,681.1,34.05,69.43,On-Time
CC3140,Karen Miller,Uptown,Premium,Business,803,2024-04-01,40000,3761.96,188.1,432.78,Late
CC3141,Charles Lopez,Westfield,Retail,Business,665,2024-04-01,40000,26464.0,1323.2,3064.75,Late
CC3142,Charles Anderson,Riverside,Retail,Platinum,696,2024-04-01,25000,8865.43,443.27,1091.92,On-Time
CC3143,Jessica Johnson,Westfield,Business,Silver,600,2024-04-01,8000,2588.78,129.44,313.13,Late
CC3144,Elizabeth Martinez,Westfield,Retail,Platinum,586,2024-04-01,25000,1313.59,65.68,135.77,On-Time
CC3145,Mary Brown,Uptown,Retail,Platinum,755,2024-04-01,25000,6584.06,329.2,599.35,On-Time
CC3146,Patricia Hernandez,Lakeside,Business,Business,643,2024-04-01,40000,34228.36,1711.42,3080.45,Late
CC3147,Susan Taylor,Riverside,Premium,Platinum,587,2024-04-01,25000,14375.63,718.78,1401.87,Default
CC3148,Lisa Brown,Lakeside,Retail,Gold,604,2024-04-01,15000,10494.15,524.71,1060.54,Default
CC3149,Linda Anderson,Uptown,Premium,Gold,763,2024-04-01,15000,11547.08,577.35,831.42,On-Time
CC3150,Joseph Brown,Lakeside,Premium,Business,617,2024-04-01,40000,28902.78,1445.14,2065.5,Late
CC3151,Jessica Brown,Westfield,Premium,Platinum,657,2024-04-01,25000,22921.15,1146.06,3193.9,On-Time
CC3152,William Jones,Uptown,Retail,Business,624,2024-04-01,40000,31629.59,1581.48,3673.34,On-Time
CC3153,Jessica Jones,Westfield,Business,Gold,711,2024-04-01,15000,10758.1,537.91,599.94,On-Time
CC3154,Patricia Brown,Lakeside,Business,Platinum,791,2024-04-01,25000,10066.41,503.32,517.89,On-Time
CC3155,Daniel Garcia,Westfield,Retail,Platinum,698,2024-04-01,25000,22772.77,1138.64,2084.23,On-Time
CC3156,Lisa Johnson,Uptown,Premium,Business,580,2024-04-01,40000,23128.75,1156.44,2419.25,On-Time
CC3157,Joseph Brown,Lakeside,Business,Silver,733,2024-04-01,8000,780.24,39.01,62.69,Late
CC3158,Karen Brown,Lakeside,Premium,Silver,818,2024-04-01,8000,6247.21,312.36,734.15,On-Time
CC3159,William Miller,Lakeside,Retail,Platinum,695,2024-04-01,25000,7486.95,374.35,553.05,On-Time
CC3160,David Smith,Downtown,Premium,Gold,691,2024-04-01,15000,9403.14,470.16,1151.41,On-Time
CC3161,Lisa Brown,Westfield,Business,Gold,624,2024-04-01,15000,12313.56,615.68,949.23,On-Time
CC3162,Richard Anderson,Lakeside,Retail,Business,808,2024-04-01,40000,2937.43,146.87,200.29,Late
CC3163,Lisa Martinez,Lakeside,Business,Business,715,2024-04-01,40000,27787.25,1389.36,2786.11,On-Time
CC3164,Lisa Miller,Downtown,Business,Silver,663,2024-04-01,8000,731.79,36.59,95.91,On-Time
CC3165,Jennifer Wilson,Downtown,Retail,Platinum,662,2024-04-01,25000,10073.33,503.67,453.74,On-Time
CC3166,Daniel Johnson,Riverside,Premium,Silver,613,2024-04-01,8000,885.85,44.29,36.71,On-Time
CC3167,Nancy Johnson,Uptown,Premium,Gold,627,2024-04-01,15000,1095.68,54.78,58.27,Late
CC3168,Jessica Smith,Westfield,Business,Business,626,2024-04-01,40000,29721.99,1486.1,3324.9,Late
CC3169,Betty Hernandez,Uptown,Retail,Business,747,2024-04-01,40000,9935.0,496.75,446.44,Late
CC3170,Richard Williams,Uptown,Premium,Platinum,793,2024-04-01,25000,13873.33,693.67,1700.85,On-Time
CC3171,Joseph Lopez,Downtown,Business,Business,791,2024-04-01,40000,29650.85,1482.54,2907.07,On-Time
CC3172,John Davis,Westfield,Premium,Silver,602,2024-04-01,8000,3131.67,156.58,210.74,Late
CC3173,Linda Smith,Uptown,Business,Platinum,763,2024-04-01,25000,9903.97,495.2,1201.36,On-Time
CC3174,Daniel Rodriguez,Uptown,Premium,Business,743,2024-04-01,40000,11864.56,593.23,1253.99,On-Time
CC3175,Matthew Anderson,Uptown,Premium,Platinum,692,2024-04-01,25000,14735.91,736.8,753.15,Late
CC3176,Jessica Garcia,Riverside,Business,Gold,678,2024-04-01,15000,9135.65,456.78,1291.76,On-Time
CC3177,Susan Taylor,Riverside,Premium,Business,596,2024-04-01,40000,35849.66,1792.48,4373.79,On-Time
CC3178,John Johnson,Riverside,Premium,Business,774,2024-04-01,40000,24806.65,1240.33,1830.94,Late
CC3179,Michael Wilson,Downtown,Retail,Gold,689,2024-04-01,15000,12330.84,616.54,561.48,On-Time
CC3180,Joseph Hernandez,Westfield,Premium,Gold,753,2024-04-01,15000,11106.78,555.34,722.37,On-Time
CC3181,Patricia Johnson,Lakeside,Premium,Silver,625,2024-04-01,8000,4605.0,230.25,496.36,Default
CC3182,Jessica Davis,Riverside,Business,Silver,657,2024-04-01,8000,2278.11,113.91,190.87,On-Time
CC3183,David Jones,Lakeside,Premium,Silver,657,2024-04-01,8000,4431.79,221.59,642.11,On-Time
CC3184,Joseph Anderson,Westfield,Retail,Gold,602,2024-04-01,15000,7354.94,367.75,803.11,On-Time
CC3185,Patricia Martinez,Lakeside,Premium,Platinum,659,2024-04-01,25000,14669.52,733.48,1236.86,On-Time
CC3186,Jennifer Rodriguez,Downtown,Business,Business,677,2024-04-01,40000,2727.52,136.38,399.71,Late
CC3187,Jennifer Williams,Downtown,Retail,Gold,765,2024-04-01,15000,9278.96,463.95,791.21,On-Time
CC3188,Nancy Miller,Westfield,Business,Gold,756,2024-04-01,15000,5794.23,289.71,306.16,On-Time
CC3189,Patricia Brown,Downtown,Premium,Gold,589,2024-04-01,15000,5780.37,289.02,436.71,On-Time
CC3190,Lisa Rodriguez,Riverside,Retail,Business,751,2024-04-01,40000,22915.9,1145.8,1121.21,On-Time
CC3191,Richard Wilson,Uptown,Business,Gold,686,2024-04-01,15000,5580.03,279.0,644.22,On-Time
CC3192,Thomas Williams,Riverside,Business,Gold,744,2024-04-01,15000,14165.75,708.29,1274.45,On-Time
CC3193,Matthew Williams,Riverside,Premium,Platinum,662,2024-04-01,25000,23722.99,1186.15,3229.54,On-Time
CC3194,Richard Taylor,Westfield,Retail,Silver,686,2024-04-01,8000,3935.98,196.8,360.97,On-Time
CC3195,Jennifer Miller,Westfield,Retail,Silver,627,2024-04-01,8000,2852.32,142.62,191.59,On-Time
CC3196,John Wilson,Downtown,Business,Silver,656,2024-04-01,8000,4872.87,243.64,362.41,On-Time
CC3197,Jessica Williams,Westfield,Premium,Silver,639,2024-04-01,8000,3862.32,193.12,511.91,On-Time
CC3198,Karen Hernandez,Lakeside,Premium,Platinum,702,2024-04-01,25000,16405.0,820.25,2425.75,On-Time
CC3199,William Davis,Riverside,Premium,Silver,763,2024-04-01,8000,5866.13,293.31,279.93,On-Time
CC3200,Richard Thomas,Lakeside,Premium,Gold,819,2024-04-01,15000,2628.01,131.4,160.85,Late
CC3201,Betty Martinez,Westfield,Business,Gold,691,2024-04-01,15000,6691.2,334.56,965.73,On-Time
CC3202,Jessica Jones,Uptown,Premium,Platinum,681,2024-04-01,25000,6401.05,320.05,527.4,On-Time
CC3203,Sarah Johnson,Lakeside,Retail,Gold,591,2024-04-01,15000,10532.64,526.63,1077.54,On-Time
CC3204,Patricia Thomas,Westfield,Retail,Gold,583,2024-04-01,15000,12592.65,629.63,1456.19,On-Time
CC3205,Richard Rodriguez,Uptown,Retail,Silver,627,2024-04-01,8000,4964.37,248.22,497.28,On-Time
CC3206,Elizabeth Smith,Downtown,Premium,Gold,697,2024-04-01,15000,2031.39,101.57,290.29,On-Time
CC3207,Joseph Anderson,Uptown,Retail,Silver,769,2024-04-01,8000,5886.1,294.31,671.63,Late
CC3208,Jessica Hernandez,Uptown,Premium,Gold,807,2024-04-01,15000,6102.01,305.1,460.67,On-Time
CC3209,Patricia Rodriguez,Downtown,Premium,Silver,642,2024-04-01,8000,2225.23,111.26,287.19,On-Time
CC3210,Nancy Rodriguez,Downtown,Business,Platinum,777,2024-04-01,25000,5083.29,254.16,229.62,Late
CC3211,Joseph Anderson,Westfield,Premium,Business,780,2024-04-01,40000,27022.85,1351.14,3925.57,On-Time
CC3212,Richard Wilson,Uptown,Business,Gold,752,2024-04-01,15000,8007.2,400.36,321.58,Late
CC3213,Daniel Martinez,Uptown,Premium,Platinum,693,2024-04-01,25000,14270.66,713.53,1876.02,On-Time
CC3214,Lisa Lopez,Lakeside,Retail,Silver,771,2024-04-01,8000,3895.48,194.77,414.17,On-Time
CC3215,David Smith,Riverside,Premium,Gold,655,2024-04-01,15000,9294.93,464.75,386.66,On-Time
CC3216,Karen Garcia,Westfield,Retail,Silver,786,2024-04-01,8000,3946.11,197.31,160.31,On-Time
CC3217,Sarah Thomas,Uptown,Premium,Silver,635,2024-04-01,8000,7116.4,355.82,632.67,On-Time
CC3218,Lisa Jones,Lakeside,Retail,Platinum,700,2024-04-01,25000,11057.03,552.85,1283.23,Late
CC3219,Daniel Wilson,Downtown,Retail,Silver,769,2024-04-01,8000,3715.18,185.76,167.35,On-Time
CC3220,James Hernandez,Riverside,Premium,Silver,611,2024-04-01,8000,6586.24,329.31,605.17,Default
CC3221,Betty Miller,Westfield,Premium,Platinum,626,2024-04-01,25000,15075.8,753.79,1150.82,Default
CC3222,Daniel Thomas,Downtown,Premium,Business,778,2024-04-01,40000,13561.97,678.1,1760.2,On-Time
CC3223,Lisa Wilson,Riverside,Business,Platinum,582,2024-04-01,25000,22143.84,1107.19,2304.22,On-Time
CC3224,Lisa Lopez,Westfield,Retail,Gold,760,2024-04-01,15000,10889.97,544.5,470.19,On-Time
CC3225,Karen Wilson,Riverside,Retail,Platinum,768,2024-04-01,25000,23215.94,1160.8,3130.42,On-Time
CC3226,Elizabeth Hernandez,Lakeside,Premium,Gold,666,2024-04-01,15000,12188.99,609.45,711.72,On-Time
CC3227,Daniel Taylor,Riverside,Retail,Business,651,2024-04-01,40000,34062.48,1703.12,2673.37,Late
CC3228,Karen Hernandez,Lakeside,Business,Business,631,2024-04-01,40000,25780.07,1289.0,2398.76,On-Time
CC3229,Karen Davis,Riverside,Premium,Gold,713,2024-04-01,15000,14184.62,709.23,717.02,Late
CC3230,Betty Williams,Westfield,Premium,Silver,761,2024-04-01,8000,749.98,37.5,80.4,On-Time
CC3231,Richard Jones,Uptown,Premium,Gold,780,2024-04-01,15000,9957.35,497.87,940.28,Late
CC3232,David Hernandez,Uptown,Retail,Business,741,2024-04-01,40000,3928.21,196.41,491.63,On-Time
CC3233,Jennifer Lopez,Riverside,Retail,Platinum,719,2024-04-01,25000,22586.42,1129.32,3371.13,Late
CC3234,Linda Smith,Riverside,Retail,Platinum,790,2024-04-01,25000,14418.14,720.91,960.8,On-Time
CC3235,Joseph Thomas,Lakeside,Retail,Platinum,749,2024-04-01,25000,3010.55,150.53,192.14,On-Time
CC3236,Patricia Williams,Lakeside,Business,Silver,761,2024-04-01,8000,1840.15,92.01,171.14,On-Time
CC3237,Michael Rodriguez,Uptown,Premium,Business,810,2024-04-01,40000,16640.86,832.04,1473.69,On-Time
CC3238,Charles Taylor,Riverside,Retail,Gold,751,2024-04-01,15000,6892.88,344.64,627.94,Late
CC3239,Thomas Garcia,Westfield,Retail,Platinum,717,2024-04-01,25000,15177.78,758.89,1577.61,On-Time
CC3240,James Taylor,Westfield,Retail,Business,673,2024-04-01,40000,21366.36,1068.32,2606.77,On-Time
CC3241,David Williams,Riverside,Business,Silver,777,2024-04-01,8000,2147.34,107.37,141.26,On-Time
CC3242,Thomas Thomas,Westfield,Retail,Business,638,2024-04-01,40000,22984.8,1149.24,3403.16,On-Time
CC3243,Charles Taylor,Westfield,Business,Business,718,2024-04-01,40000,15674.5,783.73,1361.06,Late
CC3244,Linda Anderson,Lakeside,Business,Silver,718,2024-04-01,8000,3472.23,173.61,512.98,On-Time
CC3245,Nancy Davis,Riverside,Retail,Platinum,820,2024-04-01,25000,9635.34,481.77,766.47,On-Time
CC3246,Joseph Davis,Lakeside,Business,Silver,675,2024-04-01,8000,2465.85,123.29,150.12,Late
CC3247,Matthew Taylor,Uptown,Premium,Gold,659,2024-04-01,15000,2607.92,130.4,341.82,On-Time
CC3248,Michael Rodriguez,Lakeside,Premium,Gold,807,2024-04-01,15000,7815.57,390.78,512.54,Late
CC3249,Matthew Thomas,Downtown,Retail,Silver,770,2024-04-01,8000,5238.49,261.92,568.5,On-Time
CC3250,Joseph Johnson,Lakeside,Retail,Business,815,2024-04-01,40000,19410.38,970.52,1826.92,On-Time
CC3251,Linda Brown,Westfield,Premium,Silver,755,2024-04-01,8000,3241.54,162.08,358.33,On-Time
CC3252,Karen Lopez,Uptown,Premium,Gold,798,2024-04-01,15000,12144.04,607.2,701.83,Late
CC3253,Joseph Smith,Westfield,Retail,Silver,784,2024-04-01,8000,2044.87,102.24,306.18,On-Time
CC3254,Charles Thomas,Uptown,Premium,Platinum,588,2024-04-01,25000,20984.35,1049.22,1210.06,On-Time
CC3255,Susan Taylor,Westfield,Retail,Platinum,593,2024-04-01,25000,11770.31,588.52,1215.77,On-Time
CC3256,Sarah Johnson,Riverside,Premium,Gold,697,2024-04-01,15000,9898.41,494.92,572.65,On-Time
CC3257,Lisa Johnson,Westfield,Premium,Business,718,2024-04-01,40000,35329.28,1766.46,1434.35,On-Time
CC3258,Richard Garcia,Lakeside,Premium,Platinum,592,2024-04-01,25000,14701.79,735.09,881.43,Default
CC3259,Elizabeth Garcia,Uptown,Premium,Silver,774,2024-04-01,8000,5801.67,290.08,555.41,On-Time
CC3260,John Garcia,Downtown,Retail,Platinum,637,2024-04-01,25000,18758.28,937.91,2493.41,On-Time
CC3261,Joseph Wilson,Lakeside,Retail,Gold,582,2024-04-01,15000,10887.65,544.38,509.1,Default
CC3262,Lisa Davis,Uptown,Business,Silver,815,2024-04-01,8000,7203.61,360.18,507.0,Late
CC3263,James Lopez,Riverside,Business,Business,666,2024-04-01,40000,14940.8,747.04,667.15,On-Time
CC3264,Charles Rodriguez,Uptown,Retail,Silver,710,2024-04-01,8000,5410.16,270.51,387.71,On-Time
CC3265,Thomas Rodriguez,Uptown,Business,Business,777,2024-04-01,40000,3476.94,173.85,382.69,On-Time
CC3266,Jessica Jones,Riverside,Premium,Business,747,2024-04-01,40000,15514.59,775.73,690.24,Late
CC3267,David Brown,Westfield,Business,Silver,650,2024-04-01,8000,838.2,41.91,113.83,On-Time
CC3268,James Williams,Uptown,Business,Platinum,808,2024-04-01,25000,4840.19,242.01,699.36,On-Time
CC3269,Charles Thomas,Lakeside,Premium,Business,604,2024-04-01,40000,28244.3,1412.22,1979.82,On-Time
CC3270,Daniel Rodriguez,Uptown,Business,Business,673,2024-04-01,40000,18760.44,938.02,1851.38,On-Time
CC3271,Charles Brown,Uptown,Premium,Platinum,636,2024-04-01,25000,22803.37,1140.17,2290.27,On-Time
CC3272,Thomas Garcia,Lakeside,Business,Platinum,646,2024-04-01,25000,15191.29,759.56,1493.4,On-Time
CC3273,Karen Johnson,Lakeside,Premium,Gold,630,2024-04-01,15000,1071.17,53.56,84.68,On-Time
CC3274,Sarah Taylor,Riverside,Retail,Silver,718,2024-04-01,8000,7402.65,370.13,473.39,On-Time
CC3275,Thomas Rodriguez,Uptown,Premium,Gold,806,2024-04-01,15000,5379.43,268.97,711.18,On-Time
CC3276,Elizabeth Hernandez,Downtown,Premium,Platinum,809,2024-04-01,25000,9246.02,462.3,973.44,Late
CC3277,Jennifer Thomas,Uptown,Business,Platinum,747,2024-04-01,25000,6011.71,300.59,586.85,Default
CC3278,Michael Jones,Westfield,Premium,Platinum,718,2024-04-01,25000,13133.14,656.66,584.53,Late
CC3279,William Lopez,Lakeside,Business,Silver,727,2024-04-01,8000,949.69,47.48,103.25,On-Time
CC3280,Mary Thomas,Westfield,Retail,Business,647,2024-04-01,40000,37353.93,1867.7,3496.27,On-Time
CC3281,Sarah Miller,Downtown,Business,Business,635,2024-04-01,40000,4367.52,218.38,244.07,Default
CC3282,Lisa Rodriguez,Lakeside,Retail,Platinum,735,2024-04-01,25000,1469.87,73.49,144.99,On-Time
CC3283,James Thomas,Uptown,Retail,Gold,756,2024-04-01,15000,13576.75,678.84,718.3,On-Time
CC3284,Elizabeth Hernandez,Uptown,Business,Gold,600,2024-04-01,15000,12423.33,621.17,1305.49,On-Time
CC3285,Karen Martinez,Uptown,Business,Business,611,2024-04-01,40000,19844.48,992.22,2917.25,Late
CC3286,John Wilson,Lakeside,Business,Platinum,727,2024-04-01,25000,20324.43,1016.22,2337.86,On-Time
CC3287,Karen Rodriguez,Westfield,Retail,Platinum,721,2024-04-01,25000,10506.67,525.33,772.93,On-Time
CC3288,John Garcia,Westfield,Retail,Business,613,2024-04-01,40000,31034.23,1551.71,4133.88,On-Time
CC3289,Sarah Brown,Riverside,Retail,Platinum,756,2024-04-01,25000,22437.91,1121.9,2975.84,On-Time
CC3290,Karen Thomas,Riverside,Premium,Business,595,2024-04-01,40000,7730.81,386.54,762.83,On-Time
CC3291,Thomas Anderson,Uptown,Retail,Silver,699,2024-04-01,8000,6856.22,342.81,442.72,On-Time
CC3292,Mary Rodriguez,Uptown,Business,Gold,753,2024-04-01,15000,10033.06,501.65,724.86,Late
CC3293,Mary Hernandez,Downtown,Retail,Silver,765,2024-04-01,8000,3283.2,164.16,268.54,On-Time
CC3294,David Anderson,Downtown,Premium,Platinum,773,2024-04-01,25000,23488.35,1174.42,1323.3,On-Time
CC3295,Karen Smith,Downtown,Business,Gold,637,2024-04-01,15000,12919.74,645.99,1812.27,On-Time
CC3296,Mary Thomas,Westfield,Premium,Silver,787,2024-04-01,8000,850.54,42.53,43.99,On-Time
CC3297,Joseph Smith,Westfield,Premium,Platinum,662,2024-04-01,25000,16172.46,808.62,1914.53,Late
CC3298,Sarah Miller,Downtown,Retail,Platinum,760,2024-04-01,25000,20140.5,1007.03,1579.95,On-Time
CC3299,David Rodriguez,Westfield,Retail,Business,696,2024-04-01,40000,30911.71,1545.59,4151.94,On-Time
CC3300,Elizabeth Smith,Westfield,Retail,Business,640,2024-04-01,40000,29225.09,1461.25,3021.03,On-Time
CC3001,Michael Hernandez,Uptown,Business,Business,583,2024-05-01,40000,24727.92,1236.4,3379.93,Default
CC3002,William Thomas,Uptown,Retail,Platinum,611,2024-05-01,25000,4195.87,209.79,545.74,On-Time
CC3003,Nancy Garcia,Riverside,Premium,Gold,662,2024-05-01,15000,1875.18,93.76,226.92,On-Time
CC3004,John Martinez,Uptown,Retail,Business,698,2024-05-01,40000,23707.33,1185.37,3005.68,Late
CC3005,Mary Jones,Uptown,Premium,Silver,805,2024-05-01,8000,542.47,27.12,42.1,On-Time
CC3006,Linda Garcia,Downtown,Retail,Gold,745,2024-05-01,15000,12875.1,643.76,1077.72,Late
CC3007,Thomas Smith,Riverside,Business,Business,676,2024-05-01,40000,33236.99,1661.85,2996.01,On-Time
CC3008,Sarah Williams,Riverside,Retail,Business,677,2024-05-01,40000,28496.22,1424.81,3803.67,On-Time
CC3009,John Jones,Riverside,Premium,Platinum,763,2024-05-01,25000,20199.82,1009.99,1345.78,On-Time
CC3010,John Brown,Lakeside,Business,Platinum,601,2024-05-01,25000,16870.87,843.54,1127.21,On-Time
CC3011,Elizabeth Hernandez,Uptown,Premium,Business,673,2024-05-01,40000,7990.24,399.51,407.89,On-Time
CC3012,Joseph Lopez,Lakeside,Premium,Platinum,734,2024-05-01,25000,15008.07,750.4,1423.16,On-Time
CC3013,Jennifer Lopez,Westfield,Business,Business,689,2024-05-01,40000,3149.85,157.49,261.3,On-Time
CC3014,Jessica Taylor,Downtown,Business,Silver,656,2024-05-01,8000,3943.15,197.16,436.85,On-Time
CC3015,Linda Anderson,Westfield,Retail,Business,593,2024-05-01,40000,37247.94,1862.4,5401.73,Late
CC3016,Linda Thomas,Westfield,Retail,Silver,722,2024-05-01,8000,4247.79,212.39,455.57,Default
CC3017,Betty Martinez,Uptown,Retail,Platinum,670,2024-05-01,25000,21319.3,1065.96,2872.25,On-Time
CC3018,Lisa Davis,Downtown,Premium,Gold,700,2024-05-01,15000,5661.62,283.08,483.44,On-Time
CC3019,Daniel Wilson,Downtown,Business,Gold,711,2024-05-01,15000,1293.79,64.69,136.9,On-Time
CC3020,Betty Taylor,Westfield,Business,Gold,737,2024-05-01,15000,5913.75,295.69,827.9,On-Time
CC3021,Robert Martinez,Lakeside,Business,Silver,814,2024-05-01,8000,1661.38,83.07,144.56,Late
CC3022,Michael Rodriguez,Downtown,Retail,Business,802,2024-05-01,40000,30852.89,1542.64,4523.78,On-Time
CC3023,Jennifer Miller,Riverside,Business,Silver,774,2024-05-01,8000,5323.36,266.17,633.24,On-Time
CC3024,Sarah Wilson,Lakeside,Business,Gold,790,2024-05-01,15000,10955.18,547.76,1112.67,On-Time
CC3025,Linda Johnson,Westfield,Premium,Business,660,2024-05-01,40000,16380.07,819.0,1138.37,On-Time
CC3026,Susan Lopez,Riverside,Premium,Business,756,2024-05-01,40000,20417.74,1020.89,2236.58,On-Time
CC3027,Karen Hernandez,Lakeside,Premium,Business,620,2024-05-01,40000,2599.81,129.99,228.01,Late
CC3028,Michael Lopez,Uptown,Business,Silver,657,2024-05-01,8000,6915.82,345.79,466.85,On-Time
CC3029,William Anderson,Lakeside,Business,Business,754,2024-05-01,40000,34528.94,1726.45,1799.69,On-Time
CC3030,Michael Smith,Westfield,Retail,Business,584,2024-05-01,40000,34623.97,1731.2,3805.18,On-Time
CC3031,Patricia Thomas,Riverside,Business,Gold,657,2024-05-01,15000,13769.58,688.48,1606.13,Default
CC3032,William Thomas,Uptown,Premium,Gold,744,2024-05-01,15000,3391.97,169.6,289.4,On-Time
CC3033,Michael Garcia,Westfield,Retail,Gold,767,2024-05-01,15000,6754.02,337.7,824.84,On-Time
CC3034,Lisa Johnson,Downtown,Premium,Silver,623,2024-05-01,8000,4751.03,237.55,302.89,Late
CC3035,Linda Hernandez,Lakeside,Business,Platinum,738,2024-05-01,25000,11314.44,565.72,777.31,On-Time
CC3036,David Martinez,Uptown,Premium,Business,678,2024-05-01,40000,23660.08,1183.0,1270.95,On-Time
CC3037,James Martinez,Lakeside,Retail,Business,778,2024-05-01,40000,3297.0,164.85,493.49,On-Time
CC3038,Robert Wilson,Downtown,Business,Gold,596,2024-05-01,15000,879.78,43.99,91.46,On-Time
CC3039,William Johnson,Uptown,Business,Gold,782,2024-05-01,15000,4134.59,206.73,170.93,On-Time
CC3040,Jessica Thomas,Riverside,Premium,Silver,610,2024-05-01,8000,3008.89,150.44,205.35,On-Time
CC3041,Patricia Anderson,Westfield,Business,Gold,790,2024-05-01,15000,10392.99,519.65,934.75,On-Time
CC3042,Elizabeth Wilson,Westfield,Premium,Gold,802,2024-05-01,15000,1980.46,99.02,244.72,On-Time
CC3043,Patricia Garcia,Westfield,Business,Silver,697,2024-05-01,8000,6339.21,316.96,877.21,Late
CC3044,Nancy Hernandez,Westfield,Retail,Gold,675,2024-05-01,15000,14131.48,706.57,2039.07,Late
CC3045,Thomas Garcia,Riverside,Retail,Gold,678,2024-05-01,15000,6123.56,306.18,774.69,On-Time
CC3046,Jessica Brown,Westfield,Retail,Gold,693,2024-05-01,15000,9659.73,482.99,865.62,On-Time
CC3047,Lisa Martinez,Lakeside,Premium,Silver,674,2024-05-01,8000,3611.04,180.55,253.93,On-Time
CC3048,Matthew Taylor,Uptown,Premium,Platinum,583,2024-05-01,25000,10801.2,540.06,754.98,On-Time
CC3049,William Martinez,Lakeside,Premium,Silver,719,2024-05-01,8000,3549.74,177.49,458.83,On-Time
CC3050,Elizabeth Smith,Westfield,Premium,Silver,692,2024-05-01,8000,2973.52,148.68,228.88,On-Time
CC3051,Charles Garcia,Uptown,Premium,Silver,588,2024-05-01,8000,7466.67,373.33,328.02,On-Time
CC3052,Elizabeth Thomas,Downtown,Premium,Platinum,723,2024-05-01,25000,22562.47,1128.12,1101.41,On-Time
CC3053,John Brown,Lakeside,Premium,Gold,688,2024-05-01,15000,10808.53,540.43,1422.99,On-Time
CC3054,Jennifer Taylor,Uptown,Business,Silver,644,2024-05-01,8000,701.38,35.07,59.6,On-Time
CC3055,Linda Taylor,Uptown,Retail,Silver,810,2024-05-01,8000,3847.72,192.39,506.17,On-Time
CC3056,David Rodriguez,Westfield,Premium,Business,598,2024-05-01,40000,9117.14,455.86,1067.72,Late
CC3057,Robert Garcia,Westfield,Business,Gold,668,2024-05-01,15000,13211.27,660.56,1380.38,Late
CC3058,Sarah Lopez,Riverside,Retail,Silver,710,2024-05-01,8000,4406.35,220.32,541.6,On-Time
CC3059,Daniel Davis,Uptown,Business,Platinum,639,2024-05-01,25000,14528.86,726.44,1783.9,On-Time
CC3060,Sarah Thomas,Uptown,Premium,Business,594,2024-05-01,40000,23006.16,1150.31,2140.97,Late
CC3061,James Taylor,Riverside,Retail,Platinum,748,2024-05-01,25000,7025.09,351.25,828.5,On-Time
CC3062,Linda Davis,Downtown,Premium,Business,631,2024-05-01,40000,31051.83,1552.59,2908.05,Late
CC3063,Betty Garcia,Riverside,Premium,Gold,770,2024-05-01,15000,10074.81,503.74,1057.9,On-Time
CC3064,Nancy Hernandez,Downtown,Retail,Business,689,2024-05-01,40000,2813.15,140.66,283.06,On-Time
CC3065,Sarah Hernandez,Lakeside,Business,Business,753,2024-05-01,40000,32939.13,1646.96,2165.54,On-Time
CC3066,Joseph Davis,Downtown,Retail,Business,715,2024-05-01,40000,19041.64,952.08,2027.17,On-Time
CC3067,Jennifer Rodriguez,Riverside,Premium,Business,584,2024-05-01,40000,35236.04,1761.8,4561.21,Late
CC3068,Matthew Miller,Westfield,Premium,Business,722,2024-05-01,40000,31417.6,1570.88,3773.96,On-Time
CC3069,Sarah Martinez,Downtown,Premium,Silver,730,2024-05-01,8000,1606.34,80.32,129.91,On-Time
CC3070,Nancy Anderson,Uptown,Premium,Gold,758,2024-05-01,15000,1881.29,94.06,190.29,On-Time
CC3071,Richard Rodriguez,Uptown,Business,Business,738,2024-05-01,40000,9634.05,481.7,841.15,On-Time
CC3072,Karen Johnson,Uptown,Business,Silver,641,2024-05-01,8000,7000.82,350.04,369.63,On-Time
CC3073,Mary Martinez,Riverside,Retail,Business,747,2024-05-01,40000,11879.77,593.99,1553.97,On-Time
CC3074,Daniel Davis,Downtown,Premium,Gold,672,2024-05-01,15000,1462.54,73.13,174.4,On-Time
CC3075,James Davis,Riverside,Retail,Silver,777,2024-05-01,8000,649.09,32.45,51.25,On-Time
CC3076,Daniel Garcia,Lakeside,Premium,Gold,622,2024-05-01,15000,1788.79,89.44,206.99,On-Time
CC3077,Linda Brown,Downtown,Retail,Gold,717,2024-05-01,15000,6161.19,308.06,384.14,Late
CC3078,William Jones,Uptown,Retail,Silver,777,2024-05-01,8000,1069.73,53.49,103.6,Late
CC3079,John Johnson,Riverside,Business,Business,628,2024-05-01,40000,16006.95,800.35,1651.14,On-Time
CC3080,Jessica Smith,Westfield,Business,Platinum,783,2024-05-01,25000,5732.69,286.63,242.53,Default
CC3081,Karen Garcia,Riverside,Retail,Silver,699,2024-05-01,8000,2376.61,118.83,254.89,On-Time
CC3082,James Rodriguez,Downtown,Premium,Gold,586,2024-05-01,15000,3255.79,162.79,346.56,On-Time
CC3083,Betty Thomas,Riverside,Retail,Silver,786,2024-05-01,8000,4712.47,235.62,311.53,On-Time
CC3084,Matthew Brown,Downtown,Premium,Gold,815,2024-05-01,15000,8021.67,401.08,737.97,On-Time
CC3085,William Taylor,Westfield,Business,Gold,671,2024-05-01,15000,2831.83,141.59,307.41,On-Time
CC3086,Jessica Williams,Riverside,Premium,Platinum,789,2024-05-01,25000,17853.2,892.66,2139.41,Late
CC3087,Betty Jones,Downtown,Business,Business,815,2024-05-01,40000,24509.75,1225.49,2847.19,On-Time
CC3088,Joseph Anderson,Downtown,Business,Silver,642,2024-05-01,8000,5044.22,252.21,328.53,On-Time
CC3089,Susan Rodriguez,Downtown,Business,Business,637,2024-05-01,40000,35727.13,1786.36,3084.53,On-Time
CC3090,Joseph Brown,Lakeside,Premium,Platinum,791,2024-05-01,25000,23227.33,1161.37,2263.39,On-Time
CC3091,Sarah Jones,Downtown,Retail,Silver,782,2024-05-01,8000,4502.73,225.14,470.35,On-Time
CC3092,James Lopez,Lakeside,Retail,Platinum,618,2024-05-01,25000,21387.57,1069.38,3075.71,On-Time
CC3093,Linda Rodriguez,Uptown,Premium,Gold,659,2024-05-01,15000,7295.82,364.79,793.73,Late
CC3094,Joseph Martinez,Lakeside,Retail,Business,783,2024-05-01,40000,26328.89,1316.44,3011.21,On-Time
CC3095,Jessica Taylor,Downtown,Premium,Business,618,2024-05-01,40000,15561.81,778.09,2113.86,On-Time
CC3096,Charles Brown,Riverside,Premium,Business,650,2024-05-01,40000,7837.74,391.89,960.69,On-Time
CC3097,Nancy Thomas,Downtown,Business,Silver,813,2024-05-01,8000,6801.14,340.06,593.42,On-Time
CC3098,Elizabeth Davis,Riverside,Premium,Platinum,707,2024-05-01,25000,5018.27,250.91,313.54,On-Time
CC3099,Jessica Garcia,Lakeside,Premium,Silver,681,2024-05-01,8000,703.8,35.19,31.84,Default
CC3100,Elizabeth Smith,Riverside,Retail,Silver,744,2024-05-01,8000,5486.43,274.32,487.39,On-Time
CC3101,Michael Lopez,Riverside,Premium,Platinum,730,2024-05-01,25000,23243.83,1162.19,2104.11,On-Time
CC3102,Betty Anderson,Riverside,Premium,Silver,664,2024-05-01,8000,1798.87,89.94,214.83,On-Time
CC3103,Karen Rodriguez,Westfield,Business,Business,610,2024-05-01,40000,35478.94,1773.95,3718.23,On-Time
CC3104,Charles Wilson,Downtown,Business,Business,686,2024-05-01,40000,4519.82,225.99,300.88,On-Time
CC3105,Daniel Thomas,Downtown,Premium,Business,793,2024-05-01,40000,30326.2,1516.31,4412.91,On-Time
CC3106,Nancy Williams,Uptown,Business,Business,672,2024-05-01,40000,18321.24,916.06,1818.3,On-Time
CC3107,Mary Davis,Westfield,Retail,Silver,786,2024-05-01,8000,5220.7,261.04,652.89,On-Time
CC3108,Susan Davis,Downtown,Retail,Gold,710,2024-05-01,15000,7136.26,356.81,461.61,On-Time
CC3109,Susan Martinez,Downtown,Premium,Gold,803,2024-05-01,15000,14114.98,705.75,1585.89,Default
CC3110,Linda Jones,Downtown,Retail,Silver,737,2024-05-01,8000,2053.36,102.67,137.99,On-Time
CC3111,Thomas Johnson,Uptown,Business,Platinum,651,2024-05-01,25000,6279.51,313.98,553.02,On-Time
CC3112,Susan Lopez,Riverside,Premium,Silver,612,2024-05-01,8000,2591.47,129.57,348.85,On-Time
CC3113,Richard Johnson,Riverside,Premium,Silver,683,2024-05-01,8000,2768.88,138.44,160.93,On-Time
CC3114,Patricia Martinez,Lakeside,Business,Platinum,745,2024-05-01,25000,8112.36,405.62,327.53,On-Time
CC3115,Linda Williams,Downtown,Business,Platinum,815,2024-05-01,25000,16427.91,821.4,1776.25,On-Time
CC3116,Lisa Hernandez,Riverside,Business,Gold,621,2024-05-01,15000,3183.76,159.19,146.25,On-Time
CC3117,Susan Garcia,Uptown,Premium,Silver,613,2024-05-01,8000,6386.98,319.35,821.18,On-Time
CC3118,Karen Wilson,Riverside,Business,Business,722,2024-05-01,40000,4659.94,233.0,599.08,On-Time
CC3119,Richard Hernandez,Westfield,Retail,Business,784,2024-05-01,40000,22312.02,1115.6,1672.07,On-Time
CC3120,Matthew Miller,Lakeside,Business,Platinum,804,2024-05-01,25000,1896.12,94.81,196.9,On-Time
CC3121,Matthew Johnson,Lakeside,Retail,Business,768,2024-05-01,40000,14641.95,732.1,666.47,On-Time
CC3122,Jennifer Williams,Uptown,Premium,Platinum,772,2024-05-01,25000,9640.28,482.01,1355.18,On-Time
CC3123,Thomas Wilson,Westfield,Business,Silver,744,2024-05-01,8000,2553.83,127.69,374.92,On-Time
CC3124,Thomas Jones,Riverside,Retail,Business,780,2024-05-01,40000,9790.5,489.53,1442.85,Late
CC3125,David Brown,Riverside,Business,Silver,812,2024-05-01,8000,1761.84,88.09,119.39,On-Time
CC3126,Susan Garcia,Downtown,Premium,Silver,774,2024-05-01,8000,2468.59,123.43,230.49,On-Time
CC3127,Richard Davis,Lakeside,Retail,Business,749,2024-05-01,40000,24497.21,1224.86,2905.03,On-Time
CC3128,Betty Davis,Downtown,Premium,Platinum,806,2024-05-01,25000,18614.42,930.72,1534.13,On-Time
CC3129,Charles Davis,Uptown,Business,Business,769,2024-05-01,40000,18591.13,929.56,2421.55,Late
CC3130,Jessica Anderson,Uptown,Premium,Silver,702,2024-05-01,8000,5687.51,284.38,626.44,Late
CC3131,Richard Jones,Westfield,Retail,Gold,817,2024-05-01,15000,1648.47,82.42,197.71,On-Time
CC3132,Mary Brown,Downtown,Retail,Business,712,2024-05-01,40000,30097.83,1504.89,3366.11,On-Time
CC3133,Matthew Johnson,Westfield,Retail,Silver,710,2024-05-01,8000,4427.56,221.38,288.93,On-Time
CC3134,Lisa Martinez,Lakeside,Premium,Business,684,2024-05-01,40000,31309.2,1565.46,1580.88,On-Time
CC3135,Richard Taylor,Downtown,Retail,Platinum,635,2024-05-01,25000,4236.11,211.81,475.96,On-Time
CC3136,Susan Taylor,Riverside,Business,Silver,590,2024-05-01,8000,5062.97,253.15,350.42,On-Time
CC3137,Lisa Martinez,Downtown,Premium,Platinum,746,2024-05-01,25000,16084.33,804.22,860.46,On-Time
CC3138,William Smith,Riverside,Premium,Platinum,779,2024-05-01,25000,13630.14,681.51,1765.32,Late
CC3139,Jennifer Thomas,Downtown,Premium,Silver,667,2024-05-01,8000,2792.27,139.61,217.56,On-Time
CC3140,Karen Miller,Uptown,Premium,Business,803,2024-05-01,40000,25314.37,1265.72,1293.2,Default
CC3141,Charles Lopez,Westfield,Retail,Business,665,2024-05-01,40000,8591.61,429.58,1022.66,On-Time
CC3142,Charles Anderson,Riverside,Retail,Platinum,696,2024-05-01,25000,2952.41,147.62,345.6,On-Time
CC3143,Jessica Johnson,Westfield,Business,Silver,600,2024-05-01,8000,473.4,23.67,55.8,On-Time
CC3144,Elizabeth Martinez,Westfield,Retail,Platinum,586,2024-05-01,25000,12327.18,616.36,1115.14,On-Time
CC3145,Mary Brown,Uptown,Retail,Platinum,755,2024-05-01,25000,2335.37,116.77,171.92,On-Time
CC3146,Patricia Hernandez,Lakeside,Business,Business,643,2024-05-01,40000,37816.88,1890.84,1936.27,Late
CC3147,Susan Taylor,Riverside,Premium,Platinum,587,2024-05-01,25000,22861.65,1143.08,1684.22,On-Time
CC3148,Lisa Brown,Lakeside,Retail,Gold,604,2024-05-01,15000,3497.03,174.85,467.76,Late
CC3149,Linda Anderson,Uptown,Premium,Gold,763,2024-05-01,15000,1273.43,63.67,73.36,On-Time
CC3150,Joseph Brown,Lakeside,Premium,Business,617,2024-05-01,40000,16942.72,847.14,2168.05,On-Time
CC3151,Jessica Brown,Westfield,Premium,Platinum,657,2024-05-01,25000,16039.92,802.0,1642.29,On-Time
CC3152,William Jones,Uptown,Retail,Business,624,2024-05-01,40000,31957.76,1597.89,1596.88,Late
CC3153,Jessica Jones,Westfield,Business,Gold,711,2024-05-01,15000,2248.99,112.45,274.79,On-Time
CC3154,Patricia Brown,Lakeside,Business,Platinum,791,2024-05-01,25000,19493.93,974.7,1470.56,On-Time
CC3155,Daniel Garcia,Westfield,Retail,Platinum,698,2024-05-01,25000,14150.94,707.55,1804.49,On-Time
CC3156,Lisa Johnson,Uptown,Premium,Business,580,2024-05-01,40000,33518.15,1675.91,1711.56,On-Time
CC3157,Joseph Brown,Lakeside,Business,Silver,733,2024-05-01,8000,5789.02,289.45,325.56,On-Time
CC3158,Karen Brown,Lakeside,Premium,Silver,818,2024-05-01,8000,2463.77,123.19,293.05,On-Time
CC3159,William Miller,Lakeside,Retail,Platinum,695,2024-05-01,25000,5735.27,286.76,408.82,On-Time
CC3160,David Smith,Downtown,Premium,Gold,691,2024-05-01,15000,1466.26,73.31,156.32,On-Time
CC3161,Lisa Brown,Westfield,Business,Gold,624,2024-05-01,15000,7845.57,392.28,343.2,On-Time
CC3162,Richard Anderson,Lakeside,Retail,Business,808,2024-05-01,40000,11302.06,565.1,696.36,On-Time
CC3163,Lisa Martinez,Lakeside,Business,Business,715,2024-05-01,40000,24108.02,1205.4,1990.09,On-Time
CC3164,Lisa Miller,Downtown,Business,Silver,663,2024-05-01,8000,7492.19,374.61,397.34,On-Time
CC3165,Jennifer Wilson,Downtown,Retail,Platinum,662,2024-05-01,25000,22567.15,1128.36,2776.67,On-Time
CC3166,Daniel Johnson,Riverside,Premium,Silver,613,2024-05-01,8000,5047.51,252.38,463.03,On-Time
CC3167,Nancy Johnson,Uptown,Premium,Gold,627,2024-05-01,15000,3388.99,169.45,415.31,Late
CC3168,Jessica Smith,Westfield,Business,Business,626,2024-05-01,40000,4761.67,238.08,659.04,Default
CC3169,Betty Hernandez,Uptown,Retail,Business,747,2024-05-01,40000,35366.05,1768.3,3549.77,On-Time
CC3170,Richard Williams,Uptown,Premium,Platinum,793,2024-05-01,25000,10418.27,520.91,682.13,On-Time
CC3171,Joseph Lopez,Downtown,Business,Business,791,2024-05-01,40000,27093.63,1354.68,1190.77,On-Time
CC3172,John Davis,Westfield,Premium,Silver,602,2024-05-01,8000,4555.97,227.8,212.42,On-Time
CC3173,Linda Smith,Uptown,Business,Platinum,763,2024-05-01,25000,13261.25,663.06,1145.8,On-Time
CC3174,Daniel Rodriguez,Uptown,Premium,Business,743,2024-05-01,40000,3353.05,167.65,165.16,Late
CC3175,Matthew Anderson,Uptown,Premium,Platinum,692,2024-05-01,25000,8604.57,430.23,1046.37,On-Time
CC3176,Jessica Garcia,Riverside,Business,Gold,678,2024-05-01,15000,10450.7,522.54,652.61,On-Time
CC3177,Susan Taylor,Riverside,Premium,Business,596,2024-05-01,40000,26762.57,1338.13,1611.7,On-Time
CC3178,John Johnson,Riverside,Premium,Business,774,2024-05-01,40000,26330.4,1316.52,2927.7,On-Time
CC3179,Michael Wilson,Downtown,Retail,Gold,689,2024-05-01,15000,5045.86,252.29,294.45,Late
CC3180,Joseph Hernandez,Westfield,Premium,Gold,753,2024-05-01,15000,3047.91,152.4,158.58,On-Time
CC3181,Patricia Johnson,Lakeside,Premium,Silver,625,2024-05-01,8000,6354.56,317.73,419.18,Late
CC3182,Jessica Davis,Riverside,Business,Silver,657,2024-05-01,8000,2048.35,102.42,199.28,On-Time
CC3183,David Jones,Lakeside,Premium,Silver,657,2024-05-01,8000,5680.14,284.01,754.97,On-Time
CC3184,Joseph Anderson,Westfield,Retail,Gold,602,2024-05-01,15000,6874.19,343.71,973.78,On-Time
CC3185,Patricia Martinez,Lakeside,Premium,Platinum,659,2024-05-01,25000,11732.59,586.63,931.73,Late
CC3186,Jennifer Rodriguez,Downtown,Business,Business,677,2024-05-01,40000,16344.37,817.22,1796.11,On-Time
CC3187,Jennifer Williams,Downtown,Retail,Gold,765,2024-05-01,15000,2241.61,112.08,246.79,On-Time
CC3188,Nancy Miller,Westfield,Business,Gold,756,2024-05-01,15000,3600.75,180.04,536.48,On-Time
CC3189,Patricia Brown,Downtown,Premium,Gold,589,2024-05-01,15000,4527.13,226.36,611.47,On-Time
CC3190,Lisa Rodriguez,Riverside,Retail,Business,751,2024-05-01,40000,29289.85,1464.49,2080.86,Late
CC3191,Richard Wilson,Uptown,Business,Gold,686,2024-05-01,15000,13986.67,699.33,1643.23,On-Time
CC3192,Thomas Williams,Riverside,Business,Gold,744,2024-05-01,15000,14147.89,707.39,1231.27,On-Time
CC3193,Matthew Williams,Riverside,Premium,Platinum,662,2024-05-01,25000,5497.73,274.89,609.42,Late
CC3194,Richard Taylor,Westfield,Retail,Silver,686,2024-05-01,8000,1135.11,56.76,167.96,On-Time
CC3195,Jennifer Miller,Westfield,Retail,Silver,627,2024-05-01,8000,4958.21,247.91,324.59,On-Time
CC3196,John Wilson,Downtown,Business,Silver,656,2024-05-01,8000,2126.56,106.33,99.42,On-Time
CC3197,Jessica Williams,Westfield,Premium,Silver,639,2024-05-01,8000,7013.35,350.67,1015.07,On-Time
CC3198,Karen Hernandez,Lakeside,Premium,Platinum,702,2024-05-01,25000,9858.77,492.94,1457.77,On-Time
CC3199,William Davis,Riverside,Premium,Silver,763,2024-05-01,8000,4780.33,239.02,192.03,On-Time
CC3200,Richard Thomas,Lakeside,Premium,Gold,819,2024-05-01,15000,5669.1,283.46,339.08,On-Time
CC3201,Betty Martinez,Westfield,Business,Gold,691,2024-05-01,15000,14104.49,705.22,1953.23,Late
CC3202,Jessica Jones,Uptown,Premium,Platinum,681,2024-05-01,25000,18138.06,906.9,1619.18,On-Time
CC3203,Sarah Johnson,Lakeside,Retail,Gold,591,2024-05-01,15000,13617.64,680.88,953.29,On-Time
CC3204,Patricia Thomas,Westfield,Retail,Gold,583,2024-05-01,15000,5039.14,251.96,276.76,On-Time
CC3205,Richard Rodriguez,Uptown,Retail,Silver,627,2024-05-01,8000,2394.52,119.73,195.43,On-Time
CC3206,Elizabeth Smith,Downtown,Premium,Gold,697,2024-05-01,15000,4982.97,249.15,544.27,On-Time
CC3207,Joseph Anderson,Uptown,Retail,Silver,769,2024-05-01,8000,3383.33,169.17,478.24,On-Time
CC3208,Jessica Hernandez,Uptown,Premium,Gold,807,2024-05-01,15000,8989.88,449.49,867.73,Late
CC3209,Patricia Rodriguez,Downtown,Premium,Silver,642,2024-05-01,8000,6978.86,348.94,851.27,Late
CC3210,Nancy Rodriguez,Downtown,Business,Platinum,777,2024-05-01,25000,17751.45,887.57,806.82,On-Time
CC3211,Joseph Anderson,Westfield,Premium,Business,780,2024-05-01,40000,34946.38,1747.32,5219.83,On-Time
CC3212,Richard Wilson,Uptown,Business,Gold,752,2024-05-01,15000,2999.69,149.98,183.44,On-Time
CC3213,Daniel Martinez,Uptown,Premium,Platinum,693,2024-05-01,25000,22903.9,1145.2,2854.67,Default
CC3214,Lisa Lopez,Lakeside,Retail,Silver,771,2024-05-01,8000,5633.35,281.67,271.61,On-Time
CC3215,David Smith,Riverside,Premium,Gold,655,2024-05-01,15000,11185.44,559.27,507.98,On-Time
CC3216,Karen Garcia,Westfield,Retail,Silver,786,2024-05-01,8000,6121.11,306.06,631.11,On-Time
CC3217,Sarah Thomas,Uptown,Premium,Silver,635,2024-05-01,8000,6430.28,321.51,432.6,On-Time
CC3218,Lisa Jones,Lakeside,Retail,Platinum,700,2024-05-01,25000,16433.78,821.69,1259.98,On-Time
CC3219,Daniel Wilson,Downtown,Retail,Silver,769,2024-05-01,8000,1860.79,93.04,135.65,On-Time
CC3220,James Hernandez,Riverside,Premium,Silver,611,2024-05-01,8000,7059.85,352.99,651.06,On-Time
CC3221,Betty Miller,Westfield,Premium,Platinum,626,2024-05-01,25000,1758.66,87.93,122.14,On-Time
CC3222,Daniel Thomas,Downtown,Premium,Business,778,2024-05-01,40000,8601.5,430.08,1189.62,On-Time
CC3223,Lisa Wilson,Riverside,Business,Platinum,582,2024-05-01,25000,17911.72,895.59,1939.56,On-Time
CC3224,Lisa Lopez,Westfield,Retail,Gold,760,2024-05-01,15000,3610.8,180.54,530.89,Late
CC3225,Karen Wilson,Riverside,Retail,Platinum,768,2024-05-01,25000,20483.78,1024.19,2008.22,On-Time
CC3226,Elizabeth Hernandez,Lakeside,Premium,Gold,666,2024-05-01,15000,6409.57,320.48,826.92,On-Time
CC3227,Daniel Taylor,Riverside,Retail,Business,651,2024-05-01,40000,36618.23,1830.91,2402.53,On-Time
CC3228,Karen Hernandez,Lakeside,Business,Business,631,2024-05-01,40000,21470.31,1073.52,1824.42,On-Time
CC3229,Karen Davis,Riverside,Premium,Gold,713,2024-05-01,15000,8675.07,433.75,618.0,On-Time
CC3230,Betty Williams,Westfield,Premium,Silver,761,2024-05-01,8000,1405.25,70.26,71.87,Late
CC3231,Richard Jones,Uptown,Premium,Gold,780,2024-05-01,15000,794.6,39.73,76.31,On-Time
CC3232,David Hernandez,Uptown,Retail,Business,741,2024-05-01,40000,15993.59,799.68,1595.57,Late
CC3233,Jennifer Lopez,Riverside,Retail,Platinum,719,2024-05-01,25000,20764.66,1038.23,2871.19,On-Time
CC3234,Linda Smith,Riverside,Retail,Platinum,790,2024-05-01,25000,13847.84,692.39,945.52,On-Time
CC3235,Joseph Thomas,Lakeside,Retail,Platinum,749,2024-05-01,25000,14412.08,720.6,827.51,On-Time
CC3236,Patricia Williams,Lakeside,Business,Silver,761,2024-05-01,8000,6137.47,306.87,424.5,On-Time
CC3237,Michael Rodriguez,Uptown,Premium,Business,810,2024-05-01,40000,27298.98,1364.95,1562.28,On-Time
CC3238,Charles Taylor,Riverside,Retail,Gold,751,2024-05-01,15000,6953.29,347.66,479.02,Late
CC3239,Thomas Garcia,Westfield,Retail,Platinum,717,2024-05-01,25000,6518.54,325.93,343.25,On-Time
CC3240,James Taylor,Westfield,Retail,Business,673,2024-05-01,40000,24520.7,1226.04,1872.44,On-Time
CC3241,David Williams,Riverside,Business,Silver,777,2024-05-01,8000,3284.19,164.21,454.43,On-Time
CC3242,Thomas Thomas,Westfield,Retail,Business,638,2024-05-01,40000,26287.34,1314.37,1301.27,On-Time
CC3243,Charles Taylor,Westfield,Business,Business,718,2024-05-01,40000,16652.9,832.65,2487.24,Late
CC3244,Linda Anderson,Lakeside,Business,Silver,718,2024-05-01,8000,6372.2,318.61,924.13,On-Time
CC3245,Nancy Davis,Riverside,Retail,Platinum,820,2024-05-01,25000,7849.7,392.49,716.44,Default
CC3246,Joseph Davis,Lakeside,Business,Silver,675,2024-05-01,8000,6142.84,307.14,572.7,On-Time
CC3247,Matthew Taylor,Uptown,Premium,Gold,659,2024-05-01,15000,11672.73,583.64,496.73,On-Time
CC3248,Michael Rodriguez,Lakeside,Premium,Gold,807,2024-05-01,15000,11016.93,550.85,1285.44,On-Time
CC3249,Matthew Thomas,Downtown,Retail,Silver,770,2024-05-01,8000,4887.52,244.38,377.81,On-Time
CC3250,Joseph Johnson,Lakeside,Retail,Business,815,2024-05-01,40000,30914.04,1545.7,3625.11,On-Time
CC3251,Linda Brown,Westfield,Premium,Silver,755,2024-05-01,8000,4863.2,243.16,681.7,Default
CC3252,Karen Lopez,Uptown,Premium,Gold,798,2024-05-01,15000,13361.89,668.09,1523.06,Late
CC3253,Joseph Smith,Westfield,Retail,Silver,784,2024-05-01,8000,3992.42,199.62,426.54,On-Time
CC3254,Charles Thomas,Uptown,Premium,Platinum,588,2024-05-01,25000,8112.99,405.65,531.13,On-Time
CC3255,Susan Taylor,Westfield,Retail,Platinum,593,2024-05-01,25000,16518.91,825.95,1532.11,Late
CC3256,Sarah Johnson,Riverside,Premium,Gold,697,2024-05-01,15000,3506.16,175.31,246.72,On-Time
CC3257,Lisa Johnson,Westfield,Premium,Business,718,2024-05-01,40000,19099.34,954.97,2361.2,On-Time
CC3258,Richard Garcia,Lakeside,Premium,Platinum,592,2024-05-01,25000,12647.01,632.35,992.15,Late
CC3259,Elizabeth Garcia,Uptown,Premium,Silver,774,2024-05-01,8000,5071.13,253.56,620.07,Late
CC3260,John Garcia,Downtown,Retail,Platinum,637,2024-05-01,25000,20717.52,1035.88,1427.82,Late
CC3261,Joseph Wilson,Lakeside,Retail,Gold,582,2024-05-01,15000,9670.01,483.5,862.94,Default
CC3262,Lisa Davis,Uptown,Business,Silver,815,2024-05-01,8000,6923.38,346.17,749.49,On-Time
CC3263,James Lopez,Riverside,Business,Business,666,2024-05-01,40000,36076.05,1803.8,2967.66,Late
CC3264,Charles Rodriguez,Uptown,Retail,Silver,710,2024-05-01,8000,5880.39,294.02,555.05,On-Time
CC3265,Thomas Rodriguez,Uptown,Business,Business,777,2024-05-01,40000,12957.11,647.86,820.57,Late
CC3266,Jessica Jones,Riverside,Premium,Business,747,2024-05-01,40000,5923.52,296.18,679.16,On-Time
CC3267,David Brown,Westfield,Business,Silver,650,2024-05-01,8000,1482.0,74.1,109.84,On-Time
CC3268,James Williams,Uptown,Business,Platinum,808,2024-05-01,25000,19096.41,954.82,1942.98,On-Time
CC3269,Charles Thomas,Lakeside,Premium,Business,604,2024-05-01,40000,7145.46,357.27,967.79,On-Time
CC3270,Daniel Rodriguez,Uptown,Business,Business,673,2024-05-01,40000,11206.68,560.33,462.95,On-Time
CC3271,Charles Brown,Uptown,Premium,Platinum,636,2024-05-01,25000,19853.5,992.68,1899.27,On-Time
CC3272,Thomas Garcia,Lakeside,Business,Platinum,646,2024-05-01,25000,7889.4,394.47,1163.06,On-Time
CC3273,Karen Johnson,Lakeside,Premium,Gold,630,2024-05-01,15000,12085.16,604.26,513.42,On-Time
CC3274,Sarah Taylor,Riverside,Retail,Silver,718,2024-05-01,8000,729.43,36.47,30.54,On-Time
CC3275,Thomas Rodriguez,Uptown,Premium,Gold,806,2024-05-01,15000,8721.17,436.06,1062.25,On-Time
CC3276,Elizabeth Hernandez,Downtown,Premium,Platinum,809,2024-05-01,25000,15907.97,795.4,1073.14,On-Time
CC3277,Jennifer Thomas,Uptown,Business,Platinum,747,2024-05-01,25000,5075.29,253.76,385.99,Default
CC3278,Michael Jones,Westfield,Premium,Platinum,718,2024-05-01,25000,11308.26,565.41,1664.67,Late
CC3279,William Lopez,Lakeside,Business,Silver,727,2024-05-01,8000,6109.63,305.48,335.74,On-Time
CC3280,Mary Thomas,Westfield,Retail,Business,647,2024-05-01,40000,9634.12,481.71,602.79,On-Time
CC3281,Sarah Miller,Downtown,Business,Business,635,2024-05-01,40000,22837.1,1141.86,3347.35,Late
CC3282,Lisa Rodriguez,Lakeside,Retail,Platinum,735,2024-05-01,25000,21471.53,1073.58,1327.83,Late
CC3283,James Thomas,Uptown,Retail,Gold,756,2024-05-01,15000,4836.07,241.8,568.31,On-Time
CC3284,Elizabeth Hernandez,Uptown,Business,Gold,600,2024-05-01,15000,13250.38,662.52,606.36,On-Time
CC3285,Karen Martinez,Uptown,Business,Business,611,2024-05-01,40000,34735.22,1736.76,3724.48,Default
CC3286,John Wilson,Lakeside,Business,Platinum,727,2024-05-01,25000,20421.02,1021.05,2114.61,On-Time
CC3287,Karen Rodriguez,Westfield,Retail,Platinum,721,2024-05-01,25000,13398.11,669.91,926.41,On-Time
CC3288,John Garcia,Westfield,Retail,Business,613,2024-05-01,40000,32965.93,1648.3,1948.82,On-Time
CC3289,Sarah Brown,Riverside,Retail,Platinum,756,2024-05-01,25000,4465.96,223.3,362.99,On-Time
CC3290,Karen Thomas,Riverside,Premium,Business,595,2024-05-01,40000,12099.04,604.95,1803.66,On-Time
CC3291,Thomas Anderson,Uptown,Retail,Silver,699,2024-05-01,8000,769.9,38.5,89.44,On-Time
CC3292,Mary Rodriguez,Uptown,Business,Gold,753,2024-05-01,15000,6288.25,314.41,329.89,On-Time
CC3293,Mary Hernandez,Downtown,Retail,Silver,765,2024-05-01,8000,4104.72,205.24,385.6,Late
CC3294,David Anderson,Downtown,Premium,Platinum,773,2024-05-01,25000,11256.96,562.85,1574.91,On-Time
CC3295,Karen Smith,Downtown,Business,Gold,637,2024-05-01,15000,4310.72,215.54,427.9,Late
CC3296,Mary Thomas,Westfield,Premium,Silver,787,2024-05-01,8000,7118.14,355.91,905.75,On-Time
CC3297,Joseph Smith,Westfield,Premium,Platinum,662,2024-05-01,25000,21720.1,1086.0,1363.96,Default
CC3298,Sarah Miller,Downtown,Retail,Platinum,760,2024-05-01,25000,3971.71,198.59,416.04,Late
CC3299,David Rodriguez,Westfield,Retail,Business,696,2024-05-01,40000,21853.51,1092.68,1833.72,Late
CC3300,Elizabeth Smith,Westfield,Retail,Business,640,2024-05-01,40000,18522.14,926.11,2058.91,On-Time
CC3001,Michael Hernandez,Uptown,Business,Business,583,2024-06-01,40000,4380.2,219.01,625.28,On-Time
CC3002,William Thomas,Uptown,Retail,Platinum,611,2024-06-01,25000,1843.94,92.2,101.74,Default
CC3003,Nancy Garcia,Riverside,Premium,Gold,662,2024-06-01,15000,11672.63,583.63,1081.39,On-Time
CC3004,John Martinez,Uptown,Retail,Business,698,2024-06-01,40000,34892.74,1744.64,2474.47,On-Time
CC3005,Mary Jones,Uptown,Premium,Silver,805,2024-06-01,8000,4388.91,219.45,370.42,On-Time
CC3006,Linda Garcia,Downtown,Retail,Gold,745,2024-06-01,15000,10832.63,541.63,969.22,On-Time
CC3007,Thomas Smith,Riverside,Business,Business,676,2024-06-01,40000,22492.9,1124.65,1647.17,On-Time
CC3008,Sarah Williams,Riverside,Retail,Business,677,2024-06-01,40000,31625.35,1581.27,3349.88,On-Time
CC3009,John Jones,Riverside,Premium,Platinum,763,2024-06-01,25000,2147.41,107.37,128.27,On-Time
CC3010,John Brown,Lakeside,Business,Platinum,601,2024-06-01,25000,21436.21,1071.81,1355.13,On-Time
CC3011,Elizabeth Hernandez,Uptown,Premium,Business,673,2024-06-01,40000,5170.7,258.54,394.05,Late
CC3012,Joseph Lopez,Lakeside,Premium,Platinum,734,2024-06-01,25000,16659.38,832.97,1128.43,On-Time
CC3013,Jennifer Lopez,Westfield,Business,Business,689,2024-06-01,40000,23999.89,1199.99,2654.61,On-Time
CC3014,Jessica Taylor,Downtown,Business,Silver,656,2024-06-01,8000,1765.8,88.29,176.6,On-Time
CC3015,Linda Anderson,Westfield,Retail,Business,593,2024-06-01,40000,25361.4,1268.07,1748.39,Default
CC3016,Linda Thomas,Westfield,Retail,Silver,722,2024-06-01,8000,5939.7,296.99,589.82,On-Time
CC3017,Betty Martinez,Uptown,Retail,Platinum,670,2024-06-01,25000,1417.92,70.9,200.22,On-Time
CC3018,Lisa Davis,Downtown,Premium,Gold,700,2024-06-01,15000,891.84,44.59,42.61,On-Time
CC3019,Daniel Wilson,Downtown,Business,Gold,711,2024-06-01,15000,2525.39,126.27,364.23,Late
CC3020,Betty Taylor,Westfield,Business,Gold,737,2024-06-01,15000,8192.76,409.64,1064.47,On-Time
CC3021,Robert Martinez,Lakeside,Business,Silver,814,2024-06-01,8000,3099.15,154.96,207.73,On-Time
CC3022,Michael Rodriguez,Downtown,Retail,Business,802,2024-06-01,40000,7835.09,391.75,617.87,On-Time
CC3023,Jennifer Miller,Riverside,Business,Silver,774,2024-06-01,8000,2801.4,140.07,261.76,On-Time
CC3024,Sarah Wilson,Lakeside,Business,Gold,790,2024-06-01,15000,4813.8,240.69,546.06,On-Time
CC3025,Linda Johnson,Westfield,Premium,Business,660,2024-06-01,40000,7456.09,372.8,717.14,On-Time
CC3026,Susan Lopez,Riverside,Premium,Business,756,2024-06-01,40000,37018.98,1850.95,1775.18,On-Time
CC3027,Karen Hernandez,Lakeside,Premium,Business,620,2024-06-01,40000,25715.6,1285.78,3086.91,On-Time
CC3028,Michael Lopez,Uptown,Business,Silver,657,2024-06-01,8000,1562.08,78.1,71.51,On-Time
CC3029,William Anderson,Lakeside,Business,Business,754,2024-06-01,40000,34645.36,1732.27,1865.14,Late
CC3030,Michael Smith,Westfield,Retail,Business,584,2024-06-01,40000,6215.04,310.75,426.38,Late
CC3031,Patricia Thomas,Riverside,Business,Gold,657,2024-06-01,15000,6610.83,330.54,954.75,On-Time
CC3032,William Thomas,Uptown,Premium,Gold,744,2024-06-01,15000,14145.82,707.29,2052.02,On-Time
CC3033,Michael Garcia,Westfield,Retail,Gold,767,2024-06-01,15000,13449.91,672.5,1720.24,Late
CC3034,Lisa Johnson,Downtown,Premium,Silver,623,2024-06-01,8000,5656.13,282.81,844.07,On-Time
CC3035,Linda Hernandez,Lakeside,Business,Platinum,738,2024-06-01,25000,7661.67,383.08,1080.99,On-Time
CC3036,David Martinez,Uptown,Premium,Business,678,2024-06-01,40000,10346.49,517.32,789.45,On-Time
CC3037,James Martinez,Lakeside,Retail,Business,778,2024-06-01,40000,26721.38,1336.07,1914.6,On-Time
CC3038,Robert Wilson,Downtown,Business,Gold,596,2024-06-01,15000,14194.03,709.7,1679.36,Default
CC3039,William Johnson,Uptown,Business,Gold,782,2024-06-01,15000,9141.18,457.06,1203.35,On-Time
CC3040,Jessica Thomas,Riverside,Premium,Silver,610,2024-06-01,8000,6786.34,339.32,528.66,On-Time
CC3041,Patricia Anderson,Westfield,Business,Gold,790,2024-06-01,15000,7936.58,396.83,347.89,Default
CC3042,Elizabeth Wilson,Westfield,Premium,Gold,802,2024-06-01,15000,4777.27,238.86,653.53,Late
CC3043,Patricia Garcia,Westfield,Business,Silver,697,2024-06-01,8000,6337.36,316.87,647.6,On-Time
CC3044,Nancy Hernandez,Westfield,Retail,Gold,675,2024-06-01,15000,10848.34,542.42,1301.8,On-Time
CC3045,Thomas Garcia,Riverside,Retail,Gold,678,2024-06-01,15000,1020.07,51.0,141.06,Late
CC3046,Jessica Brown,Westfield,Retail,Gold,693,2024-06-01,15000,1984.94,99.25,146.76,On-Time
CC3047,Lisa Martinez,Lakeside,Premium,Silver,674,2024-06-01,8000,5710.61,285.53,449.64,On-Time
CC3048,Matthew Taylor,Uptown,Premium,Platinum,583,2024-06-01,25000,7540.68,377.03,848.65,On-Time
CC3049,William Martinez,Lakeside,Premium,Silver,719,2024-06-01,8000,7047.12,352.36,962.12,On-Time
CC3050,Elizabeth Smith,Westfield,Premium,Silver,692,2024-06-01,8000,7430.01,371.5,1060.22,On-Time
CC3051,Charles Garcia,Uptown,Premium,Silver,588,2024-06-01,8000,4921.49,246.07,203.3,On-Time
CC3052,Elizabeth Thomas,Downtown,Premium,Platinum,723,2024-06-01,25000,22731.1,1136.56,2619.61,Late
CC3053,John Brown,Lakeside,Premium,Gold,688,2024-06-01,15000,7679.61,383.98,1132.7,On-Time
CC3054,Jennifer Taylor,Uptown,Business,Silver,644,2024-06-01,8000,3314.57,165.73,462.96,On-Time
CC3055,Linda Taylor,Uptown,Retail,Silver,810,2024-06-01,8000,1719.69,85.98,103.63,On-Time
CC3056,David Rodriguez,Westfield,Premium,Business,598,2024-06-01,40000,24918.74,1245.94,2317.03,On-Time
CC3057,Robert Garcia,Westfield,Business,Gold,668,2024-06-01,15000,3608.3,180.42,195.19,Late
CC3058,Sarah Lopez,Riverside,Retail,Silver,710,2024-06-01,8000,4790.57,239.53,717.8,On-Time
CC3059,Daniel Davis,Uptown,Business,Platinum,639,2024-06-01,25000,18894.93,944.75,2624.34,Late
CC3060,Sarah Thomas,Uptown,Premium,Business,594,2024-06-01,40000,22728.24,1136.41,3256.32,On-Time
CC3061,James Taylor,Riverside,Retail,Platinum,748,2024-06-01,25000,13922.18,696.11,1974.18,On-Time
CC3062,Linda Davis,Downtown,Premium,Business,631,2024-06-01,40000,28082.87,1404.14,3962.16,On-Time
CC3063,Betty Garcia,Riverside,Premium,Gold,770,2024-06-01,15000,11290.94,564.55,819.87,Late
CC3064,Nancy Hernandez,Downtown,Retail,Business,689,2024-06-01,40000,19263.36,963.17,1294.44,On-Time
CC3065,Sarah Hernandez,Lakeside,Business,Business,753,2024-06-01,40000,33063.35,1653.17,3537.18,Default
CC3066,Joseph Davis,Downtown,Retail,Business,715,2024-06-01,40000,17741.83,887.09,1280.61,On-Time
CC3067,Jennifer Rodriguez,Riverside,Premium,Business,584,2024-06-01,40000,33934.18,1696.71,3654.51,On-Time
CC3068,Matthew Miller,Westfield,Premium,Business,722,2024-06-01,40000,13023.54,651.18,617.01,On-Time
CC3069,Sarah Martinez,Downtown,Premium,Silver,730,2024-06-01,8000,3714.67,185.73,270.3,On-Time
CC3070,Nancy Anderson,Uptown,Premium,Gold,758,2024-06-01,15000,4511.35,225.57,371.84,Late
CC3071,Richard Rodriguez,Uptown,Business,Business,738,2024-06-01,40000,33781.82,1689.09,3029.99,On-Time
CC3072,Karen Johnson,Uptown,Business,Silver,641,2024-06-01,8000,5825.06,291.25,324.62,Late
CC3073,Mary Martinez,Riverside,Retail,Business,747,2024-06-01,40000,29895.3,1494.77,2318.69,On-Time
CC3074,Daniel Davis,Downtown,Premium,Gold,672,2024-06-01,15000,2669.87,133.49,268.62,On-Time
CC3075,James Davis,Riverside,Retail,Silver,777,2024-06-01,8000,1201.21,60.06,109.87,On-Time
CC3076,Daniel Garcia,Lakeside,Premium,Gold,622,2024-06-01,15000,10908.86,545.44,1513.18,Late
CC3077,Linda Brown,Downtown,Retail,Gold,717,2024-06-01,15000,7990.62,399.53,979.56,On-Time
CC3078,William Jones,Uptown,Retail,Silver,777,2024-06-01,8000,4799.23,239.96,547.3,On-Time
CC3079,John Johnson,Riverside,Business,Business,628,2024-06-01,40000,21606.99,1080.35,2327.49,On-Time
CC3080,Jessica Smith,Westfield,Business,Platinum,783,2024-06-01,25000,1993.87,99.69,251.07,On-Time
CC3081,Karen Garcia,Riverside,Retail,Silver,699,2024-06-01,8000,5201.45,260.07,485.86,On-Time
CC3082,James Rodriguez,Downtown,Premium,Gold,586,2024-06-01,15000,3673.14,183.66,245.1,Late
CC3083,Betty Thomas,Riverside,Retail,Silver,786,2024-06-01,8000,1397.57,69.88,180.36,On-Time
CC3084,Matthew Brown,Downtown,Premium,Gold,815,2024-06-01,15000,2534.41,126.72,364.97,On-Time
CC3085,William Taylor,Westfield,Business,Gold,671,2024-06-01,15000,7006.17,350.31,739.2,On-Time
CC3086,Jessica Williams,Riverside,Premium,Platinum,789,2024-06-01,25000,11705.91,585.3,1308.82,On-Time
CC3087,Betty Jones,Downtown,Business,Business,815,2024-06-01,40000,16422.21,821.11,1317.79,On-Time
CC3088,Joseph Anderson,Downtown,Business,Silver,642,2024-06-01,8000,6653.96,332.7,415.46,On-Time
CC3089,Susan Rodriguez,Downtown,Business,Business,637,2024-06-01,40000,21294.12,1064.71,1448.25,Late
CC3090,Joseph Brown,Lakeside,Premium,Platinum,791,2024-06-01,25000,19085.43,954.27,2430.0,Late
CC3091,Sarah Jones,Downtown,Retail,Silver,782,2024-06-01,8000,4460.99,223.05,667.37,Late
CC3092,James Lopez,Lakeside,Retail,Platinum,618,2024-06-01,25000,15251.31,762.57,1619.76,On-Time
CC3093,Linda Rodriguez,Uptown,Premium,Gold,659,2024-06-01,15000,12622.82,631.14,1492.47,On-Time
CC3094,Joseph Martinez,Lakeside,Retail,Business,783,2024-06-01,40000,3026.69,151.33,204.75,Late
CC3095,Jessica Taylor,Downtown,Premium,Business,618,2024-06-01,40000,9205.37,460.27,1346.23,Default
CC3096,Charles Brown,Riverside,Premium,Business,650,2024-06-01,40000,9617.52,480.88,1045.84,On-Time
CC3097,Nancy Thomas,Downtown,Business,Silver,813,2024-06-01,8000,467.25,23.36,22.94,On-Time
CC3098,Elizabeth Davis,Riverside,Premium,Platinum,707,2024-06-01,25000,8362.84,418.14,627.44,On-Time
CC3099,Jessica Garcia,Lakeside,Premium,Silver,681,2024-06-01,8000,4111.4,205.57,405.58,On-Time
CC3100,Elizabeth Smith,Riverside,Retail,Silver,744,2024-06-01,8000,1874.23,93.71,115.09,Late
CC3101,Michael Lopez,Riverside,Premium,Platinum,730,2024-06-01,25000,20904.45,1045.22,1115.13,On-Time
CC3102,Betty Anderson,Riverside,Premium,Silver,664,2024-06-01,8000,2869.12,143.46,381.98,Late
CC3103,Karen Rodriguez,Westfield,Business,Business,610,2024-06-01,40000,29641.42,1482.07,2546.06,On-Time
CC3104,Charles Wilson,Downtown,Business,Business,686,2024-06-01,40000,23702.22,1185.11,1591.3,On-Time
CC3105,Daniel Thomas,Downtown,Premium,Business,793,2024-06-01,40000,10078.89,503.94,460.94,On-Time
CC3106,Nancy Williams,Uptown,Business,Business,672,2024-06-01,40000,33106.49,1655.32,3951.69,On-Time
CC3107,Mary Davis,Westfield,Retail,Silver,786,2024-06-01,8000,5285.18,264.26,456.23,On-Time
CC3108,Susan Davis,Downtown,Retail,Gold,710,2024-06-01,15000,821.04,41.05,88.03,On-Time
CC3109,Susan Martinez,Downtown,Premium,Gold,803,2024-06-01,15000,11138.42,556.92,1355.13,On-Time
CC3110,Linda Jones,Downtown,Retail,Silver,737,2024-06-01,8000,4634.58,231.73,237.45,On-Time
CC3111,Thomas Johnson,Uptown,Business,Platinum,651,2024-06-01,25000,6301.3,315.07,320.52,On-Time
CC3112,Susan Lopez,Riverside,Premium,Silver,612,2024-06-01,8000,4556.46,227.82,581.52,On-Time
CC3113,Richard Johnson,Riverside,Premium,Silver,683,2024-06-01,8000,5571.63,278.58,750.81,On-Time
CC3114,Patricia Martinez,Lakeside,Business,Platinum,745,2024-06-01,25000,16572.24,828.61,2210.53,On-Time
CC3115,Linda Williams,Downtown,Business,Platinum,815,2024-06-01,25000,23266.7,1163.34,1226.07,On-Time
CC3116,Lisa Hernandez,Riverside,Business,Gold,621,2024-06-01,15000,12448.76,622.44,1390.18,On-Time
CC3117,Susan Garcia,Uptown,Premium,Silver,613,2024-06-01,8000,7152.24,357.61,531.45,On-Time
CC3118,Karen Wilson,Riverside,Business,Business,722,2024-06-01,40000,5414.19,270.71,322.74,On-Time
CC3119,Richard Hernandez,Westfield,Retail,Business,784,2024-06-01,40000,24614.66,1230.73,2358.98,On-Time
CC3120,Matthew Miller,Lakeside,Business,Platinum,804,2024-06-01,25000,17271.97,863.6,1590.15,On-Time
CC3121,Matthew Johnson,Lakeside,Retail,Business,768,2024-06-01,40000,37871.77,1893.59,5490.28,On-Time
CC3122,Jennifer Williams,Uptown,Premium,Platinum,772,2024-06-01,25000,6725.09,336.25,411.74,On-Time
CC3123,Thomas Wilson,Westfield,Business,Silver,744,2024-06-01,8000,1743.22,87.16,255.56,On-Time
CC3124,Thomas Jones,Riverside,Retail,Business,780,2024-06-01,40000,4782.34,239.12,282.03,On-Time
CC3125,David Brown,Riverside,Business,Silver,812,2024-06-01,8000,5248.03,262.4,304.61,On-Time
CC3126,Susan Garcia,Downtown,Premium,Silver,774,2024-06-01,8000,2028.88,101.44,247.01,On-Time
CC3127,Richard Davis,Lakeside,Retail,Business,749,2024-06-01,40000,3067.11,153.36,459.08,On-Time
CC3128,Betty Davis,Downtown,Premium,Platinum,806,2024-06-01,25000,15273.0,763.65,2206.93,On-Time
CC3129,Charles Davis,Uptown,Business,Business,769,2024-06-01,40000,32998.37,1649.92,3588.53,On-Time
CC3130,Jessica Anderson,Uptown,Premium,Silver,702,2024-06-01,8000,4946.27,247.31,730.64,On-Time
CC3131,Richard Jones,Westfield,Retail,Gold,817,2024-06-01,15000,9536.85,476.84,1030.14,On-Time
CC3132,Mary Brown,Downtown,Retail,Business,712,2024-06-01,40000,30995.13,1549.76,2925.8,On-Time
CC3133,Matthew Johnson,Westfield,Retail,Silver,710,2024-06-01,8000,3229.1,161.46,474.61,On-Time
CC3134,Lisa Martinez,Lakeside,Premium,Business,684,2024-06-01,40000,28851.3,1442.57,1356.81,Late
CC3135,Richard Taylor,Downtown,Retail,Platinum,635,2024-06-01,25000,8340.54,417.03,1058.9,Late
CC3136,Susan Taylor,Riverside,Business,Silver,590,2024-06-01,8000,1135.09,56.75,87.9,On-Time
CC3137,Lisa Martinez,Downtown,Premium,Platinum,746,2024-06-01,25000,17680.11,884.01,751.44,Late
CC3138,William Smith,Riverside,Premium,Platinum,779,2024-06-01,25000,18366.67,918.33,1062.51,Default
CC3139,Jennifer Thomas,Downtown,Premium,Silver,667,2024-06-01,8000,3814.39,190.72,272.44,On-Time
CC3140,Karen Miller,Uptown,Premium,Business,803,2024-06-01,40000,13578.59,678.93,1920.34,On-Time
CC3141,Charles Lopez,Westfield,Retail,Business,665,2024-06-01,40000,34606.37,1730.32,3559.93,On-Time
CC3142,Charles Anderson,Riverside,Retail,Platinum,696,2024-06-01,25000,22963.8,1148.19,2591.67,On-Time
CC3143,Jessica Johnson,Westfield,Business,Silver,600,2024-06-01,8000,611.0,30.55,64.22,Late
CC3144,Elizabeth Martinez,Westfield,Retail,Platinum,586,2024-06-01,25000,11149.45,557.47,1516.13,On-Time
CC3145,Mary Brown,Uptown,Retail,Platinum,755,2024-06-01,25000,5795.88,289.79,399.95,On-Time
CC3146,Patricia Hernandez,Lakeside,Business,Business,643,2024-06-01,40000,32789.46,1639.47,1981.73,On-Time
CC3147,Susan Taylor,Riverside,Premium,Platinum,587,2024-06-01,25000,18125.41,906.27,1585.87,On-Time
CC3148,Lisa Brown,Lakeside,Retail,Gold,604,2024-06-01,15000,5555.01,277.75,357.35,Late
CC3149,Linda Anderson,Uptown,Premium,Gold,763,2024-06-01,15000,9774.39,488.72,917.39,On-Time
CC3150,Joseph Brown,Lakeside,Premium,Business,617,2024-06-01,40000,28129.95,1406.5,4026.54,On-Time
CC3151,Jessica Brown,Westfield,Premium,Platinum,657,2024-06-01,25000,21270.79,1063.54,3088.52,On-Time
CC3152,William Jones,Uptown,Retail,Business,624,2024-06-01,40000,21105.51,1055.28,1027.9,On-Time
CC3153,Jessica Jones,Westfield,Business,Gold,711,2024-06-01,15000,9923.6,496.18,1263.27,Late
CC3154,Patricia Brown,Lakeside,Business,Platinum,791,2024-06-01,25000,23100.28,1155.01,2657.96,On-Time
CC3155,Daniel Garcia,Westfield,Retail,Platinum,698,2024-06-01,25000,1703.31,85.17,88.99,On-Time
CC3156,Lisa Johnson,Uptown,Premium,Business,580,2024-06-01,40000,15520.88,776.04,1031.78,On-Time
CC3157,Joseph Brown,Lakeside,Business,Silver,733,2024-06-01,8000,2416.4,120.82,153.95,On-Time
CC3158,Karen Brown,Lakeside,Premium,Silver,818,2024-06-01,8000,5621.29,281.06,636.1,On-Time
CC3159,William Miller,Lakeside,Retail,Platinum,695,2024-06-01,25000,8125.92,406.3,604.67,Late
CC3160,David Smith,Downtown,Premium,Gold,691,2024-06-01,15000,6871.61,343.58,375.48,On-Time
CC3161,Lisa Brown,Westfield,Business,Gold,624,2024-06-01,15000,3865.71,193.29,485.37,On-Time
CC3162,Richard Anderson,Lakeside,Retail,Business,808,2024-06-01,40000,3380.24,169.01,323.83,Late
CC3163,Lisa Martinez,Lakeside,Business,Business,715,2024-06-01,40000,12667.62,633.38,996.33,Late
CC3164,Lisa Miller,Downtown,Business,Silver,663,2024-06-01,8000,1813.47,90.67,103.96,Late
CC3165,Jennifer Wilson,Downtown,Retail,Platinum,662,2024-06-01,25000,14076.97,703.85,1230.99,On-Time
CC3166,Daniel Johnson,Riverside,Premium,Silver,613,2024-06-01,8000,3537.5,176.88,267.32,On-Time
CC3167,Nancy Johnson,Uptown,Premium,Gold,627,2024-06-01,15000,3280.22,164.01,299.03,On-Time
CC3168,Jessica Smith,Westfield,Business,Business,626,2024-06-01,40000,13507.63,675.38,1729.0,On-Time
CC3169,Betty Hernandez,Uptown,Retail,Business,747,2024-06-01,40000,23148.55,1157.43,1119.51,On-Time
CC3170,Richard Williams,Uptown,Premium,Platinum,793,2024-06-01,25000,3142.66,157.13,184.46,Late
CC3171,Joseph Lopez,Downtown,Business,Business,791,2024-06-01,40000,4411.08,220.55,475.02,On-Time
CC3172,John Davis,Westfield,Premium,Silver,602,2024-06-01,8000,1695.85,84.79,192.3,On-Time
CC3173,Linda Smith,Uptown,Business,Platinum,763,2024-06-01,25000,9261.03,463.05,657.57,On-Time
CC3174,Daniel Rodriguez,Uptown,Premium,Business,743,2024-06-01,40000,15037.86,751.89,641.14,Late
CC3175,Matthew Anderson,Uptown,Premium,Platinum,692,2024-06-01,25000,13654.22,682.71,1765.56,On-Time
CC3176,Jessica Garcia,Riverside,Business,Gold,678,2024-06-01,15000,8682.7,434.14,936.2,On-Time
CC3177,Susan Taylor,Riverside,Premium,Business,596,2024-06-01,40000,31134.36,1556.72,2226.39,On-Time
CC3178,John Johnson,Riverside,Premium,Business,774,2024-06-01,40000,32522.34,1626.12,2716.58,On-Time
CC3179,Michael Wilson,Downtown,Retail,Gold,689,2024-06-01,15000,8282.23,414.11,820.18,Late
CC3180,Joseph Hernandez,Westfield,Premium,Gold,753,2024-06-01,15000,5581.87,279.09,476.3,Late
CC3181,Patricia Johnson,Lakeside,Premium,Silver,625,2024-06-01,8000,1400.0,70.0,88.7,Late
CC3182,Jessica Davis,Riverside,Business,Silver,657,2024-06-01,8000,567.1,28.36,35.11,Late
CC3183,David Jones,Lakeside,Premium,Silver,657,2024-06-01,8000,567.72,28.39,36.49,On-Time
CC3184,Joseph Anderson,Westfield,Retail,Gold,602,2024-06-01,15000,7857.65,392.88,902.47,On-Time
CC3185,Patricia Martinez,Lakeside,Premium,Platinum,659,2024-06-01,25000,20637.89,1031.89,1455.17,On-Time
CC3186,Jennifer Rodriguez,Downtown,Business,Business,677,2024-06-01,40000,10448.47,522.42,627.41,Late
CC3187,Jennifer Williams,Downtown,Retail,Gold,765,2024-06-01,15000,4155.91,207.8,571.8,Default
CC3188,Nancy Miller,Westfield,Business,Gold,756,2024-06-01,15000,3151.34,157.57,224.19,Late
CC3189,Patricia Brown,Downtown,Premium,Gold,589,2024-06-01,15000,11184.08,559.2,1351.48,On-Time
CC3190,Lisa Rodriguez,Riverside,Retail,Business,751,2024-06-01,40000,6008.57,300.43,523.94,On-Time
CC3191,Richard Wilson,Uptown,Business,Gold,686,2024-06-01,15000,8394.29,419.71,515.31,Late
CC3192,Thomas Williams,Riverside,Business,Gold,744,2024-06-01,15000,13437.97,671.9,1805.68,Default
CC3193,Matthew Williams,Riverside,Premium,Platinum,662,2024-06-01,25000,6326.93,316.35,631.67,Late
CC3194,Richard Taylor,Westfield,Retail,Silver,686,2024-06-01,8000,4718.74,235.94,286.01,On-Time
CC3195,Jennifer Miller,Westfield,Retail,Silver,627,2024-06-01,8000,4635.46,231.77,359.96,On-Time
CC3196,John Wilson,Downtown,Business,Silver,656,2024-06-01,8000,5851.03,292.55,816.58,On-Time
CC3197,Jessica Williams,Westfield,Premium,Silver,639,2024-06-01,8000,7005.31,350.27,513.57,On-Time
CC3198,Karen Hernandez,Lakeside,Premium,Platinum,702,2024-06-01,25000,5734.44,286.72,759.0,On-Time
CC3199,William Davis,Riverside,Premium,Silver,763,2024-06-01,8000,2841.06,142.05,227.26,Late
CC3200,Richard Thomas,Lakeside,Premium,Gold,819,2024-06-01,15000,1879.9,94.0,112.25,On-Time
CC3201,Betty Martinez,Westfield,Business,Gold,691,2024-06-01,15000,1173.1,58.66,161.74,On-Time
CC3202,Jessica Jones,Uptown,Premium,Platinum,681,2024-06-01,25000,11173.29,558.66,664.27,On-Time
CC3203,Sarah Johnson,Lakeside,Retail,Gold,591,2024-06-01,15000,1317.63,65.88,70.45,On-Time
CC3204,Patricia Thomas,Westfield,Retail,Gold,583,2024-06-01,15000,11280.7,564.04,1126.22,On-Time
CC3205,Richard Rodriguez,Uptown,Retail,Silver,627,2024-06-01,8000,6200.35,310.02,585.97,Late
CC3206,Elizabeth Smith,Downtown,Premium,Gold,697,2024-06-01,15000,964.78,48.24,43.85,On-Time
CC3207,Joseph Anderson,Uptown,Retail,Silver,769,2024-06-01,8000,2063.2,103.16,235.25,On-Time
CC3208,Jessica Hernandez,Uptown,Premium,Gold,807,2024-06-01,15000,2507.07,125.35,281.45,On-Time
CC3209,Patricia Rodriguez,Downtown,Premium,Silver,642,2024-06-01,8000,4549.21,227.46,221.89,On-Time
CC3210,Nancy Rodriguez,Downtown,Business,Platinum,777,2024-06-01,25000,19863.23,993.16,1575.03,On-Time
CC3211,Joseph Anderson,Westfield,Premium,Business,780,2024-06-01,40000,21824.7,1091.24,2037.5,On-Time
CC3212,Richard Wilson,Uptown,Business,Gold,752,2024-06-01,15000,8632.2,431.61,1238.79,On-Time
CC3213,Daniel Martinez,Uptown,Premium,Platinum,693,2024-06-01,25000,22016.7,1100.84,1489.64,Late
CC3214,Lisa Lopez,Lakeside,Retail,Silver,771,2024-06-01,8000,819.19,40.96,77.11,On-Time
CC3215,David Smith,Riverside,Premium,Gold,655,2024-06-01,15000,7521.76,376.09,680.08,Default
CC3216,Karen Garcia,Westfield,Retail,Silver,786,2024-06-01,8000,3773.65,188.68,355.96,On-Time
CC3217,Sarah Thomas,Uptown,Premium,Silver,635,2024-06-01,8000,5231.82,261.59,767.03,On-Time
CC3218,Lisa Jones,Lakeside,Retail,Platinum,700,2024-06-01,25000,7202.72,360.14,294.0,On-Time
CC3219,Daniel Wilson,Downtown,Retail,Silver,769,2024-06-01,8000,7451.36,372.57,730.31,On-Time
CC3220,James Hernandez,Riverside,Premium,Silver,611,2024-06-01,8000,2380.69,119.03,130.83,On-Time
CC3221,Betty Miller,Westfield,Premium,Platinum,626,2024-06-01,25000,15634.07,781.7,1229.57,On-Time
CC3222,Daniel Thomas,Downtown,Premium,Business,778,2024-06-01,40000,11751.02,587.55,1357.65,On-Time
CC3223,Lisa Wilson,Riverside,Business,Platinum,582,2024-06-01,25000,14412.34,720.62,1024.91,Late
CC3224,Lisa Lopez,Westfield,Retail,Gold,760,2024-06-01,15000,9697.08,484.85,1083.54,Late
CC3225,Karen Wilson,Riverside,Retail,Platinum,768,2024-06-01,25000,13796.9,689.85,1837.61,On-Time
CC3226,Elizabeth Hernandez,Lakeside,Premium,Gold,666,2024-06-01,15000,6131.13,306.56,898.45,Late
CC3227,Daniel Taylor,Riverside,Retail,Business,651,2024-06-01,40000,24533.79,1226.69,2545.55,Late
CC3228,Karen Hernandez,Lakeside,Business,Business,631,2024-06-01,40000,2049.11,102.46,213.54,On-Time
CC3229,Karen Davis,Riverside,Premium,Gold,713,2024-06-01,15000,11636.94,581.85,1163.3,On-Time
CC3230,Betty Williams,Westfield,Premium,Silver,761,2024-06-01,8000,4630.78,231.54,444.12,On-Time
CC3231,Richard Jones,Uptown,Premium,Gold,780,2024-06-01,15000,10693.14,534.66,479.21,On-Time
CC3232,David Hernandez,Uptown,Retail,Business,741,2024-06-01,40000,7783.81,389.19,1002.14,On-Time
CC3233,Jennifer Lopez,Riverside,Retail,Platinum,719,2024-06-01,25000,8496.46,424.82,1046.9,On-Time
CC3234,Linda Smith,Riverside,Retail,Platinum,790,2024-06-01,25000,8406.78,420.34,1226.44,On-Time
CC3235,Joseph Thomas,Lakeside,Retail,Platinum,749,2024-06-01,25000,4140.82,207.04,419.23,Default
CC3236,Patricia Williams,Lakeside,Business,Silver,761,2024-06-01,8000,3140.35,157.02,330.13,On-Time
CC3237,Michael Rodriguez,Uptown,Premium,Business,810,2024-06-01,40000,31330.18,1566.51,4396.22,On-Time
CC3238,Charles Taylor,Riverside,Retail,Gold,751,2024-06-01,15000,2980.03,149.0,416.12,On-Time
CC3239,Thomas Garcia,Westfield,Retail,Platinum,717,2024-06-01,25000,9983.08,499.15,1390.74,On-Time
CC3240,James Taylor,Westfield,Retail,Business,673,2024-06-01,40000,6973.62,348.68,544.21,On-Time
CC3241,David Williams,Riverside,Business,Silver,777,2024-06-01,8000,570.31,28.52,25.92,Default
CC3242,Thomas Thomas,Westfield,Retail,Business,638,2024-06-01,40000,15512.79,775.64,2110.05,Late
CC3243,Charles Taylor,Westfield,Business,Business,718,2024-06-01,40000,2383.09,119.15,346.74,On-Time
CC3244,Linda Anderson,Lakeside,Business,Silver,718,2024-06-01,8000,5319.54,265.98,574.27,Late
CC3245,Nancy Davis,Riverside,Retail,Platinum,820,2024-06-01,25000,3509.63,175.48,455.47,On-Time
CC3246,Joseph Davis,Lakeside,Business,Silver,675,2024-06-01,8000,7521.09,376.05,464.13,On-Time
CC3247,Matthew Taylor,Uptown,Premium,Gold,659,2024-06-01,15000,8656.61,432.83,1077.76,On-Time
CC3248,Michael Rodriguez,Lakeside,Premium,Gold,807,2024-06-01,15000,13259.66,662.98,717.99,On-Time
CC3249,Matthew Thomas,Downtown,Retail,Silver,770,2024-06-01,8000,6860.29,343.01,747.6,On-Time
CC3250,Joseph Johnson,Lakeside,Retail,Business,815,2024-06-01,40000,13439.92,672.0,837.43,On-Time
CC3251,Linda Brown,Westfield,Premium,Silver,755,2024-06-01,8000,1683.71,84.19,221.96,Late
CC3252,Karen Lopez,Uptown,Premium,Gold,798,2024-06-01,15000,8963.72,448.19,995.03,On-Time
CC3253,Joseph Smith,Westfield,Retail,Silver,784,2024-06-01,8000,6485.31,324.27,516.42,Late
CC3254,Charles Thomas,Uptown,Premium,Platinum,588,2024-06-01,25000,12949.18,647.46,681.47,On-Time
CC3255,Susan Taylor,Westfield,Retail,Platinum,593,2024-06-01,25000,16406.09,820.3,935.51,On-Time
CC3256,Sarah Johnson,Riverside,Premium,Gold,697,2024-06-01,15000,3968.17,198.41,574.22,On-Time
CC3257,Lisa Johnson,Westfield,Premium,Business,718,2024-06-01,40000,2591.76,129.59,273.93,On-Time
CC3258,Richard Garcia,Lakeside,Premium,Platinum,592,2024-06-01,25000,1773.36,88.67,256.0,On-Time
CC3259,Elizabeth Garcia,Uptown,Premium,Silver,774,2024-06-01,8000,2788.83,139.44,360.49,On-Time
CC3260,John Garcia,Downtown,Retail,Platinum,637,2024-06-01,25000,6915.93,345.8,346.0,On-Time
CC3261,Joseph Wilson,Lakeside,Retail,Gold,582,2024-06-01,15000,2822.34,141.12,253.89,Late
CC3262,Lisa Davis,Uptown,Business,Silver,815,2024-06-01,8000,2983.63,149.18,148.69,On-Time
CC3263,James Lopez,Riverside,Business,Business,666,2024-06-01,40000,19639.99,982.0,1543.11,On-Time
CC3264,Charles Rodriguez,Uptown,Retail,Silver,710,2024-06-01,8000,4984.58,249.23,268.83,On-Time
CC3265,Thomas Rodriguez,Uptown,Business,Business,777,2024-06-01,40000,34831.31,1741.57,4117.41,Default
CC3266,Jessica Jones,Riverside,Premium,Business,747,2024-06-01,40000,26940.21,1347.01,3968.01,On-Time
CC3267,David Brown,Westfield,Business,Silver,650,2024-06-01,8000,6510.33,325.52,549.29,On-Time
CC3268,James Williams,Uptown,Business,Platinum,808,2024-06-01,25000,10060.9,503.05,1209.57,Late
CC3269,Charles Thomas,Lakeside,Premium,Business,604,2024-06-01,40000,25959.7,1297.99,1062.26,On-Time
CC3270,Daniel Rodriguez,Uptown,Business,Business,673,2024-06-01,40000,36335.4,1816.77,4472.7,On-Time
CC3271,Charles Brown,Uptown,Premium,Platinum,636,2024-06-01,25000,20255.86,1012.79,1137.4,On-Time
CC3272,Thomas Garcia,Lakeside,Business,Platinum,646,2024-06-01,25000,19983.46,999.17,1044.3,On-Time
CC3273,Karen Johnson,Lakeside,Premium,Gold,630,2024-06-01,15000,2325.51,116.28,254.98,On-Time
CC3274,Sarah Taylor,Riverside,Retail,Silver,718,2024-06-01,8000,7281.75,364.09,693.14,On-Time
CC3275,Thomas Rodriguez,Uptown,Premium,Gold,806,2024-06-01,15000,12060.93,603.05,1435.23,On-Time
CC3276,Elizabeth Hernandez,Downtown,Premium,Platinum,809,2024-06-01,25000,8544.96,427.25,762.63,Late
CC3277,Jennifer Thomas,Uptown,Business,Platinum,747,2024-06-01,25000,10610.09,530.5,1319.87,On-Time
CC3278,Michael Jones,Westfield,Premium,Platinum,718,2024-06-01,25000,10162.08,508.1,1372.72,On-Time
CC3279,William Lopez,Lakeside,Business,Silver,727,2024-06-01,8000,7171.36,358.57,308.03,On-Time
CC3280,Mary Thomas,Westfield,Retail,Business,647,2024-06-01,40000,15808.71,790.44,1121.49,Late
CC3281,Sarah Miller,Downtown,Business,Business,635,2024-06-01,40000,2470.66,123.53,109.16,On-Time
CC3282,Lisa Rodriguez,Lakeside,Retail,Platinum,735,2024-06-01,25000,8846.95,442.35,593.1,On-Time
CC3283,James Thomas,Uptown,Retail,Gold,756,2024-06-01,15000,5144.55,257.23,761.77,Late
CC3284,Elizabeth Hernandez,Uptown,Business,Gold,600,2024-06-01,15000,11166.11,558.31,1302.43,On-Time
CC3285,Karen Martinez,Uptown,Business,Business,611,2024-06-01,40000,20500.65,1025.03,978.34,On-Time
CC3286,John Wilson,Lakeside,Business,Platinum,727,2024-06-01,25000,21188.29,1059.41,1004.12,On-Time
CC3287,Karen Rodriguez,Westfield,Retail,Platinum,721,2024-06-01,25000,6106.81,305.34,495.91,On-Time
CC3288,John Garcia,Westfield,Retail,Business,613,2024-06-01,40000,17422.12,871.11,1419.13,On-Time
CC3289,Sarah Brown,Riverside,Retail,Platinum,756,2024-06-01,25000,10875.98,543.8,1305.43,On-Time
CC3290,Karen Thomas,Riverside,Premium,Business,595,2024-06-01,40000,17029.04,851.45,2482.02,On-Time
CC3291,Thomas Anderson,Uptown,Retail,Silver,699,2024-06-01,8000,1681.54,84.08,245.69,On-Time
CC3292,Mary Rodriguez,Uptown,Business,Gold,753,2024-06-01,15000,977.94,48.9,127.55,On-Time
CC3293,Mary Hernandez,Downtown,Retail,Silver,765,2024-06-01,8000,6529.5,326.48,817.89,On-Time
CC3294,David Anderson,Downtown,Premium,Platinum,773,2024-06-01,25000,10837.27,541.86,1008.88,Late
CC3295,Karen Smith,Downtown,Business,Gold,637,2024-06-01,15000,5579.49,278.97,574.05,On-Time
CC3296,Mary Thomas,Westfield,Premium,Silver,787,2024-06-01,8000,2747.08,137.35,203.92,Default
CC3297,Joseph Smith,Westfield,Premium,Platinum,662,2024-06-01,25000,4002.61,200.13,544.9,On-Time
CC3298,Sarah Miller,Downtown,Retail,Platinum,760,2024-06-01,25000,12251.93,612.6,985.84,Late
CC3299,David Rodriguez,Westfield,Retail,Business,696,2024-06-01,40000,17344.99,867.25,2528.26,Default
CC3300,Elizabeth Smith,Westfield,Retail,Business,640,2024-06-01,40000,18608.05,930.4,2532.3,Late
CC3001,Michael Hernandez,Uptown,Business,Business,583,2024-07-01,40000,32436.04,1621.8,3370.61,On-Time
CC3002,William Thomas,Uptown,Retail,Platinum,611,2024-07-01,25000,5546.92,277.35,467.44,On-Time
CC3003,Nancy Garcia,Riverside,Premium,Gold,662,2024-07-01,15000,9981.36,499.07,692.21,On-Time
CC3004,John Martinez,Uptown,Retail,Business,698,2024-07-01,40000,30663.66,1533.18,2263.64,On-Time
CC3005,Mary Jones,Uptown,Premium,Silver,805,2024-07-01,8000,578.6,28.93,75.84,On-Time
CC3006,Linda Garcia,Downtown,Retail,Gold,745,2024-07-01,15000,4994.06,249.7,586.67,Late
CC3007,Thomas Smith,Riverside,Business,Business,676,2024-07-01,40000,15811.97,790.6,868.0,Late
CC3008,Sarah Williams,Riverside,Retail,Business,677,2024-07-01,40000,24005.62,1200.28,972.57,Late
CC3009,John Jones,Riverside,Premium,Platinum,763,2024-07-01,25000,18025.6,901.28,760.47,On-Time
CC3010,John Brown,Lakeside,Business,Platinum,601,2024-07-01,25000,20177.01,1008.85,2759.24,Late
CC3011,Elizabeth Hernandez,Uptown,Premium,Business,673,2024-07-01,40000,6244.84,312.24,654.01,On-Time
CC3012,Joseph Lopez,Lakeside,Premium,Platinum,734,2024-07-01,25000,8003.15,400.16,613.43,On-Time
CC3013,Jennifer Lopez,Westfield,Business,Business,689,2024-07-01,40000,37661.57,1883.08,4013.52,On-Time
CC3014,Jessica Taylor,Downtown,Business,Silver,656,2024-07-01,8000,2083.46,104.17,100.34,On-Time
CC3015,Linda Anderson,Westfield,Retail,Business,593,2024-07-01,40000,25184.9,1259.25,1858.34,On-Time
CC3016,Linda Thomas,Westfield,Retail,Silver,722,2024-07-01,8000,3040.36,152.02,122.24,On-Time
CC3017,Betty Martinez,Uptown,Retail,Platinum,670,2024-07-01,25000,16197.74,809.89,1648.49,On-Time
CC3018,Lisa Davis,Downtown,Premium,Gold,700,2024-07-01,15000,14228.57,711.43,1251.0,On-Time
CC3019,Daniel Wilson,Downtown,Business,Gold,711,2024-07-01,15000,4873.74,243.69,648.62,On-Time
CC3020,Betty Taylor,Westfield,Business,Gold,737,2024-07-01,15000,7326.66,366.33,1092.18,On-Time
CC3021,Robert Martinez,Lakeside,Business,Silver,814,2024-07-01,8000,1012.31,50.62,70.94,On-Time
CC3022,Michael Rodriguez,Downtown,Retail,Business,802,2024-07-01,40000,12945.25,647.26,676.56,On-Time
CC3023,Jennifer Miller,Riverside,Business,Silver,774,2024-07-01,8000,6982.15,349.11,923.9,On-Time
CC3024,Sarah Wilson,Lakeside,Business,Gold,790,2024-07-01,15000,13764.02,688.2,620.82,On-Time
CC3025,Linda Johnson,Westfield,Premium,Business,660,2024-07-01,40000,4944.08,247.2,435.31,Late
CC3026,Susan Lopez,Riverside,Premium,Business,756,2024-07-01,40000,37047.47,1852.37,2020.03,Default
CC3027,Karen Hernandez,Lakeside,Premium,Business,620,2024-07-01,40000,4892.85,244.64,353.71,On-Time
CC3028,Michael Lopez,Uptown,Business,Silver,657,2024-07-01,8000,6911.87,345.59,355.88,Late
CC3029,William Anderson,Lakeside,Business,Business,754,2024-07-01,40000,11886.67,594.33,1734.44,On-Time
CC3030,Michael Smith,Westfield,Retail,Business,584,2024-07-01,40000,27415.55,1370.78,3789.67,On-Time
CC3031,Patricia Thomas,Riverside,Business,Gold,657,2024-07-01,15000,13517.9,675.89,1546.62,On-Time
CC3032,William Thomas,Uptown,Premium,Gold,744,2024-07-01,15000,10820.67,541.03,1188.61,Default
CC3033,Michael Garcia,Westfield,Retail,Gold,767,2024-07-01,15000,4628.3,231.42,419.04,On-Time
CC3034,Lisa Johnson,Downtown,Premium,Silver,623,2024-07-01,8000,7519.17,375.96,715.05,On-Time
CC3035,Linda Hernandez,Lakeside,Business,Platinum,738,2024-07-01,25000,9729.06,486.45,669.24,On-Time
CC3036,David Martinez,Uptown,Premium,Business,678,2024-07-01,40000,27809.86,1390.49,1443.82,Late
CC3037,James Martinez,Lakeside,Retail,Business,778,2024-07-01,40000,18643.01,932.15,1097.5,Late
CC3038,Robert Wilson,Downtown,Business,Gold,596,2024-07-01,15000,13496.55,674.83,1227.72,Default
CC3039,William Johnson,Uptown,Business,Gold,782,2024-07-01,15000,8266.63,413.33,832.61,On-Time
CC3040,Jessica Thomas,Riverside,Premium,Silver,610,2024-07-01,8000,3091.35,154.57,194.23,On-Time
CC3041,Patricia Anderson,Westfield,Business,Gold,790,2024-07-01,15000,10535.79,526.79,1033.48,On-Time
CC3042,Elizabeth Wilson,Westfield,Premium,Gold,802,2024-07-01,15000,11591.27,579.56,744.36,On-Time
CC3043,Patricia Garcia,Westfield,Business,Silver,697,2024-07-01,8000,2355.35,117.77,324.07,Late
CC3044,Nancy Hernandez,Westfield,Retail,Gold,675,2024-07-01,15000,1058.23,52.91,62.78,On-Time
CC3045,Thomas Garcia,Riverside,Retail,Gold,678,2024-07-01,15000,918.7,45.94,47.53,On-Time
CC3046,Jessica Brown,Westfield,Retail,Gold,693,2024-07-01,15000,7528.67,376.43,697.25,On-Time
CC3047,Lisa Martinez,Lakeside,Premium,Silver,674,2024-07-01,8000,5300.71,265.04,335.67,On-Time
CC3048,Matthew Taylor,Uptown,Premium,Platinum,583,2024-07-01,25000,18684.92,934.25,1784.35,On-Time
CC3049,William Martinez,Lakeside,Premium,Silver,719,2024-07-01,8000,1798.51,89.93,95.65,On-Time
CC3050,Elizabeth Smith,Westfield,Premium,Silver,692,2024-07-01,8000,4235.44,211.77,512.75,On-Time
CC3051,Charles Garcia,Uptown,Premium,Silver,588,2024-07-01,8000,5625.99,281.3,431.17,On-Time
CC3052,Elizabeth Thomas,Downtown,Premium,Platinum,723,2024-07-01,25000,12421.84,621.09,1392.97,On-Time
CC3053,John Brown,Lakeside,Premium,Gold,688,2024-07-01,15000,1666.7,83.34,81.97,On-Time
CC3054,Jennifer Taylor,Uptown,Business,Silver,644,2024-07-01,8000,4052.25,202.61,173.02,On-Time
CC3055,Linda Taylor,Uptown,Retail,Silver,810,2024-07-01,8000,7429.53,371.48,691.84,On-Time
CC3056,David Rodriguez,Westfield,Premium,Business,598,2024-07-01,40000,11157.77,557.89,531.76,On-Time
CC3057,Robert Garcia,Westfield,Business,Gold,668,2024-07-01,15000,1735.58,86.78,125.77,On-Time
CC3058,Sarah Lopez,Riverside,Retail,Silver,710,2024-07-01,8000,5815.55,290.78,800.9,On-Time
CC3059,Daniel Davis,Uptown,Business,Platinum,639,2024-07-01,25000,10486.21,524.31,961.34,On-Time
CC3060,Sarah Thomas,Uptown,Premium,Business,594,2024-07-01,40000,14695.32,734.77,1219.37,On-Time
CC3061,James Taylor,Riverside,Retail,Platinum,748,2024-07-01,25000,21099.39,1054.97,1000.7,On-Time
CC3062,Linda Davis,Downtown,Premium,Business,631,2024-07-01,40000,29643.94,1482.2,4189.77,Late
CC3063,Betty Garcia,Riverside,Premium,Gold,770,2024-07-01,15000,9008.85,450.44,1342.92,On-Time
CC3064,Nancy Hernandez,Downtown,Retail,Business,689,2024-07-01,40000,10686.89,534.34,810.0,On-Time
CC3065,Sarah Hernandez,Lakeside,Business,Business,753,2024-07-01,40000,28774.03,1438.7,1942.39,On-Time
CC3066,Joseph Davis,Downtown,Retail,Business,715,2024-07-01,40000,10589.09,529.45,558.08,On-Time
CC3067,Jennifer Rodriguez,Riverside,Premium,Business,584,2024-07-01,40000,35584.8,1779.24,4599.5,On-Time
CC3068,Matthew Miller,Westfield,Premium,Business,722,2024-07-01,40000,22666.34,1133.32,1321.14,On-Time
CC3069,Sarah Martinez,Downtown,Premium,Silver,730,2024-07-01,8000,2686.77,134.34,309.55,On-Time
CC3070,Nancy Anderson,Uptown,Premium,Gold,758,2024-07-01,15000,8523.79,426.19,930.48,Late
CC3071,Richard Rodriguez,Uptown,Business,Business,738,2024-07-01,40000,35540.77,1777.04,2262.16,On-Time
CC3072,Karen Johnson,Uptown,Business,Silver,641,2024-07-01,8000,5026.57,251.33,469.1,On-Time
CC3073,Mary Martinez,Riverside,Retail,Business,747,2024-07-01,40000,8587.46,429.37,1013.08,On-Time
CC3074,Daniel Davis,Downtown,Premium,Gold,672,2024-07-01,15000,9802.72,490.14,1428.23,Default
CC3075,James Davis,Riverside,Retail,Silver,777,2024-07-01,8000,6469.37,323.47,487.89,Late
CC3076,Daniel Garcia,Lakeside,Premium,Gold,622,2024-07-01,15000,1622.55,81.13,184.12,On-Time
CC3077,Linda Brown,Downtown,Retail,Gold,717,2024-07-01,15000,6084.2,304.21,512.23,On-Time
CC3078,William Jones,Uptown,Retail,Silver,777,2024-07-01,8000,4902.52,245.13,491.19,On-Time
CC3079,John Johnson,Riverside,Business,Business,628,2024-07-01,40000,18409.86,920.49,2568.19,On-Time
CC3080,Jessica Smith,Westfield,Business,Platinum,783,2024-07-01,25000,2004.23,100.21,114.87,Late
CC3081,Karen Garcia,Riverside,Retail,Silver,699,2024-07-01,8000,7006.29,350.31,408.62,On-Time
CC3082,James Rodriguez,Downtown,Premium,Gold,586,2024-07-01,15000,7231.05,361.55,313.94,On-Time
CC3083,Betty Thomas,Riverside,Retail,Silver,786,2024-07-01,8000,3573.28,178.66,455.56,On-Time
CC3084,Matthew Brown,Downtown,Premium,Gold,815,2024-07-01,15000,3254.57,162.73,229.71,On-Time
CC3085,William Taylor,Westfield,Business,Gold,671,2024-07-01,15000,3085.86,154.29,221.25,Late
CC3086,Jessica Williams,Riverside,Premium,Platinum,789,2024-07-01,25000,21182.8,1059.14,3065.64,On-Time
CC3087,Betty Jones,Downtown,Business,Business,815,2024-07-01,40000,24000.87,1200.04,1855.43,On-Time
CC3088,Joseph Anderson,Downtown,Business,Silver,642,2024-07-01,8000,516.26,25.81,56.45,On-Time
CC3089,Susan Rodriguez,Downtown,Business,Business,637,2024-07-01,40000,27000.75,1350.04,3874.61,Default
CC3090,Joseph Brown,Lakeside,Premium,Platinum,791,2024-07-01,25000,1748.35,87.42,254.33,On-Time
CC3091,Sarah Jones,Downtown,Retail,Silver,782,2024-07-01,8000,3940.19,197.01,565.15,Late
CC3092,James Lopez,Lakeside,Retail,Platinum,618,2024-07-01,25000,19765.16,988.26,2112.28,On-Time
CC3093,Linda Rodriguez,Uptown,Premium,Gold,659,2024-07-01,15000,11757.62,587.88,584.49,On-Time
CC3094,Joseph Martinez,Lakeside,Retail,Business,783,2024-07-01,40000,19100.75,955.04,2104.57,On-Time
CC3095,Jessica Taylor,Downtown,Premium,Business,618,2024-07-01,40000,23615.49,1180.77,1728.45,On-Time
CC3096,Charles Brown,Riverside,Premium,Business,650,2024-07-01,40000,30766.56,1538.33,4089.78,Late
CC3097,Nancy Thomas,Downtown,Business,Silver,813,2024-07-01,8000,2710.61,135.53,300.08,On-Time
CC3098,Elizabeth Davis,Riverside,Premium,Platinum,707,2024-07-01,25000,5362.08,268.1,784.54,On-Time
CC3099,Jessica Garcia,Lakeside,Premium,Silver,681,2024-07-01,8000,490.09,24.5,29.3,Default
CC3100,Elizabeth Smith,Riverside,Retail,Silver,744,2024-07-01,8000,4829.25,241.46,705.51,On-Time
CC3101,Michael Lopez,Riverside,Premium,Platinum,730,2024-07-01,25000,8206.94,410.35,707.83,On-Time
CC3102,Betty Anderson,Riverside,Premium,Silver,664,2024-07-01,8000,3611.74,180.59,254.54,On-Time
CC3103,Karen Rodriguez,Westfield,Business,Business,610,2024-07-01,40000,22905.12,1145.26,1981.49,On-Time
CC3104,Charles Wilson,Downtown,Business,Business,686,2024-07-01,40000,34850.47,1742.52,2543.83,On-Time
CC3105,Daniel Thomas,Downtown,Premium,Business,793,2024-07-01,40000,33422.02,1671.1,4524.81,On-Time
CC3106,Nancy Williams,Uptown,Business,Business,672,2024-07-01,40000,5897.96,294.9,319.12,Late
CC3107,Mary Davis,Westfield,Retail,Silver,786,2024-07-01,8000,3036.83,151.84,429.27,On-Time
CC3108,Susan Davis,Downtown,Retail,Gold,710,2024-07-01,15000,4302.95,215.15,299.48,Late
CC3109,Susan Martinez,Downtown,Premium,Gold,803,2024-07-01,15000,7006.39,350.32,434.55,On-Time
CC3110,Linda Jones,Downtown,Retail,Silver,737,2024-07-01,8000,650.02,32.5,63.86,Late
CC3111,Thomas Johnson,Uptown,Business,Platinum,651,2024-07-01,25000,14842.58,742.13,1420.04,On-Time
CC3112,Susan Lopez,Riverside,Premium,Silver,612,2024-07-01,8000,4910.97,245.55,284.35,On-Time
CC3113,Richard Johnson,Riverside,Premium,Silver,683,2024-07-01,8000,7306.8,365.34,359.99,On-Time
CC3114,Patricia Martinez,Lakeside,Business,Platinum,745,2024-07-01,25000,15371.2,768.56,1100.37,On-Time
CC3115,Linda Williams,Downtown,Business,Platinum,815,2024-07-01,25000,19742.88,987.14,2179.71,On-Time
CC3116,Lisa Hernandez,Riverside,Business,Gold,621,2024-07-01,15000,4275.02,213.75,255.0,Late
CC3117,Susan Garcia,Uptown,Premium,Silver,613,2024-07-01,8000,1584.58,79.23,197.95,On-Time
CC3118,Karen Wilson,Riverside,Business,Business,722,2024-07-01,40000,7186.03,359.3,315.43,On-Time
CC3119,Richard Hernandez,Westfield,Retail,Business,784,2024-07-01,40000,9157.85,457.89,434.1,On-Time
CC3120,Matthew Miller,Lakeside,Business,Platinum,804,2024-07-01,25000,13354.87,667.74,1173.88,Late
CC3121,Matthew Johnson,Lakeside,Retail,Business,768,2024-07-01,40000,17627.81,881.39,1141.45,On-Time
CC3122,Jennifer Williams,Uptown,Premium,Platinum,772,2024-07-01,25000,1410.35,70.52,203.83,Default
CC3123,Thomas Wilson,Westfield,Business,Silver,744,2024-07-01,8000,4085.31,204.27,566.91,On-Time
CC3124,Thomas Jones,Riverside,Retail,Business,780,2024-07-01,40000,27712.21,1385.61,4116.81,On-Time
CC3125,David Brown,Riverside,Business,Silver,812,2024-07-01,8000,5417.93,270.9,579.88,On-Time
CC3126,Susan Garcia,Downtown,Premium,Silver,774,2024-07-01,8000,3954.08,197.7,349.12,On-Time
CC3127,Richard Davis,Lakeside,Retail,Business,749,2024-07-01,40000,36682.23,1834.11,5291.5,Late
CC3128,Betty Davis,Downtown,Premium,Platinum,806,2024-07-01,25000,12806.17,640.31,1616.66,On-Time
CC3129,Charles Davis,Uptown,Business,Business,769,2024-07-01,40000,30459.5,1522.98,3238.38,On-Time
CC3130,Jessica Anderson,Uptown,Premium,Silver,702,2024-07-01,8000,6101.07,305.05,595.39,On-Time
CC3131,Richard Jones,Westfield,Retail,Gold,817,2024-07-01,15000,14071.78,703.59,1743.57,Late
CC3132,Mary Brown,Downtown,Retail,Business,712,2024-07-01,40000,17842.42,892.12,2442.11,Late
CC3133,Matthew Johnson,Westfield,Retail,Silver,710,2024-07-01,8000,1099.94,55.0,64.25,On-Time
CC3134,Lisa Martinez,Lakeside,Premium,Business,684,2024-07-01,40000,8956.08,447.8,1044.7,On-Time
CC3135,Richard Taylor,Downtown,Retail,Platinum,635,2024-07-01,25000,5373.21,268.66,589.79,Late
CC3136,Susan Taylor,Riverside,Business,Silver,590,2024-07-01,8000,6465.53,323.28,481.05,On-Time
CC3137,Lisa Martinez,Downtown,Premium,Platinum,746,2024-07-01,25000,7981.01,399.05,919.47,Default
CC3138,William Smith,Riverside,Premium,Platinum,779,2024-07-01,25000,6760.26,338.01,519.45,On-Time
CC3139,Jennifer Thomas,Downtown,Premium,Silver,667,2024-07-01,8000,1701.89,85.09,243.5,On-Time
CC3140,Karen Miller,Uptown,Premium,Business,803,2024-07-01,40000,17307.88,865.39,1566.16,On-Time
CC3141,Charles Lopez,Westfield,Retail,Business,665,2024-07-01,40000,12195.64,609.78,705.06,On-Time
CC3142,Charles Anderson,Riverside,Retail,Platinum,696,2024-07-01,25000,18521.82,926.09,1101.46,Late
CC3143,Jessica Johnson,Westfield,Business,Silver,600,2024-07-01,8000,2402.16,120.11,345.12,On-Time
CC3144,Elizabeth Martinez,Westfield,Retail,Platinum,586,2024-07-01,25000,3682.58,184.13,180.4,Default
CC3145,Mary Brown,Uptown,Retail,Platinum,755,2024-07-01,25000,13192.43,659.62,1708.24,Late
CC3146,Patricia Hernandez,Lakeside,Business,Business,643,2024-07-01,40000,33650.58,1682.53,3031.08,On-Time
CC3147,Susan Taylor,Riverside,Premium,Platinum,587,2024-07-01,25000,5859.07,292.95,448.98,Late
CC3148,Lisa Brown,Lakeside,Retail,Gold,604,2024-07-01,15000,9984.06,499.2,914.96,On-Time
CC3149,Linda Anderson,Uptown,Premium,Gold,763,2024-07-01,15000,1042.7,52.14,102.3,Late
CC3150,Joseph Brown,Lakeside,Premium,Business,617,2024-07-01,40000,28020.77,1401.04,2564.36,On-Time
CC3151,Jessica Brown,Westfield,Premium,Platinum,657,2024-07-01,25000,2485.06,124.25,322.35,On-Time
CC3152,William Jones,Uptown,Retail,Business,624,2024-07-01,40000,30181.26,1509.06,2747.02,Late
CC3153,Jessica Jones,Westfield,Business,Gold,711,2024-07-01,15000,12547.16,627.36,1048.78,On-Time
CC3154,Patricia Brown,Lakeside,Business,Platinum,791,2024-07-01,25000,8590.58,429.53,773.17,On-Time
CC3155,Daniel Garcia,Westfield,Retail,Platinum,698,2024-07-01,25000,13989.35,699.47,888.48,Late
CC3156,Lisa Johnson,Uptown,Premium,Business,580,2024-07-01,40000,19332.06,966.6,2397.81,Default
CC3157,Joseph Brown,Lakeside,Business,Silver,733,2024-07-01,8000,4328.17,216.41,203.8,On-Time
CC3158,Karen Brown,Lakeside,Premium,Silver,818,2024-07-01,8000,4136.07,206.8,582.27,On-Time
CC3159,William Miller,Lakeside,Retail,Platinum,695,2024-07-01,25000,18078.19,903.91,1416.72,On-Time
CC3160,David Smith,Downtown,Premium,Gold,691,2024-07-01,15000,7259.76,362.99,1062.87,On-Time
CC3161,Lisa Brown,Westfield,Business,Gold,624,2024-07-01,15000,9428.16,471.41,881.0,Late
CC3162,Richard Anderson,Lakeside,Retail,Business,808,2024-07-01,40000,29008.61,1450.43,1547.09,Late
CC3163,Lisa Martinez,Lakeside,Business,Business,715,2024-07-01,40000,21959.16,1097.96,1261.48,Default
CC3164,Lisa Miller,Downtown,Business,Silver,663,2024-07-01,8000,4565.54,228.28,411.08,On-Time
CC3165,Jennifer Wilson,Downtown,Retail,Platinum,662,2024-07-01,25000,15765.93,788.3,2155.64,Late
CC3166,Daniel Johnson,Riverside,Premium,Silver,613,2024-07-01,8000,3972.14,198.61,172.58,On-Time
CC3167,Nancy Johnson,Uptown,Premium,Gold,627,2024-07-01,15000,7192.02,359.6,790.32,On-Time
CC3168,Jessica Smith,Westfield,Business,Business,626,2024-07-01,40000,16380.96,819.05,1950.05,Default
CC3169,Betty Hernandez,Uptown,Retail,Business,747,2024-07-01,40000,4868.76,243.44,552.15,On-Time
CC3170,Richard Williams,Uptown,Premium,Platinum,793,2024-07-01,25000,8404.66,420.23,778.23,On-Time
CC3171,Joseph Lopez,Downtown,Business,Business,791,2024-07-01,40000,23414.5,1170.73,1612.53,On-Time
CC3172,John Davis,Westfield,Premium,Silver,602,2024-07-01,8000,6764.9,338.25,519.82,Late
CC3173,Linda Smith,Uptown,Business,Platinum,763,2024-07-01,25000,21737.09,1086.85,1714.5,On-Time
CC3174,Daniel Rodriguez,Uptown,Premium,Business,743,2024-07-01,40000,3145.7,157.28,184.99,On-Time
CC3175,Matthew Anderson,Uptown,Premium,Platinum,692,2024-07-01,25000,3769.69,188.48,369.26,Late
CC3176,Jessica Garcia,Riverside,Business,Gold,678,2024-07-01,15000,11936.38,596.82,1744.42,Late
CC3177,Susan Taylor,Riverside,Premium,Business,596,2024-07-01,40000,25423.39,1271.17,1470.27,On-Time
CC3178,John Johnson,Riverside,Premium,Business,774,2024-07-01,40000,19170.5,958.53,943.87,On-Time
CC3179,Michael Wilson,Downtown,Retail,Gold,689,2024-07-01,15000,10904.52,545.23,1058.15,On-Time
CC3180,Joseph Hernandez,Westfield,Premium,Gold,753,2024-07-01,15000,10554.59,527.73,1536.77,On-Time
CC3181,Patricia Johnson,Lakeside,Premium,Silver,625,2024-07-01,8000,4128.92,206.45,473.6,On-Time
CC3182,Jessica Davis,Riverside,Business,Silver,657,2024-07-01,8000,1068.36,53.42,57.03,On-Time
CC3183,David Jones,Lakeside,Premium,Silver,657,2024-07-01,8000,7516.37,375.82,997.99,On-Time
CC3184,Joseph Anderson,Westfield,Retail,Gold,602,2024-07-01,15000,14092.75,704.64,995.42,On-Time
CC3185,Patricia Martinez,Lakeside,Premium,Platinum,659,2024-07-01,25000,19448.92,972.45,2653.6,Late
CC3186,Jennifer Rodriguez,Downtown,Business,Business,677,2024-07-01,40000,19739.11,986.96,2176.24,On-Time
CC3187,Jennifer Williams,Downtown,Retail,Gold,765,2024-07-01,15000,2649.9,132.5,387.28,On-Time
CC3188,Nancy Miller,Westfield,Business,Gold,756,2024-07-01,15000,3678.97,183.95,388.91,Late
CC3189,Patricia Brown,Downtown,Premium,Gold,589,2024-07-01,15000,12684.71,634.24,608.17,On-Time
CC3190,Lisa Rodriguez,Riverside,Retail,Business,751,2024-07-01,40000,35762.61,1788.13,4331.62,On-Time
CC3191,Richard Wilson,Uptown,Business,Gold,686,2024-07-01,15000,12802.92,640.15,998.24,On-Time
CC3192,Thomas Williams,Riverside,Business,Gold,744,2024-07-01,15000,7144.44,357.22,719.75,Default
CC3193,Matthew Williams,Riverside,Premium,Platinum,662,2024-07-01,25000,6408.46,320.42,341.08,Late
CC3194,Richard Taylor,Westfield,Retail,Silver,686,2024-07-01,8000,3884.62,194.23,179.39,On-Time
CC3195,Jennifer Miller,Westfield,Retail,Silver,627,2024-07-01,8000,1334.52,66.73,119.18,On-Time
CC3196,John Wilson,Downtown,Business,Silver,656,2024-07-01,8000,4478.83,223.94,506.62,On-Time
CC3197,Jessica Williams,Westfield,Premium,Silver,639,2024-07-01,8000,1457.44,72.87,83.17,On-Time
CC3198,Karen Hernandez,Lakeside,Premium,Platinum,702,2024-07-01,25000,21965.8,1098.29,883.86,On-Time
CC3199,William Davis,Riverside,Premium,Silver,763,2024-07-01,8000,2761.92,138.1,162.54,On-Time
CC3200,Richard Thomas,Lakeside,Premium,Gold,819,2024-07-01,15000,10462.76,523.14,1562.52,Late
CC3201,Betty Martinez,Westfield,Business,Gold,691,2024-07-01,15000,11606.65,580.33,585.19,On-Time
CC3202,Jessica Jones,Uptown,Premium,Platinum,681,2024-07-01,25000,14950.16,747.51,739.18,On-Time
CC3203,Sarah Johnson,Lakeside,Retail,Gold,591,2024-07-01,15000,5742.13,287.11,469.72,On-Time
CC3204,Patricia Thomas,Westfield,Retail,Gold,583,2024-07-01,15000,5714.45,285.72,478.0,On-Time
CC3205,Richard Rodriguez,Uptown,Retail,Silver,627,2024-07-01,8000,3342.35,167.12,136.06,On-Time
CC3206,Elizabeth Smith,Downtown,Premium,Gold,697,2024-07-01,15000,9230.63,461.53,999.03,On-Time
CC3207,Joseph Anderson,Uptown,Retail,Silver,769,2024-07-01,8000,2251.34,112.57,249.24,On-Time
CC3208,Jessica Hernandez,Uptown,Premium,Gold,807,2024-07-01,15000,10470.52,523.53,1123.32,On-Time
CC3209,Patricia Rodriguez,Downtown,Premium,Silver,642,2024-07-01,8000,2011.2,100.56,149.86,On-Time
CC3210,Nancy Rodriguez,Downtown,Business,Platinum,777,2024-07-01,25000,2488.86,124.44,270.84,On-Time
CC3211,Joseph Anderson,Westfield,Premium,Business,780,2024-07-01,40000,27484.97,1374.25,2087.73,On-Time
CC3212,Richard Wilson,Uptown,Business,Gold,752,2024-07-01,15000,7004.37,350.22,350.5,Late
CC3213,Daniel Martinez,Uptown,Premium,Platinum,693,2024-07-01,25000,9427.61,471.38,974.24,On-Time
CC3214,Lisa Lopez,Lakeside,Retail,Silver,771,2024-07-01,8000,1025.5,51.28,123.57,On-Time
CC3215,David Smith,Riverside,Premium,Gold,655,2024-07-01,15000,13109.19,655.46,1329.05,On-Time
CC3216,Karen Garcia,Westfield,Retail,Silver,786,2024-07-01,8000,729.33,36.47,101.05,On-Time
CC3217,Sarah Thomas,Uptown,Premium,Silver,635,2024-07-01,8000,2155.27,107.76,309.51,Late
CC3218,Lisa Jones,Lakeside,Retail,Platinum,700,2024-07-01,25000,21577.74,1078.89,1362.52,On-Time
CC3219,Daniel Wilson,Downtown,Retail,Silver,769,2024-07-01,8000,6578.07,328.9,441.45,Late
CC3220,James Hernandez,Riverside,Premium,Silver,611,2024-07-01,8000,3508.13,175.41,404.19,On-Time
CC3221,Betty Miller,Westfield,Premium,Platinum,626,2024-07-01,25000,21324.74,1066.24,1121.24,Late
CC3222,Daniel Thomas,Downtown,Premium,Business,778,2024-07-01,40000,24195.17,1209.76,1822.63,On-Time
CC3223,Lisa Wilson,Riverside,Business,Platinum,582,2024-07-01,25000,21466.89,1073.34,1514.12,On-Time
CC3224,Lisa Lopez,Westfield,Retail,Gold,760,2024-07-01,15000,9358.04,467.9,507.16,On-Time
CC3225,Karen Wilson,Riverside,Retail,Platinum,768,2024-07-01,25000,9312.31,465.62,1196.67,Late
CC3226,Elizabeth Hernandez,Lakeside,Premium,Gold,666,2024-07-01,15000,10039.28,501.96,670.95,Late
CC3227,Daniel Taylor,Riverside,Retail,Business,651,2024-07-01,40000,6263.91,313.2,295.43,On-Time
CC3228,Karen Hernandez,Lakeside,Business,Business,631,2024-07-01,40000,9878.61,493.93,1170.91,On-Time
CC3229,Karen Davis,Riverside,Premium,Gold,713,2024-07-01,15000,2621.69,131.08,365.19,Late
CC3230,Betty Williams,Westfield,Premium,Silver,761,2024-07-01,8000,4336.13,216.81,332.36,On-Time
CC3231,Richard Jones,Uptown,Premium,Gold,780,2024-07-01,15000,9950.5,497.53,1176.44,Default
CC3232,David Hernandez,Uptown,Retail,Business,741,2024-07-01,40000,19565.57,978.28,1551.2,On-Time
CC3233,Jennifer Lopez,Riverside,Retail,Platinum,719,2024-07-01,25000,2310.27,115.51,152.71,On-Time
CC3234,Linda Smith,Riverside,Retail,Platinum,790,2024-07-01,25000,18069.23,903.46,1532.2,On-Time
CC3235,Joseph Thomas,Lakeside,Retail,Platinum,749,2024-07-01,25000,22874.33,1143.72,3126.6,On-Time
CC3236,Patricia Williams,Lakeside,Business,Silver,761,2024-07-01,8000,2118.31,105.92,121.99,On-Time
CC3237,Michael Rodriguez,Uptown,Premium,Business,810,2024-07-01,40000,18637.54,931.88,1163.76,On-Time
CC3238,Charles Taylor,Riverside,Retail,Gold,751,2024-07-01,15000,8943.08,447.15,1063.47,On-Time
CC3239,Thomas Garcia,Westfield,Retail,Platinum,717,2024-07-01,25000,3915.02,195.75,346.65,On-Time
CC3240,James Taylor,Westfield,Retail,Business,673,2024-07-01,40000,16103.57,805.18,1239.42,On-Time
CC3241,David Williams,Riverside,Business,Silver,777,2024-07-01,8000,727.15,36.36,71.61,Late
CC3242,Thomas Thomas,Westfield,Retail,Business,638,2024-07-01,40000,35878.8,1793.94,5127.84,Default
CC3243,Charles Taylor,Westfield,Business,Business,718,2024-07-01,40000,28044.05,1402.2,3545.09,Default
CC3244,Linda Anderson,Lakeside,Business,Silver,718,2024-07-01,8000,6839.84,341.99,527.35,Late
CC3245,Nancy Davis,Riverside,Retail,Platinum,820,2024-07-01,25000,11903.96,595.2,614.21,On-Time
CC3246,Joseph Davis,Lakeside,Business,Silver,675,2024-07-01,8000,5583.31,279.17,524.9,On-Time
CC3247,Matthew Taylor,Uptown,Premium,Gold,659,2024-07-01,15000,1123.54,56.18,86.94,Late
CC3248,Michael Rodriguez,Lakeside,Premium,Gold,807,2024-07-01,15000,4949.84,247.49,730.86,On-Time
CC3249,Matthew Thomas,Downtown,Retail,Silver,770,2024-07-01,8000,5008.79,250.44,658.48,On-Time
CC3250,Joseph Johnson,Lakeside,Retail,Business,815,2024-07-01,40000,11539.7,576.99,842.13,Late
CC3251,Linda Brown,Westfield,Premium,Silver,755,2024-07-01,8000,2246.08,112.3,217.2,On-Time
CC3252,Karen Lopez,Uptown,Premium,Gold,798,2024-07-01,15000,4769.56,238.48,367.17,On-Time
CC3253,Joseph Smith,Westfield,Retail,Silver,784,2024-07-01,8000,4381.47,219.07,598.02,Late
CC3254,Charles Thomas,Uptown,Premium,Platinum,588,2024-07-01,25000,15250.42,762.52,2123.19,Late
CC3255,Susan Taylor,Westfield,Retail,Platinum,593,2024-07-01,25000,11195.32,559.77,1652.0,On-Time
CC3256,Sarah Johnson,Riverside,Premium,Gold,697,2024-07-01,15000,6590.79,329.54,749.19,Default
CC3257,Lisa Johnson,Westfield,Premium,Business,718,2024-07-01,40000,22477.81,1123.89,2981.52,Late
CC3258,Richard Garcia,Lakeside,Premium,Platinum,592,2024-07-01,25000,7169.64,358.48,492.85,On-Time
CC3259,Elizabeth Garcia,Uptown,Premium,Silver,774,2024-07-01,8000,2696.69,134.83,354.92,On-Time
CC3260,John Garcia,Downtown,Retail,Platinum,637,2024-07-01,25000,16008.39,800.42,1318.87,On-Time
CC3261,Joseph Wilson,Lakeside,Retail,Gold,582,2024-07-01,15000,2445.53,122.28,187.79,On-Time
CC3262,Lisa Davis,Uptown,Business,Silver,815,2024-07-01,8000,1843.21,92.16,219.52,On-Time
CC3263,James Lopez,Riverside,Business,Business,666,2024-07-01,40000,30948.99,1547.45,4557.11,On-Time
CC3264,Charles Rodriguez,Uptown,Retail,Silver,710,2024-07-01,8000,5120.9,256.05,732.42,On-Time
CC3265,Thomas Rodriguez,Uptown,Business,Business,777,2024-07-01,40000,32244.82,1612.24,2151.3,On-Time
CC3266,Jessica Jones,Riverside,Premium,Business,747,2024-07-01,40000,24644.19,1232.21,1683.32,On-Time
CC3267,David Brown,Westfield,Business,Silver,650,2024-07-01,8000,2030.39,101.52,139.93,Late
CC3268,James Williams,Uptown,Business,Platinum,808,2024-07-01,25000,9692.9,484.64,706.75,On-Time
CC3269,Charles Thomas,Lakeside,Premium,Business,604,2024-07-01,40000,22342.46,1117.12,2746.01,On-Time
CC3270,Daniel Rodriguez,Uptown,Business,Business,673,2024-07-01,40000,23995.39,1199.77,1417.65,On-Time
CC3271,Charles Brown,Uptown,Premium,Platinum,636,2024-07-01,25000,8752.74,437.64,810.33,On-Time
CC3272,Thomas Garcia,Lakeside,Business,Platinum,646,2024-07-01,25000,8540.05,427.0,508.23,On-Time
CC3273,Karen Johnson,Lakeside,Premium,Gold,630,2024-07-01,15000,4027.89,201.39,510.67,On-Time
CC3274,Sarah Taylor,Riverside,Retail,Silver,718,2024-07-01,8000,1217.67,60.88,125.27,On-Time
CC3275,Thomas Rodriguez,Uptown,Premium,Gold,806,2024-07-01,15000,10780.77,539.04,1217.2,On-Time
CC3276,Elizabeth Hernandez,Downtown,Premium,Platinum,809,2024-07-01,25000,14369.51,718.48,1778.19,On-Time
CC3277,Jennifer Thomas,Uptown,Business,Platinum,747,2024-07-01,25000,8153.52,407.68,445.45,On-Time
CC3278,Michael Jones,Westfield,Premium,Platinum,718,2024-07-01,25000,7562.08,378.1,465.14,On-Time
CC3279,William Lopez,Lakeside,Business,Silver,727,2024-07-01,8000,6384.36,319.22,495.82,On-Time
CC3280,Mary Thomas,Westfield,Retail,Business,647,2024-07-01,40000,26071.12,1303.56,2299.21,On-Time
CC3281,Sarah Miller,Downtown,Business,Business,635,2024-07-01,40000,2366.85,118.34,221.11,On-Time
CC3282,Lisa Rodriguez,Lakeside,Retail,Platinum,735,2024-07-01,25000,2829.62,141.48,286.14,On-Time
CC3283,James Thomas,Uptown,Retail,Gold,756,2024-07-01,15000,10211.53,510.58,798.87,On-Time
CC3284,Elizabeth Hernandez,Uptown,Business,Gold,600,2024-07-01,15000,10426.25,521.31,1295.33,On-Time
CC3285,Karen Martinez,Uptown,Business,Business,611,2024-07-01,40000,34813.56,1740.68,4805.2,On-Time
CC3286,John Wilson,Lakeside,Business,Platinum,727,2024-07-01,25000,11999.97,600.0,488.53,On-Time
CC3287,Karen Rodriguez,Westfield,Retail,Platinum,721,2024-07-01,25000,20185.3,1009.26,1700.57,Late
CC3288,John Garcia,Westfield,Retail,Business,613,2024-07-01,40000,17811.4,890.57,2488.13,Late
CC3289,Sarah Brown,Riverside,Retail,Platinum,756,2024-07-01,25000,2446.68,122.33,108.84,On-Time
CC3290,Karen Thomas,Riverside,Premium,Business,595,2024-07-01,40000,9916.21,495.81,1095.77,Default
CC3291,Thomas Anderson,Uptown,Retail,Silver,699,2024-07-01,8000,5207.42,260.37,746.47,On-Time
CC3292,Mary Rodriguez,Uptown,Business,Gold,753,2024-07-01,15000,6841.24,342.06,441.45,Late
CC3293,Mary Hernandez,Downtown,Retail,Silver,765,2024-07-01,8000,3155.72,157.79,209.51,Late
CC3294,David Anderson,Downtown,Premium,Platinum,773,2024-07-01,25000,22935.88,1146.79,1294.75,On-Time
CC3295,Karen Smith,Downtown,Business,Gold,637,2024-07-01,15000,8765.66,438.28,386.32,On-Time
CC3296,Mary Thomas,Westfield,Premium,Silver,787,2024-07-01,8000,2868.43,143.42,176.11,Default
CC3297,Joseph Smith,Westfield,Premium,Platinum,662,2024-07-01,25000,20164.27,1008.21,2491.9,Late
CC3298,Sarah Miller,Downtown,Retail,Platinum,760,2024-07-01,25000,19923.69,996.18,2450.45,On-Time
CC3299,David Rodriguez,Westfield,Retail,Business,696,2024-07-01,40000,10104.86,505.24,570.82,On-Time
CC3300,Elizabeth Smith,Westfield,Retail,Business,640,2024-07-01,40000,17559.94,878.0,1922.69,On-Time
CC3001,Michael Hernandez,Uptown,Business,Business,583,2024-08-01,40000,16712.51,835.63,1095.25,On-Time
CC3002,William Thomas,Uptown,Retail,Platinum,611,2024-08-01,25000,14467.46,723.37,1948.73,Default
CC3003,Nancy Garcia,Riverside,Premium,Gold,662,2024-08-01,15000,7317.47,365.87,745.63,Late
CC3004,John Martinez,Uptown,Retail,Business,698,2024-08-01,40000,28312.56,1415.63,3704.15,On-Time
CC3005,Mary Jones,Uptown,Premium,Silver,805,2024-08-01,8000,1882.7,94.14,228.86,Late
CC3006,Linda Garcia,Downtown,Retail,Gold,745,2024-08-01,15000,3431.83,171.59,489.3,On-Time
CC3007,Thomas Smith,Riverside,Business,Business,676,2024-08-01,40000,30923.22,1546.16,1731.72,On-Time
CC3008,Sarah Williams,Riverside,Retail,Business,677,2024-08-01,40000,2540.64,127.03,350.18,On-Time
CC3009,John Jones,Riverside,Premium,Platinum,763,2024-08-01,25000,3748.69,187.43,330.83,Late
CC3010,John Brown,Lakeside,Business,Platinum,601,2024-08-01,25000,2663.42,133.17,290.49,On-Time
CC3011,Elizabeth Hernandez,Uptown,Premium,Business,673,2024-08-01,40000,37382.76,1869.14,4228.49,Default
CC3012,Joseph Lopez,Lakeside,Premium,Platinum,734,2024-08-01,25000,2113.24,105.66,168.74,On-Time
CC3013,Jennifer Lopez,Westfield,Business,Business,689,2024-08-01,40000,26753.5,1337.68,1120.42,On-Time
CC3014,Jessica Taylor,Downtown,Business,Silver,656,2024-08-01,8000,3074.73,153.74,389.51,On-Time
CC3015,Linda Anderson,Westfield,Retail,Business,593,2024-08-01,40000,32517.45,1625.87,1637.07,On-Time
CC3016,Linda Thomas,Westfield,Retail,Silver,722,2024-08-01,8000,4744.9,237.25,629.42,Late
CC3017,Betty Martinez,Uptown,Retail,Platinum,670,2024-08-01,25000,10586.14,529.31,1031.15,On-Time
CC3018,Lisa Davis,Downtown,Premium,Gold,700,2024-08-01,15000,11806.58,590.33,924.8,Late
CC3019,Daniel Wilson,Downtown,Business,Gold,711,2024-08-01,15000,12424.56,621.23,973.16,Late
CC3020,Betty Taylor,Westfield,Business,Gold,737,2024-08-01,15000,7611.6,380.58,852.19,Late
CC3021,Robert Martinez,Lakeside,Business,Silver,814,2024-08-01,8000,2796.91,139.85,194.95,Late
CC3022,Michael Rodriguez,Downtown,Retail,Business,802,2024-08-01,40000,21305.44,1065.27,1965.08,Default
CC3023,Jennifer Miller,Riverside,Business,Silver,774,2024-08-01,8000,6427.86,321.39,682.53,On-Time
CC3024,Sarah Wilson,Lakeside,Business,Gold,790,2024-08-01,15000,2597.88,129.89,217.0,On-Time
CC3025,Linda Johnson,Westfield,Premium,Business,660,2024-08-01,40000,11061.12,553.06,582.89,On-Time
CC3026,Susan Lopez,Riverside,Premium,Business,756,2024-08-01,40000,10383.22,519.16,894.91,On-Time
CC3027,Karen Hernandez,Lakeside,Premium,Business,620,2024-08-01,40000,28898.54,1444.93,1707.82,On-Time
CC3028,Michael Lopez,Uptown,Business,Silver,657,2024-08-01,8000,5776.08,288.8,333.94,On-Time
CC3029,William Anderson,Lakeside,Business,Business,754,2024-08-01,40000,15405.68,770.28,1025.04,On-Time
CC3030,Michael Smith,Westfield,Retail,Business,584,2024-08-01,40000,24483.65,1224.18,3498.7,On-Time
CC3031,Patricia Thomas,Riverside,Business,Gold,657,2024-08-01,15000,1485.33,74.27,74.19,On-Time
CC3032,William Thomas,Uptown,Premium,Gold,744,2024-08-01,15000,11424.96,571.25,795.97,On-Time
CC3033,Michael Garcia,Westfield,Retail,Gold,767,2024-08-01,15000,1628.63,81.43,184.12,On-Time
CC3034,Lisa Johnson,Downtown,Premium,Silver,623,2024-08-01,8000,6536.77,326.84,354.53,On-Time
CC3035,Linda Hernandez,Lakeside,Business,Platinum,738,2024-08-01,25000,6870.63,343.53,556.18,On-Time
CC3036,David Martinez,Uptown,Premium,Business,678,2024-08-01,40000,24164.02,1208.2,1888.75,On-Time
CC3037,James Martinez,Lakeside,Retail,Business,778,2024-08-01,40000,28135.36,1406.77,1391.31,On-Time
CC3038,Robert Wilson,Downtown,Business,Gold,596,2024-08-01,15000,4136.8,206.84,496.22,On-Time
CC3039,William Johnson,Uptown,Business,Gold,782,2024-08-01,15000,14021.84,701.09,1606.78,Late
CC3040,Jessica Thomas,Riverside,Premium,Silver,610,2024-08-01,8000,3415.02,170.75,352.34,On-Time
CC3041,Patricia Anderson,Westfield,Business,Gold,790,2024-08-01,15000,12175.33,608.77,1197.38,Late
CC3042,Elizabeth Wilson,Westfield,Premium,Gold,802,2024-08-01,15000,8198.13,409.91,903.64,On-Time
CC3043,Patricia Garcia,Westfield,Business,Silver,697,2024-08-01,8000,4032.48,201.62,453.96,On-Time
CC3044,Nancy Hernandez,Westfield,Retail,Gold,675,2024-08-01,15000,11276.51,563.83,857.51,On-Time
CC3045,Thomas Garcia,Riverside,Retail,Gold,678,2024-08-01,15000,5143.32,257.17,634.42,On-Time
CC3046,Jessica Brown,Westfield,Retail,Gold,693,2024-08-01,15000,4106.98,205.35,251.52,On-Time
CC3047,Lisa Martinez,Lakeside,Premium,Silver,674,2024-08-01,8000,5444.88,272.24,396.85,On-Time
CC3048,Matthew Taylor,Uptown,Premium,Platinum,583,2024-08-01,25000,12443.64,622.18,1821.03,Late
CC3049,William Martinez,Lakeside,Premium,Silver,719,2024-08-01,8000,3335.98,166.8,220.48,Late
CC3050,Elizabeth Smith,Westfield,Premium,Silver,692,2024-08-01,8000,7223.88,361.19,649.08,Default
CC3051,Charles Garcia,Uptown,Premium,Silver,588,2024-08-01,8000,5497.61,274.88,725.71,On-Time
CC3052,Elizabeth Thomas,Downtown,Premium,Platinum,723,2024-08-01,25000,20566.18,1028.31,2608.32,On-Time
CC3053,John Brown,Lakeside,Premium,Gold,688,2024-08-01,15000,10289.48,514.47,834.85,On-Time
CC3054,Jennifer Taylor,Uptown,Business,Silver,644,2024-08-01,8000,4070.18,203.51,437.09,Late
CC3055,Linda Taylor,Uptown,Retail,Silver,810,2024-08-01,8000,2634.92,131.75,215.62,On-Time
CC3056,David Rodriguez,Westfield,Premium,Business,598,2024-08-01,40000,28746.96,1437.35,3982.18,On-Time
CC3057,Robert Garcia,Westfield,Business,Gold,668,2024-08-01,15000,2562.44,128.12,237.86,Late
CC3058,Sarah Lopez,Riverside,Retail,Silver,710,2024-08-01,8000,4451.88,222.59,209.28,On-Time
CC3059,Daniel Davis,Uptown,Business,Platinum,639,2024-08-01,25000,9667.57,483.38,478.75,On-Time
CC3060,Sarah Thomas,Uptown,Premium,Business,594,2024-08-01,40000,2973.62,148.68,170.97,Late
CC3061,James Taylor,Riverside,Retail,Platinum,748,2024-08-01,25000,3601.56,180.08,405.28,On-Time
CC3062,Linda Davis,Downtown,Premium,Business,631,2024-08-01,40000,3881.08,194.05,157.71,On-Time
CC3063,Betty Garcia,Riverside,Premium,Gold,770,2024-08-01,15000,3752.75,187.64,486.53,On-Time
CC3064,Nancy Hernandez,Downtown,Retail,Business,689,2024-08-01,40000,36216.54,1810.83,5124.97,On-Time
CC3065,Sarah Hernandez,Lakeside,Business,Business,753,2024-08-01,40000,15279.26,763.96,851.66,On-Time
CC3066,Joseph Davis,Downtown,Retail,Business,715,2024-08-01,40000,2645.67,132.28,282.15,On-Time
CC3067,Jennifer Rodriguez,Riverside,Premium,Business,584,2024-08-01,40000,5994.22,299.71,817.75,On-Time
CC3068,Matthew Miller,Westfield,Premium,Business,722,2024-08-01,40000,21792.37,1089.62,2096.04,On-Time
CC3069,Sarah Martinez,Downtown,Premium,Silver,730,2024-08-01,8000,1039.86,51.99,98.65,Late
CC3070,Nancy Anderson,Uptown,Premium,Gold,758,2024-08-01,15000,8975.45,448.77,1198.65,On-Time
CC3071,Richard Rodriguez,Uptown,Business,Business,738,2024-08-01,40000,12371.33,618.57,706.48,On-Time
CC3072,Karen Johnson,Uptown,Business,Silver,641,2024-08-01,8000,903.18,45.16,43.24,On-Time
CC3073,Mary Martinez,Riverside,Retail,Business,747,2024-08-01,40000,12334.57,616.73,1379.47,Late
CC3074,Daniel Davis,Downtown,Premium,Gold,672,2024-08-01,15000,7833.29,391.66,720.33,On-Time
CC3075,James Davis,Riverside,Retail,Silver,777,2024-08-01,8000,1028.82,51.44,67.07,Late
CC3076,Daniel Garcia,Lakeside,Premium,Gold,622,2024-08-01,15000,12522.28,626.11,1533.84,On-Time
CC3077,Linda Brown,Downtown,Retail,Gold,717,2024-08-01,15000,8207.48,410.37,548.16,On-Time
CC3078,William Jones,Uptown,Retail,Silver,777,2024-08-01,8000,526.12,26.31,26.26,On-Time
CC3079,John Johnson,Riverside,Business,Business,628,2024-08-01,40000,13744.15,687.21,1064.21,On-Time
CC3080,Jessica Smith,Westfield,Business,Platinum,783,2024-08-01,25000,11491.88,574.59,558.49,Late
CC3081,Karen Garcia,Riverside,Retail,Silver,699,2024-08-01,8000,6234.07,311.7,362.19,On-Time
CC3082,James Rodriguez,Downtown,Premium,Gold,586,2024-08-01,15000,7228.32,361.42,1002.45,On-Time
CC3083,Betty Thomas,Riverside,Retail,Silver,786,2024-08-01,8000,2059.96,103.0,203.35,On-Time
CC3084,Matthew Brown,Downtown,Premium,Gold,815,2024-08-01,15000,2307.83,115.39,162.83,On-Time
CC3085,William Taylor,Westfield,Business,Gold,671,2024-08-01,15000,6994.69,349.73,332.64,On-Time
CC3086,Jessica Williams,Riverside,Premium,Platinum,789,2024-08-01,25000,6171.54,308.58,920.61,On-Time
CC3087,Betty Jones,Downtown,Business,Business,815,2024-08-01,40000,9338.18,466.91,1177.02,On-Time
CC3088,Joseph Anderson,Downtown,Business,Silver,642,2024-08-01,8000,5218.29,260.91,740.42,On-Time
CC3089,Susan Rodriguez,Downtown,Business,Business,637,2024-08-01,40000,24682.73,1234.14,2493.9,On-Time
CC3090,Joseph Brown,Lakeside,Premium,Platinum,791,2024-08-01,25000,22022.82,1101.14,2846.69,On-Time
CC3091,Sarah Jones,Downtown,Retail,Silver,782,2024-08-01,8000,1084.46,54.22,55.9,On-Time
CC3092,James Lopez,Lakeside,Retail,Platinum,618,2024-08-01,25000,15375.35,768.77,1747.27,On-Time
CC3093,Linda Rodriguez,Uptown,Premium,Gold,659,2024-08-01,15000,13552.27,677.61,1833.59,On-Time
CC3094,Joseph Martinez,Lakeside,Retail,Business,783,2024-08-01,40000,15683.06,784.15,995.57,On-Time
CC3095,Jessica Taylor,Downtown,Premium,Business,618,2024-08-01,40000,27413.49,1370.67,3516.2,On-Time
CC3096,Charles Brown,Riverside,Premium,Business,650,2024-08-01,40000,9884.94,494.25,585.74,On-Time
CC3097,Nancy Thomas,Downtown,Business,Silver,813,2024-08-01,8000,3794.16,189.71,310.24,On-Time
CC3098,Elizabeth Davis,Riverside,Premium,Platinum,707,2024-08-01,25000,2497.98,124.9,103.2,Late
CC3099,Jessica Garcia,Lakeside,Premium,Silver,681,2024-08-01,8000,1640.59,82.03,150.93,On-Time
CC3100,Elizabeth Smith,Riverside,Retail,Silver,744,2024-08-01,8000,2093.45,104.67,141.29,On-Time
CC3101,Michael Lopez,Riverside,Premium,Platinum,730,2024-08-01,25000,16220.45,811.02,1901.42,Late
CC3102,Betty Anderson,Riverside,Premium,Silver,664,2024-08-01,8000,1461.45,73.07,66.16,Default
CC3103,Karen Rodriguez,Westfield,Business,Business,610,2024-08-01,40000,20338.46,1016.92,1962.89,On-Time
CC3104,Charles Wilson,Downtown,Business,Business,686,2024-08-01,40000,26697.46,1334.87,3957.03,Late
CC3105,Daniel Thomas,Downtown,Premium,Business,793,2024-08-01,40000,7281.6,364.08,993.21,On-Time
CC3106,Nancy Williams,Uptown,Business,Business,672,2024-08-01,40000,20423.73,1021.19,1360.53,On-Time
CC3107,Mary Davis,Westfield,Retail,Silver,786,2024-08-01,8000,5845.31,292.27,298.17,On-Time
CC3108,Susan Davis,Downtown,Retail,Gold,710,2024-08-01,15000,2740.96,137.05,410.99,On-Time
CC3109,Susan Martinez,Downtown,Premium,Gold,803,2024-08-01,15000,10104.73,505.24,1256.72,On-Time
CC3110,Linda Jones,Downtown,Retail,Silver,737,2024-08-01,8000,3644.3,182.22,275.3,On-Time
CC3111,Thomas Johnson,Uptown,Business,Platinum,651,2024-08-01,25000,11104.35,555.22,1610.23,On-Time
CC3112,Susan Lopez,Riverside,Premium,Silver,612,2024-08-01,8000,7294.94,364.75,512.08,On-Time
CC3113,Richard Johnson,Riverside,Premium,Silver,683,2024-08-01,8000,3173.96,158.7,466.28,On-Time
CC3114,Patricia Martinez,Lakeside,Business,Platinum,745,2024-08-01,25000,14401.49,720.07,1737.41,On-Time
CC3115,Linda Williams,Downtown,Business,Platinum,815,2024-08-01,25000,14500.35,725.02,1576.35,On-Time
CC3116,Lisa Hernandez,Riverside,Business,Gold,621,2024-08-01,15000,9945.03,497.25,1349.42,Late
CC3117,Susan Garcia,Uptown,Premium,Silver,613,2024-08-01,8000,4346.69,217.33,398.24,On-Time
CC3118,Karen Wilson,Riverside,Business,Business,722,2024-08-01,40000,28374.44,1418.72,3358.1,On-Time
CC3119,Richard Hernandez,Westfield,Retail,Business,784,2024-08-01,40000,18174.87,908.74,1982.8,Default
CC3120,Matthew Miller,Lakeside,Business,Platinum,804,2024-08-01,25000,11217.1,560.86,746.46,On-Time
CC3121,Matthew Johnson,Lakeside,Retail,Business,768,2024-08-01,40000,3558.64,177.93,496.73,On-Time
CC3122,Jennifer Williams,Uptown,Premium,Platinum,772,2024-08-01,25000,14751.37,737.57,996.58,On-Time
CC3123,Thomas Wilson,Westfield,Business,Silver,744,2024-08-01,8000,2372.46,118.62,192.5,Late
CC3124,Thomas Jones,Riverside,Retail,Business,780,2024-08-01,40000,6440.41,322.02,348.52,On-Time
CC3125,David Brown,Riverside,Business,Silver,812,2024-08-01,8000,2263.23,113.16,319.35,On-Time
CC3126,Susan Garcia,Downtown,Premium,Silver,774,2024-08-01,8000,2887.92,144.4,169.72,On-Time
CC3127,Richard Davis,Lakeside,Retail,Business,749,2024-08-01,40000,23970.83,1198.54,2481.29,On-Time
CC3128,Betty Davis,Downtown,Premium,Platinum,806,2024-08-01,25000,5390.0,269.5,772.46,Default
CC3129,Charles Davis,Uptown,Business,Business,769,2024-08-01,40000,14817.13,740.86,1547.65,On-Time
CC3130,Jessica Anderson,Uptown,Premium,Silver,702,2024-08-01,8000,6407.23,320.36,479.91,On-Time
CC3131,Richard Jones,Westfield,Retail,Gold,817,2024-08-01,15000,1725.41,86.27,101.09,On-Time
CC3132,Mary Brown,Downtown,Retail,Business,712,2024-08-01,40000,30469.34,1523.47,2231.12,On-Time
CC3133,Matthew Johnson,Westfield,Retail,Silver,710,2024-08-01,8000,3354.49,167.72,290.8,On-Time
CC3134,Lisa Martinez,Lakeside,Premium,Business,684,2024-08-01,40000,18298.94,914.95,2381.45,On-Time
CC3135,Richard Taylor,Downtown,Retail,Platinum,635,2024-08-01,25000,2691.33,134.57,166.4,Late
CC3136,Susan Taylor,Riverside,Business,Silver,590,2024-08-01,8000,7076.49,353.82,540.04,On-Time
CC3137,Lisa Martinez,Downtown,Premium,Platinum,746,2024-08-01,25000,18545.44,927.27,1148.11,Default
CC3138,William Smith,Riverside,Premium,Platinum,779,2024-08-01,25000,7808.78,390.44,1003.68,On-Time
CC3139,Jennifer Thomas,Downtown,Premium,Silver,667,2024-08-01,8000,7413.9,370.69,948.95,Late
CC3140,Karen Miller,Uptown,Premium,Business,803,2024-08-01,40000,29077.86,1453.89,1875.38,On-Time
CC3141,Charles Lopez,Westfield,Retail,Business,665,2024-08-01,40000,34827.69,1741.38,2327.04,On-Time
CC3142,Charles Anderson,Riverside,Retail,Platinum,696,2024-08-01,25000,13624.22,681.21,1930.93,On-Time
CC3143,Jessica Johnson,Westfield,Business,Silver,600,2024-08-01,8000,1914.51,95.73,265.25,On-Time
CC3144,Elizabeth Martinez,Westfield,Retail,Platinum,586,2024-08-01,25000,13581.8,679.09,676.91,On-Time
CC3145,Mary Brown,Uptown,Retail,Platinum,755,2024-08-01,25000,14782.39,739.12,628.19,Late
CC3146,Patricia Hernandez,Lakeside,Business,Business,643,2024-08-01,40000,28987.35,1449.37,1908.27,On-Time
CC3147,Susan Taylor,Riverside,Premium,Platinum,587,2024-08-01,25000,15024.75,751.24,616.89,Late
CC3148,Lisa Brown,Lakeside,Retail,Gold,604,2024-08-01,15000,1396.6,69.83,100.53,On-Time
CC3149,Linda Anderson,Uptown,Premium,Gold,763,2024-08-01,15000,12893.97,644.7,682.97,Late
CC3150,Joseph Brown,Lakeside,Premium,Business,617,2024-08-01,40000,26596.24,1329.81,2829.79,On-Time
CC3151,Jessica Brown,Westfield,Premium,Platinum,657,2024-08-01,25000,17353.44,867.67,891.51,Default
CC3152,William Jones,Uptown,Retail,Business,624,2024-08-01,40000,23588.79,1179.44,1770.63,On-Time
CC3153,Jessica Jones,Westfield,Business,Gold,711,2024-08-01,15000,10775.23,538.76,628.28,On-Time
CC3154,Patricia Brown,Lakeside,Business,Platinum,791,2024-08-01,25000,1555.78,77.79,208.55,On-Time
CC3155,Daniel Garcia,Westfield,Retail,Platinum,698,2024-08-01,25000,2234.9,111.75,304.07,Late
CC3156,Lisa Johnson,Uptown,Premium,Business,580,2024-08-01,40000,2568.36,128.42,329.41,On-Time
CC3157,Joseph Brown,Lakeside,Business,Silver,733,2024-08-01,8000,5331.54,266.58,289.74,Late
CC3158,Karen Brown,Lakeside,Premium,Silver,818,2024-08-01,8000,3224.72,161.24,405.17,On-Time
CC3159,William Miller,Lakeside,Retail,Platinum,695,2024-08-01,25000,14287.58,714.38,1933.54,On-Time
CC3160,David Smith,Downtown,Premium,Gold,691,2024-08-01,15000,1190.0,59.5,48.7,On-Time
CC3161,Lisa Brown,Westfield,Business,Gold,624,2024-08-01,15000,2458.62,122.93,311.36,On-Time
CC3162,Richard Anderson,Lakeside,Retail,Business,808,2024-08-01,40000,15427.77,771.39,2293.82,Late
CC3163,Lisa Martinez,Lakeside,Business,Business,715,2024-08-01,40000,26997.46,1349.87,3158.02,On-Time
CC3164,Lisa Miller,Downtown,Business,Silver,663,2024-08-01,8000,3659.2,182.96,176.62,On-Time
CC3165,Jennifer Wilson,Downtown,Retail,Platinum,662,2024-08-01,25000,15416.36,770.82,956.36,On-Time
CC3166,Daniel Johnson,Riverside,Premium,Silver,613,2024-08-01,8000,735.0,36.75,59.87,On-Time
CC3167,Nancy Johnson,Uptown,Premium,Gold,627,2024-08-01,15000,9608.53,480.43,1370.61,Late
CC3168,Jessica Smith,Westfield,Business,Business,626,2024-08-01,40000,5167.3,258.37,612.29,Late
CC3169,Betty Hernandez,Uptown,Retail,Business,747,2024-08-01,40000,12575.68,628.78,1453.57,Late
CC3170,Richard Williams,Uptown,Premium,Platinum,793,2024-08-01,25000,5034.62,251.73,475.43,On-Time
CC3171,Joseph Lopez,Downtown,Business,Business,791,2024-08-01,40000,23987.01,1199.35,2139.14,On-Time
CC3172,John Davis,Westfield,Premium,Silver,602,2024-08-01,8000,3167.39,158.37,200.68,On-Time
CC3173,Linda Smith,Uptown,Business,Platinum,763,2024-08-01,25000,4393.78,219.69,386.17,Default
CC3174,Daniel Rodriguez,Uptown,Premium,Business,743,2024-08-01,40000,25638.56,1281.93,3572.42,On-Time
CC3175,Matthew Anderson,Uptown,Premium,Platinum,692,2024-08-01,25000,23304.22,1165.21,3492.55,On-Time
CC3176,Jessica Garcia,Riverside,Business,Gold,678,2024-08-01,15000,7480.37,374.02,1118.42,On-Time
CC3177,Susan Taylor,Riverside,Premium,Business,596,2024-08-01,40000,24037.79,1201.89,2614.96,On-Time
CC3178,John Johnson,Riverside,Premium,Business,774,2024-08-01,40000,23503.73,1175.19,2228.17,On-Time
CC3179,Michael Wilson,Downtown,Retail,Gold,689,2024-08-01,15000,12164.08,608.2,513.18,On-Time
CC3180,Joseph Hernandez,Westfield,Premium,Gold,753,2024-08-01,15000,1435.97,71.8,160.13,On-Time
CC3181,Patricia Johnson,Lakeside,Premium,Silver,625,2024-08-01,8000,4839.93,242.0,340.98,On-Time
CC3182,Jessica Davis,Riverside,Business,Silver,657,2024-08-01,8000,6872.58,343.63,676.36,Late
CC3183,David Jones,Lakeside,Premium,Silver,657,2024-08-01,8000,6835.2,341.76,584.42,On-Time
CC3184,Joseph Anderson,Westfield,Retail,Gold,602,2024-08-01,15000,965.31,48.27,136.38,On-Time
CC3185,Patricia Martinez,Lakeside,Premium,Platinum,659,2024-08-01,25000,1800.15,90.01,191.5,Default
CC3186,Jennifer Rodriguez,Downtown,Business,Business,677,2024-08-01,40000,13406.18,670.31,985.22,On-Time
CC3187,Jennifer Williams,Downtown,Retail,Gold,765,2024-08-01,15000,5609.43,280.47,806.2,On-Time
CC3188,Nancy Miller,Westfield,Business,Gold,756,2024-08-01,15000,9065.78,453.29,559.31,On-Time
CC3189,Patricia Brown,Downtown,Premium,Gold,589,2024-08-01,15000,3207.21,160.36,365.05,On-Time
CC3190,Lisa Rodriguez,Riverside,Retail,Business,751,2024-08-01,40000,16553.35,827.67,1938.57,On-Time
CC3191,Richard Wilson,Uptown,Business,Gold,686,2024-08-01,15000,8721.36,436.07,584.27,On-Time
CC3192,Thomas Williams,Riverside,Business,Gold,744,2024-08-01,15000,1941.5,97.08,253.57,On-Time
CC3193,Matthew Williams,Riverside,Premium,Platinum,662,2024-08-01,25000,21305.88,1065.29,1243.94,On-Time
CC3194,Richard Taylor,Westfield,Retail,Silver,686,2024-08-01,8000,3691.09,184.55,268.15,Late
CC3195,Jennifer Miller,Westfield,Retail,Silver,627,2024-08-01,8000,3927.13,196.36,187.88,On-Time
CC3196,John Wilson,Downtown,Business,Silver,656,2024-08-01,8000,897.4,44.87,126.59,On-Time
CC3197,Jessica Williams,Westfield,Premium,Silver,639,2024-08-01,8000,5624.67,281.23,577.66,On-Time
CC3198,Karen Hernandez,Lakeside,Premium,Platinum,702,2024-08-01,25000,1482.79,74.14,208.59,On-Time
CC3199,William Davis,Riverside,Premium,Silver,763,2024-08-01,8000,4958.17,247.91,635.09,On-Time
CC3200,Richard Thomas,Lakeside,Premium,Gold,819,2024-08-01,15000,7956.65,397.83,488.55,On-Time
CC3201,Betty Martinez,Westfield,Business,Gold,691,2024-08-01,15000,4596.13,229.81,462.05,On-Time
CC3202,Jessica Jones,Uptown,Premium,Platinum,681,2024-08-01,25000,1542.11,77.11,119.04,On-Time
CC3203,Sarah Johnson,Lakeside,Retail,Gold,591,2024-08-01,15000,10348.26,517.41,1036.31,Default
CC3204,Patricia Thomas,Westfield,Retail,Gold,583,2024-08-01,15000,2479.62,123.98,348.37,On-Time
CC3205,Richard Rodriguez,Uptown,Retail,Silver,627,2024-08-01,8000,7589.6,379.48,500.97,On-Time
CC3206,Elizabeth Smith,Downtown,Premium,Gold,697,2024-08-01,15000,9868.28,493.41,1140.81,Default
CC3207,Joseph Anderson,Uptown,Retail,Silver,769,2024-08-01,8000,6001.2,300.06,384.67,On-Time
CC3208,Jessica Hernandez,Uptown,Premium,Gold,807,2024-08-01,15000,4647.22,232.36,641.88,Late
CC3209,Patricia Rodriguez,Downtown,Premium,Silver,642,2024-08-01,8000,2576.9,128.84,214.68,On-Time
CC3210,Nancy Rodriguez,Downtown,Business,Platinum,777,2024-08-01,25000,10195.18,509.76,1431.89,On-Time
CC3211,Joseph Anderson,Westfield,Premium,Business,780,2024-08-01,40000,36110.34,1805.52,4860.24,On-Time
CC3212,Richard Wilson,Uptown,Business,Gold,752,2024-08-01,15000,8055.83,402.79,1090.1,Late
CC3213,Daniel Martinez,Uptown,Premium,Platinum,693,2024-08-01,25000,7417.51,370.88,923.89,On-Time
CC3214,Lisa Lopez,Lakeside,Retail,Silver,771,2024-08-01,8000,6099.87,304.99,652.39,On-Time
CC3215,David Smith,Riverside,Premium,Gold,655,2024-08-01,15000,11971.59,598.58,708.79,Late
CC3216,Karen Garcia,Westfield,Retail,Silver,786,2024-08-01,8000,4767.23,238.36,569.36,On-Time
CC3217,Sarah Thomas,Uptown,Premium,Silver,635,2024-08-01,8000,7128.5,356.43,372.42,On-Time
CC3218,Lisa Jones,Lakeside,Retail,Platinum,700,2024-08-01,25000,14911.44,745.57,921.35,On-Time
CC3219,Daniel Wilson,Downtown,Retail,Silver,769,2024-08-01,8000,4252.46,212.62,410.93,On-Time
CC3220,James Hernandez,Riverside,Premium,Silver,611,2024-08-01,8000,3801.52,190.08,205.06,On-Time
CC3221,Betty Miller,Westfield,Premium,Platinum,626,2024-08-01,25000,11568.91,578.45,1575.37,Late
CC3222,Daniel Thomas,Downtown,Premium,Business,778,2024-08-01,40000,32190.97,1609.55,2419.79,On-Time
CC3223,Lisa Wilson,Riverside,Business,Platinum,582,2024-08-01,25000,10298.99,514.95,1493.63,On-Time
CC3224,Lisa Lopez,Westfield,Retail,Gold,760,2024-08-01,15000,5107.04,255.35,204.76,On-Time
CC3225,Karen Wilson,Riverside,Retail,Platinum,768,2024-08-01,25000,14683.41,734.17,1441.95,On-Time
CC3226,Elizabeth Hernandez,Lakeside,Premium,Gold,666,2024-08-01,15000,10705.33,535.27,980.84,On-Time
CC3227,Daniel Taylor,Riverside,Retail,Business,651,2024-08-01,40000,30478.47,1523.92,1842.39,On-Time
CC3228,Karen Hernandez,Lakeside,Business,Business,631,2024-08-01,40000,22748.28,1137.41,2923.75,On-Time
CC3229,Karen Davis,Riverside,Premium,Gold,713,2024-08-01,15000,11981.43,599.07,961.51,Late
CC3230,Betty Williams,Westfield,Premium,Silver,761,2024-08-01,8000,3035.29,151.76,245.58,On-Time
CC3231,Richard Jones,Uptown,Premium,Gold,780,2024-08-01,15000,13213.97,660.7,1624.17,On-Time
CC3232,David Hernandez,Uptown,Retail,Business,741,2024-08-01,40000,14717.09,735.85,1655.97,On-Time
CC3233,Jennifer Lopez,Riverside,Retail,Platinum,719,2024-08-01,25000,3350.12,167.51,483.36,On-Time
CC3234,Linda Smith,Riverside,Retail,Platinum,790,2024-08-01,25000,15419.43,770.97,903.42,On-Time
CC3235,Joseph Thomas,Lakeside,Retail,Platinum,749,2024-08-01,25000,22287.91,1114.4,2747.66,On-Time
CC3236,Patricia Williams,Lakeside,Business,Silver,761,2024-08-01,8000,2453.35,122.67,268.02,On-Time
CC3237,Michael Rodriguez,Uptown,Premium,Business,810,2024-08-01,40000,25952.33,1297.62,2151.47,On-Time
CC3238,Charles Taylor,Riverside,Retail,Gold,751,2024-08-01,15000,13338.06,666.9,1236.92,On-Time
CC3239,Thomas Garcia,Westfield,Retail,Platinum,717,2024-08-01,25000,8086.65,404.33,762.07,On-Time
CC3240,James Taylor,Westfield,Retail,Business,673,2024-08-01,40000,36683.03,1834.15,2167.0,On-Time
CC3241,David Williams,Riverside,Business,Silver,777,2024-08-01,8000,4720.3,236.02,483.46,Late
CC3242,Thomas Thomas,Westfield,Retail,Business,638,2024-08-01,40000,34344.54,1717.23,4171.12,Default
CC3243,Charles Taylor,Westfield,Business,Business,718,2024-08-01,40000,3268.33,163.42,411.69,On-Time
CC3244,Linda Anderson,Lakeside,Business,Silver,718,2024-08-01,8000,5389.21,269.46,570.64,On-Time
CC3245,Nancy Davis,Riverside,Retail,Platinum,820,2024-08-01,25000,13471.6,673.58,1607.59,Late
CC3246,Joseph Davis,Lakeside,Business,Silver,675,2024-08-01,8000,4291.03,214.55,257.2,Default
CC3247,Matthew Taylor,Uptown,Premium,Gold,659,2024-08-01,15000,7536.77,376.84,465.93,On-Time
CC3248,Michael Rodriguez,Lakeside,Premium,Gold,807,2024-08-01,15000,6340.57,317.03,466.78,On-Time
CC3249,Matthew Thomas,Downtown,Retail,Silver,770,2024-08-01,8000,1288.64,64.43,125.33,On-Time
CC3250,Joseph Johnson,Lakeside,Retail,Business,815,2024-08-01,40000,31810.39,1590.52,2574.61,On-Time
CC3251,Linda Brown,Westfield,Premium,Silver,755,2024-08-01,8000,1647.97,82.4,165.68,On-Time
CC3252,Karen Lopez,Uptown,Premium,Gold,798,2024-08-01,15000,7406.16,370.31,921.93,Late
CC3253,Joseph Smith,Westfield,Retail,Silver,784,2024-08-01,8000,3750.99,187.55,176.26,On-Time
CC3254,Charles Thomas,Uptown,Premium,Platinum,588,2024-08-01,25000,1442.24,72.11,88.68,On-Time
CC3255,Susan Taylor,Westfield,Retail,Platinum,593,2024-08-01,25000,12106.81,605.34,543.7,On-Time
CC3256,Sarah Johnson,Riverside,Premium,Gold,697,2024-08-01,15000,5811.04,290.55,687.88,On-Time
CC3257,Lisa Johnson,Westfield,Premium,Business,718,2024-08-01,40000,16682.87,834.14,2401.17,On-Time
CC3258,Richard Garcia,Lakeside,Premium,Platinum,592,2024-08-01,25000,9776.44,488.82,436.75,On-Time
CC3259,Elizabeth Garcia,Uptown,Premium,Silver,774,2024-08-01,8000,2316.79,115.84,124.71,Late
CC3260,John Garcia,Downtown,Retail,Platinum,637,2024-08-01,25000,14235.15,711.76,1931.62,Late
CC3261,Joseph Wilson,Lakeside,Retail,Gold,582,2024-08-01,15000,1909.44,95.47,197.67,Late
CC3262,Lisa Davis,Uptown,Business,Silver,815,2024-08-01,8000,6727.03,336.35,287.11,On-Time
CC3263,James Lopez,Riverside,Business,Business,666,2024-08-01,40000,32925.13,1646.26,3519.11,Late
CC3264,Charles Rodriguez,Uptown,Retail,Silver,710,2024-08-01,8000,590.98,29.55,63.26,On-Time
CC3265,Thomas Rodriguez,Uptown,Business,Business,777,2024-08-01,40000,28516.82,1425.84,3160.77,On-Time
CC3266,Jessica Jones,Riverside,Premium,Business,747,2024-08-01,40000,19020.76,951.04,1892.19,On-Time
CC3267,David Brown,Westfield,Business,Silver,650,2024-08-01,8000,1213.07,60.65,135.54,On-Time
CC3268,James Williams,Uptown,Business,Platinum,808,2024-08-01,25000,5061.48,253.07,717.41,On-Time
CC3269,Charles Thomas,Lakeside,Premium,Business,604,2024-08-01,40000,8048.89,402.44,496.14,Late
CC3270,Daniel Rodriguez,Uptown,Business,Business,673,2024-08-01,40000,10772.63,538.63,1244.83,On-Time
CC3271,Charles Brown,Uptown,Premium,Platinum,636,2024-08-01,25000,2882.77,144.14,127.43,Late
CC3272,Thomas Garcia,Lakeside,Business,Platinum,646,2024-08-01,25000,23517.75,1175.89,3277.01,Late
CC3273,Karen Johnson,Lakeside,Premium,Gold,630,2024-08-01,15000,10797.07,539.85,1500.26,On-Time
CC3274,Sarah Taylor,Riverside,Retail,Silver,718,2024-08-01,8000,3960.95,198.05,534.97,Late
CC3275,Thomas Rodriguez,Uptown,Premium,Gold,806,2024-08-01,15000,9617.02,480.85,691.03,On-Time
CC3276,Elizabeth Hernandez,Downtown,Premium,Platinum,809,2024-08-01,25000,12954.56,647.73,570.55,On-Time
CC3277,Jennifer Thomas,Uptown,Business,Platinum,747,2024-08-01,25000,12608.66,630.43,1255.71,On-Time
CC3278,Michael Jones,Westfield,Premium,Platinum,718,2024-08-01,25000,10899.08,544.95,845.69,Late
CC3279,William Lopez,Lakeside,Business,Silver,727,2024-08-01,8000,2166.58,108.33,260.71,Late
CC3280,Mary Thomas,Westfield,Retail,Business,647,2024-08-01,40000,36930.09,1846.5,5134.9,On-Time
CC3281,Sarah Miller,Downtown,Business,Business,635,2024-08-01,40000,14056.22,702.81,2100.94,Late
CC3282,Lisa Rodriguez,Lakeside,Retail,Platinum,735,2024-08-01,25000,4965.06,248.25,573.85,On-Time
CC3283,James Thomas,Uptown,Retail,Gold,756,2024-08-01,15000,3364.04,168.2,419.37,On-Time
CC3284,Elizabeth Hernandez,Uptown,Business,Gold,600,2024-08-01,15000,12357.45,617.87,1506.35,On-Time
CC3285,Karen Martinez,Uptown,Business,Business,611,2024-08-01,40000,20959.28,1047.96,2306.01,On-Time
CC3286,John Wilson,Lakeside,Business,Platinum,727,2024-08-01,25000,7052.97,352.65,1039.32,Late
CC3287,Karen Rodriguez,Westfield,Retail,Platinum,721,2024-08-01,25000,12381.92,619.1,653.83,On-Time
CC3288,John Garcia,Westfield,Retail,Business,613,2024-08-01,40000,25121.38,1256.07,3109.31,Late
CC3289,Sarah Brown,Riverside,Retail,Platinum,756,2024-08-01,25000,4479.18,223.96,236.57,On-Time
CC3290,Karen Thomas,Riverside,Premium,Business,595,2024-08-01,40000,23178.22,1158.91,1960.94,On-Time
CC3291,Thomas Anderson,Uptown,Retail,Silver,699,2024-08-01,8000,4857.6,242.88,603.51,On-Time
CC3292,Mary Rodriguez,Uptown,Business,Gold,753,2024-08-01,15000,6543.03,327.15,329.57,On-Time
CC3293,Mary Hernandez,Downtown,Retail,Silver,765,2024-08-01,8000,2177.2,108.86,120.49,On-Time
CC3294,David Anderson,Downtown,Premium,Platinum,773,2024-08-01,25000,5752.87,287.64,691.91,Late
CC3295,Karen Smith,Downtown,Business,Gold,637,2024-08-01,15000,12078.56,603.93,1297.7,On-Time
CC3296,Mary Thomas,Westfield,Premium,Silver,787,2024-08-01,8000,3951.21,197.56,217.54,Late
CC3297,Joseph Smith,Westfield,Premium,Platinum,662,2024-08-01,25000,5755.36,287.77,667.84,On-Time
CC3298,Sarah Miller,Downtown,Retail,Platinum,760,2024-08-01,25000,17475.84,873.79,1487.15,On-Time
CC3299,David Rodriguez,Westfield,Retail,Business,696,2024-08-01,40000,23345.21,1167.26,1931.67,On-Time
CC3300,Elizabeth Smith,Westfield,Retail,Business,640,2024-08-01,40000,34240.87,1712.04,2930.74,On-Time
CC3001,Michael Hernandez,Uptown,Business,Business,583,2024-09-01,40000,26006.7,1300.34,2557.4,On-Time
CC3002,William Thomas,Uptown,Retail,Platinum,611,2024-09-01,25000,3145.17,157.26,303.3,On-Time
CC3003,Nancy Garcia,Riverside,Premium,Gold,662,2024-09-01,15000,2952.07,147.6,187.75,On-Time
CC3004,John Martinez,Uptown,Retail,Business,698,2024-09-01,40000,6874.18,343.71,496.93,On-Time
CC3005,Mary Jones,Uptown,Premium,Silver,805,2024-09-01,8000,5846.05,292.3,440.07,On-Time
CC3006,Linda Garcia,Downtown,Retail,Gold,745,2024-09-01,15000,10877.65,543.88,1428.32,On-Time
CC3007,Thomas Smith,Riverside,Business,Business,676,2024-09-01,40000,21727.36,1086.37,2763.27,Late
CC3008,Sarah Williams,Riverside,Retail,Business,677,2024-09-01,40000,33388.3,1669.42,3963.44,On-Time
CC3009,John Jones,Riverside,Premium,Platinum,763,2024-09-01,25000,1297.4,64.87,57.66,On-Time
CC3010,John Brown,Lakeside,Business,Platinum,601,2024-09-01,25000,15691.82,784.59,841.56,Default
CC3011,Elizabeth Hernandez,Uptown,Premium,Business,673,2024-09-01,40000,33524.2,1676.21,3070.48,On-Time
CC3012,Joseph Lopez,Lakeside,Premium,Platinum,734,2024-09-01,25000,3138.2,156.91,132.0,On-Time
CC3013,Jennifer Lopez,Westfield,Business,Business,689,2024-09-01,40000,13515.73,675.79,564.38,On-Time
CC3014,Jessica Taylor,Downtown,Business,Silver,656,2024-09-01,8000,1175.05,58.75,107.73,Default
CC3015,Linda Anderson,Westfield,Retail,Business,593,2024-09-01,40000,16972.53,848.63,2220.77,Late
CC3016,Linda Thomas,Westfield,Retail,Silver,722,2024-09-01,8000,2274.64,113.73,182.4,On-Time
CC3017,Betty Martinez,Uptown,Retail,Platinum,670,2024-09-01,25000,9947.86,497.39,868.85,On-Time
CC3018,Lisa Davis,Downtown,Premium,Gold,700,2024-09-01,15000,12839.29,641.96,1889.79,On-Time
CC3019,Daniel Wilson,Downtown,Business,Gold,711,2024-09-01,15000,806.48,40.32,57.4,On-Time
CC3020,Betty Taylor,Westfield,Business,Gold,737,2024-09-01,15000,7941.01,397.05,432.69,On-Time
CC3021,Robert Martinez,Lakeside,Business,Silver,814,2024-09-01,8000,6468.46,323.42,950.19,Default
CC3022,Michael Rodriguez,Downtown,Retail,Business,802,2024-09-01,40000,21449.43,1072.47,1597.4,On-Time
CC3023,Jennifer Miller,Riverside,Business,Silver,774,2024-09-01,8000,1312.38,65.62,117.32,On-Time
CC3024,Sarah Wilson,Lakeside,Business,Gold,790,2024-09-01,15000,10923.71,546.19,1227.36,On-Time
CC3025,Linda Johnson,Westfield,Premium,Business,660,2024-09-01,40000,7633.53,381.68,1132.93,On-Time
CC3026,Susan Lopez,Riverside,Premium,Business,756,2024-09-01,40000,28426.84,1421.34,2438.65,On-Time
CC3027,Karen Hernandez,Lakeside,Premium,Business,620,2024-09-01,40000,5342.42,267.12,451.18,On-Time
CC3028,Michael Lopez,Uptown,Business,Silver,657,2024-09-01,8000,3710.02,185.5,194.66,On-Time
CC3029,William Anderson,Lakeside,Business,Business,754,2024-09-01,40000,28483.56,1424.18,3018.14,Late
CC3030,Michael Smith,Westfield,Retail,Business,584,2024-09-01,40000,30194.4,1509.72,2561.43,On-Time
CC3031,Patricia Thomas,Riverside,Business,Gold,657,2024-09-01,15000,4490.97,224.55,668.22,On-Time
CC3032,William Thomas,Uptown,Premium,Gold,744,2024-09-01,15000,12018.46,600.92,1613.37,On-Time
CC3033,Michael Garcia,Westfield,Retail,Gold,767,2024-09-01,15000,5466.1,273.31,219.07,Late
CC3034,Lisa Johnson,Downtown,Premium,Silver,623,2024-09-01,8000,5784.21,289.21,511.56,On-Time
CC3035,Linda Hernandez,Lakeside,Business,Platinum,738,2024-09-01,25000,2849.91,142.5,357.75,On-Time
CC3036,David Martinez,Uptown,Premium,Business,678,2024-09-01,40000,6763.75,338.19,851.12,Late
CC3037,James Martinez,Lakeside,Retail,Business,778,2024-09-01,40000,11096.13,554.81,626.66,On-Time
CC3038,Robert Wilson,Downtown,Business,Gold,596,2024-09-01,15000,12652.21,632.61,947.09,On-Time
CC3039,William Johnson,Uptown,Business,Gold,782,2024-09-01,15000,4006.07,200.3,249.75,On-Time
CC3040,Jessica Thomas,Riverside,Premium,Silver,610,2024-09-01,8000,5262.23,263.11,487.84,On-Time
CC3041,Patricia Anderson,Westfield,Business,Gold,790,2024-09-01,15000,5215.89,260.79,553.03,On-Time
CC3042,Elizabeth Wilson,Westfield,Premium,Gold,802,2024-09-01,15000,11162.06,558.1,1072.98,On-Time
CC3043,Patricia Garcia,Westfield,Business,Silver,697,2024-09-01,8000,6578.45,328.92,685.38,Default
CC3044,Nancy Hernandez,Westfield,Retail,Gold,675,2024-09-01,15000,10623.68,531.18,628.19,Late
CC3045,Thomas Garcia,Riverside,Retail,Gold,678,2024-09-01,15000,1239.61,61.98,93.58,On-Time
CC3046,Jessica Brown,Westfield,Retail,Gold,693,2024-09-01,15000,7814.21,390.71,692.5,On-Time
CC3047,Lisa Martinez,Lakeside,Premium,Silver,674,2024-09-01,8000,3191.58,159.58,170.27,On-Time
CC3048,Matthew Taylor,Uptown,Premium,Platinum,583,2024-09-01,25000,8765.79,438.29,640.66,On-Time
CC3049,William Martinez,Lakeside,Premium,Silver,719,2024-09-01,8000,5297.24,264.86,652.5,Late
CC3050,Elizabeth Smith,Westfield,Premium,Silver,692,2024-09-01,8000,618.61,30.93,75.24,On-Time
CC3051,Charles Garcia,Uptown,Premium,Silver,588,2024-09-01,8000,7251.64,362.58,835.73,On-Time
CC3052,Elizabeth Thomas,Downtown,Premium,Platinum,723,2024-09-01,25000,14057.6,702.88,1739.08,Late
CC3053,John Brown,Lakeside,Premium,Gold,688,2024-09-01,15000,11974.68,598.73,1707.41,Default
CC3054,Jennifer Taylor,Uptown,Business,Silver,644,2024-09-01,8000,1271.5,63.58,127.67,On-Time
CC3055,Linda Taylor,Uptown,Retail,Silver,810,2024-09-01,8000,2170.84,108.54,133.57,On-Time
CC3056,David Rodriguez,Westfield,Premium,Business,598,2024-09-01,40000,9476.96,473.85,473.62,On-Time
CC3057,Robert Garcia,Westfield,Business,Gold,668,2024-09-01,15000,10327.68,516.38,861.39,On-Time
CC3058,Sarah Lopez,Riverside,Retail,Silver,710,2024-09-01,8000,7190.48,359.52,744.94,On-Time
CC3059,Daniel Davis,Uptown,Business,Platinum,639,2024-09-01,25000,16574.36,828.72,1979.05,On-Time
CC3060,Sarah Thomas,Uptown,Premium,Business,594,2024-09-01,40000,28079.81,1403.99,2859.04,Late
CC3061,James Taylor,Riverside,Retail,Platinum,748,2024-09-01,25000,1533.88,76.69,190.72,Late
CC3062,Linda Davis,Downtown,Premium,Business,631,2024-09-01,40000,6401.16,320.06,553.55,On-Time
CC3063,Betty Garcia,Riverside,Premium,Gold,770,2024-09-01,15000,14170.37,708.52,1070.33,On-Time
CC3064,Nancy Hernandez,Downtown,Retail,Business,689,2024-09-01,40000,10547.31,527.37,1359.34,On-Time
CC3065,Sarah Hernandez,Lakeside,Business,Business,753,2024-09-01,40000,15646.4,782.32,804.77,On-Time
CC3066,Joseph Davis,Downtown,Retail,Business,715,2024-09-01,40000,18144.62,907.23,986.22,On-Time
CC3067,Jennifer Rodriguez,Riverside,Premium,Business,584,2024-09-01,40000,8497.96,424.9,936.06,On-Time
CC3068,Matthew Miller,Westfield,Premium,Business,722,2024-09-01,40000,30929.2,1546.46,1827.67,On-Time
CC3069,Sarah Martinez,Downtown,Premium,Silver,730,2024-09-01,8000,645.65,32.28,32.09,On-Time
CC3070,Nancy Anderson,Uptown,Premium,Gold,758,2024-09-01,15000,9525.62,476.28,1359.12,On-Time
CC3071,Richard Rodriguez,Uptown,Business,Business,738,2024-09-01,40000,3045.62,152.28,273.64,On-Time
CC3072,Karen Johnson,Uptown,Business,Silver,641,2024-09-01,8000,830.5,41.53,49.95,On-Time
CC3073,Mary Martinez,Riverside,Retail,Business,747,2024-09-01,40000,20698.49,1034.92,1045.07,Late
CC3074,Daniel Davis,Downtown,Premium,Gold,672,2024-09-01,15000,6736.64,336.83,498.0,On-Time
CC3075,James Davis,Riverside,Retail,Silver,777,2024-09-01,8000,2177.25,108.86,99.45,Late
CC3076,Daniel Garcia,Lakeside,Premium,Gold,622,2024-09-01,15000,12165.86,608.29,938.18,On-Time
CC3077,Linda Brown,Downtown,Retail,Gold,717,2024-09-01,15000,3934.03,196.7,534.96,Default
CC3078,William Jones,Uptown,Retail,Silver,777,2024-09-01,8000,3366.14,168.31,390.9,On-Time
CC3079,John Johnson,Riverside,Business,Business,628,2024-09-01,40000,31195.27,1559.76,3083.9,On-Time
CC3080,Jessica Smith,Westfield,Business,Platinum,783,2024-09-01,25000,23128.45,1156.42,3428.51,On-Time
CC3081,Karen Garcia,Riverside,Retail,Silver,699,2024-09-01,8000,2663.0,133.15,276.85,Late
CC3082,James Rodriguez,Downtown,Premium,Gold,586,2024-09-01,15000,12741.37,637.07,1081.73,On-Time
CC3083,Betty Thomas,Riverside,Retail,Silver,786,2024-09-01,8000,4832.05,241.6,569.77,Default
CC3084,Matthew Brown,Downtown,Premium,Gold,815,2024-09-01,15000,1354.89,67.74,141.5,Late
CC3085,William Taylor,Westfield,Business,Gold,671,2024-09-01,15000,11578.38,578.92,1156.43,On-Time
CC3086,Jessica Williams,Riverside,Premium,Platinum,789,2024-09-01,25000,15340.75,767.04,885.22,On-Time
CC3087,Betty Jones,Downtown,Business,Business,815,2024-09-01,40000,18745.89,937.29,1163.61,On-Time
CC3088,Joseph Anderson,Downtown,Business,Silver,642,2024-09-01,8000,5448.59,272.43,574.3,On-Time
CC3089,Susan Rodriguez,Downtown,Business,Business,637,2024-09-01,40000,29907.01,1495.35,3590.07,On-Time
CC3090,Joseph Brown,Lakeside,Premium,Platinum,791,2024-09-01,25000,7202.45,360.12,1075.99,Late
CC3091,Sarah Jones,Downtown,Retail,Silver,782,2024-09-01,8000,5983.01,299.15,722.26,On-Time
CC3092,James Lopez,Lakeside,Retail,Platinum,618,2024-09-01,25000,2991.72,149.59,283.04,Late
CC3093,Linda Rodriguez,Uptown,Premium,Gold,659,2024-09-01,15000,4454.44,222.72,581.35,Default
CC3094,Joseph Martinez,Lakeside,Retail,Business,783,2024-09-01,40000,6776.54,338.83,663.17,Late
CC3095,Jessica Taylor,Downtown,Premium,Business,618,2024-09-01,40000,34708.28,1735.41,5109.33,Late
CC3096,Charles Brown,Riverside,Premium,Business,650,2024-09-01,40000,37934.07,1896.7,1798.43,On-Time
CC3097,Nancy Thomas,Downtown,Business,Silver,813,2024-09-01,8000,1483.63,74.18,94.68,On-Time
CC3098,Elizabeth Davis,Riverside,Premium,Platinum,707,2024-09-01,25000,4391.21,219.56,229.05,Late
CC3099,Jessica Garcia,Lakeside,Premium,Silver,681,2024-09-01,8000,6996.36,349.82,397.38,On-Time
CC3100,Elizabeth Smith,Riverside,Retail,Silver,744,2024-09-01,8000,1100.46,55.02,135.5,On-Time
CC3101,Michael Lopez,Riverside,Premium,Platinum,730,2024-09-01,25000,10369.7,518.49,817.77,Default
CC3102,Betty Anderson,Riverside,Premium,Silver,664,2024-09-01,8000,7245.9,362.3,449.1,Late
CC3103,Karen Rodriguez,Westfield,Business,Business,610,2024-09-01,40000,8797.89,439.89,492.53,Late
CC3104,Charles Wilson,Downtown,Business,Business,686,2024-09-01,40000,2089.66,104.48,293.39,On-Time
CC3105,Daniel Thomas,Downtown,Premium,Business,793,2024-09-01,40000,6205.45,310.27,749.46,On-Time
CC3106,Nancy Williams,Uptown,Business,Business,672,2024-09-01,40000,28566.19,1428.31,3595.74,On-Time
CC3107,Mary Davis,Westfield,Retail,Silver,786,2024-09-01,8000,3022.8,151.14,204.13,On-Time
CC3108,Susan Davis,Downtown,Retail,Gold,710,2024-09-01,15000,7890.47,394.52,984.04,On-Time
CC3109,Susan Martinez,Downtown,Premium,Gold,803,2024-09-01,15000,5780.42,289.02,665.86,On-Time
CC3110,Linda Jones,Downtown,Retail,Silver,737,2024-09-01,8000,5803.1,290.16,538.75,On-Time
CC3111,Thomas Johnson,Uptown,Business,Platinum,651,2024-09-01,25000,18019.08,900.95,2215.14,On-Time
CC3112,Susan Lopez,Riverside,Premium,Silver,612,2024-09-01,8000,3250.35,162.52,328.44,On-Time
CC3113,Richard Johnson,Riverside,Premium,Silver,683,2024-09-01,8000,4321.63,216.08,602.67,On-Time
CC3114,Patricia Martinez,Lakeside,Business,Platinum,745,2024-09-01,25000,14077.51,703.88,1328.03,On-Time
CC3115,Linda Williams,Downtown,Business,Platinum,815,2024-09-01,25000,19976.18,998.81,2092.35,On-Time
CC3116,Lisa Hernandez,Riverside,Business,Gold,621,2024-09-01,15000,7435.95,371.8,299.67,On-Time
CC3117,Susan Garcia,Uptown,Premium,Silver,613,2024-09-01,8000,5007.79,250.39,629.57,On-Time
CC3118,Karen Wilson,Riverside,Business,Business,722,2024-09-01,40000,23055.23,1152.76,3144.47,On-Time
CC3119,Richard Hernandez,Westfield,Retail,Business,784,2024-09-01,40000,34053.0,1702.65,4141.5,On-Time
CC3120,Matthew Miller,Lakeside,Business,Platinum,804,2024-09-01,25000,4946.55,247.33,442.17,On-Time
CC3121,Matthew Johnson,Lakeside,Retail,Business,768,2024-09-01,40000,11529.96,576.5,1199.91,On-Time
CC3122,Jennifer Williams,Uptown,Premium,Platinum,772,2024-09-01,25000,11943.63,597.18,1697.39,On-Time
CC3123,Thomas Wilson,Westfield,Business,Silver,744,2024-09-01,8000,5025.46,251.27,393.77,On-Time
CC3124,Thomas Jones,Riverside,Retail,Business,780,2024-09-01,40000,14618.61,730.93,1898.15,On-Time
CC3125,David Brown,Riverside,Business,Silver,812,2024-09-01,8000,3579.55,178.98,485.88,On-Time
CC3126,Susan Garcia,Downtown,Premium,Silver,774,2024-09-01,8000,2564.13,128.21,316.68,On-Time
CC3127,Richard Davis,Lakeside,Retail,Business,749,2024-09-01,40000,7861.58,393.08,569.06,Late
CC3128,Betty Davis,Downtown,Premium,Platinum,806,2024-09-01,25000,23678.1,1183.9,2211.54,Late
CC3129,Charles Davis,Uptown,Business,Business,769,2024-09-01,40000,34364.6,1718.23,4012.32,On-Time
CC3130,Jessica Anderson,Uptown,Premium,Silver,702,2024-09-01,8000,3391.63,169.58,324.58,Late
CC3131,Richard Jones,Westfield,Retail,Gold,817,2024-09-01,15000,7539.22,376.96,1016.84,On-Time
CC3132,Mary Brown,Downtown,Retail,Business,712,2024-09-01,40000,27827.78,1391.39,2534.51,On-Time
CC3133,Matthew Johnson,Westfield,Retail,Silver,710,2024-09-01,8000,1169.76,58.49,109.33,On-Time
CC3134,Lisa Martinez,Lakeside,Premium,Business,684,2024-09-01,40000,14411.86,720.59,639.3,On-Time
CC3135,Richard Taylor,Downtown,Retail,Platinum,635,2024-09-01,25000,10596.28,529.81,512.17,On-Time
CC3136,Susan Taylor,Riverside,Business,Silver,590,2024-09-01,8000,2176.36,108.82,291.89,On-Time
CC3137,Lisa Martinez,Downtown,Premium,Platinum,746,2024-09-01,25000,14297.08,714.85,815.61,On-Time
CC3138,William Smith,Riverside,Premium,Platinum,779,2024-09-01,25000,13767.77,688.39,793.52,On-Time
CC3139,Jennifer Thomas,Downtown,Premium,Silver,667,2024-09-01,8000,3985.27,199.26,297.53,On-Time
CC3140,Karen Miller,Uptown,Premium,Business,803,2024-09-01,40000,22815.61,1140.78,1461.59,Late
CC3141,Charles Lopez,Westfield,Retail,Business,665,2024-09-01,40000,29354.27,1467.71,1875.1,Late
CC3142,Charles Anderson,Riverside,Retail,Platinum,696,2024-09-01,25000,4103.41,205.17,521.48,On-Time
CC3143,Jessica Johnson,Westfield,Business,Silver,600,2024-09-01,8000,3143.2,157.16,184.03,On-Time
CC3144,Elizabeth Martinez,Westfield,Retail,Platinum,586,2024-09-01,25000,2325.73,116.29,287.06,On-Time
CC3145,Mary Brown,Uptown,Retail,Platinum,755,2024-09-01,25000,10468.67,523.43,754.43,Late
CC3146,Patricia Hernandez,Lakeside,Business,Business,643,2024-09-01,40000,18429.8,921.49,2719.31,On-Time
CC3147,Susan Taylor,Riverside,Premium,Platinum,587,2024-09-01,25000,22514.38,1125.72,2534.13,On-Time
CC3148,Lisa Brown,Lakeside,Retail,Gold,604,2024-09-01,15000,13678.12,683.91,1730.83,On-Time
CC3149,Linda Anderson,Uptown,Premium,Gold,763,2024-09-01,15000,11079.46,553.97,1234.54,On-Time
CC3150,Joseph Brown,Lakeside,Premium,Business,617,2024-09-01,40000,32989.44,1649.47,4020.7,On-Time
CC3151,Jessica Brown,Westfield,Premium,Platinum,657,2024-09-01,25000,1327.04,66.35,133.73,On-Time
CC3152,William Jones,Uptown,Retail,Business,624,2024-09-01,40000,25892.66,1294.63,2422.25,On-Time
CC3153,Jessica Jones,Westfield,Business,Gold,711,2024-09-01,15000,12681.42,634.07,1722.49,On-Time
CC3154,Patricia Brown,Lakeside,Business,Platinum,791,2024-09-01,25000,18024.72,901.24,858.85,On-Time
CC3155,Daniel Garcia,Westfield,Retail,Platinum,698,2024-09-01,25000,10306.44,515.32,1217.15,Default
CC3156,Lisa Johnson,Uptown,Premium,Business,580,2024-09-01,40000,5342.01,267.1,697.24,On-Time
CC3157,Joseph Brown,Lakeside,Business,Silver,733,2024-09-01,8000,1620.07,81.0,169.99,Late
CC3158,Karen Brown,Lakeside,Premium,Silver,818,2024-09-01,8000,3412.78,170.64,313.88,Late
CC3159,William Miller,Lakeside,Retail,Platinum,695,2024-09-01,25000,7872.77,393.64,608.94,On-Time
CC3160,David Smith,Downtown,Premium,Gold,691,2024-09-01,15000,13593.01,679.65,1366.73,On-Time
CC3161,Lisa Brown,Westfield,Business,Gold,624,2024-09-01,15000,9451.96,472.6,1177.54,Late
CC3162,Richard Anderson,Lakeside,Retail,Business,808,2024-09-01,40000,19643.25,982.16,2198.23,On-Time
CC3163,Lisa Martinez,Lakeside,Business,Business,715,2024-09-01,40000,4073.5,203.68,493.08,On-Time
CC3164,Lisa Miller,Downtown,Business,Silver,663,2024-09-01,8000,972.04,48.6,85.46,On-Time
CC3165,Jennifer Wilson,Downtown,Retail,Platinum,662,2024-09-01,25000,16214.27,810.71,779.94,Default
CC3166,Daniel Johnson,Riverside,Premium,Silver,613,2024-09-01,8000,5589.03,279.45,442.2,On-Time
CC3167,Nancy Johnson,Uptown,Premium,Gold,627,2024-09-01,15000,2729.97,136.5,113.14,On-Time
CC3168,Jessica Smith,Westfield,Business,Business,626,2024-09-01,40000,7520.28,376.01,888.35,On-Time
CC3169,Betty Hernandez,Uptown,Retail,Business,747,2024-09-01,40000,25916.11,1295.81,1972.58,On-Time
CC3170,Richard Williams,Uptown,Premium,Platinum,793,2024-09-01,25000,15605.04,780.25,1195.19,On-Time
CC3171,Joseph Lopez,Downtown,Business,Business,791,2024-09-01,40000,4568.45,228.42,242.04,On-Time
CC3172,John Davis,Westfield,Premium,Silver,602,2024-09-01,8000,1733.53,86.68,155.43,On-Time
CC3173,Linda Smith,Uptown,Business,Platinum,763,2024-09-01,25000,6037.19,301.86,477.29,Late
CC3174,Daniel Rodriguez,Uptown,Premium,Business,743,2024-09-01,40000,8331.61,416.58,848.13,On-Time
CC3175,Matthew Anderson,Uptown,Premium,Platinum,692,2024-09-01,25000,3720.2,186.01,458.1,On-Time
CC3176,Jessica Garcia,Riverside,Business,Gold,678,2024-09-01,15000,12537.03,626.85,1319.98,On-Time
CC3177,Susan Taylor,Riverside,Premium,Business,596,2024-09-01,40000,32724.47,1636.22,2869.82,On-Time
CC3178,John Johnson,Riverside,Premium,Business,774,2024-09-01,40000,21917.44,1095.87,1092.19,On-Time
CC3179,Michael Wilson,Downtown,Retail,Gold,689,2024-09-01,15000,12006.75,600.34,1102.65,Late
CC3180,Joseph Hernandez,Westfield,Premium,Gold,753,2024-09-01,15000,10858.5,542.93,777.94,On-Time
CC3181,Patricia Johnson,Lakeside,Premium,Silver,625,2024-09-01,8000,3697.01,184.85,536.94,On-Time
CC3182,Jessica Davis,Riverside,Business,Silver,657,2024-09-01,8000,1393.29,69.66,118.32,On-Time
CC3183,David Jones,Lakeside,Premium,Silver,657,2024-09-01,8000,654.25,32.71,81.14,On-Time
CC3184,Joseph Anderson,Westfield,Retail,Gold,602,2024-09-01,15000,1255.42,62.77,157.34,Default
CC3185,Patricia Martinez,Lakeside,Premium,Platinum,659,2024-09-01,25000,1631.27,81.56,223.53,On-Time
CC3186,Jennifer Rodriguez,Downtown,Business,Business,677,2024-09-01,40000,34640.59,1732.03,3104.12,Late
CC3187,Jennifer Williams,Downtown,Retail,Gold,765,2024-09-01,15000,8250.03,412.5,455.2,On-Time
CC3188,Nancy Miller,Westfield,Business,Gold,756,2024-09-01,15000,1847.96,92.4,140.67,On-Time
CC3189,Patricia Brown,Downtown,Premium,Gold,589,2024-09-01,15000,2021.71,101.09,245.82,On-Time
CC3190,Lisa Rodriguez,Riverside,Retail,Business,751,2024-09-01,40000,4752.68,237.63,534.85,On-Time
CC3191,Richard Wilson,Uptown,Business,Gold,686,2024-09-01,15000,13808.7,690.44,956.37,On-Time
CC3192,Thomas Williams,Riverside,Business,Gold,744,2024-09-01,15000,1672.37,83.62,157.17,On-Time
CC3193,Matthew Williams,Riverside,Premium,Platinum,662,2024-09-01,25000,17523.76,876.19,1146.05,On-Time
CC3194,Richard Taylor,Westfield,Retail,Silver,686,2024-09-01,8000,6232.36,311.62,880.81,On-Time
CC3195,Jennifer Miller,Westfield,Retail,Silver,627,2024-09-01,8000,5298.68,264.93,516.2,On-Time
CC3196,John Wilson,Downtown,Business,Silver,656,2024-09-01,8000,7066.09,353.3,881.55,On-Time
CC3197,Jessica Williams,Westfield,Premium,Silver,639,2024-09-01,8000,6243.36,312.17,713.94,On-Time
CC3198,Karen Hernandez,Lakeside,Premium,Platinum,702,2024-09-01,25000,9459.33,472.97,1365.85,On-Time
CC3199,William Davis,Riverside,Premium,Silver,763,2024-09-01,8000,5324.0,266.2,617.82,On-Time
CC3200,Richard Thomas,Lakeside,Premium,Gold,819,2024-09-01,15000,9340.74,467.04,387.25,On-Time
CC3201,Betty Martinez,Westfield,Business,Gold,691,2024-09-01,15000,4649.37,232.47,212.58,Default
CC3202,Jessica Jones,Uptown,Premium,Platinum,681,2024-09-01,25000,20975.08,1048.75,2494.7,On-Time
CC3203,Sarah Johnson,Lakeside,Retail,Gold,591,2024-09-01,15000,1635.5,81.78,223.21,Late
CC3204,Patricia Thomas,Westfield,Retail,Gold,583,2024-09-01,15000,3472.97,173.65,317.79,Late
CC3205,Richard Rodriguez,Uptown,Retail,Silver,627,2024-09-01,8000,5042.44,252.12,226.96,On-Time
CC3206,Elizabeth Smith,Downtown,Premium,Gold,697,2024-09-01,15000,6902.72,345.14,764.55,Late
CC3207,Joseph Anderson,Uptown,Retail,Silver,769,2024-09-01,8000,3055.46,152.77,321.74,On-Time
CC3208,Jessica Hernandez,Uptown,Premium,Gold,807,2024-09-01,15000,13483.67,674.18,1104.93,On-Time
CC3209,Patricia Rodriguez,Downtown,Premium,Silver,642,2024-09-01,8000,2933.39,146.67,356.59,On-Time
CC3210,Nancy Rodriguez,Downtown,Business,Platinum,777,2024-09-01,25000,23505.06,1175.25,1103.79,Default
CC3211,Joseph Anderson,Westfield,Premium,Business,780,2024-09-01,40000,21792.71,1089.64,1815.53,On-Time
CC3212,Richard Wilson,Uptown,Business,Gold,752,2024-09-01,15000,8084.21,404.21,776.97,On-Time
CC3213,Daniel Martinez,Uptown,Premium,Platinum,693,2024-09-01,25000,18632.9,931.65,980.66,Late
CC3214,Lisa Lopez,Lakeside,Retail,Silver,771,2024-09-01,8000,1885.39,94.27,248.7,On-Time
CC3215,David Smith,Riverside,Premium,Gold,655,2024-09-01,15000,5606.26,280.31,468.39,On-Time
CC3216,Karen Garcia,Westfield,Retail,Silver,786,2024-09-01,8000,923.34,46.17,127.71,On-Time
CC3217,Sarah Thomas,Uptown,Premium,Silver,635,2024-09-01,8000,7592.06,379.6,819.3,On-Time
CC3218,Lisa Jones,Lakeside,Retail,Platinum,700,2024-09-01,25000,12400.57,620.03,1176.41,Late
CC3219,Daniel Wilson,Downtown,Retail,Silver,769,2024-09-01,8000,2714.62,135.73,274.32,On-Time
CC3220,James Hernandez,Riverside,Premium,Silver,611,2024-09-01,8000,4077.22,203.86,168.93,On-Time
CC3221,Betty Miller,Westfield,Premium,Platinum,626,2024-09-01,25000,13721.11,686.06,1946.24,Default
CC3222,Daniel Thomas,Downtown,Premium,Business,778,2024-09-01,40000,3206.46,160.32,469.78,On-Time
CC3223,Lisa Wilson,Riverside,Business,Platinum,582,2024-09-01,25000,11065.96,553.3,1020.45,On-Time
CC3224,Lisa Lopez,Westfield,Retail,Gold,760,2024-09-01,15000,4389.18,219.46,191.05,On-Time
CC3225,Karen Wilson,Riverside,Retail,Platinum,768,2024-09-01,25000,22872.39,1143.62,1808.37,On-Time
CC3226,Elizabeth Hernandez,Lakeside,Premium,Gold,666,2024-09-01,15000,9029.07,451.45,1321.3,On-Time
CC3227,Daniel Taylor,Riverside,Retail,Business,651,2024-09-01,40000,27069.07,1353.45,1898.51,On-Time
CC3228,Karen Hernandez,Lakeside,Business,Business,631,2024-09-01,40000,31879.77,1593.99,3517.7,On-Time
CC3229,Karen Davis,Riverside,Premium,Gold,713,2024-09-01,15000,14227.52,711.38,570.05,Late
CC3230,Betty Williams,Westfield,Premium,Silver,761,2024-09-01,8000,7071.72,353.59,745.49,On-Time
CC3231,Richard Jones,Uptown,Premium,Gold,780,2024-09-01,15000,13000.15,650.01,1788.2,Default
CC3232,David Hernandez,Uptown,Retail,Business,741,2024-09-01,40000,9467.05,473.35,487.36,On-Time
CC3233,Jennifer Lopez,Riverside,Retail,Platinum,719,2024-09-01,25000,8481.52,424.08,714.69,On-Time
CC3234,Linda Smith,Riverside,Retail,Platinum,790,2024-09-01,25000,7830.31,391.52,1085.52,On-Time
CC3235,Joseph Thomas,Lakeside,Retail,Platinum,749,2024-09-01,25000,23305.44,1165.27,2859.19,Late
CC3236,Patricia Williams,Lakeside,Business,Silver,761,2024-09-01,8000,777.71,38.89,113.84,On-Time
CC3237,Michael Rodriguez,Uptown,Premium,Business,810,2024-09-01,40000,34306.59,1715.33,2150.93,Default
CC3238,Charles Taylor,Riverside,Retail,Gold,751,2024-09-01,15000,5751.36,287.57,564.38,On-Time
CC3239,Thomas Garcia,Westfield,Retail,Platinum,717,2024-09-01,25000,1360.1,68.0,68.81,Late
CC3240,James Taylor,Westfield,Retail,Business,673,2024-09-01,40000,17529.28,876.46,1940.86,On-Time
CC3241,David Williams,Riverside,Business,Silver,777,2024-09-01,8000,1800.26,90.01,248.26,On-Time
CC3242,Thomas Thomas,Westfield,Retail,Business,638,2024-09-01,40000,24370.4,1218.52,2523.7,On-Time
CC3243,Charles Taylor,Westfield,Business,Business,718,2024-09-01,40000,6266.74,313.34,739.26,Late
CC3244,Linda Anderson,Lakeside,Business,Silver,718,2024-09-01,8000,5038.28,251.91,457.81,On-Time
CC3245,Nancy Davis,Riverside,Retail,Platinum,820,2024-09-01,25000,14952.78,747.64,1232.87,On-Time
CC3246,Joseph Davis,Lakeside,Business,Silver,675,2024-09-01,8000,1752.88,87.64,194.16,On-Time
CC3247,Matthew Taylor,Uptown,Premium,Gold,659,2024-09-01,15000,6769.22,338.46,611.46,On-Time
CC3248,Michael Rodriguez,Lakeside,Premium,Gold,807,2024-09-01,15000,10377.69,518.88,1531.38,Late
CC3249,Matthew Thomas,Downtown,Retail,Silver,770,2024-09-01,8000,6889.1,344.46,612.06,Late
CC3250,Joseph Johnson,Lakeside,Retail,Business,815,2024-09-01,40000,36381.16,1819.06,4540.99,On-Time
CC3251,Linda Brown,Westfield,Premium,Silver,755,2024-09-01,8000,3941.49,197.07,177.19,Late
CC3252,Karen Lopez,Uptown,Premium,Gold,798,2024-09-01,15000,4332.24,216.61,217.58,On-Time
CC3253,Joseph Smith,Westfield,Retail,Silver,784,2024-09-01,8000,6404.46,320.22,790.08,Default
CC3254,Charles Thomas,Uptown,Premium,Platinum,588,2024-09-01,25000,22090.45,1104.52,3292.72,Late
CC3255,Susan Taylor,Westfield,Retail,Platinum,593,2024-09-01,25000,16450.37,822.52,1749.99,Late
CC3256,Sarah Johnson,Riverside,Premium,Gold,697,2024-09-01,15000,11211.06,560.55,747.71,On-Time
CC3257,Lisa Johnson,Westfield,Premium,Business,718,2024-09-01,40000,13477.48,673.87,653.53,On-Time
CC3258,Richard Garcia,Lakeside,Premium,Platinum,592,2024-09-01,25000,8744.43,437.22,506.52,On-Time
CC3259,Elizabeth Garcia,Uptown,Premium,Silver,774,2024-09-01,8000,3643.99,182.2,317.61,On-Time
CC3260,John Garcia,Downtown,Retail,Platinum,637,2024-09-01,25000,7568.32,378.42,429.18,On-Time
CC3261,Joseph Wilson,Lakeside,Retail,Gold,582,2024-09-01,15000,2067.19,103.36,144.76,On-Time
CC3262,Lisa Davis,Uptown,Business,Silver,815,2024-09-01,8000,5447.57,272.38,570.18,Late
CC3263,James Lopez,Riverside,Business,Business,666,2024-09-01,40000,27277.82,1363.89,3247.22,On-Time
CC3264,Charles Rodriguez,Uptown,Retail,Silver,710,2024-09-01,8000,6544.74,327.24,599.62,On-Time
CC3265,Thomas Rodriguez,Uptown,Business,Business,777,2024-09-01,40000,4791.53,239.58,240.02,Late
CC3266,Jessica Jones,Riverside,Premium,Business,747,2024-09-01,40000,10852.87,542.64,1472.36,On-Time
CC3267,David Brown,Westfield,Business,Silver,650,2024-09-01,8000,4576.93,228.85,455.73,On-Time
CC3268,James Williams,Uptown,Business,Platinum,808,2024-09-01,25000,8275.14,413.76,434.69,Late
CC3269,Charles Thomas,Lakeside,Premium,Business,604,2024-09-01,40000,13429.78,671.49,1291.37,On-Time
CC3270,Daniel Rodriguez,Uptown,Business,Business,673,2024-09-01,40000,16487.8,824.39,881.31,On-Time
CC3271,Charles Brown,Uptown,Premium,Platinum,636,2024-09-01,25000,22591.08,1129.55,2866.23,On-Time
CC3272,Thomas Garcia,Lakeside,Business,Platinum,646,2024-09-01,25000,21794.76,1089.74,1830.27,On-Time
CC3273,Karen Johnson,Lakeside,Premium,Gold,630,2024-09-01,15000,2227.02,111.35,198.17,On-Time
CC3274,Sarah Taylor,Riverside,Retail,Silver,718,2024-09-01,8000,2431.28,121.56,163.49,On-Time
CC3275,Thomas Rodriguez,Uptown,Premium,Gold,806,2024-09-01,15000,13659.83,682.99,1815.89,On-Time
CC3276,Elizabeth Hernandez,Downtown,Premium,Platinum,809,2024-09-01,25000,4778.89,238.94,525.85,Late
CC3277,Jennifer Thomas,Uptown,Business,Platinum,747,2024-09-01,25000,17957.63,897.88,1183.01,On-Time
CC3278,Michael Jones,Westfield,Premium,Platinum,718,2024-09-01,25000,5728.13,286.41,234.36,On-Time
CC3279,William Lopez,Lakeside,Business,Silver,727,2024-09-01,8000,7570.93,378.55,741.89,On-Time
CC3280,Mary Thomas,Westfield,Retail,Business,647,2024-09-01,40000,12038.94,601.95,1210.44,On-Time
CC3281,Sarah Miller,Downtown,Business,Business,635,2024-09-01,40000,27856.39,1392.82,2269.51,On-Time
CC3282,Lisa Rodriguez,Lakeside,Retail,Platinum,735,2024-09-01,25000,20453.68,1022.68,861.3,On-Time
CC3283,James Thomas,Uptown,Retail,Gold,756,2024-09-01,15000,13257.39,662.87,566.75,On-Time
CC3284,Elizabeth Hernandez,Uptown,Business,Gold,600,2024-09-01,15000,1849.71,92.49,140.73,On-Time
CC3285,Karen Martinez,Uptown,Business,Business,611,2024-09-01,40000,25067.75,1253.39,2019.85,On-Time
CC3286,John Wilson,Lakeside,Business,Platinum,727,2024-09-01,25000,13086.53,654.33,993.85,On-Time
CC3287,Karen Rodriguez,Westfield,Retail,Platinum,721,2024-09-01,25000,3844.8,192.24,251.51,Default
CC3288,John Garcia,Westfield,Retail,Business,613,2024-09-01,40000,23381.13,1169.06,3049.45,On-Time
CC3289,Sarah Brown,Riverside,Retail,Platinum,756,2024-09-01,25000,13820.24,691.01,1976.19,On-Time
CC3290,Karen Thomas,Riverside,Premium,Business,595,2024-09-01,40000,30213.88,1510.69,3997.31,On-Time
CC3291,Thomas Anderson,Uptown,Retail,Silver,699,2024-09-01,8000,6569.4,328.47,267.79,On-Time
CC3292,Mary Rodriguez,Uptown,Business,Gold,753,2024-09-01,15000,5496.34,274.82,369.27,On-Time
CC3293,Mary Hernandez,Downtown,Retail,Silver,765,2024-09-01,8000,6111.16,305.56,345.02,Late
CC3294,David Anderson,Downtown,Premium,Platinum,773,2024-09-01,25000,6686.61,334.33,892.36,On-Time
CC3295,Karen Smith,Downtown,Business,Gold,637,2024-09-01,15000,7945.78,397.29,1190.94,On-Time
CC3296,Mary Thomas,Westfield,Premium,Silver,787,2024-09-01,8000,5499.74,274.99,310.56,On-Time
CC3297,Joseph Smith,Westfield,Premium,Platinum,662,2024-09-01,25000,23382.37,1169.12,2139.77,On-Time
CC3298,Sarah Miller,Downtown,Retail,Platinum,760,2024-09-01,25000,15359.95,768.0,2006.13,On-Time
CC3299,David Rodriguez,Westfield,Retail,Business,696,2024-09-01,40000,9332.33,466.62,1140.01,On-Time
CC3300,Elizabeth Smith,Westfield,Retail,Business,640,2024-09-01,40000,20724.69,1036.23,2334.36,On-Time
CC3001,Michael Hernandez,Uptown,Business,Business,583,2024-10-01,40000,11857.48,592.87,1507.06,On-Time
CC3002,William Thomas,Uptown,Retail,Platinum,611,2024-10-01,25000,7468.22,373.41,1089.56,On-Time
CC3003,Nancy Garcia,Riverside,Premium,Gold,662,2024-10-01,15000,5650.09,282.5,608.53,On-Time
CC3004,John Martinez,Uptown,Retail,Business,698,2024-10-01,40000,26816.36,1340.82,2872.28,On-Time
CC3005,Mary Jones,Uptown,Premium,Silver,805,2024-10-01,8000,4777.91,238.9,693.14,On-Time
CC3006,Linda Garcia,Downtown,Retail,Gold,745,2024-10-01,15000,8028.03,401.4,619.03,On-Time
CC3007,Thomas Smith,Riverside,Business,Business,676,2024-10-01,40000,21478.19,1073.91,2841.6,On-Time
CC3008,Sarah Williams,Riverside,Retail,Business,677,2024-10-01,40000,29638.59,1481.93,3817.46,On-Time
CC3009,John Jones,Riverside,Premium,Platinum,763,2024-10-01,25000,8513.87,425.69,501.17,On-Time
CC3010,John Brown,Lakeside,Business,Platinum,601,2024-10-01,25000,12655.17,632.76,1104.2,On-Time
CC3011,Elizabeth Hernandez,Uptown,Premium,Business,673,2024-10-01,40000,25828.56,1291.43,3097.95,On-Time
CC3012,Joseph Lopez,Lakeside,Premium,Platinum,734,2024-10-01,25000,21427.56,1071.38,1556.54,On-Time
CC3013,Jennifer Lopez,Westfield,Business,Business,689,2024-10-01,40000,2925.05,146.25,257.46,Late
CC3014,Jessica Taylor,Downtown,Business,Silver,656,2024-10-01,8000,5519.98,276.0,741.54,On-Time
CC3015,Linda Anderson,Westfield,Retail,Business,593,2024-10-01,40000,19564.68,978.23,1068.86,On-Time
CC3016,Linda Thomas,Westfield,Retail,Silver,722,2024-10-01,8000,6308.82,315.44,295.02,On-Time
CC3017,Betty Martinez,Uptown,Retail,Platinum,670,2024-10-01,25000,5396.03,269.8,618.49,Late
CC3018,Lisa Davis,Downtown,Premium,Gold,700,2024-10-01,15000,999.12,49.96,95.16,Late
CC3019,Daniel Wilson,Downtown,Business,Gold,711,2024-10-01,15000,3069.67,153.48,247.63,On-Time
CC3020,Betty Taylor,Westfield,Business,Gold,737,2024-10-01,15000,2410.29,120.51,138.41,On-Time
CC3021,Robert Martinez,Lakeside,Business,Silver,814,2024-10-01,8000,3602.48,180.12,398.77,On-Time
CC3022,Michael Rodriguez,Downtown,Retail,Business,802,2024-10-01,40000,14011.72,700.59,1078.79,Late
CC3023,Jennifer Miller,Riverside,Business,Silver,774,2024-10-01,8000,2437.36,121.87,195.72,On-Time
CC3024,Sarah Wilson,Lakeside,Business,Gold,790,2024-10-01,15000,13995.19,699.76,1423.62,On-Time
CC3025,Linda Johnson,Westfield,Premium,Business,660,2024-10-01,40000,8351.13,417.56,779.06,On-Time
CC3026,Susan Lopez,Riverside,Premium,Business,756,2024-10-01,40000,21570.7,1078.54,3053.75,On-Time
CC3027,Karen Hernandez,Lakeside,Premium,Business,620,2024-10-01,40000,22156.44,1107.82,2340.97,On-Time
CC3028,Michael Lopez,Uptown,Business,Silver,657,2024-10-01,8000,5156.59,257.83,218.63,On-Time
CC3029,William Anderson,Lakeside,Business,Business,754,2024-10-01,40000,19012.39,950.62,1528.34,On-Time
CC3030,Michael Smith,Westfield,Retail,Business,584,2024-10-01,40000,24005.82,1200.29,2557.34,On-Time
CC3031,Patricia Thomas,Riverside,Business,Gold,657,2024-10-01,15000,2193.35,109.67,321.65,On-Time
CC3032,William Thomas,Uptown,Premium,Gold,744,2024-10-01,15000,9438.65,471.93,786.48,On-Time
CC3033,Michael Garcia,Westfield,Retail,Gold,767,2024-10-01,15000,11475.71,573.79,633.17,Late
CC3034,Lisa Johnson,Downtown,Premium,Silver,623,2024-10-01,8000,6056.72,302.84,902.72,On-Time
CC3035,Linda Hernandez,Lakeside,Business,Platinum,738,2024-10-01,25000,5451.65,272.58,661.32,Late
CC3036,David Martinez,Uptown,Premium,Business,678,2024-10-01,40000,17062.02,853.1,1962.98,On-Time
CC3037,James Martinez,Lakeside,Retail,Business,778,2024-10-01,40000,33392.49,1669.62,2613.37,Late
CC3038,Robert Wilson,Downtown,Business,Gold,596,2024-10-01,15000,7461.63,373.08,890.86,Late
CC3039,William Johnson,Uptown,Business,Gold,782,2024-10-01,15000,6230.26,311.51,495.25,On-Time
CC3040,Jessica Thomas,Riverside,Premium,Silver,610,2024-10-01,8000,2249.14,112.46,313.24,On-Time
CC3041,Patricia Anderson,Westfield,Business,Gold,790,2024-10-01,15000,1911.1,95.56,130.01,On-Time
CC3042,Elizabeth Wilson,Westfield,Premium,Gold,802,2024-10-01,15000,11847.82,592.39,478.55,On-Time
CC3043,Patricia Garcia,Westfield,Business,Silver,697,2024-10-01,8000,6485.99,324.3,283.51,On-Time
CC3044,Nancy Hernandez,Westfield,Retail,Gold,675,2024-10-01,15000,5680.74,284.04,701.12,Late
CC3045,Thomas Garcia,Riverside,Retail,Gold,678,2024-10-01,15000,2681.81,134.09,396.76,Late
CC3046,Jessica Brown,Westfield,Retail,Gold,693,2024-10-01,15000,12194.0,609.7,1623.77,On-Time
CC3047,Lisa Martinez,Lakeside,Premium,Silver,674,2024-10-01,8000,4771.57,238.58,365.19,On-Time
CC3048,Matthew Taylor,Uptown,Premium,Platinum,583,2024-10-01,25000,7712.79,385.64,587.44,On-Time
CC3049,William Martinez,Lakeside,Premium,Silver,719,2024-10-01,8000,2119.0,105.95,92.73,On-Time
CC3050,Elizabeth Smith,Westfield,Premium,Silver,692,2024-10-01,8000,4041.37,202.07,541.93,On-Time
CC3051,Charles Garcia,Uptown,Premium,Silver,588,2024-10-01,8000,2537.9,126.9,116.18,On-Time
CC3052,Elizabeth Thomas,Downtown,Premium,Platinum,723,2024-10-01,25000,22847.72,1142.39,3321.53,On-Time
CC3053,John Brown,Lakeside,Premium,Gold,688,2024-10-01,15000,861.83,43.09,64.73,On-Time
CC3054,Jennifer Taylor,Uptown,Business,Silver,644,2024-10-01,8000,6373.5,318.68,936.95,On-Time
CC3055,Linda Taylor,Uptown,Retail,Silver,810,2024-10-01,8000,2155.59,107.78,196.68,On-Time
CC3056,David Rodriguez,Westfield,Premium,Business,598,2024-10-01,40000,5507.74,275.39,367.83,On-Time
CC3057,Robert Garcia,Westfield,Business,Gold,668,2024-10-01,15000,13213.74,660.69,627.15,Late
CC3058,Sarah Lopez,Riverside,Retail,Silver,710,2024-10-01,8000,2621.03,131.05,384.0,Late
CC3059,Daniel Davis,Uptown,Business,Platinum,639,2024-10-01,25000,20638.95,1031.95,2941.8,Default
CC3060,Sarah Thomas,Uptown,Premium,Business,594,2024-10-01,40000,28654.93,1432.75,2601.71,On-Time
CC3061,James Taylor,Riverside,Retail,Platinum,748,2024-10-01,25000,2355.32,117.77,268.31,On-Time
CC3062,Linda Davis,Downtown,Premium,Business,631,2024-10-01,40000,11178.5,558.93,1232.26,Late
CC3063,Betty Garcia,Riverside,Premium,Gold,770,2024-10-01,15000,10621.86,531.09,1044.85,On-Time
CC3064,Nancy Hernandez,Downtown,Retail,Business,689,2024-10-01,40000,2025.68,101.28,215.85,On-Time
CC3065,Sarah Hernandez,Lakeside,Business,Business,753,2024-10-01,40000,29520.27,1476.01,2218.01,Late
CC3066,Joseph Davis,Downtown,Retail,Business,715,2024-10-01,40000,26875.72,1343.79,2398.85,On-Time
CC3067,Jennifer Rodriguez,Riverside,Premium,Business,584,2024-10-01,40000,37275.94,1863.8,3889.91,On-Time
CC3068,Matthew Miller,Westfield,Premium,Business,722,2024-10-01,40000,12372.04,618.6,932.33,On-Time
CC3069,Sarah Martinez,Downtown,Premium,Silver,730,2024-10-01,8000,816.95,40.85,107.27,On-Time
CC3070,Nancy Anderson,Uptown,Premium,Gold,758,2024-10-01,15000,13658.94,682.95,1644.1,On-Time
CC3071,Richard Rodriguez,Uptown,Business,Business,738,2024-10-01,40000,33541.22,1677.06,2923.3,Late
CC3072,Karen Johnson,Uptown,Business,Silver,641,2024-10-01,8000,2561.05,128.05,304.0,Late
CC3073,Mary Martinez,Riverside,Retail,Business,747,2024-10-01,40000,19220.39,961.02,1235.43,On-Time
CC3074,Daniel Davis,Downtown,Premium,Gold,672,2024-10-01,15000,11501.74,575.09,709.31,On-Time
CC3075,James Davis,Riverside,Retail,Silver,777,2024-10-01,8000,2507.95,125.4,126.8,Late
CC3076,Daniel Garcia,Lakeside,Premium,Gold,622,2024-10-01,15000,2885.43,144.27,137.37,On-Time
CC3077,Linda Brown,Downtown,Retail,Gold,717,2024-10-01,15000,3894.85,194.74,450.73,On-Time
CC3078,William Jones,Uptown,Retail,Silver,777,2024-10-01,8000,5757.29,287.86,788.24,On-Time
CC3079,John Johnson,Riverside,Business,Business,628,2024-10-01,40000,10076.8,503.84,1159.23,On-Time
CC3080,Jessica Smith,Westfield,Business,Platinum,783,2024-10-01,25000,13230.67,661.53,1311.44,On-Time
CC3081,Karen Garcia,Riverside,Retail,Silver,699,2024-10-01,8000,6748.41,337.42,501.24,On-Time
CC3082,James Rodriguez,Downtown,Premium,Gold,586,2024-10-01,15000,7749.04,387.45,497.71,On-Time
CC3083,Betty Thomas,Riverside,Retail,Silver,786,2024-10-01,8000,3190.68,159.53,329.75,On-Time
CC3084,Matthew Brown,Downtown,Premium,Gold,815,2024-10-01,15000,1566.71,78.34,187.95,On-Time
CC3085,William Taylor,Westfield,Business,Gold,671,2024-10-01,15000,10614.82,530.74,529.95,On-Time
CC3086,Jessica Williams,Riverside,Premium,Platinum,789,2024-10-01,25000,11309.58,565.48,1226.26,On-Time
CC3087,Betty Jones,Downtown,Business,Business,815,2024-10-01,40000,36942.74,1847.14,4194.83,On-Time
CC3088,Joseph Anderson,Downtown,Business,Silver,642,2024-10-01,8000,3923.79,196.19,413.02,On-Time
CC3089,Susan Rodriguez,Downtown,Business,Business,637,2024-10-01,40000,22420.79,1121.04,953.77,On-Time
CC3090,Joseph Brown,Lakeside,Premium,Platinum,791,2024-10-01,25000,12819.97,641.0,936.34,Late
CC3091,Sarah Jones,Downtown,Retail,Silver,782,2024-10-01,8000,4541.77,227.09,572.19,On-Time
CC3092,James Lopez,Lakeside,Retail,Platinum,618,2024-10-01,25000,15266.77,763.34,1828.94,On-Time
CC3093,Linda Rodriguez,Uptown,Premium,Gold,659,2024-10-01,15000,9571.88,478.59,690.04,Default
CC3094,Joseph Martinez,Lakeside,Retail,Business,783,2024-10-01,40000,9910.17,495.51,1007.13,On-Time
CC3095,Jessica Taylor,Downtown,Premium,Business,618,2024-10-01,40000,9806.93,490.35,602.91,Late
CC3096,Charles Brown,Riverside,Premium,Business,650,2024-10-01,40000,12005.71,600.29,900.71,Late
CC3097,Nancy Thomas,Downtown,Business,Silver,813,2024-10-01,8000,3500.6,175.03,442.18,Late
CC3098,Elizabeth Davis,Riverside,Premium,Platinum,707,2024-10-01,25000,19902.47,995.12,2429.3,On-Time
CC3099,Jessica Garcia,Lakeside,Premium,Silver,681,2024-10-01,8000,7231.96,361.6,636.67,On-Time
CC3100,Elizabeth Smith,Riverside,Retail,Silver,744,2024-10-01,8000,7173.94,358.7,1054.0,On-Time
CC3101,Michael Lopez,Riverside,Premium,Platinum,730,2024-10-01,25000,3147.96,157.4,351.38,On-Time
CC3102,Betty Anderson,Riverside,Premium,Silver,664,2024-10-01,8000,722.5,36.12,77.54,On-Time
CC3103,Karen Rodriguez,Westfield,Business,Business,610,2024-10-01,40000,18808.71,940.44,1958.71,On-Time
CC3104,Charles Wilson,Downtown,Business,Business,686,2024-10-01,40000,19611.45,980.57,2900.35,On-Time
CC3105,Daniel Thomas,Downtown,Premium,Business,793,2024-10-01,40000,28635.59,1431.78,3652.45,On-Time
CC3106,Nancy Williams,Uptown,Business,Business,672,2024-10-01,40000,10550.45,527.52,1416.97,Late
CC3107,Mary Davis,Westfield,Retail,Silver,786,2024-10-01,8000,7180.77,359.04,774.16,Default
CC3108,Susan Davis,Downtown,Retail,Gold,710,2024-10-01,15000,1618.34,80.92,227.91,Late
CC3109,Susan Martinez,Downtown,Premium,Gold,803,2024-10-01,15000,13894.96,694.75,2046.23,On-Time
CC3110,Linda Jones,Downtown,Retail,Silver,737,2024-10-01,8000,3561.25,178.06,277.56,On-Time
CC3111,Thomas Johnson,Uptown,Business,Platinum,651,2024-10-01,25000,16962.46,848.12,1626.26,On-Time
CC3112,Susan Lopez,Riverside,Premium,Silver,612,2024-10-01,8000,3832.4,191.62,548.11,On-Time
CC3113,Richard Johnson,Riverside,Premium,Silver,683,2024-10-01,8000,1858.01,92.9,102.39,On-Time
CC3114,Patricia Martinez,Lakeside,Business,Platinum,745,2024-10-01,25000,20658.47,1032.92,1152.04,Late
CC3115,Linda Williams,Downtown,Business,Platinum,815,2024-10-01,25000,21653.46,1082.67,1678.26,On-Time
CC3116,Lisa Hernandez,Riverside,Business,Gold,621,2024-10-01,15000,13395.85,669.79,990.88,On-Time
CC3117,Susan Garcia,Uptown,Premium,Silver,613,2024-10-01,8000,2112.04,105.6,152.27,On-Time
CC3118,Karen Wilson,Riverside,Business,Business,722,2024-10-01,40000,4114.77,205.74,458.02,On-Time
CC3119,Richard Hernandez,Westfield,Retail,Business,784,2024-10-01,40000,30923.61,1546.18,1820.49,On-Time
CC3120,Matthew Miller,Lakeside,Business,Platinum,804,2024-10-01,25000,12892.22,644.61,1220.32,Late
CC3121,Matthew Johnson,Lakeside,Retail,Business,768,2024-10-01,40000,8808.65,440.43,1050.3,On-Time
CC3122,Jennifer Williams,Uptown,Premium,Platinum,772,2024-10-01,25000,18665.04,933.25,1038.42,On-Time
CC3123,Thomas Wilson,Westfield,Business,Silver,744,2024-10-01,8000,6371.99,318.6,522.16,On-Time
CC3124,Thomas Jones,Riverside,Retail,Business,780,2024-10-01,40000,27021.38,1351.07,1874.11,On-Time
CC3125,David Brown,Riverside,Business,Silver,812,2024-10-01,8000,4523.62,226.18,194.38,On-Time
CC3126,Susan Garcia,Downtown,Premium,Silver,774,2024-10-01,8000,2083.65,104.18,236.97,On-Time
CC3127,Richard Davis,Lakeside,Retail,Business,749,2024-10-01,40000,5935.93,296.8,522.06,Default
CC3128,Betty Davis,Downtown,Premium,Platinum,806,2024-10-01,25000,22196.87,1109.84,2712.35,On-Time
CC3129,Charles Davis,Uptown,Business,Business,769,2024-10-01,40000,13142.74,657.14,1900.02,On-Time
CC3130,Jessica Anderson,Uptown,Premium,Silver,702,2024-10-01,8000,6372.72,318.64,562.44,On-Time
CC3131,Richard Jones,Westfield,Retail,Gold,817,2024-10-01,15000,9418.3,470.91,1299.9,Late
CC3132,Mary Brown,Downtown,Retail,Business,712,2024-10-01,40000,29154.79,1457.74,4015.89,On-Time
CC3133,Matthew Johnson,Westfield,Retail,Silver,710,2024-10-01,8000,4119.03,205.95,208.44,On-Time
CC3134,Lisa Martinez,Lakeside,Premium,Business,684,2024-10-01,40000,26853.58,1342.68,2134.62,Late
CC3135,Richard Taylor,Downtown,Retail,Platinum,635,2024-10-01,25000,3979.33,198.97,175.28,Late
CC3136,Susan Taylor,Riverside,Business,Silver,590,2024-10-01,8000,995.81,49.79,50.26,On-Time
CC3137,Lisa Martinez,Downtown,Premium,Platinum,746,2024-10-01,25000,5314.42,265.72,572.13,On-Time
CC3138,William Smith,Riverside,Premium,Platinum,779,2024-10-01,25000,20965.49,1048.27,2113.59,Late
CC3139,Jennifer Thomas,Downtown,Premium,Silver,667,2024-10-01,8000,476.7,23.84,66.7,Late
CC3140,Karen Miller,Uptown,Premium,Business,803,2024-10-01,40000,17897.48,894.87,1489.21,On-Time
CC3141,Charles Lopez,Westfield,Retail,Business,665,2024-10-01,40000,25253.35,1262.67,3444.99,On-Time
CC3142,Charles Anderson,Riverside,Retail,Platinum,696,2024-10-01,25000,15249.17,762.46,2203.74,On-Time
CC3143,Jessica Johnson,Westfield,Business,Silver,600,2024-10-01,8000,6962.68,348.13,965.8,On-Time
CC3144,Elizabeth Martinez,Westfield,Retail,Platinum,586,2024-10-01,25000,20431.96,1021.6,1070.6,On-Time
CC3145,Mary Brown,Uptown,Retail,Platinum,755,2024-10-01,25000,18980.24,949.01,761.12,Default
CC3146,Patricia Hernandez,Lakeside,Business,Business,643,2024-10-01,40000,34353.04,1717.65,2306.99,On-Time
CC3147,Susan Taylor,Riverside,Premium,Platinum,587,2024-10-01,25000,6918.97,345.95,851.19,Default
CC3148,Lisa Brown,Lakeside,Retail,Gold,604,2024-10-01,15000,9771.79,488.59,419.86,On-Time
CC3149,Linda Anderson,Uptown,Premium,Gold,763,2024-10-01,15000,7803.11,390.16,938.51,Late
CC3150,Joseph Brown,Lakeside,Premium,Business,617,2024-10-01,40000,24127.22,1206.36,1901.53,On-Time
CC3151,Jessica Brown,Westfield,Premium,Platinum,657,2024-10-01,25000,3197.01,159.85,265.08,On-Time
CC3152,William Jones,Uptown,Retail,Business,624,2024-10-01,40000,20639.09,1031.95,1387.1,On-Time
CC3153,Jessica Jones,Westfield,Business,Gold,711,2024-10-01,15000,6728.52,336.43,794.85,On-Time
CC3154,Patricia Brown,Lakeside,Business,Platinum,791,2024-10-01,25000,1450.89,72.54,115.72,On-Time
CC3155,Daniel Garcia,Westfield,Retail,Platinum,698,2024-10-01,25000,21144.27,1057.21,1225.93,On-Time
CC3156,Lisa Johnson,Uptown,Premium,Business,580,2024-10-01,40000,18828.76,941.44,2108.09,On-Time
CC3157,Joseph Brown,Lakeside,Business,Silver,733,2024-10-01,8000,2664.63,133.23,244.98,Default
CC3158,Karen Brown,Lakeside,Premium,Silver,818,2024-10-01,8000,5093.76,254.69,652.41,On-Time
CC3159,William Miller,Lakeside,Retail,Platinum,695,2024-10-01,25000,19547.42,977.37,2846.21,On-Time
CC3160,David Smith,Downtown,Premium,Gold,691,2024-10-01,15000,9839.7,491.99,930.87,On-Time
CC3161,Lisa Brown,Westfield,Business,Gold,624,2024-10-01,15000,11453.3,572.66,1347.86,On-Time
CC3162,Richard Anderson,Lakeside,Retail,Business,808,2024-10-01,40000,37485.65,1874.28,4747.37,On-Time
CC3163,Lisa Martinez,Lakeside,Business,Business,715,2024-10-01,40000,36918.41,1845.92,4600.03,On-Time
CC3164,Lisa Miller,Downtown,Business,Silver,663,2024-10-01,8000,5434.64,271.73,553.48,On-Time
CC3165,Jennifer Wilson,Downtown,Retail,Platinum,662,2024-10-01,25000,13396.2,669.81,1438.39,On-Time
CC3166,Daniel Johnson,Riverside,Premium,Silver,613,2024-10-01,8000,3883.11,194.16,252.02,On-Time
CC3167,Nancy Johnson,Uptown,Premium,Gold,627,2024-10-01,15000,7566.12,378.31,1051.29,On-Time
CC3168,Jessica Smith,Westfield,Business,Business,626,2024-10-01,40000,25115.45,1255.77,2119.26,Late
CC3169,Betty Hernandez,Uptown,Retail,Business,747,2024-10-01,40000,24573.41,1228.67,2918.77,Late
CC3170,Richard Williams,Uptown,Premium,Platinum,793,2024-10-01,25000,19718.43,985.92,1625.84,On-Time
CC3171,Joseph Lopez,Downtown,Business,Business,791,2024-10-01,40000,9262.57,463.13,563.43,On-Time
CC3172,John Davis,Westfield,Premium,Silver,602,2024-10-01,8000,3820.52,191.03,528.34,On-Time
CC3173,Linda Smith,Uptown,Business,Platinum,763,2024-10-01,25000,11148.85,557.44,712.56,Late
CC3174,Daniel Rodriguez,Uptown,Premium,Business,743,2024-10-01,40000,31872.17,1593.61,2462.87,On-Time
CC3175,Matthew Anderson,Uptown,Premium,Platinum,692,2024-10-01,25000,14028.36,701.42,1967.22,Late
CC3176,Jessica Garcia,Riverside,Business,Gold,678,2024-10-01,15000,9999.81,499.99,1286.89,On-Time
CC3177,Susan Taylor,Riverside,Premium,Business,596,2024-10-01,40000,24717.15,1235.86,1986.38,Late
CC3178,John Johnson,Riverside,Premium,Business,774,2024-10-01,40000,13732.99,686.65,1481.45,On-Time
CC3179,Michael Wilson,Downtown,Retail,Gold,689,2024-10-01,15000,13734.63,686.73,649.32,On-Time
CC3180,Joseph Hernandez,Westfield,Premium,Gold,753,2024-10-01,15000,2770.31,138.52,288.66,On-Time
CC3181,Patricia Johnson,Lakeside,Premium,Silver,625,2024-10-01,8000,7342.32,367.12,815.17,On-Time
CC3182,Jessica Davis,Riverside,Business,Silver,657,2024-10-01,8000,4788.63,239.43,527.06,On-Time
CC3183,David Jones,Lakeside,Premium,Silver,657,2024-10-01,8000,2445.66,122.28,182.88,Late
CC3184,Joseph Anderson,Westfield,Retail,Gold,602,2024-10-01,15000,1245.07,62.25,81.04,On-Time
CC3185,Patricia Martinez,Lakeside,Premium,Platinum,659,2024-10-01,25000,19148.15,957.41,769.55,On-Time
CC3186,Jennifer Rodriguez,Downtown,Business,Business,677,2024-10-01,40000,22678.75,1133.94,1846.56,Late
CC3187,Jennifer Williams,Downtown,Retail,Gold,765,2024-10-01,15000,7008.29,350.41,775.14,On-Time
CC3188,Nancy Miller,Westfield,Business,Gold,756,2024-10-01,15000,10364.67,518.23,1192.26,On-Time
CC3189,Patricia Brown,Downtown,Premium,Gold,589,2024-10-01,15000,4039.53,201.98,237.87,On-Time
CC3190,Lisa Rodriguez,Riverside,Retail,Business,751,2024-10-01,40000,36842.62,1842.13,2505.54,On-Time
CC3191,Richard Wilson,Uptown,Business,Gold,686,2024-10-01,15000,12144.05,607.2,1013.48,On-Time
CC3192,Thomas Williams,Riverside,Business,Gold,744,2024-10-01,15000,2433.05,121.65,190.05,On-Time
CC3193,Matthew Williams,Riverside,Premium,Platinum,662,2024-10-01,25000,7015.84,350.79,665.95,On-Time
CC3194,Richard Taylor,Westfield,Retail,Silver,686,2024-10-01,8000,2150.49,107.52,192.31,On-Time
CC3195,Jennifer Miller,Westfield,Retail,Silver,627,2024-10-01,8000,4854.28,242.71,363.87,Late
CC3196,John Wilson,Downtown,Business,Silver,656,2024-10-01,8000,2330.31,116.52,252.73,On-Time
CC3197,Jessica Williams,Westfield,Premium,Silver,639,2024-10-01,8000,6525.83,326.29,521.62,On-Time
CC3198,Karen Hernandez,Lakeside,Premium,Platinum,702,2024-10-01,25000,2689.69,134.48,319.97,Late
CC3199,William Davis,Riverside,Premium,Silver,763,2024-10-01,8000,432.49,21.62,47.04,Late
CC3200,Richard Thomas,Lakeside,Premium,Gold,819,2024-10-01,15000,12818.43,640.92,1126.12,On-Time
CC3201,Betty Martinez,Westfield,Business,Gold,691,2024-10-01,15000,7923.58,396.18,814.05,On-Time
CC3202,Jessica Jones,Uptown,Premium,Platinum,681,2024-10-01,25000,10658.2,532.91,798.94,On-Time
CC3203,Sarah Johnson,Lakeside,Retail,Gold,591,2024-10-01,15000,8464.29,423.21,658.98,On-Time
CC3204,Patricia Thomas,Westfield,Retail,Gold,583,2024-10-01,15000,10577.75,528.89,477.51,On-Time
CC3205,Richard Rodriguez,Uptown,Retail,Silver,627,2024-10-01,8000,1458.55,72.93,109.64,On-Time
CC3206,Elizabeth Smith,Downtown,Premium,Gold,697,2024-10-01,15000,781.15,39.06,67.83,Late
CC3207,Joseph Anderson,Uptown,Retail,Silver,769,2024-10-01,8000,1393.4,69.67,147.12,On-Time
CC3208,Jessica Hernandez,Uptown,Premium,Gold,807,2024-10-01,15000,9559.89,477.99,923.94,On-Time
CC3209,Patricia Rodriguez,Downtown,Premium,Silver,642,2024-10-01,8000,1803.7,90.19,243.11,On-Time
CC3210,Nancy Rodriguez,Downtown,Business,Platinum,777,2024-10-01,25000,2065.84,103.29,242.82,On-Time
CC3211,Joseph Anderson,Westfield,Premium,Business,780,2024-10-01,40000,21018.86,1050.94,2376.66,On-Time
CC3212,Richard Wilson,Uptown,Business,Gold,752,2024-10-01,15000,14070.48,703.52,1681.41,On-Time
CC3213,Daniel Martinez,Uptown,Premium,Platinum,693,2024-10-01,25000,2544.19,127.21,170.27,Late
CC3214,Lisa Lopez,Lakeside,Retail,Silver,771,2024-10-01,8000,547.08,27.35,48.69,On-Time
CC3215,David Smith,Riverside,Premium,Gold,655,2024-10-01,15000,2401.54,120.08,135.07,Late
CC3216,Karen Garcia,Westfield,Retail,Silver,786,2024-10-01,8000,4914.52,245.73,338.37,On-Time
CC3217,Sarah Thomas,Uptown,Premium,Silver,635,2024-10-01,8000,4929.72,246.49,217.81,On-Time
CC3218,Lisa Jones,Lakeside,Retail,Platinum,700,2024-10-01,25000,23423.42,1171.17,2966.08,On-Time
CC3219,Daniel Wilson,Downtown,Retail,Silver,769,2024-10-01,8000,6052.68,302.63,351.67,On-Time
CC3220,James Hernandez,Riverside,Premium,Silver,611,2024-10-01,8000,6965.81,348.29,994.25,Late
CC3221,Betty Miller,Westfield,Premium,Platinum,626,2024-10-01,25000,7463.6,373.18,869.88,On-Time
CC3222,Daniel Thomas,Downtown,Premium,Business,778,2024-10-01,40000,15026.75,751.34,759.6,On-Time
CC3223,Lisa Wilson,Riverside,Business,Platinum,582,2024-10-01,25000,4307.08,215.35,198.21,On-Time
CC3224,Lisa Lopez,Westfield,Retail,Gold,760,2024-10-01,15000,8373.83,418.69,1190.67,On-Time
CC3225,Karen Wilson,Riverside,Retail,Platinum,768,2024-10-01,25000,5073.48,253.67,444.97,On-Time
CC3226,Elizabeth Hernandez,Lakeside,Premium,Gold,666,2024-10-01,15000,1688.85,84.44,94.86,Late
CC3227,Daniel Taylor,Riverside,Retail,Business,651,2024-10-01,40000,16759.92,838.0,1281.57,On-Time
CC3228,Karen Hernandez,Lakeside,Business,Business,631,2024-10-01,40000,35934.05,1796.7,1862.35,On-Time
CC3229,Karen Davis,Riverside,Premium,Gold,713,2024-10-01,15000,3526.17,176.31,370.54,On-Time
CC3230,Betty Williams,Westfield,Premium,Silver,761,2024-10-01,8000,5063.59,253.18,515.0,On-Time
CC3231,Richard Jones,Uptown,Premium,Gold,780,2024-10-01,15000,9577.05,478.85,385.1,On-Time
CC3232,David Hernandez,Uptown,Retail,Business,741,2024-10-01,40000,29692.66,1484.63,2466.44,On-Time
CC3233,Jennifer Lopez,Riverside,Retail,Platinum,719,2024-10-01,25000,15006.84,750.34,1020.01,On-Time
CC3234,Linda Smith,Riverside,Retail,Platinum,790,2024-10-01,25000,7934.89,396.74,466.21,On-Time
CC3235,Joseph Thomas,Lakeside,Retail,Platinum,749,2024-10-01,25000,18096.38,904.82,1794.23,On-Time
CC3236,Patricia Williams,Lakeside,Business,Silver,761,2024-10-01,8000,5552.33,277.62,302.15,On-Time
CC3237,Michael Rodriguez,Uptown,Premium,Business,810,2024-10-01,40000,9152.95,457.65,1189.36,On-Time
CC3238,Charles Taylor,Riverside,Retail,Gold,751,2024-10-01,15000,13739.91,687.0,1078.39,On-Time
CC3239,Thomas Garcia,Westfield,Retail,Platinum,717,2024-10-01,25000,2527.46,126.37,314.13,On-Time
CC3240,James Taylor,Westfield,Retail,Business,673,2024-10-01,40000,37960.21,1898.01,5578.72,On-Time
CC3241,David Williams,Riverside,Business,Silver,777,2024-10-01,8000,5533.37,276.67,323.27,On-Time
CC3242,Thomas Thomas,Westfield,Retail,Business,638,2024-10-01,40000,16505.07,825.25,1763.85,Late
CC3243,Charles Taylor,Westfield,Business,Business,718,2024-10-01,40000,34946.69,1747.33,3280.85,On-Time
CC3244,Linda Anderson,Lakeside,Business,Silver,718,2024-10-01,8000,5739.87,286.99,244.02,On-Time
CC3245,Nancy Davis,Riverside,Retail,Platinum,820,2024-10-01,25000,4651.76,232.59,251.94,On-Time
CC3246,Joseph Davis,Lakeside,Business,Silver,675,2024-10-01,8000,2970.75,148.54,238.03,Late
CC3247,Matthew Taylor,Uptown,Premium,Gold,659,2024-10-01,15000,8612.36,430.62,588.63,On-Time
CC3248,Michael Rodriguez,Lakeside,Premium,Gold,807,2024-10-01,15000,2430.52,121.53,116.15,Late
CC3249,Matthew Thomas,Downtown,Retail,Silver,770,2024-10-01,8000,5062.14,253.11,336.71,On-Time
CC3250,Joseph Johnson,Lakeside,Retail,Business,815,2024-10-01,40000,4858.67,242.93,452.2,On-Time
CC3251,Linda Brown,Westfield,Premium,Silver,755,2024-10-01,8000,7219.8,360.99,825.52,On-Time
CC3252,Karen Lopez,Uptown,Premium,Gold,798,2024-10-01,15000,6841.62,342.08,374.5,Default
CC3253,Joseph Smith,Westfield,Retail,Silver,784,2024-10-01,8000,2894.62,144.73,360.5,Default
CC3254,Charles Thomas,Uptown,Premium,Platinum,588,2024-10-01,25000,14080.82,704.04,2055.05,On-Time
CC3255,Susan Taylor,Westfield,Retail,Platinum,593,2024-10-01,25000,15768.58,788.43,961.72,On-Time
CC3256,Sarah Johnson,Riverside,Premium,Gold,697,2024-10-01,15000,12707.02,635.35,1879.44,Late
CC3257,Lisa Johnson,Westfield,Premium,Business,718,2024-10-01,40000,29502.5,1475.12,2902.76,On-Time
CC3258,Richard Garcia,Lakeside,Premium,Platinum,592,2024-10-01,25000,9577.66,478.88,1345.68,On-Time
CC3259,Elizabeth Garcia,Uptown,Premium,Silver,774,2024-10-01,8000,1937.37,96.87,120.65,On-Time
CC3260,John Garcia,Downtown,Retail,Platinum,637,2024-10-01,25000,14598.67,729.93,1766.26,Default
CC3261,Joseph Wilson,Lakeside,Retail,Gold,582,2024-10-01,15000,8407.57,420.38,513.15,On-Time
CC3262,Lisa Davis,Uptown,Business,Silver,815,2024-10-01,8000,5184.72,259.24,383.15,On-Time
CC3263,James Lopez,Riverside,Business,Business,666,2024-10-01,40000,11937.75,596.89,1448.39,On-Time
CC3264,Charles Rodriguez,Uptown,Retail,Silver,710,2024-10-01,8000,4646.05,232.3,204.51,On-Time
CC3265,Thomas Rodriguez,Uptown,Business,Business,777,2024-10-01,40000,30906.49,1545.32,4092.46,On-Time
CC3266,Jessica Jones,Riverside,Premium,Business,747,2024-10-01,40000,11179.57,558.98,1012.73,On-Time
CC3267,David Brown,Westfield,Business,Silver,650,2024-10-01,8000,3530.37,176.52,367.68,On-Time
CC3268,James Williams,Uptown,Business,Platinum,808,2024-10-01,25000,3457.49,172.87,216.75,On-Time
CC3269,Charles Thomas,Lakeside,Premium,Business,604,2024-10-01,40000,27013.71,1350.69,3000.37,Late
CC3270,Daniel Rodriguez,Uptown,Business,Business,673,2024-10-01,40000,33336.54,1666.83,2970.54,Late
CC3271,Charles Brown,Uptown,Premium,Platinum,636,2024-10-01,25000,14303.56,715.18,1254.99,On-Time
CC3272,Thomas Garcia,Lakeside,Business,Platinum,646,2024-10-01,25000,5947.88,297.39,642.58,Late
CC3273,Karen Johnson,Lakeside,Premium,Gold,630,2024-10-01,15000,7704.14,385.21,672.78,Late
CC3274,Sarah Taylor,Riverside,Retail,Silver,718,2024-10-01,8000,3935.73,196.79,579.22,On-Time
CC3275,Thomas Rodriguez,Uptown,Premium,Gold,806,2024-10-01,15000,10886.71,544.34,1387.16,On-Time
CC3276,Elizabeth Hernandez,Downtown,Premium,Platinum,809,2024-10-01,25000,8359.82,417.99,546.82,Late
CC3277,Jennifer Thomas,Uptown,Business,Platinum,747,2024-10-01,25000,3384.65,169.23,206.22,Late
CC3278,Michael Jones,Westfield,Premium,Platinum,718,2024-10-01,25000,13020.38,651.02,642.44,Late
CC3279,William Lopez,Lakeside,Business,Silver,727,2024-10-01,8000,6050.32,302.52,468.61,On-Time
CC3280,Mary Thomas,Westfield,Retail,Business,647,2024-10-01,40000,26023.34,1301.17,2812.73,On-Time
CC3281,Sarah Miller,Downtown,Business,Business,635,2024-10-01,40000,2317.14,115.86,249.73,On-Time
CC3282,Lisa Rodriguez,Lakeside,Retail,Platinum,735,2024-10-01,25000,5270.5,263.53,238.21,On-Time
CC3283,James Thomas,Uptown,Retail,Gold,756,2024-10-01,15000,6033.63,301.68,617.23,On-Time
CC3284,Elizabeth Hernandez,Uptown,Business,Gold,600,2024-10-01,15000,13446.46,672.32,1263.93,On-Time
CC3285,Karen Martinez,Uptown,Business,Business,611,2024-10-01,40000,16669.65,833.48,2190.14,On-Time
CC3286,John Wilson,Lakeside,Business,Platinum,727,2024-10-01,25000,10931.61,546.58,1168.73,Late
CC3287,Karen Rodriguez,Westfield,Retail,Platinum,721,2024-10-01,25000,4026.46,201.32,562.57,On-Time
CC3288,John Garcia,Westfield,Retail,Business,613,2024-10-01,40000,13085.52,654.28,1881.45,On-Time
CC3289,Sarah Brown,Riverside,Retail,Platinum,756,2024-10-01,25000,16702.24,835.11,1375.35,On-Time
CC3290,Karen Thomas,Riverside,Premium,Business,595,2024-10-01,40000,14706.39,735.32,878.77,On-Time
CC3291,Thomas Anderson,Uptown,Retail,Silver,699,2024-10-01,8000,2563.45,128.17,287.98,On-Time
CC3292,Mary Rodriguez,Uptown,Business,Gold,753,2024-10-01,15000,6763.33,338.17,911.94,On-Time
CC3293,Mary Hernandez,Downtown,Retail,Silver,765,2024-10-01,8000,2247.35,112.37,224.16,Late
CC3294,David Anderson,Downtown,Premium,Platinum,773,2024-10-01,25000,9217.2,460.86,1269.13,On-Time
CC3295,Karen Smith,Downtown,Business,Gold,637,2024-10-01,15000,1765.5,88.28,174.49,Late
CC3296,Mary Thomas,Westfield,Premium,Silver,787,2024-10-01,8000,1638.36,81.92,241.93,On-Time
CC3297,Joseph Smith,Westfield,Premium,Platinum,662,2024-10-01,25000,19353.03,967.65,1125.22,On-Time
CC3298,Sarah Miller,Downtown,Retail,Platinum,760,2024-10-01,25000,22861.0,1143.05,2402.09,On-Time
CC3299,David Rodriguez,Westfield,Retail,Business,696,2024-10-01,40000,17883.31,894.17,2189.73,On-Time
CC3300,Elizabeth Smith,Westfield,Retail,Business,640,2024-10-01,40000,21239.02,1061.95,1761.01,On-Time
CC3001,Michael Hernandez,Uptown,Business,Business,583,2024-11-01,40000,33811.83,1690.59,4718.96,On-Time
CC3002,William Thomas,Uptown,Retail,Platinum,611,2024-11-01,25000,5113.98,255.7,491.37,On-Time
CC3003,Nancy Garcia,Riverside,Premium,Gold,662,2024-11-01,15000,913.64,45.68,40.6,On-Time
CC3004,John Martinez,Uptown,Retail,Business,698,2024-11-01,40000,34714.6,1735.73,3797.09,On-Time
CC3005,Mary Jones,Uptown,Premium,Silver,805,2024-11-01,8000,3408.81,170.44,172.64,On-Time
CC3006,Linda Garcia,Downtown,Retail,Gold,745,2024-11-01,15000,4530.32,226.52,410.17,On-Time
CC3007,Thomas Smith,Riverside,Business,Business,676,2024-11-01,40000,34406.79,1720.34,4825.76,On-Time
CC3008,Sarah Williams,Riverside,Retail,Business,677,2024-11-01,40000,11601.15,580.06,1430.89,On-Time
CC3009,John Jones,Riverside,Premium,Platinum,763,2024-11-01,25000,18979.65,948.98,1595.72,On-Time
CC3010,John Brown,Lakeside,Business,Platinum,601,2024-11-01,25000,17130.6,856.53,899.8,On-Time
CC3011,Elizabeth Hernandez,Uptown,Premium,Business,673,2024-11-01,40000,20172.58,1008.63,970.81,On-Time
CC3012,Joseph Lopez,Lakeside,Premium,Platinum,734,2024-11-01,25000,19434.69,971.73,2365.79,On-Time
CC3013,Jennifer Lopez,Westfield,Business,Business,689,2024-11-01,40000,31869.17,1593.46,1479.86,On-Time
CC3014,Jessica Taylor,Downtown,Business,Silver,656,2024-11-01,8000,6275.0,313.75,898.91,Late
CC3015,Linda Anderson,Westfield,Retail,Business,593,2024-11-01,40000,3660.3,183.02,278.39,On-Time
CC3016,Linda Thomas,Westfield,Retail,Silver,722,2024-11-01,8000,5040.87,252.04,227.39,On-Time
CC3017,Betty Martinez,Uptown,Retail,Platinum,670,2024-11-01,25000,19070.14,953.51,2138.32,On-Time
CC3018,Lisa Davis,Downtown,Premium,Gold,700,2024-11-01,15000,9287.68,464.38,1362.38,On-Time
CC3019,Daniel Wilson,Downtown,Business,Gold,711,2024-11-01,15000,8680.71,434.04,1297.67,On-Time
CC3020,Betty Taylor,Westfield,Business,Gold,737,2024-11-01,15000,4321.34,216.07,286.45,On-Time
CC3021,Robert Martinez,Lakeside,Business,Silver,814,2024-11-01,8000,2413.87,120.69,329.9,On-Time
CC3022,Michael Rodriguez,Downtown,Retail,Business,802,2024-11-01,40000,27930.85,1396.54,3138.16,On-Time
CC3023,Jennifer Miller,Riverside,Business,Silver,774,2024-11-01,8000,4461.75,223.09,376.18,On-Time
CC3024,Sarah Wilson,Lakeside,Business,Gold,790,2024-11-01,15000,4071.31,203.57,457.34,Default
CC3025,Linda Johnson,Westfield,Premium,Business,660,2024-11-01,40000,26069.71,1303.49,3062.27,Late
CC3026,Susan Lopez,Riverside,Premium,Business,756,2024-11-01,40000,33002.75,1650.14,1695.59,On-Time
CC3027,Karen Hernandez,Lakeside,Premium,Business,620,2024-11-01,40000,23060.56,1153.03,3400.92,Late
CC3028,Michael Lopez,Uptown,Business,Silver,657,2024-11-01,8000,4466.28,223.31,566.61,On-Time
CC3029,William Anderson,Lakeside,Business,Business,754,2024-11-01,40000,19103.58,955.18,1240.86,Late
CC3030,Michael Smith,Westfield,Retail,Business,584,2024-11-01,40000,14973.28,748.66,1402.89,On-Time
CC3031,Patricia Thomas,Riverside,Business,Gold,657,2024-11-01,15000,11374.8,568.74,860.14,On-Time
CC3032,William Thomas,Uptown,Premium,Gold,744,2024-11-01,15000,6670.87,333.54,447.24,Late
CC3033,Michael Garcia,Westfield,Retail,Gold,767,2024-11-01,15000,10857.24,542.86,587.76,On-Time
CC3034,Lisa Johnson,Downtown,Premium,Silver,623,2024-11-01,8000,2568.52,128.43,133.68,On-Time
CC3035,Linda Hernandez,Lakeside,Business,Platinum,738,2024-11-01,25000,4384.92,219.25,460.04,On-Time
CC3036,David Martinez,Uptown,Premium,Business,678,2024-11-01,40000,25928.56,1296.43,2128.55,On-Time
CC3037,James Martinez,Lakeside,Retail,Business,778,2024-11-01,40000,35250.21,1762.51,2543.92,Late
CC3038,Robert Wilson,Downtown,Business,Gold,596,2024-11-01,15000,11885.57,594.28,1182.76,On-Time
CC3039,William Johnson,Uptown,Business,Gold,782,2024-11-01,15000,8872.62,443.63,930.56,On-Time
CC3040,Jessica Thomas,Riverside,Premium,Silver,610,2024-11-01,8000,1812.49,90.62,144.08,On-Time
CC3041,Patricia Anderson,Westfield,Business,Gold,790,2024-11-01,15000,2353.46,117.67,236.92,On-Time
CC3042,Elizabeth Wilson,Westfield,Premium,Gold,802,2024-11-01,15000,8272.01,413.6,822.5,On-Time
CC3043,Patricia Garcia,Westfield,Business,Silver,697,2024-11-01,8000,1476.0,73.8,219.91,Late
CC3044,Nancy Hernandez,Westfield,Retail,Gold,675,2024-11-01,15000,5357.58,267.88,506.27,On-Time
CC3045,Thomas Garcia,Riverside,Retail,Gold,678,2024-11-01,15000,6411.69,320.58,636.05,On-Time
CC3046,Jessica Brown,Westfield,Retail,Gold,693,2024-11-01,15000,12976.43,648.82,823.22,On-Time
CC3047,Lisa Martinez,Lakeside,Premium,Silver,674,2024-11-01,8000,3217.58,160.88,242.5,Late
CC3048,Matthew Taylor,Uptown,Premium,Platinum,583,2024-11-01,25000,13134.17,656.71,988.99,On-Time
CC3049,William Martinez,Lakeside,Premium,Silver,719,2024-11-01,8000,3167.4,158.37,186.61,Late
CC3050,Elizabeth Smith,Westfield,Premium,Silver,692,2024-11-01,8000,4257.07,212.85,433.57,Late
CC3051,Charles Garcia,Uptown,Premium,Silver,588,2024-11-01,8000,3990.95,199.55,322.78,On-Time
CC3052,Elizabeth Thomas,Downtown,Premium,Platinum,723,2024-11-01,25000,6153.19,307.66,663.15,Late
CC3053,John Brown,Lakeside,Premium,Gold,688,2024-11-01,15000,7060.85,353.04,327.5,Late
CC3054,Jennifer Taylor,Uptown,Business,Silver,644,2024-11-01,8000,6850.56,342.53,411.85,On-Time
CC3055,Linda Taylor,Uptown,Retail,Silver,810,2024-11-01,8000,7334.33,366.72,399.1,On-Time
CC3056,David Rodriguez,Westfield,Premium,Business,598,2024-11-01,40000,21851.73,1092.59,879.48,Late
CC3057,Robert Garcia,Westfield,Business,Gold,668,2024-11-01,15000,7150.84,357.54,759.97,On-Time
CC3058,Sarah Lopez,Riverside,Retail,Silver,710,2024-11-01,8000,4984.9,249.25,422.51,Late
CC3059,Daniel Davis,Uptown,Business,Platinum,639,2024-11-01,25000,6141.89,307.09,771.22,On-Time
CC3060,Sarah Thomas,Uptown,Premium,Business,594,2024-11-01,40000,9030.5,451.53,1319.04,On-Time
CC3061,James Taylor,Riverside,Retail,Platinum,748,2024-11-01,25000,16412.49,820.62,2056.83,On-Time
CC3062,Linda Davis,Downtown,Premium,Business,631,2024-11-01,40000,13218.25,660.91,1187.65,On-Time
CC3063,Betty Garcia,Riverside,Premium,Gold,770,2024-11-01,15000,7483.58,374.18,588.0,On-Time
CC3064,Nancy Hernandez,Downtown,Retail,Business,689,2024-11-01,40000,34860.1,1743.01,4767.55,Late
CC3065,Sarah Hernandez,Lakeside,Business,Business,753,2024-11-01,40000,13599.1,679.96,1260.91,On-Time
CC3066,Joseph Davis,Downtown,Retail,Business,715,2024-11-01,40000,17269.19,863.46,1487.46,On-Time
CC3067,Jennifer Rodriguez,Riverside,Premium,Business,584,2024-11-01,40000,7549.64,377.48,798.25,On-Time
CC3068,Matthew Miller,Westfield,Premium,Business,722,2024-11-01,40000,11886.96,594.35,1042.71,On-Time
CC3069,Sarah Martinez,Downtown,Premium,Silver,730,2024-11-01,8000,4302.63,215.13,599.56,On-Time
CC3070,Nancy Anderson,Uptown,Premium,Gold,758,2024-11-01,15000,6815.08,340.75,658.04,On-Time
CC3071,Richard Rodriguez,Uptown,Business,Business,738,2024-11-01,40000,5971.59,298.58,528.54,On-Time
CC3072,Karen Johnson,Uptown,Business,Silver,641,2024-11-01,8000,4321.58,216.08,513.59,On-Time
CC3073,Mary Martinez,Riverside,Retail,Business,747,2024-11-01,40000,5547.22,277.36,773.64,On-Time
CC3074,Daniel Davis,Downtown,Premium,Gold,672,2024-11-01,15000,5330.72,266.54,782.36,On-Time
CC3075,James Davis,Riverside,Retail,Silver,777,2024-11-01,8000,1068.65,53.43,44.49,On-Time
CC3076,Daniel Garcia,Lakeside,Premium,Gold,622,2024-11-01,15000,7652.63,382.63,440.19,On-Time
CC3077,Linda Brown,Downtown,Retail,Gold,717,2024-11-01,15000,8798.99,439.95,1128.12,On-Time
CC3078,William Jones,Uptown,Retail,Silver,777,2024-11-01,8000,5808.17,290.41,289.47,Default
CC3079,John Johnson,Riverside,Business,Business,628,2024-11-01,40000,33852.38,1692.62,4293.31,On-Time
CC3080,Jessica Smith,Westfield,Business,Platinum,783,2024-11-01,25000,17280.02,864.0,2370.27,On-Time
CC3081,Karen Garcia,Riverside,Retail,Silver,699,2024-11-01,8000,7543.53,377.18,342.16,Late
CC3082,James Rodriguez,Downtown,Premium,Gold,586,2024-11-01,15000,5135.47,256.77,359.81,On-Time
CC3083,Betty Thomas,Riverside,Retail,Silver,786,2024-11-01,8000,1827.2,91.36,155.77,Late
CC3084,Matthew Brown,Downtown,Premium,Gold,815,2024-11-01,15000,10010.76,500.54,731.71,Late
CC3085,William Taylor,Westfield,Business,Gold,671,2024-11-01,15000,4108.84,205.44,328.16,On-Time
CC3086,Jessica Williams,Riverside,Premium,Platinum,789,2024-11-01,25000,15411.77,770.59,1090.23,On-Time
CC3087,Betty Jones,Downtown,Business,Business,815,2024-11-01,40000,7830.74,391.54,777.23,On-Time
CC3088,Joseph Anderson,Downtown,Business,Silver,642,2024-11-01,8000,4723.37,236.17,264.32,On-Time
CC3089,Susan Rodriguez,Downtown,Business,Business,637,2024-11-01,40000,6563.62,328.18,546.87,Late
CC3090,Joseph Brown,Lakeside,Premium,Platinum,791,2024-11-01,25000,15246.59,762.33,1244.97,On-Time
CC3091,Sarah Jones,Downtown,Retail,Silver,782,2024-11-01,8000,2780.5,139.03,383.17,Default
CC3092,James Lopez,Lakeside,Retail,Platinum,618,2024-11-01,25000,22170.51,1108.53,2977.56,On-Time
CC3093,Linda Rodriguez,Uptown,Premium,Gold,659,2024-11-01,15000,6177.67,308.88,323.88,On-Time
CC3094,Joseph Martinez,Lakeside,Retail,Business,783,2024-11-01,40000,24028.89,1201.44,1267.41,On-Time
CC3095,Jessica Taylor,Downtown,Premium,Business,618,2024-11-01,40000,20807.82,1040.39,1456.27,On-Time
CC3096,Charles Brown,Riverside,Premium,Business,650,2024-11-01,40000,11887.33,594.37,502.53,On-Time
CC3097,Nancy Thomas,Downtown,Business,Silver,813,2024-11-01,8000,6624.77,331.24,370.78,Late
CC3098,Elizabeth Davis,Riverside,Premium,Platinum,707,2024-11-01,25000,23061.64,1153.08,1477.45,On-Time
CC3099,Jessica Garcia,Lakeside,Premium,Silver,681,2024-11-01,8000,3226.46,161.32,277.43,On-Time
CC3100,Elizabeth Smith,Riverside,Retail,Silver,744,2024-11-01,8000,1687.38,84.37,183.74,On-Time
CC3101,Michael Lopez,Riverside,Premium,Platinum,730,2024-11-01,25000,15098.87,754.94,892.44,On-Time
CC3102,Betty Anderson,Riverside,Premium,Silver,664,2024-11-01,8000,1003.93,50.2,125.24,On-Time
CC3103,Karen Rodriguez,Westfield,Business,Business,610,2024-11-01,40000,24845.93,1242.3,3141.59,On-Time
CC3104,Charles Wilson,Downtown,Business,Business,686,2024-11-01,40000,19750.58,987.53,1335.45,On-Time
CC3105,Daniel Thomas,Downtown,Premium,Business,793,2024-11-01,40000,13646.9,682.35,870.0,Late
CC3106,Nancy Williams,Uptown,Business,Business,672,2024-11-01,40000,26581.82,1329.09,3655.06,Late
CC3107,Mary Davis,Westfield,Retail,Silver,786,2024-11-01,8000,3189.34,159.47,383.73,Late
CC3108,Susan Davis,Downtown,Retail,Gold,710,2024-11-01,15000,11124.21,556.21,1134.66,On-Time
CC3109,Susan Martinez,Downtown,Premium,Gold,803,2024-11-01,15000,3129.49,156.47,270.44,On-Time
CC3110,Linda Jones,Downtown,Retail,Silver,737,2024-11-01,8000,688.8,34.44,61.91,On-Time
CC3111,Thomas Johnson,Uptown,Business,Platinum,651,2024-11-01,25000,3846.15,192.31,399.94,On-Time
CC3112,Susan Lopez,Riverside,Premium,Silver,612,2024-11-01,8000,5126.38,256.32,578.13,Late
CC3113,Richard Johnson,Riverside,Premium,Silver,683,2024-11-01,8000,5220.57,261.03,301.61,On-Time
CC3114,Patricia Martinez,Lakeside,Business,Platinum,745,2024-11-01,25000,11075.14,553.76,1306.91,On-Time
CC3115,Linda Williams,Downtown,Business,Platinum,815,2024-11-01,25000,4964.66,248.23,261.36,On-Time
CC3116,Lisa Hernandez,Riverside,Business,Gold,621,2024-11-01,15000,3065.11,153.26,296.94,On-Time
CC3117,Susan Garcia,Uptown,Premium,Silver,613,2024-11-01,8000,456.5,22.83,56.55,On-Time
CC3118,Karen Wilson,Riverside,Business,Business,722,2024-11-01,40000,24161.37,1208.07,2061.82,Late
CC3119,Richard Hernandez,Westfield,Retail,Business,784,2024-11-01,40000,23213.63,1160.68,3363.39,On-Time
CC3120,Matthew Miller,Lakeside,Business,Platinum,804,2024-11-01,25000,20228.1,1011.4,2260.62,Late
CC3121,Matthew Johnson,Lakeside,Retail,Business,768,2024-11-01,40000,35720.23,1786.01,5195.51,On-Time
CC3122,Jennifer Williams,Uptown,Premium,Platinum,772,2024-11-01,25000,18545.68,927.28,1958.53,On-Time
CC3123,Thomas Wilson,Westfield,Business,Silver,744,2024-11-01,8000,1499.57,74.98,130.46,On-Time
CC3124,Thomas Jones,Riverside,Retail,Business,780,2024-11-01,40000,28267.19,1413.36,3332.97,On-Time
CC3125,David Brown,Riverside,Business,Silver,812,2024-11-01,8000,1327.54,66.38,98.27,On-Time
CC3126,Susan Garcia,Downtown,Premium,Silver,774,2024-11-01,8000,996.96,49.85,67.73,On-Time
CC3127,Richard Davis,Lakeside,Retail,Business,749,2024-11-01,40000,22637.6,1131.88,2226.52,Late
CC3128,Betty Davis,Downtown,Premium,Platinum,806,2024-11-01,25000,7123.04,356.15,803.94,On-Time
CC3129,Charles Davis,Uptown,Business,Business,769,2024-11-01,40000,30876.33,1543.82,2004.48,On-Time
CC3130,Jessica Anderson,Uptown,Premium,Silver,702,2024-11-01,8000,5783.61,289.18,422.34,On-Time
CC3131,Richard Jones,Westfield,Retail,Gold,817,2024-11-01,15000,10852.02,542.6,956.18,On-Time
CC3132,Mary Brown,Downtown,Retail,Business,712,2024-11-01,40000,35667.81,1783.39,3972.6,On-Time
CC3133,Matthew Johnson,Westfield,Retail,Silver,710,2024-11-01,8000,6941.43,347.07,775.32,On-Time
CC3134,Lisa Martinez,Lakeside,Premium,Business,684,2024-11-01,40000,35657.71,1782.89,4560.35,Late
CC3135,Richard Taylor,Downtown,Retail,Platinum,635,2024-11-01,25000,2567.72,128.39,383.58,On-Time
CC3136,Susan Taylor,Riverside,Business,Silver,590,2024-11-01,8000,6066.03,303.3,334.25,Default
CC3137,Lisa Martinez,Downtown,Premium,Platinum,746,2024-11-01,25000,11496.11,574.81,536.08,On-Time
CC3138,William Smith,Riverside,Premium,Platinum,779,2024-11-01,25000,13072.9,653.64,1919.41,On-Time
CC3139,Jennifer Thomas,Downtown,Premium,Silver,667,2024-11-01,8000,3846.21,192.31,545.92,On-Time
CC3140,Karen Miller,Uptown,Premium,Business,803,2024-11-01,40000,13493.29,674.66,1628.97,On-Time
CC3141,Charles Lopez,Westfield,Retail,Business,665,2024-11-01,40000,8026.11,401.31,329.15,On-Time
CC3142,Charles Anderson,Riverside,Retail,Platinum,696,2024-11-01,25000,18660.94,933.05,2202.92,Late
CC3143,Jessica Johnson,Westfield,Business,Silver,600,2024-11-01,8000,824.89,41.24,117.48,Default
CC3144,Elizabeth Martinez,Westfield,Retail,Platinum,586,2024-11-01,25000,15034.28,751.71,2249.44,Late
CC3145,Mary Brown,Uptown,Retail,Platinum,755,2024-11-01,25000,8162.17,408.11,843.64,On-Time
CC3146,Patricia Hernandez,Lakeside,Business,Business,643,2024-11-01,40000,13606.82,680.34,1756.01,Late
CC3147,Susan Taylor,Riverside,Premium,Platinum,587,2024-11-01,25000,3732.86,186.64,177.45,On-Time
CC3148,Lisa Brown,Lakeside,Retail,Gold,604,2024-11-01,15000,4346.83,217.34,479.7,On-Time
CC3149,Linda Anderson,Uptown,Premium,Gold,763,2024-11-01,15000,8069.09,403.45,796.51,Default
CC3150,Joseph Brown,Lakeside,Premium,Business,617,2024-11-01,40000,20439.17,1021.96,997.93,On-Time
CC3151,Jessica Brown,Westfield,Premium,Platinum,657,2024-11-01,25000,6146.31,307.32,669.02,Late
CC3152,William Jones,Uptown,Retail,Business,624,2024-11-01,40000,2361.38,118.07,112.88,On-Time
CC3153,Jessica Jones,Westfield,Business,Gold,711,2024-11-01,15000,6928.01,346.4,869.89,On-Time
CC3154,Patricia Brown,Lakeside,Business,Platinum,791,2024-11-01,25000,4860.0,243.0,319.27,Late
CC3155,Daniel Garcia,Westfield,Retail,Platinum,698,2024-11-01,25000,20257.64,1012.88,2976.57,On-Time
CC3156,Lisa Johnson,Uptown,Premium,Business,580,2024-11-01,40000,15881.0,794.05,2223.27,Late
CC3157,Joseph Brown,Lakeside,Business,Silver,733,2024-11-01,8000,5900.8,295.04,259.23,On-Time
CC3158,Karen Brown,Lakeside,Premium,Silver,818,2024-11-01,8000,1183.77,59.19,116.31,On-Time
CC3159,William Miller,Lakeside,Retail,Platinum,695,2024-11-01,25000,14238.23,711.91,1417.01,On-Time
CC3160,David Smith,Downtown,Premium,Gold,691,2024-11-01,15000,10661.42,533.07,680.75,On-Time
CC3161,Lisa Brown,Westfield,Business,Gold,624,2024-11-01,15000,10135.17,506.76,1419.32,On-Time
CC3162,Richard Anderson,Lakeside,Retail,Business,808,2024-11-01,40000,18061.2,903.06,1080.33,On-Time
CC3163,Lisa Martinez,Lakeside,Business,Business,715,2024-11-01,40000,7277.28,363.86,666.4,On-Time
CC3164,Lisa Miller,Downtown,Business,Silver,663,2024-11-01,8000,3877.31,193.87,329.54,On-Time
CC3165,Jennifer Wilson,Downtown,Retail,Platinum,662,2024-11-01,25000,4581.06,229.05,248.42,On-Time
CC3166,Daniel Johnson,Riverside,Premium,Silver,613,2024-11-01,8000,743.86,37.19,44.7,On-Time
CC3167,Nancy Johnson,Uptown,Premium,Gold,627,2024-11-01,15000,14124.42,706.22,1073.31,On-Time
CC3168,Jessica Smith,Westfield,Business,Business,626,2024-11-01,40000,31756.18,1587.81,1943.63,On-Time
CC3169,Betty Hernandez,Uptown,Retail,Business,747,2024-11-01,40000,20648.73,1032.44,1522.25,Late
CC3170,Richard Williams,Uptown,Premium,Platinum,793,2024-11-01,25000,15810.11,790.51,1470.6,On-Time
CC3171,Joseph Lopez,Downtown,Business,Business,791,2024-11-01,40000,22605.64,1130.28,2755.67,On-Time
CC3172,John Davis,Westfield,Premium,Silver,602,2024-11-01,8000,4847.11,242.36,676.62,On-Time
CC3173,Linda Smith,Uptown,Business,Platinum,763,2024-11-01,25000,9286.57,464.33,1048.47,On-Time
CC3174,Daniel Rodriguez,Uptown,Premium,Business,743,2024-11-01,40000,5267.82,263.39,413.72,On-Time
CC3175,Matthew Anderson,Uptown,Premium,Platinum,692,2024-11-01,25000,12641.8,632.09,1715.34,On-Time
CC3176,Jessica Garcia,Riverside,Business,Gold,678,2024-11-01,15000,7636.2,381.81,849.39,On-Time
CC3177,Susan Taylor,Riverside,Premium,Business,596,2024-11-01,40000,34588.64,1729.43,2138.44,On-Time
CC3178,John Johnson,Riverside,Premium,Business,774,2024-11-01,40000,34741.3,1737.07,3847.02,On-Time
CC3179,Michael Wilson,Downtown,Retail,Gold,689,2024-11-01,15000,4224.15,211.21,564.41,On-Time
CC3180,Joseph Hernandez,Westfield,Premium,Gold,753,2024-11-01,15000,11334.93,566.75,994.88,Late
CC3181,Patricia Johnson,Lakeside,Premium,Silver,625,2024-11-01,8000,5113.91,255.7,558.81,Late
CC3182,Jessica Davis,Riverside,Business,Silver,657,2024-11-01,8000,2042.53,102.13,281.61,On-Time
CC3183,David Jones,Lakeside,Premium,Silver,657,2024-11-01,8000,1305.02,65.25,109.02,On-Time
CC3184,Joseph Anderson,Westfield,Retail,Gold,602,2024-11-01,15000,9778.97,488.95,534.94,On-Time
CC3185,Patricia Martinez,Lakeside,Premium,Platinum,659,2024-11-01,25000,19450.71,972.54,1442.01,On-Time
CC3186,Jennifer Rodriguez,Downtown,Business,Business,677,2024-11-01,40000,29695.04,1484.75,3691.88,On-Time
CC3187,Jennifer Williams,Downtown,Retail,Gold,765,2024-11-01,15000,8514.79,425.74,494.36,On-Time
CC3188,Nancy Miller,Westfield,Business,Gold,756,2024-11-01,15000,13400.56,670.03,1572.23,On-Time
CC3189,Patricia Brown,Downtown,Premium,Gold,589,2024-11-01,15000,11108.38,555.42,747.82,Late
CC3190,Lisa Rodriguez,Riverside,Retail,Business,751,2024-11-01,40000,12611.65,630.58,1468.38,Default
CC3191,Richard Wilson,Uptown,Business,Gold,686,2024-11-01,15000,11839.92,592.0,1029.91,On-Time
CC3192,Thomas Williams,Riverside,Business,Gold,744,2024-11-01,15000,5549.74,277.49,598.8,On-Time
CC3193,Matthew Williams,Riverside,Premium,Platinum,662,2024-11-01,25000,21255.85,1062.79,2770.95,On-Time
CC3194,Richard Taylor,Westfield,Retail,Silver,686,2024-11-01,8000,7281.8,364.09,1071.37,On-Time
CC3195,Jennifer Miller,Westfield,Retail,Silver,627,2024-11-01,8000,5418.8,270.94,328.87,On-Time
CC3196,John Wilson,Downtown,Business,Silver,656,2024-11-01,8000,7184.56,359.23,972.95,On-Time
CC3197,Jessica Williams,Westfield,Premium,Silver,639,2024-11-01,8000,3604.6,180.23,424.2,On-Time
CC3198,Karen Hernandez,Lakeside,Premium,Platinum,702,2024-11-01,25000,5919.07,295.95,264.14,On-Time
CC3199,William Davis,Riverside,Premium,Silver,763,2024-11-01,8000,1488.42,74.42,206.17,On-Time
CC3200,Richard Thomas,Lakeside,Premium,Gold,819,2024-11-01,15000,6651.42,332.57,902.11,On-Time
CC3201,Betty Martinez,Westfield,Business,Gold,691,2024-11-01,15000,7954.95,397.75,1035.09,On-Time
CC3202,Jessica Jones,Uptown,Premium,Platinum,681,2024-11-01,25000,18389.22,919.46,1344.31,Default
CC3203,Sarah Johnson,Lakeside,Retail,Gold,591,2024-11-01,15000,8241.78,412.09,1119.94,On-Time
CC3204,Patricia Thomas,Westfield,Retail,Gold,583,2024-11-01,15000,14224.16,711.21,690.7,On-Time
CC3205,Richard Rodriguez,Uptown,Retail,Silver,627,2024-11-01,8000,5938.23,296.91,452.44,Late
CC3206,Elizabeth Smith,Downtown,Premium,Gold,697,2024-11-01,15000,14095.98,704.8,1730.53,Default
CC3207,Joseph Anderson,Uptown,Retail,Silver,769,2024-11-01,8000,1460.5,73.03,142.86,On-Time
CC3208,Jessica Hernandez,Uptown,Premium,Gold,807,2024-11-01,15000,6254.69,312.73,923.49,On-Time
CC3209,Patricia Rodriguez,Downtown,Premium,Silver,642,2024-11-01,8000,5937.23,296.86,671.63,Late
CC3210,Nancy Rodriguez,Downtown,Business,Platinum,777,2024-11-01,25000,6702.65,335.13,378.99,On-Time
CC3211,Joseph Anderson,Westfield,Premium,Business,780,2024-11-01,40000,22342.24,1117.11,3074.38,On-Time
CC3212,Richard Wilson,Uptown,Business,Gold,752,2024-11-01,15000,6265.59,313.28,729.53,On-Time
CC3213,Daniel Martinez,Uptown,Premium,Platinum,693,2024-11-01,25000,3898.79,194.94,378.01,Late
CC3214,Lisa Lopez,Lakeside,Retail,Silver,771,2024-11-01,8000,3668.15,183.41,333.93,Late
CC3215,David Smith,Riverside,Premium,Gold,655,2024-11-01,15000,1630.88,81.54,75.07,On-Time
CC3216,Karen Garcia,Westfield,Retail,Silver,786,2024-11-01,8000,3484.93,174.25,292.01,On-Time
CC3217,Sarah Thomas,Uptown,Premium,Silver,635,2024-11-01,8000,532.21,26.61,53.25,On-Time
CC3218,Lisa Jones,Lakeside,Retail,Platinum,700,2024-11-01,25000,5384.77,269.24,703.61,Late
CC3219,Daniel Wilson,Downtown,Retail,Silver,769,2024-11-01,8000,7445.01,372.25,778.27,On-Time
CC3220,James Hernandez,Riverside,Premium,Silver,611,2024-11-01,8000,3087.01,154.35,167.21,On-Time
CC3221,Betty Miller,Westfield,Premium,Platinum,626,2024-11-01,25000,17058.57,852.93,1460.1,On-Time
CC3222,Daniel Thomas,Downtown,Premium,Business,778,2024-11-01,40000,33432.94,1671.65,2848.32,On-Time
CC3223,Lisa Wilson,Riverside,Business,Platinum,582,2024-11-01,25000,18345.75,917.29,2048.73,On-Time
CC3224,Lisa Lopez,Westfield,Retail,Gold,760,2024-11-01,15000,5527.05,276.35,223.16,On-Time
CC3225,Karen Wilson,Riverside,Retail,Platinum,768,2024-11-01,25000,13466.4,673.32,1230.71,On-Time
CC3226,Elizabeth Hernandez,Lakeside,Premium,Gold,666,2024-11-01,15000,11634.0,581.7,947.38,On-Time
CC3227,Daniel Taylor,Riverside,Retail,Business,651,2024-11-01,40000,18633.58,931.68,2246.76,On-Time
CC3228,Karen Hernandez,Lakeside,Business,Business,631,2024-11-01,40000,8333.1,416.66,492.58,Late
CC3229,Karen Davis,Riverside,Premium,Gold,713,2024-11-01,15000,9234.66,461.73,1002.49,Late
CC3230,Betty Williams,Westfield,Premium,Silver,761,2024-11-01,8000,6803.4,340.17,510.09,Late
CC3231,Richard Jones,Uptown,Premium,Gold,780,2024-11-01,15000,2327.3,116.37,143.25,On-Time
CC3232,David Hernandez,Uptown,Retail,Business,741,2024-11-01,40000,25381.1,1269.06,1068.53,On-Time
CC3233,Jennifer Lopez,Riverside,Retail,Platinum,719,2024-11-01,25000,6462.77,323.14,547.39,On-Time
CC3234,Linda Smith,Riverside,Retail,Platinum,790,2024-11-01,25000,6026.13,301.31,254.45,On-Time
CC3235,Joseph Thomas,Lakeside,Retail,Platinum,749,2024-11-01,25000,21062.05,1053.1,2036.44,On-Time
CC3236,Patricia Williams,Lakeside,Business,Silver,761,2024-11-01,8000,3435.73,171.79,229.44,On-Time
CC3237,Michael Rodriguez,Uptown,Premium,Business,810,2024-11-01,40000,24486.37,1224.32,3261.17,On-Time
CC3238,Charles Taylor,Riverside,Retail,Gold,751,2024-11-01,15000,5092.58,254.63,349.23,On-Time
CC3239,Thomas Garcia,Westfield,Retail,Platinum,717,2024-11-01,25000,9142.2,457.11,951.98,On-Time
CC3240,James Taylor,Westfield,Retail,Business,673,2024-11-01,40000,25605.59,1280.28,1522.22,On-Time
CC3241,David Williams,Riverside,Business,Silver,777,2024-11-01,8000,2446.72,122.34,176.46,On-Time
CC3242,Thomas Thomas,Westfield,Retail,Business,638,2024-11-01,40000,8941.97,447.1,1201.14,On-Time
CC3243,Charles Taylor,Westfield,Business,Business,718,2024-11-01,40000,33124.61,1656.23,3458.36,On-Time
CC3244,Linda Anderson,Lakeside,Business,Silver,718,2024-11-01,8000,2263.36,113.17,216.31,On-Time
CC3245,Nancy Davis,Riverside,Retail,Platinum,820,2024-11-01,25000,23562.66,1178.13,2078.09,On-Time
CC3246,Joseph Davis,Lakeside,Business,Silver,675,2024-11-01,8000,5123.43,256.17,449.3,On-Time
CC3247,Matthew Taylor,Uptown,Premium,Gold,659,2024-11-01,15000,2591.53,129.58,333.81,On-Time
CC3248,Michael Rodriguez,Lakeside,Premium,Gold,807,2024-11-01,15000,11650.63,582.53,1666.94,On-Time
CC3249,Matthew Thomas,Downtown,Retail,Silver,770,2024-11-01,8000,6049.43,302.47,560.43,On-Time
CC3250,Joseph Johnson,Lakeside,Retail,Business,815,2024-11-01,40000,11165.58,558.28,957.81,On-Time
CC3251,Linda Brown,Westfield,Premium,Silver,755,2024-11-01,8000,937.27,46.86,47.63,On-Time
CC3252,Karen Lopez,Uptown,Premium,Gold,798,2024-11-01,15000,4620.55,231.03,651.62,On-Time
CC3253,Joseph Smith,Westfield,Retail,Silver,784,2024-11-01,8000,6114.77,305.74,531.34,On-Time
CC3254,Charles Thomas,Uptown,Premium,Platinum,588,2024-11-01,25000,4906.8,245.34,639.8,On-Time
CC3255,Susan Taylor,Westfield,Retail,Platinum,593,2024-11-01,25000,15818.39,790.92,1110.76,On-Time
CC3256,Sarah Johnson,Riverside,Premium,Gold,697,2024-11-01,15000,1351.23,67.56,196.89,On-Time
CC3257,Lisa Johnson,Westfield,Premium,Business,718,2024-11-01,40000,24847.84,1242.39,3187.91,On-Time
CC3258,Richard Garcia,Lakeside,Premium,Platinum,592,2024-11-01,25000,21244.62,1062.23,1591.68,On-Time
CC3259,Elizabeth Garcia,Uptown,Premium,Silver,774,2024-11-01,8000,1282.59,64.13,188.55,On-Time
CC3260,John Garcia,Downtown,Retail,Platinum,637,2024-11-01,25000,14350.23,717.51,2117.18,On-Time
CC3261,Joseph Wilson,Lakeside,Retail,Gold,582,2024-11-01,15000,2826.48,141.32,260.67,On-Time
CC3262,Lisa Davis,Uptown,Business,Silver,815,2024-11-01,8000,6087.7,304.38,886.25,On-Time
CC3263,James Lopez,Riverside,Business,Business,666,2024-11-01,40000,15035.18,751.76,744.36,On-Time
CC3264,Charles Rodriguez,Uptown,Retail,Silver,710,2024-11-01,8000,1531.73,76.59,162.13,On-Time
CC3265,Thomas Rodriguez,Uptown,Business,Business,777,2024-11-01,40000,20217.3,1010.87,1469.77,On-Time
CC3266,Jessica Jones,Riverside,Premium,Business,747,2024-11-01,40000,36264.88,1813.24,5055.98,On-Time
CC3267,David Brown,Westfield,Business,Silver,650,2024-11-01,8000,7166.18,358.31,641.7,Late
CC3268,James Williams,Uptown,Business,Platinum,808,2024-11-01,25000,2945.45,147.27,264.94,On-Time
CC3269,Charles Thomas,Lakeside,Premium,Business,604,2024-11-01,40000,20109.91,1005.5,1191.84,On-Time
CC3270,Daniel Rodriguez,Uptown,Business,Business,673,2024-11-01,40000,28729.92,1436.5,1229.16,Late
CC3271,Charles Brown,Uptown,Premium,Platinum,636,2024-11-01,25000,22277.36,1113.87,1469.92,On-Time
CC3272,Thomas Garcia,Lakeside,Business,Platinum,646,2024-11-01,25000,10140.05,507.0,1030.2,On-Time
CC3273,Karen Johnson,Lakeside,Premium,Gold,630,2024-11-01,15000,6652.23,332.61,518.01,On-Time
CC3274,Sarah Taylor,Riverside,Retail,Silver,718,2024-11-01,8000,6324.7,316.24,705.06,On-Time
CC3275,Thomas Rodriguez,Uptown,Premium,Gold,806,2024-11-01,15000,11318.41,565.92,1219.63,On-Time
CC3276,Elizabeth Hernandez,Downtown,Premium,Platinum,809,2024-11-01,25000,7843.68,392.18,611.23,On-Time
CC3277,Jennifer Thomas,Uptown,Business,Platinum,747,2024-11-01,25000,15063.9,753.2,772.65,On-Time
CC3278,Michael Jones,Westfield,Premium,Platinum,718,2024-11-01,25000,20679.1,1033.95,1994.54,On-Time
CC3279,William Lopez,Lakeside,Business,Silver,727,2024-11-01,8000,4023.43,201.17,288.14,Late
CC3280,Mary Thomas,Westfield,Retail,Business,647,2024-11-01,40000,6481.33,324.07,957.38,On-Time
CC3281,Sarah Miller,Downtown,Business,Business,635,2024-11-01,40000,12275.87,613.79,1207.91,Default
CC3282,Lisa Rodriguez,Lakeside,Retail,Platinum,735,2024-11-01,25000,7648.72,382.44,881.06,On-Time
CC3283,James Thomas,Uptown,Retail,Gold,756,2024-11-01,15000,9830.53,491.53,588.39,Default
CC3284,Elizabeth Hernandez,Uptown,Business,Gold,600,2024-11-01,15000,6475.91,323.8,808.0,On-Time
CC3285,Karen Martinez,Uptown,Business,Business,611,2024-11-01,40000,15267.58,763.38,1036.33,On-Time
CC3286,John Wilson,Lakeside,Business,Platinum,727,2024-11-01,25000,5503.53,275.18,669.59,On-Time
CC3287,Karen Rodriguez,Westfield,Retail,Platinum,721,2024-11-01,25000,8149.88,407.49,987.27,On-Time
CC3288,John Garcia,Westfield,Retail,Business,613,2024-11-01,40000,26173.47,1308.67,2856.0,On-Time
CC3289,Sarah Brown,Riverside,Retail,Platinum,756,2024-11-01,25000,9149.78,457.49,1063.48,On-Time
CC3290,Karen Thomas,Riverside,Premium,Business,595,2024-11-01,40000,9493.99,474.7,1074.28,On-Time
CC3291,Thomas Anderson,Uptown,Retail,Silver,699,2024-11-01,8000,492.27,24.61,49.75,On-Time
CC3292,Mary Rodriguez,Uptown,Business,Gold,753,2024-11-01,15000,13714.83,685.74,915.63,On-Time
CC3293,Mary Hernandez,Downtown,Retail,Silver,765,2024-11-01,8000,7129.46,356.47,865.68,On-Time
CC3294,David Anderson,Downtown,Premium,Platinum,773,2024-11-01,25000,16560.07,828.0,1238.91,Late
CC3295,Karen Smith,Downtown,Business,Gold,637,2024-11-01,15000,9874.64,493.73,1008.55,Late
CC3296,Mary Thomas,Westfield,Premium,Silver,787,2024-11-01,8000,5383.83,269.19,273.34,Default
CC3297,Joseph Smith,Westfield,Premium,Platinum,662,2024-11-01,25000,22902.25,1145.11,2985.14,On-Time
CC3298,Sarah Miller,Downtown,Retail,Platinum,760,2024-11-01,25000,7433.69,371.68,587.31,On-Time
CC3299,David Rodriguez,Westfield,Retail,Business,696,2024-11-01,40000,22583.32,1129.17,2331.06,On-Time
CC3300,Elizabeth Smith,Westfield,Retail,Business,640,2024-11-01,40000,8307.05,415.35,1064.86,On-Time
CC3001,Michael Hernandez,Uptown,Business,Business,583,2024-12-01,40000,25277.82,1263.89,2475.9,On-Time
CC3002,William Thomas,Uptown,Retail,Platinum,611,2024-12-01,25000,12705.17,635.26,699.36,On-Time
CC3003,Nancy Garcia,Riverside,Premium,Gold,662,2024-12-01,15000,6662.27,333.11,975.44,Default
CC3004,John Martinez,Uptown,Retail,Business,698,2024-12-01,40000,25314.04,1265.7,3125.53,Default
CC3005,Mary Jones,Uptown,Premium,Silver,805,2024-12-01,8000,7473.34,373.67,1056.21,Default
CC3006,Linda Garcia,Downtown,Retail,Gold,745,2024-12-01,15000,4062.43,203.12,343.48,Default
CC3007,Thomas Smith,Riverside,Business,Business,676,2024-12-01,40000,25354.22,1267.71,3791.79,On-Time
CC3008,Sarah Williams,Riverside,Retail,Business,677,2024-12-01,40000,9474.43,473.72,551.91,On-Time
CC3009,John Jones,Riverside,Premium,Platinum,763,2024-12-01,25000,2014.43,100.72,94.26,On-Time
CC3010,John Brown,Lakeside,Business,Platinum,601,2024-12-01,25000,12039.26,601.96,1733.63,On-Time
CC3011,Elizabeth Hernandez,Uptown,Premium,Business,673,2024-12-01,40000,13717.7,685.89,1958.7,On-Time
CC3012,Joseph Lopez,Lakeside,Premium,Platinum,734,2024-12-01,25000,18644.98,932.25,776.95,On-Time
CC3013,Jennifer Lopez,Westfield,Business,Business,689,2024-12-01,40000,20242.07,1012.1,879.87,On-Time
CC3014,Jessica Taylor,Downtown,Business,Silver,656,2024-12-01,8000,5783.92,289.2,310.45,On-Time
CC3015,Linda Anderson,Westfield,Retail,Business,593,2024-12-01,40000,11747.46,587.37,714.38,On-Time
CC3016,Linda Thomas,Westfield,Retail,Silver,722,2024-12-01,8000,7370.56,368.53,375.64,Default
CC3017,Betty Martinez,Uptown,Retail,Platinum,670,2024-12-01,25000,2402.33,120.12,109.22,Late
CC3018,Lisa Davis,Downtown,Premium,Gold,700,2024-12-01,15000,12394.4,619.72,1241.45,Default
CC3019,Daniel Wilson,Downtown,Business,Gold,711,2024-12-01,15000,12143.92,607.2,1730.01,On-Time
CC3020,Betty Taylor,Westfield,Business,Gold,737,2024-12-01,15000,5784.52,289.23,373.59,On-Time
CC3021,Robert Martinez,Lakeside,Business,Silver,814,2024-12-01,8000,2282.22,114.11,105.33,On-Time
CC3022,Michael Rodriguez,Downtown,Retail,Business,802,2024-12-01,40000,14772.11,738.61,1270.68,On-Time
CC3023,Jennifer Miller,Riverside,Business,Silver,774,2024-12-01,8000,5707.32,285.37,559.45,On-Time
CC3024,Sarah Wilson,Lakeside,Business,Gold,790,2024-12-01,15000,8426.74,421.34,959.7,On-Time
CC3025,Linda Johnson,Westfield,Premium,Business,660,2024-12-01,40000,24743.9,1237.2,2981.87,On-Time
CC3026,Susan Lopez,Riverside,Premium,Business,756,2024-12-01,40000,18600.2,930.01,2048.89,Late
CC3027,Karen Hernandez,Lakeside,Premium,Business,620,2024-12-01,40000,35006.26,1750.31,3640.58,Default
CC3028,Michael Lopez,Uptown,Business,Silver,657,2024-12-01,8000,2448.72,122.44,183.32,On-Time
CC3029,William Anderson,Lakeside,Business,Business,754,2024-12-01,40000,26122.59,1306.13,2722.32,Default
CC3030,Michael Smith,Westfield,Retail,Business,584,2024-12-01,40000,32228.33,1611.42,3907.4,Late
CC3031,Patricia Thomas,Riverside,Business,Gold,657,2024-12-01,15000,10167.76,508.39,1154.68,On-Time
CC3032,William Thomas,Uptown,Premium,Gold,744,2024-12-01,15000,4062.72,203.14,382.09,On-Time
CC3033,Michael Garcia,Westfield,Retail,Gold,767,2024-12-01,15000,8647.33,432.37,639.32,On-Time
CC3034,Lisa Johnson,Downtown,Premium,Silver,623,2024-12-01,8000,4974.15,248.71,512.43,On-Time
CC3035,Linda Hernandez,Lakeside,Business,Platinum,738,2024-12-01,25000,3649.92,182.5,505.71,On-Time
CC3036,David Martinez,Uptown,Premium,Business,678,2024-12-01,40000,24147.63,1207.38,1111.27,On-Time
CC3037,James Martinez,Lakeside,Retail,Business,778,2024-12-01,40000,35905.02,1795.25,1795.9,On-Time
CC3038,Robert Wilson,Downtown,Business,Gold,596,2024-12-01,15000,1812.76,90.64,266.04,On-Time
CC3039,William Johnson,Uptown,Business,Gold,782,2024-12-01,15000,10584.24,529.21,768.55,On-Time
CC3040,Jessica Thomas,Riverside,Premium,Silver,610,2024-12-01,8000,5396.95,269.85,777.88,On-Time
CC3041,Patricia Anderson,Westfield,Business,Gold,790,2024-12-01,15000,2277.69,113.88,161.14,On-Time
CC3042,Elizabeth Wilson,Westfield,Premium,Gold,802,2024-12-01,15000,14155.72,707.79,1655.09,On-Time
CC3043,Patricia Garcia,Westfield,Business,Silver,697,2024-12-01,8000,6246.29,312.31,764.12,Late
CC3044,Nancy Hernandez,Westfield,Retail,Gold,675,2024-12-01,15000,6890.87,344.54,868.59,Late
CC3045,Thomas Garcia,Riverside,Retail,Gold,678,2024-12-01,15000,11318.99,565.95,1154.89,On-Time
CC3046,Jessica Brown,Westfield,Retail,Gold,693,2024-12-01,15000,1717.65,85.88,121.72,On-Time
CC3047,Lisa Martinez,Lakeside,Premium,Silver,674,2024-12-01,8000,6517.31,325.87,811.09,On-Time
CC3048,Matthew Taylor,Uptown,Premium,Platinum,583,2024-12-01,25000,23602.33,1180.12,2082.25,On-Time
CC3049,William Martinez,Lakeside,Premium,Silver,719,2024-12-01,8000,6149.56,307.48,474.47,On-Time
CC3050,Elizabeth Smith,Westfield,Premium,Silver,692,2024-12-01,8000,2922.06,146.1,423.79,Default
CC3051,Charles Garcia,Uptown,Premium,Silver,588,2024-12-01,8000,5707.98,285.4,270.37,On-Time
CC3052,Elizabeth Thomas,Downtown,Premium,Platinum,723,2024-12-01,25000,5281.35,264.07,483.39,Late
CC3053,John Brown,Lakeside,Premium,Gold,688,2024-12-01,15000,12305.61,615.28,1126.38,On-Time
CC3054,Jennifer Taylor,Uptown,Business,Silver,644,2024-12-01,8000,6676.77,333.84,307.56,On-Time
CC3055,Linda Taylor,Uptown,Retail,Silver,810,2024-12-01,8000,448.46,22.42,35.79,On-Time
CC3056,David Rodriguez,Westfield,Premium,Business,598,2024-12-01,40000,32145.31,1607.27,1372.94,On-Time
CC3057,Robert Garcia,Westfield,Business,Gold,668,2024-12-01,15000,6040.72,302.04,498.31,On-Time
CC3058,Sarah Lopez,Riverside,Retail,Silver,710,2024-12-01,8000,697.91,34.9,78.76,Late
CC3059,Daniel Davis,Uptown,Business,Platinum,639,2024-12-01,25000,9436.83,471.84,1141.91,On-Time
CC3060,Sarah Thomas,Uptown,Premium,Business,594,2024-12-01,40000,30119.92,1506.0,4271.2,On-Time
CC3061,James Taylor,Riverside,Retail,Platinum,748,2024-12-01,25000,11110.35,555.52,1459.29,Default
CC3062,Linda Davis,Downtown,Premium,Business,631,2024-12-01,40000,10432.93,521.65,771.31,Late
CC3063,Betty Garcia,Riverside,Premium,Gold,770,2024-12-01,15000,7005.47,350.27,490.96,On-Time
CC3064,Nancy Hernandez,Downtown,Retail,Business,689,2024-12-01,40000,29520.61,1476.03,1794.48,On-Time
CC3065,Sarah Hernandez,Lakeside,Business,Business,753,2024-12-01,40000,30088.52,1504.43,3102.4,Late
CC3066,Joseph Davis,Downtown,Retail,Business,715,2024-12-01,40000,8002.56,400.13,439.7,On-Time
CC3067,Jennifer Rodriguez,Riverside,Premium,Business,584,2024-12-01,40000,4727.02,236.35,593.85,Default
CC3068,Matthew Miller,Westfield,Premium,Business,722,2024-12-01,40000,5817.94,290.9,805.86,On-Time
CC3069,Sarah Martinez,Downtown,Premium,Silver,730,2024-12-01,8000,6499.07,324.95,651.15,On-Time
CC3070,Nancy Anderson,Uptown,Premium,Gold,758,2024-12-01,15000,13409.03,670.45,1709.83,On-Time
CC3071,Richard Rodriguez,Uptown,Business,Business,738,2024-12-01,40000,22710.95,1135.55,1037.16,On-Time
CC3072,Karen Johnson,Uptown,Business,Silver,641,2024-12-01,8000,4122.28,206.11,536.39,Late
CC3073,Mary Martinez,Riverside,Retail,Business,747,2024-12-01,40000,28318.81,1415.94,1191.31,On-Time
CC3074,Daniel Davis,Downtown,Premium,Gold,672,2024-12-01,15000,7283.96,364.2,568.43,On-Time
CC3075,James Davis,Riverside,Retail,Silver,777,2024-12-01,8000,1640.43,82.02,103.94,On-Time
CC3076,Daniel Garcia,Lakeside,Premium,Gold,622,2024-12-01,15000,4213.77,210.69,554.13,On-Time
CC3077,Linda Brown,Downtown,Retail,Gold,717,2024-12-01,15000,11742.64,587.13,536.11,Late
CC3078,William Jones,Uptown,Retail,Silver,777,2024-12-01,8000,5229.33,261.47,608.33,On-Time
CC3079,John Johnson,Riverside,Business,Business,628,2024-12-01,40000,21731.84,1086.59,2165.52,On-Time
CC3080,Jessica Smith,Westfield,Business,Platinum,783,2024-12-01,25000,22040.35,1102.02,1104.88,Late
CC3081,Karen Garcia,Riverside,Retail,Silver,699,2024-12-01,8000,4139.42,206.97,453.8,On-Time
CC3082,James Rodriguez,Downtown,Premium,Gold,586,2024-12-01,15000,4739.32,236.97,370.57,On-Time
CC3083,Betty Thomas,Riverside,Retail,Silver,786,2024-12-01,8000,7016.05,350.8,1024.9,On-Time
CC3084,Matthew Brown,Downtown,Premium,Gold,815,2024-12-01,15000,1514.81,75.74,163.98,On-Time
CC3085,William Taylor,Westfield,Business,Gold,671,2024-12-01,15000,7310.82,365.54,996.03,Default
CC3086,Jessica Williams,Riverside,Premium,Platinum,789,2024-12-01,25000,6691.13,334.56,835.37,Late
CC3087,Betty Jones,Downtown,Business,Business,815,2024-12-01,40000,4538.0,226.9,485.28,On-Time
CC3088,Joseph Anderson,Downtown,Business,Silver,642,2024-12-01,8000,2821.45,141.07,316.98,On-Time
CC3089,Susan Rodriguez,Downtown,Business,Business,637,2024-12-01,40000,28933.64,1446.68,4144.76,On-Time
CC3090,Joseph Brown,Lakeside,Premium,Platinum,791,2024-12-01,25000,15132.46,756.62,1153.78,On-Time
CC3091,Sarah Jones,Downtown,Retail,Silver,782,2024-12-01,8000,4634.22,231.71,371.4,On-Time
CC3092,James Lopez,Lakeside,Retail,Platinum,618,2024-12-01,25000,14276.61,713.83,1712.9,On-Time
CC3093,Linda Rodriguez,Uptown,Premium,Gold,659,2024-12-01,15000,8201.72,410.09,361.45,Late
CC3094,Joseph Martinez,Lakeside,Retail,Business,783,2024-12-01,40000,24821.64,1241.08,1749.31,Late
CC3095,Jessica Taylor,Downtown,Premium,Business,618,2024-12-01,40000,34625.19,1731.26,2811.22,On-Time
CC3096,Charles Brown,Riverside,Premium,Business,650,2024-12-01,40000,17601.95,880.1,941.41,On-Time
CC3097,Nancy Thomas,Downtown,Business,Silver,813,2024-12-01,8000,7547.53,377.38,442.3,On-Time
CC3098,Elizabeth Davis,Riverside,Premium,Platinum,707,2024-12-01,25000,1900.78,95.04,161.37,On-Time
CC3099,Jessica Garcia,Lakeside,Premium,Silver,681,2024-12-01,8000,456.85,22.84,54.62,On-Time
CC3100,Elizabeth Smith,Riverside,Retail,Silver,744,2024-12-01,8000,3407.66,170.38,199.87,On-Time
CC3101,Michael Lopez,Riverside,Premium,Platinum,730,2024-12-01,25000,11673.43,583.67,667.69,On-Time
CC3102,Betty Anderson,Riverside,Premium,Silver,664,2024-12-01,8000,4314.62,215.73,449.1,On-Time
CC3103,Karen Rodriguez,Westfield,Business,Business,610,2024-12-01,40000,27795.86,1389.79,3541.37,On-Time
CC3104,Charles Wilson,Downtown,Business,Business,686,2024-12-01,40000,24319.51,1215.98,3388.35,On-Time
CC3105,Daniel Thomas,Downtown,Premium,Business,793,2024-12-01,40000,4695.7,234.78,234.49,Default
CC3106,Nancy Williams,Uptown,Business,Business,672,2024-12-01,40000,2970.53,148.53,270.15,On-Time
CC3107,Mary Davis,Westfield,Retail,Silver,786,2024-12-01,8000,947.09,47.35,110.13,On-Time
CC3108,Susan Davis,Downtown,Retail,Gold,710,2024-12-01,15000,7941.79,397.09,358.65,Default
CC3109,Susan Martinez,Downtown,Premium,Gold,803,2024-12-01,15000,9071.1,453.56,842.56,Default
CC3110,Linda Jones,Downtown,Retail,Silver,737,2024-12-01,8000,4677.47,233.87,653.32,On-Time
CC3111,Thomas Johnson,Uptown,Business,Platinum,651,2024-12-01,25000,9463.95,473.2,1006.86,On-Time
CC3112,Susan Lopez,Riverside,Premium,Silver,612,2024-12-01,8000,7387.5,369.38,332.92,On-Time
CC3113,Richard Johnson,Riverside,Premium,Silver,683,2024-12-01,8000,4172.26,208.61,299.97,On-Time
CC3114,Patricia Martinez,Lakeside,Business,Platinum,745,2024-12-01,25000,16701.19,835.06,1066.36,Late
CC3115,Linda Williams,Downtown,Business,Platinum,815,2024-12-01,25000,2558.14,127.91,318.52,On-Time
CC3116,Lisa Hernandez,Riverside,Business,Gold,621,2024-12-01,15000,7797.22,389.86,402.23,On-Time
CC3117,Susan Garcia,Uptown,Premium,Silver,613,2024-12-01,8000,1881.86,94.09,201.25,Late
CC3118,Karen Wilson,Riverside,Business,Business,722,2024-12-01,40000,3799.1,189.96,538.27,On-Time
CC3119,Richard Hernandez,Westfield,Retail,Business,784,2024-12-01,40000,18377.33,918.87,2711.5,Default
CC3120,Matthew Miller,Lakeside,Business,Platinum,804,2024-12-01,25000,17322.57,866.13,1521.19,On-Time
CC3121,Matthew Johnson,Lakeside,Retail,Business,768,2024-12-01,40000,17755.63,887.78,2539.73,On-Time
CC3122,Jennifer Williams,Uptown,Premium,Platinum,772,2024-12-01,25000,6995.45,349.77,968.14,On-Time
CC3123,Thomas Wilson,Westfield,Business,Silver,744,2024-12-01,8000,1045.1,52.25,115.98,Late
CC3124,Thomas Jones,Riverside,Retail,Business,780,2024-12-01,40000,30642.08,1532.1,3587.3,On-Time
CC3125,David Brown,Riverside,Business,Silver,812,2024-12-01,8000,3410.65,170.53,468.19,Late
CC3126,Susan Garcia,Downtown,Premium,Silver,774,2024-12-01,8000,2652.82,132.64,275.39,On-Time
CC3127,Richard Davis,Lakeside,Retail,Business,749,2024-12-01,40000,7326.99,366.35,552.99,On-Time
CC3128,Betty Davis,Downtown,Premium,Platinum,806,2024-12-01,25000,23510.75,1175.54,1537.73,On-Time
CC3129,Charles Davis,Uptown,Business,Business,769,2024-12-01,40000,36084.85,1804.24,2315.69,On-Time
CC3130,Jessica Anderson,Uptown,Premium,Silver,702,2024-12-01,8000,6952.41,347.62,667.74,Late
CC3131,Richard Jones,Westfield,Retail,Gold,817,2024-12-01,15000,4990.58,249.53,409.3,On-Time
CC3132,Mary Brown,Downtown,Retail,Business,712,2024-12-01,40000,13471.53,673.58,1436.36,On-Time
CC3133,Matthew Johnson,Westfield,Retail,Silver,710,2024-12-01,8000,5966.0,298.3,724.65,On-Time
CC3134,Lisa Martinez,Lakeside,Premium,Business,684,2024-12-01,40000,13375.12,668.76,990.68,Late
CC3135,Richard Taylor,Downtown,Retail,Platinum,635,2024-12-01,25000,13543.46,677.17,1410.91,Late
CC3136,Susan Taylor,Riverside,Business,Silver,590,2024-12-01,8000,6257.82,312.89,320.3,Late
CC3137,Lisa Martinez,Downtown,Premium,Platinum,746,2024-12-01,25000,16819.93,841.0,899.99,Late
CC3138,William Smith,Riverside,Premium,Platinum,779,2024-12-01,25000,6001.98,300.1,395.34,On-Time
CC3139,Jennifer Thomas,Downtown,Premium,Silver,667,2024-12-01,8000,3591.44,179.57,310.54,On-Time
CC3140,Karen Miller,Uptown,Premium,Business,803,2024-12-01,40000,27349.89,1367.49,1810.62,Default
CC3141,Charles Lopez,Westfield,Retail,Business,665,2024-12-01,40000,10231.1,511.56,790.47,On-Time
CC3142,Charles Anderson,Riverside,Retail,Platinum,696,2024-12-01,25000,21178.8,1058.94,2159.66,On-Time
CC3143,Jessica Johnson,Westfield,Business,Silver,600,2024-12-01,8000,2085.92,104.3,132.46,On-Time
CC3144,Elizabeth Martinez,Westfield,Retail,Platinum,586,2024-12-01,25000,15617.34,780.87,2304.47,On-Time
CC3145,Mary Brown,Uptown,Retail,Platinum,755,2024-12-01,25000,7608.82,380.44,783.71,On-Time
CC3146,Patricia Hernandez,Lakeside,Business,Business,643,2024-12-01,40000,26796.26,1339.81,3772.19,On-Time
CC3147,Susan Taylor,Riverside,Premium,Platinum,587,2024-12-01,25000,13426.5,671.33,1062.55,On-Time
CC3148,Lisa Brown,Lakeside,Retail,Gold,604,2024-12-01,15000,9450.12,472.51,1111.68,Late
CC3149,Linda Anderson,Uptown,Premium,Gold,763,2024-12-01,15000,4106.14,205.31,604.21,Default
CC3150,Joseph Brown,Lakeside,Premium,Business,617,2024-12-01,40000,6935.79,346.79,300.29,On-Time
CC3151,Jessica Brown,Westfield,Premium,Platinum,657,2024-12-01,25000,12666.79,633.34,1103.9,Default
CC3152,William Jones,Uptown,Retail,Business,624,2024-12-01,40000,12101.31,605.07,1736.42,On-Time
CC3153,Jessica Jones,Westfield,Business,Gold,711,2024-12-01,15000,13634.84,681.74,1123.0,Late
CC3154,Patricia Brown,Lakeside,Business,Platinum,791,2024-12-01,25000,12400.61,620.03,1278.2,On-Time
CC3155,Daniel Garcia,Westfield,Retail,Platinum,698,2024-12-01,25000,13767.63,688.38,1891.79,On-Time
CC3156,Lisa Johnson,Uptown,Premium,Business,580,2024-12-01,40000,9030.94,451.55,812.49,Late
CC3157,Joseph Brown,Lakeside,Business,Silver,733,2024-12-01,8000,6177.67,308.88,379.63,Late
CC3158,Karen Brown,Lakeside,Premium,Silver,818,2024-12-01,8000,3143.51,157.18,174.6,On-Time
CC3159,William Miller,Lakeside,Retail,Platinum,695,2024-12-01,25000,8029.62,401.48,879.58,On-Time
CC3160,David Smith,Downtown,Premium,Gold,691,2024-12-01,15000,2334.65,116.73,209.69,On-Time
CC3161,Lisa Brown,Westfield,Business,Gold,624,2024-12-01,15000,14197.95,709.9,1095.83,Late
CC3162,Richard Anderson,Lakeside,Retail,Business,808,2024-12-01,40000,2504.85,125.24,205.56,On-Time
CC3163,Lisa Martinez,Lakeside,Business,Business,715,2024-12-01,40000,12395.68,619.78,772.92,On-Time
CC3164,Lisa Miller,Downtown,Business,Silver,663,2024-12-01,8000,6822.93,341.15,791.83,On-Time
CC3165,Jennifer Wilson,Downtown,Retail,Platinum,662,2024-12-01,25000,5758.05,287.9,532.1,Late
CC3166,Daniel Johnson,Riverside,Premium,Silver,613,2024-12-01,8000,7589.15,379.46,383.28,Late
CC3167,Nancy Johnson,Uptown,Premium,Gold,627,2024-12-01,15000,14068.39,703.42,1614.01,On-Time
CC3168,Jessica Smith,Westfield,Business,Business,626,2024-12-01,40000,20888.03,1044.4,2375.04,On-Time
CC3169,Betty Hernandez,Uptown,Retail,Business,747,2024-12-01,40000,22848.81,1142.44,922.89,On-Time
CC3170,Richard Williams,Uptown,Premium,Platinum,793,2024-12-01,25000,3465.44,173.27,441.55,On-Time
CC3171,Joseph Lopez,Downtown,Business,Business,791,2024-12-01,40000,33161.27,1658.06,1655.46,On-Time
CC3172,John Davis,Westfield,Premium,Silver,602,2024-12-01,8000,6201.11,310.06,264.4,On-Time
CC3173,Linda Smith,Uptown,Business,Platinum,763,2024-12-01,25000,12772.66,638.63,1670.96,On-Time
CC3174,Daniel Rodriguez,Uptown,Premium,Business,743,2024-12-01,40000,24984.65,1249.23,3718.43,On-Time
CC3175,Matthew Anderson,Uptown,Premium,Platinum,692,2024-12-01,25000,2398.06,119.9,249.05,On-Time
CC3176,Jessica Garcia,Riverside,Business,Gold,678,2024-12-01,15000,9071.65,453.58,794.59,On-Time
CC3177,Susan Taylor,Riverside,Premium,Business,596,2024-12-01,40000,31438.7,1571.94,2115.19,Default
CC3178,John Johnson,Riverside,Premium,Business,774,2024-12-01,40000,34926.35,1746.32,2737.58,On-Time
CC3179,Michael Wilson,Downtown,Retail,Gold,689,2024-12-01,15000,9902.5,495.12,873.52,Late
CC3180,Joseph Hernandez,Westfield,Premium,Gold,753,2024-12-01,15000,2851.87,142.59,137.5,On-Time
CC3181,Patricia Johnson,Lakeside,Premium,Silver,625,2024-12-01,8000,2852.07,142.6,225.76,On-Time
CC3182,Jessica Davis,Riverside,Business,Silver,657,2024-12-01,8000,2194.38,109.72,121.69,On-Time
CC3183,David Jones,Lakeside,Premium,Silver,657,2024-12-01,8000,1555.07,77.75,197.94,On-Time
CC3184,Joseph Anderson,Westfield,Retail,Gold,602,2024-12-01,15000,12031.23,601.56,923.47,Late
CC3185,Patricia Martinez,Lakeside,Premium,Platinum,659,2024-12-01,25000,13893.82,694.69,1131.48,Default
CC3186,Jennifer Rodriguez,Downtown,Business,Business,677,2024-12-01,40000,5955.21,297.76,692.09,On-Time
CC3187,Jennifer Williams,Downtown,Retail,Gold,765,2024-12-01,15000,10447.11,522.36,717.82,On-Time
CC3188,Nancy Miller,Westfield,Business,Gold,756,2024-12-01,15000,11710.63,585.53,1632.26,On-Time
CC3189,Patricia Brown,Downtown,Premium,Gold,589,2024-12-01,15000,9201.66,460.08,1261.58,On-Time
CC3190,Lisa Rodriguez,Riverside,Retail,Business,751,2024-12-01,40000,10569.34,528.47,831.73,On-Time
CC3191,Richard Wilson,Uptown,Business,Gold,686,2024-12-01,15000,5962.41,298.12,386.91,On-Time
CC3192,Thomas Williams,Riverside,Business,Gold,744,2024-12-01,15000,9435.26,471.76,405.23,On-Time
CC3193,Matthew Williams,Riverside,Premium,Platinum,662,2024-12-01,25000,13993.12,699.66,1558.67,On-Time
CC3194,Richard Taylor,Westfield,Retail,Silver,686,2024-12-01,8000,1972.14,98.61,136.95,On-Time
CC3195,Jennifer Miller,Westfield,Retail,Silver,627,2024-12-01,8000,3631.54,181.58,468.79,Default
CC3196,John Wilson,Downtown,Business,Silver,656,2024-12-01,8000,4132.26,206.61,261.17,On-Time
CC3197,Jessica Williams,Westfield,Premium,Silver,639,2024-12-01,8000,950.43,47.52,101.14,On-Time
CC3198,Karen Hernandez,Lakeside,Premium,Platinum,702,2024-12-01,25000,4466.89,223.34,348.19,On-Time
CC3199,William Davis,Riverside,Premium,Silver,763,2024-12-01,8000,2893.82,144.69,130.51,On-Time
CC3200,Richard Thomas,Lakeside,Premium,Gold,819,2024-12-01,15000,6886.69,344.33,788.6,On-Time
CC3201,Betty Martinez,Westfield,Business,Gold,691,2024-12-01,15000,11501.43,575.07,1497.62,Late
CC3202,Jessica Jones,Uptown,Premium,Platinum,681,2024-12-01,25000,10802.8,540.14,618.99,On-Time
CC3203,Sarah Johnson,Lakeside,Retail,Gold,591,2024-12-01,15000,11872.14,593.61,1715.45,On-Time
CC3204,Patricia Thomas,Westfield,Retail,Gold,583,2024-12-01,15000,4004.63,200.23,460.63,On-Time
CC3205,Richard Rodriguez,Uptown,Retail,Silver,627,2024-12-01,8000,605.16,30.26,47.19,On-Time
CC3206,Elizabeth Smith,Downtown,Premium,Gold,697,2024-12-01,15000,9703.86,485.19,687.94,Late
CC3207,Joseph Anderson,Uptown,Retail,Silver,769,2024-12-01,8000,7349.58,367.48,948.41,On-Time
CC3208,Jessica Hernandez,Uptown,Premium,Gold,807,2024-12-01,15000,8722.89,436.14,1049.57,On-Time
CC3209,Patricia Rodriguez,Downtown,Premium,Silver,642,2024-12-01,8000,1558.66,77.93,71.03,On-Time
CC3210,Nancy Rodriguez,Downtown,Business,Platinum,777,2024-12-01,25000,15221.98,761.1,1570.26,On-Time
CC3211,Joseph Anderson,Westfield,Premium,Business,780,2024-12-01,40000,29767.64,1488.38,2629.49,On-Time
CC3212,Richard Wilson,Uptown,Business,Gold,752,2024-12-01,15000,4835.11,241.76,211.12,Late
CC3213,Daniel Martinez,Uptown,Premium,Platinum,693,2024-12-01,25000,9042.43,452.12,493.25,On-Time
CC3214,Lisa Lopez,Lakeside,Retail,Silver,771,2024-12-01,8000,5348.07,267.4,706.36,On-Time
CC3215,David Smith,Riverside,Premium,Gold,655,2024-12-01,15000,1179.44,58.97,162.17,Late
CC3216,Karen Garcia,Westfield,Retail,Silver,786,2024-12-01,8000,6907.26,345.36,729.46,Late
CC3217,Sarah Thomas,Uptown,Premium,Silver,635,2024-12-01,8000,5066.83,253.34,505.74,Late
CC3218,Lisa Jones,Lakeside,Retail,Platinum,700,2024-12-01,25000,14064.99,703.25,1064.9,On-Time
CC3219,Daniel Wilson,Downtown,Retail,Silver,769,2024-12-01,8000,1211.39,60.57,78.24,On-Time
CC3220,James Hernandez,Riverside,Premium,Silver,611,2024-12-01,8000,6279.7,313.99,273.82,On-Time
CC3221,Betty Miller,Westfield,Premium,Platinum,626,2024-12-01,25000,22450.56,1122.53,2932.35,On-Time
CC3222,Daniel Thomas,Downtown,Premium,Business,778,2024-12-01,40000,36028.23,1801.41,1569.87,On-Time
CC3223,Lisa Wilson,Riverside,Business,Platinum,582,2024-12-01,25000,17700.61,885.03,2445.2,On-Time
CC3224,Lisa Lopez,Westfield,Retail,Gold,760,2024-12-01,15000,5840.0,292.0,520.56,On-Time
CC3225,Karen Wilson,Riverside,Retail,Platinum,768,2024-12-01,25000,3628.5,181.43,276.0,Late
CC3226,Elizabeth Hernandez,Lakeside,Premium,Gold,666,2024-12-01,15000,12664.05,633.2,1322.65,Default
CC3227,Daniel Taylor,Riverside,Retail,Business,651,2024-12-01,40000,13146.82,657.34,731.89,On-Time
CC3228,Karen Hernandez,Lakeside,Business,Business,631,2024-12-01,40000,3936.0,196.8,402.32,On-Time
CC3229,Karen Davis,Riverside,Premium,Gold,713,2024-12-01,15000,9006.63,450.33,853.32,Late
CC3230,Betty Williams,Westfield,Premium,Silver,761,2024-12-01,8000,3407.26,170.36,413.45,On-Time
CC3231,Richard Jones,Uptown,Premium,Gold,780,2024-12-01,15000,7153.58,357.68,391.28,On-Time
CC3232,David Hernandez,Uptown,Retail,Business,741,2024-12-01,40000,23597.34,1179.87,3403.14,On-Time
CC3233,Jennifer Lopez,Riverside,Retail,Platinum,719,2024-12-01,25000,5497.34,274.87,662.39,On-Time
CC3234,Linda Smith,Riverside,Retail,Platinum,790,2024-12-01,25000,3804.14,190.21,203.84,On-Time
CC3235,Joseph Thomas,Lakeside,Retail,Platinum,749,2024-12-01,25000,3884.78,194.24,262.68,On-Time
CC3236,Patricia Williams,Lakeside,Business,Silver,761,2024-12-01,8000,4538.7,226.94,549.47,On-Time
CC3237,Michael Rodriguez,Uptown,Premium,Business,810,2024-12-01,40000,13325.04,666.25,1018.58,On-Time
CC3238,Charles Taylor,Riverside,Retail,Gold,751,2024-12-01,15000,11946.67,597.33,1580.51,On-Time
CC3239,Thomas Garcia,Westfield,Retail,Platinum,717,2024-12-01,25000,21203.98,1060.2,2089.1,On-Time
CC3240,James Taylor,Westfield,Retail,Business,673,2024-12-01,40000,31971.18,1598.56,3627.91,On-Time
CC3241,David Williams,Riverside,Business,Silver,777,2024-12-01,8000,1600.11,80.01,157.35,Default
CC3242,Thomas Thomas,Westfield,Retail,Business,638,2024-12-01,40000,21961.47,1098.07,1891.29,On-Time
CC3243,Charles Taylor,Westfield,Business,Business,718,2024-12-01,40000,8827.86,441.39,1200.32,On-Time
CC3244,Linda Anderson,Lakeside,Business,Silver,718,2024-12-01,8000,2796.91,139.85,302.56,Late
CC3245,Nancy Davis,Riverside,Retail,Platinum,820,2024-12-01,25000,2815.15,140.76,193.39,On-Time
CC3246,Joseph Davis,Lakeside,Business,Silver,675,2024-12-01,8000,5840.73,292.04,333.83,On-Time
CC3247,Matthew Taylor,Uptown,Premium,Gold,659,2024-12-01,15000,7387.14,369.36,665.08,On-Time
CC3248,Michael Rodriguez,Lakeside,Premium,Gold,807,2024-12-01,15000,2971.58,148.58,345.75,Late
CC3249,Matthew Thomas,Downtown,Retail,Silver,770,2024-12-01,8000,4262.41,213.12,584.44,On-Time
CC3250,Joseph Johnson,Lakeside,Retail,Business,815,2024-12-01,40000,23502.52,1175.13,1612.45,On-Time
CC3251,Linda Brown,Westfield,Premium,Silver,755,2024-12-01,8000,6699.24,334.96,486.67,On-Time
CC3252,Karen Lopez,Uptown,Premium,Gold,798,2024-12-01,15000,7741.91,387.1,948.46,On-Time
CC3253,Joseph Smith,Westfield,Retail,Silver,784,2024-12-01,8000,3459.6,172.98,307.54,On-Time
CC3254,Charles Thomas,Uptown,Premium,Platinum,588,2024-12-01,25000,17013.37,850.67,1415.8,On-Time
CC3255,Susan Taylor,Westfield,Retail,Platinum,593,2024-12-01,25000,20733.26,1036.66,2446.44,On-Time
CC3256,Sarah Johnson,Riverside,Premium,Gold,697,2024-12-01,15000,6223.89,311.19,320.22,On-Time
CC3257,Lisa Johnson,Westfield,Premium,Business,718,2024-12-01,40000,18373.06,918.65,2334.0,On-Time
CC3258,Richard Garcia,Lakeside,Premium,Platinum,592,2024-12-01,25000,3692.41,184.62,351.2,On-Time
CC3259,Elizabeth Garcia,Uptown,Premium,Silver,774,2024-12-01,8000,7129.02,356.45,369.68,On-Time
CC3260,John Garcia,Downtown,Retail,Platinum,637,2024-12-01,25000,10851.85,542.59,1251.43,On-Time
CC3261,Joseph Wilson,Lakeside,Retail,Gold,582,2024-12-01,15000,11600.12,580.01,640.99,Default
CC3262,Lisa Davis,Uptown,Business,Silver,815,2024-12-01,8000,6253.35,312.67,752.98,On-Time
CC3263,James Lopez,Riverside,Business,Business,666,2024-12-01,40000,12106.91,605.35,1503.3,On-Time
CC3264,Charles Rodriguez,Uptown,Retail,Silver,710,2024-12-01,8000,7369.62,368.48,1014.4,On-Time
CC3265,Thomas Rodriguez,Uptown,Business,Business,777,2024-12-01,40000,14577.44,728.87,1613.19,On-Time
CC3266,Jessica Jones,Riverside,Premium,Business,747,2024-12-01,40000,26232.35,1311.62,3193.69,On-Time
CC3267,David Brown,Westfield,Business,Silver,650,2024-12-01,8000,6999.54,349.98,609.26,On-Time
CC3268,James Williams,Uptown,Business,Platinum,808,2024-12-01,25000,4489.52,224.48,276.64,Late
CC3269,Charles Thomas,Lakeside,Premium,Business,604,2024-12-01,40000,31082.66,1554.13,3746.86,Default
CC3270,Daniel Rodriguez,Uptown,Business,Business,673,2024-12-01,40000,4025.5,201.28,358.28,On-Time
CC3271,Charles Brown,Uptown,Premium,Platinum,636,2024-12-01,25000,19580.56,979.03,1666.56,On-Time
CC3272,Thomas Garcia,Lakeside,Business,Platinum,646,2024-12-01,25000,11605.49,580.27,975.15,On-Time
CC3273,Karen Johnson,Lakeside,Premium,Gold,630,2024-12-01,15000,7865.16,393.26,487.82,On-Time
CC3274,Sarah Taylor,Riverside,Retail,Silver,718,2024-12-01,8000,5686.78,284.34,598.86,On-Time
CC3275,Thomas Rodriguez,Uptown,Premium,Gold,806,2024-12-01,15000,12892.06,644.6,1469.26,On-Time
CC3276,Elizabeth Hernandez,Downtown,Premium,Platinum,809,2024-12-01,25000,18218.65,910.93,756.24,On-Time
CC3277,Jennifer Thomas,Uptown,Business,Platinum,747,2024-12-01,25000,8129.75,406.49,776.55,On-Time
CC3278,Michael Jones,Westfield,Premium,Platinum,718,2024-12-01,25000,21931.12,1096.56,1898.26,On-Time
CC3279,William Lopez,Lakeside,Business,Silver,727,2024-12-01,8000,1434.49,71.72,99.55,On-Time
CC3280,Mary Thomas,Westfield,Retail,Business,647,2024-12-01,40000,30385.68,1519.28,3924.76,Late
CC3281,Sarah Miller,Downtown,Business,Business,635,2024-12-01,40000,16783.75,839.19,1536.52,Late
CC3282,Lisa Rodriguez,Lakeside,Retail,Platinum,735,2024-12-01,25000,9877.6,493.88,1400.22,Late
CC3283,James Thomas,Uptown,Retail,Gold,756,2024-12-01,15000,4149.69,207.48,415.06,On-Time
CC3284,Elizabeth Hernandez,Uptown,Business,Gold,600,2024-12-01,15000,2198.17,109.91,310.61,Late
CC3285,Karen Martinez,Uptown,Business,Business,611,2024-12-01,40000,11771.68,588.58,811.85,On-Time
CC3286,John Wilson,Lakeside,Business,Platinum,727,2024-12-01,25000,7865.46,393.27,510.35,Late
CC3287,Karen Rodriguez,Westfield,Retail,Platinum,721,2024-12-01,25000,13881.63,694.08,1324.62,On-Time
CC3288,John Garcia,Westfield,Retail,Business,613,2024-12-01,40000,32624.14,1631.21,3574.76,On-Time
CC3289,Sarah Brown,Riverside,Retail,Platinum,756,2024-12-01,25000,19206.52,960.33,1036.39,On-Time
CC3290,Karen Thomas,Riverside,Premium,Business,595,2024-12-01,40000,14173.76,708.69,712.31,On-Time
CC3291,Thomas Anderson,Uptown,Retail,Silver,699,2024-12-01,8000,4239.64,211.98,354.8,On-Time
CC3292,Mary Rodriguez,Uptown,Business,Gold,753,2024-12-01,15000,1023.41,51.17,47.59,On-Time
CC3293,Mary Hernandez,Downtown,Retail,Silver,765,2024-12-01,8000,2021.9,101.1,295.93,On-Time
CC3294,David Anderson,Downtown,Premium,Platinum,773,2024-12-01,25000,6645.08,332.25,800.98,On-Time
CC3295,Karen Smith,Downtown,Business,Gold,637,2024-12-01,15000,4500.94,225.05,554.35,On-Time
CC3296,Mary Thomas,Westfield,Premium,Silver,787,2024-12-01,8000,7544.67,377.23,534.61,Late
CC3297,Joseph Smith,Westfield,Premium,Platinum,662,2024-12-01,25000,23292.52,1164.63,1918.85,Late
CC3298,Sarah Miller,Downtown,Retail,Platinum,760,2024-12-01,25000,13974.39,698.72,1710.54,On-Time
CC3299,David Rodriguez,Westfield,Retail,Business,696,2024-12-01,40000,15386.31,769.32,1734.64,On-Time
CC3300,Elizabeth Smith,Westfield,Retail,Business,640,2024-12-01,40000,23632.27,1181.61,3191.53,On-Time
